point_id	atom_id	atom_name	atom_type	x_nm	y_nm	z_nm	source_file	source_sha256
T_CC_000	1	S1	SG3O1	4.837061757	4.869723042	5.059471160	/home/ls/projects/PFAS_mito_membrane_pilot/qm/PFBS/phase3_mm_relaxed_profiles_20260926_v1/qm_start_g96/T_CC_000.g96	a6e94cfe558c5be38544a34d2a6fad98313d167e35f5e4b511ff44a3e9ca9bd2
T_CC_000	2	F1	FGA2	4.943761281	5.191222165	4.865997069	/home/ls/projects/PFAS_mito_membrane_pilot/qm/PFBS/phase3_mm_relaxed_profiles_20260926_v1/qm_start_g96/T_CC_000.g96	a6e94cfe558c5be38544a34d2a6fad98313d167e35f5e4b511ff44a3e9ca9bd2
T_CC_000	3	F2	FGA2	5.041981547	5.204047792	5.062613500	/home/ls/projects/PFAS_mito_membrane_pilot/qm/PFBS/phase3_mm_relaxed_profiles_20260926_v1/qm_start_g96/T_CC_000.g96	a6e94cfe558c5be38544a34d2a6fad98313d167e35f5e4b511ff44a3e9ca9bd2
T_CC_000	4	F3	FGA2	4.847258104	5.110416521	5.166431976	/home/ls/projects/PFAS_mito_membrane_pilot/qm/PFBS/phase3_mm_relaxed_profiles_20260926_v1/qm_start_g96/T_CC_000.g96	a6e94cfe558c5be38544a34d2a6fad98313d167e35f5e4b511ff44a3e9ca9bd2
T_CC_000	5	F4	FGA2	4.749545974	5.100858515	4.970256936	/home/ls/projects/PFAS_mito_membrane_pilot/qm/PFBS/phase3_mm_relaxed_profiles_20260926_v1/qm_start_g96/T_CC_000.g96	a6e94cfe558c5be38544a34d2a6fad98313d167e35f5e4b511ff44a3e9ca9bd2
T_CC_000	6	F5	FGA2	5.070299201	4.970283313	4.802368964	/home/ls/projects/PFAS_mito_membrane_pilot/qm/PFBS/phase3_mm_relaxed_profiles_20260926_v1/qm_start_g96/T_CC_000.g96	a6e94cfe558c5be38544a34d2a6fad98313d167e35f5e4b511ff44a3e9ca9bd2
T_CC_000	7	F6	FGA2	5.192735880	5.137612351	4.874065619	/home/ls/projects/PFAS_mito_membrane_pilot/qm/PFBS/phase3_mm_relaxed_profiles_20260926_v1/qm_start_g96/T_CC_000.g96	a6e94cfe558c5be38544a34d2a6fad98313d167e35f5e4b511ff44a3e9ca9bd2
T_CC_000	8	F7	FGA3	5.153808565	4.815786135	4.993850956	/home/ls/projects/PFAS_mito_membrane_pilot/qm/PFBS/phase3_mm_relaxed_profiles_20260926_v1/qm_start_g96/T_CC_000.g96	a6e94cfe558c5be38544a34d2a6fad98313d167e35f5e4b511ff44a3e9ca9bd2
T_CC_000	9	F8	FGA3	5.321821722	4.946781324	4.956489235	/home/ls/projects/PFAS_mito_membrane_pilot/qm/PFBS/phase3_mm_relaxed_profiles_20260926_v1/qm_start_g96/T_CC_000.g96	a6e94cfe558c5be38544a34d2a6fad98313d167e35f5e4b511ff44a3e9ca9bd2
T_CC_000	10	F9	FGA3	5.195072944	4.983372482	5.130236111	/home/ls/projects/PFAS_mito_membrane_pilot/qm/PFBS/phase3_mm_relaxed_profiles_20260926_v1/qm_start_g96/T_CC_000.g96	a6e94cfe558c5be38544a34d2a6fad98313d167e35f5e4b511ff44a3e9ca9bd2
T_CC_000	11	O1	OG2P1	4.942081289	4.839079193	5.159646319	/home/ls/projects/PFAS_mito_membrane_pilot/qm/PFBS/phase3_mm_relaxed_profiles_20260926_v1/qm_start_g96/T_CC_000.g96	a6e94cfe558c5be38544a34d2a6fad98313d167e35f5e4b511ff44a3e9ca9bd2
T_CC_000	12	O2	OG2P1	4.697428990	4.856610673	5.106031244	/home/ls/projects/PFAS_mito_membrane_pilot/qm/PFBS/phase3_mm_relaxed_profiles_20260926_v1/qm_start_g96/T_CC_000.g96	a6e94cfe558c5be38544a34d2a6fad98313d167e35f5e4b511ff44a3e9ca9bd2
T_CC_000	13	O3	OG2P1	4.864716137	4.823651673	4.921169924	/home/ls/projects/PFAS_mito_membrane_pilot/qm/PFBS/phase3_mm_relaxed_profiles_20260926_v1/qm_start_g96/T_CC_000.g96	a6e94cfe558c5be38544a34d2a6fad98313d167e35f5e4b511ff44a3e9ca9bd2
T_CC_000	14	C1	CG312	4.985482268	5.116881069	4.973172636	/home/ls/projects/PFAS_mito_membrane_pilot/qm/PFBS/phase3_mm_relaxed_profiles_20260926_v1/qm_start_g96/T_CC_000.g96	a6e94cfe558c5be38544a34d2a6fad98313d167e35f5e4b511ff44a3e9ca9bd2
T_CC_000	15	C2	CG312	4.856427080	5.054187065	5.042107524	/home/ls/projects/PFAS_mito_membrane_pilot/qm/PFBS/phase3_mm_relaxed_profiles_20260926_v1/qm_start_g96/T_CC_000.g96	a6e94cfe558c5be38544a34d2a6fad98313d167e35f5e4b511ff44a3e9ca9bd2
T_CC_000	16	C3	CG312	5.106998907	5.037257558	4.913824243	/home/ls/projects/PFAS_mito_membrane_pilot/qm/PFBS/phase3_mm_relaxed_profiles_20260926_v1/qm_start_g96/T_CC_000.g96	a6e94cfe558c5be38544a34d2a6fad98313d167e35f5e4b511ff44a3e9ca9bd2
T_CC_000	17	C4	CG302	5.193518354	4.942229131	5.002266587	/home/ls/projects/PFAS_mito_membrane_pilot/qm/PFBS/phase3_mm_relaxed_profiles_20260926_v1/qm_start_g96/T_CC_000.g96	a6e94cfe558c5be38544a34d2a6fad98313d167e35f5e4b511ff44a3e9ca9bd2
T_CC_030	1	S1	SG3O1	4.856880991	4.885563799	5.113280568	/home/ls/projects/PFAS_mito_membrane_pilot/qm/PFBS/phase3_mm_relaxed_profiles_20260926_v1/qm_start_g96/T_CC_030.g96	bab98c0a3ea47718c84ee2523940894bf3eb8df2875321a686eefa8b41f8b782
T_CC_030	2	F1	FGA2	4.936465399	5.195288610	4.865746519	/home/ls/projects/PFAS_mito_membrane_pilot/qm/PFBS/phase3_mm_relaxed_profiles_20260926_v1/qm_start_g96/T_CC_030.g96	bab98c0a3ea47718c84ee2523940894bf3eb8df2875321a686eefa8b41f8b782
T_CC_030	3	F2	FGA2	5.042617461	5.190194029	5.058696414	/home/ls/projects/PFAS_mito_membrane_pilot/qm/PFBS/phase3_mm_relaxed_profiles_20260926_v1/qm_start_g96/T_CC_030.g96	bab98c0a3ea47718c84ee2523940894bf3eb8df2875321a686eefa8b41f8b782
T_CC_030	4	F3	FGA2	4.808834215	5.147275227	5.122550339	/home/ls/projects/PFAS_mito_membrane_pilot/qm/PFBS/phase3_mm_relaxed_profiles_20260926_v1/qm_start_g96/T_CC_030.g96	bab98c0a3ea47718c84ee2523940894bf3eb8df2875321a686eefa8b41f8b782
T_CC_030	5	F4	FGA2	4.754849226	5.046888678	4.934292410	/home/ls/projects/PFAS_mito_membrane_pilot/qm/PFBS/phase3_mm_relaxed_profiles_20260926_v1/qm_start_g96/T_CC_030.g96	bab98c0a3ea47718c84ee2523940894bf3eb8df2875321a686eefa8b41f8b782
T_CC_030	6	F5	FGA2	5.041936004	4.950097559	4.801432998	/home/ls/projects/PFAS_mito_membrane_pilot/qm/PFBS/phase3_mm_relaxed_profiles_20260926_v1/qm_start_g96/T_CC_030.g96	bab98c0a3ea47718c84ee2523940894bf3eb8df2875321a686eefa8b41f8b782
T_CC_030	7	F6	FGA2	5.172125741	5.123991067	4.840861972	/home/ls/projects/PFAS_mito_membrane_pilot/qm/PFBS/phase3_mm_relaxed_profiles_20260926_v1/qm_start_g96/T_CC_030.g96	bab98c0a3ea47718c84ee2523940894bf3eb8df2875321a686eefa8b41f8b782
T_CC_030	8	F7	FGA3	5.150883704	4.820260136	5.011008599	/home/ls/projects/PFAS_mito_membrane_pilot/qm/PFBS/phase3_mm_relaxed_profiles_20260926_v1/qm_start_g96/T_CC_030.g96	bab98c0a3ea47718c84ee2523940894bf3eb8df2875321a686eefa8b41f8b782
T_CC_030	9	F8	FGA3	5.304287206	4.925224244	4.900844278	/home/ls/projects/PFAS_mito_membrane_pilot/qm/PFBS/phase3_mm_relaxed_profiles_20260926_v1/qm_start_g96/T_CC_030.g96	bab98c0a3ea47718c84ee2523940894bf3eb8df2875321a686eefa8b41f8b782
T_CC_030	10	F9	FGA3	5.236016871	5.005451337	5.092083952	/home/ls/projects/PFAS_mito_membrane_pilot/qm/PFBS/phase3_mm_relaxed_profiles_20260926_v1/qm_start_g96/T_CC_030.g96	bab98c0a3ea47718c84ee2523940894bf3eb8df2875321a686eefa8b41f8b782
T_CC_030	11	O1	OG2P1	4.724708761	4.874837069	5.178475921	/home/ls/projects/PFAS_mito_membrane_pilot/qm/PFBS/phase3_mm_relaxed_profiles_20260926_v1/qm_start_g96/T_CC_030.g96	bab98c0a3ea47718c84ee2523940894bf3eb8df2875321a686eefa8b41f8b782
T_CC_030	12	O2	OG2P1	4.879429399	4.797487532	4.996303925	/home/ls/projects/PFAS_mito_membrane_pilot/qm/PFBS/phase3_mm_relaxed_profiles_20260926_v1/qm_start_g96/T_CC_030.g96	bab98c0a3ea47718c84ee2523940894bf3eb8df2875321a686eefa8b41f8b782
T_CC_030	13	O3	OG2P1	4.973411539	4.903613412	5.203850873	/home/ls/projects/PFAS_mito_membrane_pilot/qm/PFBS/phase3_mm_relaxed_profiles_20260926_v1/qm_start_g96/T_CC_030.g96	bab98c0a3ea47718c84ee2523940894bf3eb8df2875321a686eefa8b41f8b782
T_CC_030	14	C1	CG312	4.979053505	5.111976104	4.966000219	/home/ls/projects/PFAS_mito_membrane_pilot/qm/PFBS/phase3_mm_relaxed_profiles_20260926_v1/qm_start_g96/T_CC_030.g96	bab98c0a3ea47718c84ee2523940894bf3eb8df2875321a686eefa8b41f8b782
T_CC_030	15	C2	CG312	4.850250168	5.052602430	5.033029428	/home/ls/projects/PFAS_mito_membrane_pilot/qm/PFBS/phase3_mm_relaxed_profiles_20260926_v1/qm_start_g96/T_CC_030.g96	bab98c0a3ea47718c84ee2523940894bf3eb8df2875321a686eefa8b41f8b782
T_CC_030	16	C3	CG312	5.093184003	5.027712865	4.900239511	/home/ls/projects/PFAS_mito_membrane_pilot/qm/PFBS/phase3_mm_relaxed_profiles_20260926_v1/qm_start_g96/T_CC_030.g96	bab98c0a3ea47718c84ee2523940894bf3eb8df2875321a686eefa8b41f8b782
T_CC_030	17	C4	CG302	5.195065807	4.941535903	4.981302078	/home/ls/projects/PFAS_mito_membrane_pilot/qm/PFBS/phase3_mm_relaxed_profiles_20260926_v1/qm_start_g96/T_CC_030.g96	bab98c0a3ea47718c84ee2523940894bf3eb8df2875321a686eefa8b41f8b782
T_CC_060	1	S1	SG3O1	4.850920618	4.909776905	5.145710681	/home/ls/projects/PFAS_mito_membrane_pilot/qm/PFBS/phase3_mm_relaxed_profiles_20260926_v1/qm_start_g96/T_CC_060.g96	41baeb9c356cf99a1669a39f741dfb4147717de0ce46134528141edf74e37c1d
T_CC_060	2	F1	FGA2	4.952969266	5.201891426	4.875508875	/home/ls/projects/PFAS_mito_membrane_pilot/qm/PFBS/phase3_mm_relaxed_profiles_20260926_v1/qm_start_g96/T_CC_060.g96	41baeb9c356cf99a1669a39f741dfb4147717de0ce46134528141edf74e37c1d
T_CC_060	3	F2	FGA2	5.058692689	5.162372777	5.064538048	/home/ls/projects/PFAS_mito_membrane_pilot/qm/PFBS/phase3_mm_relaxed_profiles_20260926_v1/qm_start_g96/T_CC_060.g96	41baeb9c356cf99a1669a39f741dfb4147717de0ce46134528141edf74e37c1d
T_CC_060	4	F3	FGA2	4.792976564	5.158808107	5.076154587	/home/ls/projects/PFAS_mito_membrane_pilot/qm/PFBS/phase3_mm_relaxed_profiles_20260926_v1/qm_start_g96/T_CC_060.g96	41baeb9c356cf99a1669a39f741dfb4147717de0ce46134528141edf74e37c1d
T_CC_060	5	F4	FGA2	4.778214804	5.012703397	4.911119335	/home/ls/projects/PFAS_mito_membrane_pilot/qm/PFBS/phase3_mm_relaxed_profiles_20260926_v1/qm_start_g96/T_CC_060.g96	41baeb9c356cf99a1669a39f741dfb4147717de0ce46134528141edf74e37c1d
T_CC_060	6	F5	FGA2	5.016010906	4.905855131	4.830221292	/home/ls/projects/PFAS_mito_membrane_pilot/qm/PFBS/phase3_mm_relaxed_profiles_20260926_v1/qm_start_g96/T_CC_060.g96	41baeb9c356cf99a1669a39f741dfb4147717de0ce46134528141edf74e37c1d
T_CC_060	7	F6	FGA2	5.143333498	5.079157091	4.786904367	/home/ls/projects/PFAS_mito_membrane_pilot/qm/PFBS/phase3_mm_relaxed_profiles_20260926_v1/qm_start_g96/T_CC_060.g96	41baeb9c356cf99a1669a39f741dfb4147717de0ce46134528141edf74e37c1d
T_CC_060	8	F7	FGA3	5.168925797	4.898146633	5.086434388	/home/ls/projects/PFAS_mito_membrane_pilot/qm/PFBS/phase3_mm_relaxed_profiles_20260926_v1/qm_start_g96/T_CC_060.g96	41baeb9c356cf99a1669a39f741dfb4147717de0ce46134528141edf74e37c1d
T_CC_060	9	F8	FGA3	5.262663843	4.853734081	4.894163606	/home/ls/projects/PFAS_mito_membrane_pilot/qm/PFBS/phase3_mm_relaxed_profiles_20260926_v1/qm_start_g96/T_CC_060.g96	41baeb9c356cf99a1669a39f741dfb4147717de0ce46134528141edf74e37c1d
T_CC_060	10	F9	FGA3	5.295296220	5.047192278	4.990064652	/home/ls/projects/PFAS_mito_membrane_pilot/qm/PFBS/phase3_mm_relaxed_profiles_20260926_v1/qm_start_g96/T_CC_060.g96	41baeb9c356cf99a1669a39f741dfb4147717de0ce46134528141edf74e37c1d
T_CC_060	11	O1	OG2P1	4.706445293	4.899253782	5.175544763	/home/ls/projects/PFAS_mito_membrane_pilot/qm/PFBS/phase3_mm_relaxed_profiles_20260926_v1/qm_start_g96/T_CC_060.g96	41baeb9c356cf99a1669a39f741dfb4147717de0ce46134528141edf74e37c1d
T_CC_060	12	O2	OG2P1	4.909384636	4.797924574	5.067768616	/home/ls/projects/PFAS_mito_membrane_pilot/qm/PFBS/phase3_mm_relaxed_profiles_20260926_v1/qm_start_g96/T_CC_060.g96	41baeb9c356cf99a1669a39f741dfb4147717de0ce46134528141edf74e37c1d
T_CC_060	13	O3	OG2P1	4.936362771	4.964324568	5.253804266	/home/ls/projects/PFAS_mito_membrane_pilot/qm/PFBS/phase3_mm_relaxed_profiles_20260926_v1/qm_start_g96/T_CC_060.g96	41baeb9c356cf99a1669a39f741dfb4147717de0ce46134528141edf74e37c1d
T_CC_060	14	C1	CG312	4.987287212	5.103109047	4.964573818	/home/ls/projects/PFAS_mito_membrane_pilot/qm/PFBS/phase3_mm_relaxed_profiles_20260926_v1/qm_start_g96/T_CC_060.g96	41baeb9c356cf99a1669a39f741dfb4147717de0ce46134528141edf74e37c1d
T_CC_060	15	C2	CG312	4.853015982	5.048620564	5.020378965	/home/ls/projects/PFAS_mito_membrane_pilot/qm/PFBS/phase3_mm_relaxed_profiles_20260926_v1/qm_start_g96/T_CC_060.g96	41baeb9c356cf99a1669a39f741dfb4147717de0ce46134528141edf74e37c1d
T_CC_060	16	C3	CG312	5.084073301	5.007329556	4.887878669	/home/ls/projects/PFAS_mito_membrane_pilot/qm/PFBS/phase3_mm_relaxed_profiles_20260926_v1/qm_start_g96/T_CC_060.g96	41baeb9c356cf99a1669a39f741dfb4147717de0ce46134528141edf74e37c1d
T_CC_060	17	C4	CG302	5.203426599	4.949800084	4.969231069	/home/ls/projects/PFAS_mito_membrane_pilot/qm/PFBS/phase3_mm_relaxed_profiles_20260926_v1/qm_start_g96/T_CC_060.g96	41baeb9c356cf99a1669a39f741dfb4147717de0ce46134528141edf74e37c1d
T_CC_090	1	S1	SG3O1	4.863179419	4.987206285	5.190136120	/home/ls/projects/PFAS_mito_membrane_pilot/qm/PFBS/phase3_mm_relaxed_profiles_20260926_v1/qm_start_g96/T_CC_090.g96	dbc39b01855c642528b1b5129ecf4ae28ec9520145b3527abc86ff7044f37fe4
T_CC_090	2	F1	FGA2	4.938398672	5.167091995	4.834807450	/home/ls/projects/PFAS_mito_membrane_pilot/qm/PFBS/phase3_mm_relaxed_profiles_20260926_v1/qm_start_g96/T_CC_090.g96	dbc39b01855c642528b1b5129ecf4ae28ec9520145b3527abc86ff7044f37fe4
T_CC_090	3	F2	FGA2	5.035512233	5.182291458	5.031984685	/home/ls/projects/PFAS_mito_membrane_pilot/qm/PFBS/phase3_mm_relaxed_profiles_20260926_v1/qm_start_g96/T_CC_090.g96	dbc39b01855c642528b1b5129ecf4ae28ec9520145b3527abc86ff7044f37fe4
T_CC_090	4	F3	FGA2	4.749731220	5.106647616	4.982263114	/home/ls/projects/PFAS_mito_membrane_pilot/qm/PFBS/phase3_mm_relaxed_profiles_20260926_v1/qm_start_g96/T_CC_090.g96	dbc39b01855c642528b1b5129ecf4ae28ec9520145b3527abc86ff7044f37fe4
T_CC_090	5	F4	FGA2	4.837136155	4.909537921	4.935463361	/home/ls/projects/PFAS_mito_membrane_pilot/qm/PFBS/phase3_mm_relaxed_profiles_20260926_v1/qm_start_g96/T_CC_090.g96	dbc39b01855c642528b1b5129ecf4ae28ec9520145b3527abc86ff7044f37fe4
T_CC_090	6	F5	FGA2	5.051457623	4.943631497	4.774046976	/home/ls/projects/PFAS_mito_membrane_pilot/qm/PFBS/phase3_mm_relaxed_profiles_20260926_v1/qm_start_g96/T_CC_090.g96	dbc39b01855c642528b1b5129ecf4ae28ec9520145b3527abc86ff7044f37fe4
T_CC_090	7	F6	FGA2	5.189781595	5.102216300	4.841143637	/home/ls/projects/PFAS_mito_membrane_pilot/qm/PFBS/phase3_mm_relaxed_profiles_20260926_v1/qm_start_g96/T_CC_090.g96	dbc39b01855c642528b1b5129ecf4ae28ec9520145b3527abc86ff7044f37fe4
T_CC_090	8	F7	FGA3	5.107819962	4.798141051	4.995551909	/home/ls/projects/PFAS_mito_membrane_pilot/qm/PFBS/phase3_mm_relaxed_profiles_20260926_v1/qm_start_g96/T_CC_090.g96	dbc39b01855c642528b1b5129ecf4ae28ec9520145b3527abc86ff7044f37fe4
T_CC_090	9	F8	FGA3	5.281112349	4.864959572	4.882969302	/home/ls/projects/PFAS_mito_membrane_pilot/qm/PFBS/phase3_mm_relaxed_profiles_20260926_v1/qm_start_g96/T_CC_090.g96	dbc39b01855c642528b1b5129ecf4ae28ec9520145b3527abc86ff7044f37fe4
T_CC_090	10	F9	FGA3	5.235616998	4.960490954	5.073256455	/home/ls/projects/PFAS_mito_membrane_pilot/qm/PFBS/phase3_mm_relaxed_profiles_20260926_v1/qm_start_g96/T_CC_090.g96	dbc39b01855c642528b1b5129ecf4ae28ec9520145b3527abc86ff7044f37fe4
T_CC_090	11	O1	OG2P1	4.844679387	5.120402404	5.251891244	/home/ls/projects/PFAS_mito_membrane_pilot/qm/PFBS/phase3_mm_relaxed_profiles_20260926_v1/qm_start_g96/T_CC_090.g96	dbc39b01855c642528b1b5129ecf4ae28ec9520145b3527abc86ff7044f37fe4
T_CC_090	12	O2	OG2P1	4.750598554	4.892340705	5.204818947	/home/ls/projects/PFAS_mito_membrane_pilot/qm/PFBS/phase3_mm_relaxed_profiles_20260926_v1/qm_start_g96/T_CC_090.g96	dbc39b01855c642528b1b5129ecf4ae28ec9520145b3527abc86ff7044f37fe4
T_CC_090	13	O3	OG2P1	4.999191117	4.929182120	5.202443992	/home/ls/projects/PFAS_mito_membrane_pilot/qm/PFBS/phase3_mm_relaxed_profiles_20260926_v1/qm_start_g96/T_CC_090.g96	dbc39b01855c642528b1b5129ecf4ae28ec9520145b3527abc86ff7044f37fe4
T_CC_090	14	C1	CG312	4.981117723	5.094444957	4.943589236	/home/ls/projects/PFAS_mito_membrane_pilot/qm/PFBS/phase3_mm_relaxed_profiles_20260926_v1/qm_start_g96/T_CC_090.g96	dbc39b01855c642528b1b5129ecf4ae28ec9520145b3527abc86ff7044f37fe4
T_CC_090	15	C2	CG312	4.857003162	5.025643396	5.006765618	/home/ls/projects/PFAS_mito_membrane_pilot/qm/PFBS/phase3_mm_relaxed_profiles_20260926_v1/qm_start_g96/T_CC_090.g96	dbc39b01855c642528b1b5129ecf4ae28ec9520145b3527abc86ff7044f37fe4
T_CC_090	16	C3	CG312	5.097936702	5.009658496	4.884075272	/home/ls/projects/PFAS_mito_membrane_pilot/qm/PFBS/phase3_mm_relaxed_profiles_20260926_v1/qm_start_g96/T_CC_090.g96	dbc39b01855c642528b1b5129ecf4ae28ec9520145b3527abc86ff7044f37fe4
T_CC_090	17	C4	CG302	5.179727130	4.906113273	4.964792683	/home/ls/projects/PFAS_mito_membrane_pilot/qm/PFBS/phase3_mm_relaxed_profiles_20260926_v1/qm_start_g96/T_CC_090.g96	dbc39b01855c642528b1b5129ecf4ae28ec9520145b3527abc86ff7044f37fe4
T_CC_120	1	S1	SG3O1	4.831394915	5.032143474	5.183380229	/home/ls/projects/PFAS_mito_membrane_pilot/qm/PFBS/phase3_mm_relaxed_profiles_20260926_v1/qm_start_g96/T_CC_120.g96	703b1af8fd53d30a74d3f4bf3a1f53070360f76270386005e08d7e6d5c6d10b8
T_CC_120	2	F1	FGA2	4.951026001	5.163052656	4.841692185	/home/ls/projects/PFAS_mito_membrane_pilot/qm/PFBS/phase3_mm_relaxed_profiles_20260926_v1/qm_start_g96/T_CC_120.g96	703b1af8fd53d30a74d3f4bf3a1f53070360f76270386005e08d7e6d5c6d10b8
T_CC_120	3	F2	FGA2	5.050234780	5.159295246	5.037560006	/home/ls/projects/PFAS_mito_membrane_pilot/qm/PFBS/phase3_mm_relaxed_profiles_20260926_v1/qm_start_g96/T_CC_120.g96	703b1af8fd53d30a74d3f4bf3a1f53070360f76270386005e08d7e6d5c6d10b8
T_CC_120	4	F3	FGA2	4.756183132	5.048628160	4.929134403	/home/ls/projects/PFAS_mito_membrane_pilot/qm/PFBS/phase3_mm_relaxed_profiles_20260926_v1/qm_start_g96/T_CC_120.g96	703b1af8fd53d30a74d3f4bf3a1f53070360f76270386005e08d7e6d5c6d10b8
T_CC_120	5	F4	FGA2	4.878538128	4.872775438	4.975640503	/home/ls/projects/PFAS_mito_membrane_pilot/qm/PFBS/phase3_mm_relaxed_profiles_20260926_v1/qm_start_g96/T_CC_120.g96	703b1af8fd53d30a74d3f4bf3a1f53070360f76270386005e08d7e6d5c6d10b8
T_CC_120	6	F5	FGA2	5.051168160	4.916216989	4.781971383	/home/ls/projects/PFAS_mito_membrane_pilot/qm/PFBS/phase3_mm_relaxed_profiles_20260926_v1/qm_start_g96/T_CC_120.g96	703b1af8fd53d30a74d3f4bf3a1f53070360f76270386005e08d7e6d5c6d10b8
T_CC_120	7	F6	FGA2	5.191322331	5.081368835	4.822969043	/home/ls/projects/PFAS_mito_membrane_pilot/qm/PFBS/phase3_mm_relaxed_profiles_20260926_v1/qm_start_g96/T_CC_120.g96	703b1af8fd53d30a74d3f4bf3a1f53070360f76270386005e08d7e6d5c6d10b8
T_CC_120	8	F7	FGA3	5.122214360	4.808434081	5.034252241	/home/ls/projects/PFAS_mito_membrane_pilot/qm/PFBS/phase3_mm_relaxed_profiles_20260926_v1/qm_start_g96/T_CC_120.g96	703b1af8fd53d30a74d3f4bf3a1f53070360f76270386005e08d7e6d5c6d10b8
T_CC_120	9	F8	FGA3	5.284140680	4.845182233	4.893267598	/home/ls/projects/PFAS_mito_membrane_pilot/qm/PFBS/phase3_mm_relaxed_profiles_20260926_v1/qm_start_g96/T_CC_120.g96	703b1af8fd53d30a74d3f4bf3a1f53070360f76270386005e08d7e6d5c6d10b8
T_CC_120	10	F9	FGA3	5.255277318	4.979338872	5.063356017	/home/ls/projects/PFAS_mito_membrane_pilot/qm/PFBS/phase3_mm_relaxed_profiles_20260926_v1/qm_start_g96/T_CC_120.g96	703b1af8fd53d30a74d3f4bf3a1f53070360f76270386005e08d7e6d5c6d10b8
T_CC_120	11	O1	OG2P1	4.808914309	5.178334016	5.191643638	/home/ls/projects/PFAS_mito_membrane_pilot/qm/PFBS/phase3_mm_relaxed_profiles_20260926_v1/qm_start_g96/T_CC_120.g96	703b1af8fd53d30a74d3f4bf3a1f53070360f76270386005e08d7e6d5c6d10b8
T_CC_120	12	O2	OG2P1	4.712255547	4.946942199	5.204675024	/home/ls/projects/PFAS_mito_membrane_pilot/qm/PFBS/phase3_mm_relaxed_profiles_20260926_v1/qm_start_g96/T_CC_120.g96	703b1af8fd53d30a74d3f4bf3a1f53070360f76270386005e08d7e6d5c6d10b8
T_CC_120	13	O3	OG2P1	4.958327726	4.981797824	5.241778828	/home/ls/projects/PFAS_mito_membrane_pilot/qm/PFBS/phase3_mm_relaxed_profiles_20260926_v1/qm_start_g96/T_CC_120.g96	703b1af8fd53d30a74d3f4bf3a1f53070360f76270386005e08d7e6d5c6d10b8
T_CC_120	14	C1	CG312	4.990731647	5.080991266	4.944202008	/home/ls/projects/PFAS_mito_membrane_pilot/qm/PFBS/phase3_mm_relaxed_profiles_20260926_v1/qm_start_g96/T_CC_120.g96	703b1af8fd53d30a74d3f4bf3a1f53070360f76270386005e08d7e6d5c6d10b8
T_CC_120	15	C2	CG312	4.864559034	5.006956397	5.001126491	/home/ls/projects/PFAS_mito_membrane_pilot/qm/PFBS/phase3_mm_relaxed_profiles_20260926_v1/qm_start_g96/T_CC_120.g96	703b1af8fd53d30a74d3f4bf3a1f53070360f76270386005e08d7e6d5c6d10b8
T_CC_120	16	C3	CG312	5.102989776	4.993917422	4.880955665	/home/ls/projects/PFAS_mito_membrane_pilot/qm/PFBS/phase3_mm_relaxed_profiles_20260926_v1/qm_start_g96/T_CC_120.g96	703b1af8fd53d30a74d3f4bf3a1f53070360f76270386005e08d7e6d5c6d10b8
T_CC_120	17	C4	CG302	5.190722158	4.904624891	4.972394737	/home/ls/projects/PFAS_mito_membrane_pilot/qm/PFBS/phase3_mm_relaxed_profiles_20260926_v1/qm_start_g96/T_CC_120.g96	703b1af8fd53d30a74d3f4bf3a1f53070360f76270386005e08d7e6d5c6d10b8
T_CC_150	1	S1	SG3O1	4.796227732	5.083122306	5.156805329	/home/ls/projects/PFAS_mito_membrane_pilot/qm/PFBS/phase3_mm_relaxed_profiles_20260926_v1/qm_start_g96/T_CC_150.g96	3625c62a0da1954c05f2c25a8ce89fd780c033322f4d07af01007123ad2086d7
T_CC_150	2	F1	FGA2	4.949630023	5.143110330	4.842893456	/home/ls/projects/PFAS_mito_membrane_pilot/qm/PFBS/phase3_mm_relaxed_profiles_20260926_v1/qm_start_g96/T_CC_150.g96	3625c62a0da1954c05f2c25a8ce89fd780c033322f4d07af01007123ad2086d7
T_CC_150	3	F2	FGA2	5.059574324	5.153250880	5.033675344	/home/ls/projects/PFAS_mito_membrane_pilot/qm/PFBS/phase3_mm_relaxed_profiles_20260926_v1/qm_start_g96/T_CC_150.g96	3625c62a0da1954c05f2c25a8ce89fd780c033322f4d07af01007123ad2086d7
T_CC_150	4	F3	FGA2	4.790666741	4.961280072	4.917713792	/home/ls/projects/PFAS_mito_membrane_pilot/qm/PFBS/phase3_mm_relaxed_profiles_20260926_v1/qm_start_g96/T_CC_150.g96	3625c62a0da1954c05f2c25a8ce89fd780c033322f4d07af01007123ad2086d7
T_CC_150	5	F4	FGA2	4.932764932	4.875579644	5.062639421	/home/ls/projects/PFAS_mito_membrane_pilot/qm/PFBS/phase3_mm_relaxed_profiles_20260926_v1/qm_start_g96/T_CC_150.g96	3625c62a0da1954c05f2c25a8ce89fd780c033322f4d07af01007123ad2086d7
T_CC_150	6	F5	FGA2	5.057226412	4.900811955	4.788568186	/home/ls/projects/PFAS_mito_membrane_pilot/qm/PFBS/phase3_mm_relaxed_profiles_20260926_v1/qm_start_g96/T_CC_150.g96	3625c62a0da1954c05f2c25a8ce89fd780c033322f4d07af01007123ad2086d7
T_CC_150	7	F6	FGA2	5.196182647	5.068503442	4.824780110	/home/ls/projects/PFAS_mito_membrane_pilot/qm/PFBS/phase3_mm_relaxed_profiles_20260926_v1/qm_start_g96/T_CC_150.g96	3625c62a0da1954c05f2c25a8ce89fd780c033322f4d07af01007123ad2086d7
T_CC_150	8	F7	FGA3	5.150403929	4.765275346	4.985666555	/home/ls/projects/PFAS_mito_membrane_pilot/qm/PFBS/phase3_mm_relaxed_profiles_20260926_v1/qm_start_g96/T_CC_150.g96	3625c62a0da1954c05f2c25a8ce89fd780c033322f4d07af01007123ad2086d7
T_CC_150	9	F8	FGA3	5.322555991	4.881268306	4.923583214	/home/ls/projects/PFAS_mito_membrane_pilot/qm/PFBS/phase3_mm_relaxed_profiles_20260926_v1/qm_start_g96/T_CC_150.g96	3625c62a0da1954c05f2c25a8ce89fd780c033322f4d07af01007123ad2086d7
T_CC_150	10	F9	FGA3	5.210445236	4.941439038	5.100912016	/home/ls/projects/PFAS_mito_membrane_pilot/qm/PFBS/phase3_mm_relaxed_profiles_20260926_v1/qm_start_g96/T_CC_150.g96	3625c62a0da1954c05f2c25a8ce89fd780c033322f4d07af01007123ad2086d7
T_CC_150	11	O1	OG2P1	4.767294039	5.214854119	5.095023151	/home/ls/projects/PFAS_mito_membrane_pilot/qm/PFBS/phase3_mm_relaxed_profiles_20260926_v1/qm_start_g96/T_CC_150.g96	3625c62a0da1954c05f2c25a8ce89fd780c033322f4d07af01007123ad2086d7
T_CC_150	12	O2	OG2P1	4.679444101	4.995390150	5.181032810	/home/ls/projects/PFAS_mito_membrane_pilot/qm/PFBS/phase3_mm_relaxed_profiles_20260926_v1/qm_start_g96/T_CC_150.g96	3625c62a0da1954c05f2c25a8ce89fd780c033322f4d07af01007123ad2086d7
T_CC_150	13	O3	OG2P1	4.900659664	5.081842421	5.261754526	/home/ls/projects/PFAS_mito_membrane_pilot/qm/PFBS/phase3_mm_relaxed_profiles_20260926_v1/qm_start_g96/T_CC_150.g96	3625c62a0da1954c05f2c25a8ce89fd780c033322f4d07af01007123ad2086d7
T_CC_150	14	C1	CG312	4.997577706	5.068982374	4.946762710	/home/ls/projects/PFAS_mito_membrane_pilot/qm/PFBS/phase3_mm_relaxed_profiles_20260926_v1/qm_start_g96/T_CC_150.g96	3625c62a0da1954c05f2c25a8ce89fd780c033322f4d07af01007123ad2086d7
T_CC_150	15	C2	CG312	4.880592895	4.994135380	5.015129099	/home/ls/projects/PFAS_mito_membrane_pilot/qm/PFBS/phase3_mm_relaxed_profiles_20260926_v1/qm_start_g96/T_CC_150.g96	3625c62a0da1954c05f2c25a8ce89fd780c033322f4d07af01007123ad2086d7
T_CC_150	16	C3	CG312	5.110408472	4.980800448	4.885410182	/home/ls/projects/PFAS_mito_membrane_pilot/qm/PFBS/phase3_mm_relaxed_profiles_20260926_v1/qm_start_g96/T_CC_150.g96	3625c62a0da1954c05f2c25a8ce89fd780c033322f4d07af01007123ad2086d7
T_CC_150	17	C4	CG302	5.198345157	4.890353787	4.977650098	/home/ls/projects/PFAS_mito_membrane_pilot/qm/PFBS/phase3_mm_relaxed_profiles_20260926_v1/qm_start_g96/T_CC_150.g96	3625c62a0da1954c05f2c25a8ce89fd780c033322f4d07af01007123ad2086d7
T_CC_180	1	S1	SG3O1	4.755071169	5.094611412	5.104106511	/home/ls/projects/PFAS_mito_membrane_pilot/qm/PFBS/phase3_mm_relaxed_profiles_20260926_v1/qm_start_g96/T_CC_180.g96	237d0de9329d2f7154e75e1b94b8d20dc99d256df491b1962585edd08ac5d56b
T_CC_180	2	F1	FGA2	4.961309756	5.138399483	4.854557845	/home/ls/projects/PFAS_mito_membrane_pilot/qm/PFBS/phase3_mm_relaxed_profiles_20260926_v1/qm_start_g96/T_CC_180.g96	237d0de9329d2f7154e75e1b94b8d20dc99d256df491b1962585edd08ac5d56b
T_CC_180	3	F2	FGA2	5.068731212	5.154143830	5.047521445	/home/ls/projects/PFAS_mito_membrane_pilot/qm/PFBS/phase3_mm_relaxed_profiles_20260926_v1/qm_start_g96/T_CC_180.g96	237d0de9329d2f7154e75e1b94b8d20dc99d256df491b1962585edd08ac5d56b
T_CC_180	4	F3	FGA2	4.845978602	4.901696470	4.941603148	/home/ls/projects/PFAS_mito_membrane_pilot/qm/PFBS/phase3_mm_relaxed_profiles_20260926_v1/qm_start_g96/T_CC_180.g96	237d0de9329d2f7154e75e1b94b8d20dc99d256df491b1962585edd08ac5d56b
T_CC_180	5	F4	FGA2	4.955148744	4.922391004	5.133297141	/home/ls/projects/PFAS_mito_membrane_pilot/qm/PFBS/phase3_mm_relaxed_profiles_20260926_v1/qm_start_g96/T_CC_180.g96	237d0de9329d2f7154e75e1b94b8d20dc99d256df491b1962585edd08ac5d56b
T_CC_180	6	F5	FGA2	5.079896189	4.911603940	4.793041509	/home/ls/projects/PFAS_mito_membrane_pilot/qm/PFBS/phase3_mm_relaxed_profiles_20260926_v1/qm_start_g96/T_CC_180.g96	237d0de9329d2f7154e75e1b94b8d20dc99d256df491b1962585edd08ac5d56b
T_CC_180	7	F6	FGA2	5.218895719	5.071396667	4.855251517	/home/ls/projects/PFAS_mito_membrane_pilot/qm/PFBS/phase3_mm_relaxed_profiles_20260926_v1/qm_start_g96/T_CC_180.g96	237d0de9329d2f7154e75e1b94b8d20dc99d256df491b1962585edd08ac5d56b
T_CC_180	8	F7	FGA3	5.130949086	4.770110337	5.011673459	/home/ls/projects/PFAS_mito_membrane_pilot/qm/PFBS/phase3_mm_relaxed_profiles_20260926_v1/qm_start_g96/T_CC_180.g96	237d0de9329d2f7154e75e1b94b8d20dc99d256df491b1962585edd08ac5d56b
T_CC_180	9	F8	FGA3	5.315141423	4.844461927	4.923377962	/home/ls/projects/PFAS_mito_membrane_pilot/qm/PFBS/phase3_mm_relaxed_profiles_20260926_v1/qm_start_g96/T_CC_180.g96	237d0de9329d2f7154e75e1b94b8d20dc99d256df491b1962585edd08ac5d56b
T_CC_180	10	F9	FGA3	5.238933963	4.936114507	5.106304291	/home/ls/projects/PFAS_mito_membrane_pilot/qm/PFBS/phase3_mm_relaxed_profiles_20260926_v1/qm_start_g96/T_CC_180.g96	237d0de9329d2f7154e75e1b94b8d20dc99d256df491b1962585edd08ac5d56b
T_CC_180	11	O1	OG2P1	4.700246483	5.163365674	4.984895808	/home/ls/projects/PFAS_mito_membrane_pilot/qm/PFBS/phase3_mm_relaxed_profiles_20260926_v1/qm_start_g96/T_CC_180.g96	237d0de9329d2f7154e75e1b94b8d20dc99d256df491b1962585edd08ac5d56b
T_CC_180	12	O2	OG2P1	4.671038861	4.986953222	5.161315190	/home/ls/projects/PFAS_mito_membrane_pilot/qm/PFBS/phase3_mm_relaxed_profiles_20260926_v1/qm_start_g96/T_CC_180.g96	237d0de9329d2f7154e75e1b94b8d20dc99d256df491b1962585edd08ac5d56b
T_CC_180	13	O3	OG2P1	4.825617349	5.180645722	5.201807075	/home/ls/projects/PFAS_mito_membrane_pilot/qm/PFBS/phase3_mm_relaxed_profiles_20260926_v1/qm_start_g96/T_CC_180.g96	237d0de9329d2f7154e75e1b94b8d20dc99d256df491b1962585edd08ac5d56b
T_CC_180	14	C1	CG312	5.009707958	5.067749059	4.960332582	/home/ls/projects/PFAS_mito_membrane_pilot/qm/PFBS/phase3_mm_relaxed_profiles_20260926_v1/qm_start_g96/T_CC_180.g96	237d0de9329d2f7154e75e1b94b8d20dc99d256df491b1962585edd08ac5d56b
T_CC_180	15	C2	CG312	4.895478469	4.993004051	5.031229969	/home/ls/projects/PFAS_mito_membrane_pilot/qm/PFBS/phase3_mm_relaxed_profiles_20260926_v1/qm_start_g96/T_CC_180.g96	237d0de9329d2f7154e75e1b94b8d20dc99d256df491b1962585edd08ac5d56b
T_CC_180	16	C3	CG312	5.125456091	4.981998447	4.900401317	/home/ls/projects/PFAS_mito_membrane_pilot/qm/PFBS/phase3_mm_relaxed_profiles_20260926_v1/qm_start_g96/T_CC_180.g96	237d0de9329d2f7154e75e1b94b8d20dc99d256df491b1962585edd08ac5d56b
T_CC_180	17	C4	CG302	5.202398925	4.881354249	4.989283231	/home/ls/projects/PFAS_mito_membrane_pilot/qm/PFBS/phase3_mm_relaxed_profiles_20260926_v1/qm_start_g96/T_CC_180.g96	237d0de9329d2f7154e75e1b94b8d20dc99d256df491b1962585edd08ac5d56b
T_CC_210	1	S1	SG3O1	4.732232220	5.077315364	5.042610274	/home/ls/projects/PFAS_mito_membrane_pilot/qm/PFBS/phase3_mm_relaxed_profiles_20260926_v1/qm_start_g96/T_CC_210.g96	ff7ba181ddce36b5fec269c010000630a05fa87e61843c9cb6ae5b286660aa06
T_CC_210	2	F1	FGA2	4.971506818	5.147869386	4.878791925	/home/ls/projects/PFAS_mito_membrane_pilot/qm/PFBS/phase3_mm_relaxed_profiles_20260926_v1/qm_start_g96/T_CC_210.g96	ff7ba181ddce36b5fec269c010000630a05fa87e61843c9cb6ae5b286660aa06
T_CC_210	3	F2	FGA2	5.074284563	5.152006400	5.074270663	/home/ls/projects/PFAS_mito_membrane_pilot/qm/PFBS/phase3_mm_relaxed_profiles_20260926_v1/qm_start_g96/T_CC_210.g96	ff7ba181ddce36b5fec269c010000630a05fa87e61843c9cb6ae5b286660aa06
T_CC_210	4	F3	FGA2	4.887832121	4.872620421	4.978252429	/home/ls/projects/PFAS_mito_membrane_pilot/qm/PFBS/phase3_mm_relaxed_profiles_20260926_v1/qm_start_g96/T_CC_210.g96	ff7ba181ddce36b5fec269c010000630a05fa87e61843c9cb6ae5b286660aa06
T_CC_210	5	F4	FGA2	4.937444017	4.962456507	5.173507679	/home/ls/projects/PFAS_mito_membrane_pilot/qm/PFBS/phase3_mm_relaxed_profiles_20260926_v1/qm_start_g96/T_CC_210.g96	ff7ba181ddce36b5fec269c010000630a05fa87e61843c9cb6ae5b286660aa06
T_CC_210	6	F5	FGA2	5.085820496	4.918290253	4.809540050	/home/ls/projects/PFAS_mito_membrane_pilot/qm/PFBS/phase3_mm_relaxed_profiles_20260926_v1/qm_start_g96/T_CC_210.g96	ff7ba181ddce36b5fec269c010000630a05fa87e61843c9cb6ae5b286660aa06
T_CC_210	7	F6	FGA2	5.224343680	5.078264462	4.871373714	/home/ls/projects/PFAS_mito_membrane_pilot/qm/PFBS/phase3_mm_relaxed_profiles_20260926_v1/qm_start_g96/T_CC_210.g96	ff7ba181ddce36b5fec269c010000630a05fa87e61843c9cb6ae5b286660aa06
T_CC_210	8	F7	FGA3	5.134604433	4.788413900	5.049824907	/home/ls/projects/PFAS_mito_membrane_pilot/qm/PFBS/phase3_mm_relaxed_profiles_20260926_v1/qm_start_g96/T_CC_210.g96	ff7ba181ddce36b5fec269c010000630a05fa87e61843c9cb6ae5b286660aa06
T_CC_210	9	F8	FGA3	5.312191110	4.836916829	4.932993106	/home/ls/projects/PFAS_mito_membrane_pilot/qm/PFBS/phase3_mm_relaxed_profiles_20260926_v1/qm_start_g96/T_CC_210.g96	ff7ba181ddce36b5fec269c010000630a05fa87e61843c9cb6ae5b286660aa06
T_CC_210	10	F9	FGA3	5.264340057	4.953126017	5.111812227	/home/ls/projects/PFAS_mito_membrane_pilot/qm/PFBS/phase3_mm_relaxed_profiles_20260926_v1/qm_start_g96/T_CC_210.g96	ff7ba181ddce36b5fec269c010000630a05fa87e61843c9cb6ae5b286660aa06
T_CC_210	11	O1	OG2P1	4.695528237	5.071726908	4.899339121	/home/ls/projects/PFAS_mito_membrane_pilot/qm/PFBS/phase3_mm_relaxed_profiles_20260926_v1/qm_start_g96/T_CC_210.g96	ff7ba181ddce36b5fec269c010000630a05fa87e61843c9cb6ae5b286660aa06
T_CC_210	12	O2	OG2P1	4.653985285	4.989561458	5.132647867	/home/ls/projects/PFAS_mito_membrane_pilot/qm/PFBS/phase3_mm_relaxed_profiles_20260926_v1/qm_start_g96/T_CC_210.g96	ff7ba181ddce36b5fec269c010000630a05fa87e61843c9cb6ae5b286660aa06
T_CC_210	13	O3	OG2P1	4.766846203	5.211349158	5.095982112	/home/ls/projects/PFAS_mito_membrane_pilot/qm/PFBS/phase3_mm_relaxed_profiles_20260926_v1/qm_start_g96/T_CC_210.g96	ff7ba181ddce36b5fec269c010000630a05fa87e61843c9cb6ae5b286660aa06
T_CC_210	14	C1	CG312	5.016935341	5.070609741	4.981287239	/home/ls/projects/PFAS_mito_membrane_pilot/qm/PFBS/phase3_mm_relaxed_profiles_20260926_v1/qm_start_g96/T_CC_210.g96	ff7ba181ddce36b5fec269c010000630a05fa87e61843c9cb6ae5b286660aa06
T_CC_210	15	C2	CG312	4.899457599	4.992229788	5.045235488	/home/ls/projects/PFAS_mito_membrane_pilot/qm/PFBS/phase3_mm_relaxed_profiles_20260926_v1/qm_start_g96/T_CC_210.g96	ff7ba181ddce36b5fec269c010000630a05fa87e61843c9cb6ae5b286660aa06
T_CC_210	16	C3	CG312	5.131819385	4.987764020	4.916622196	/home/ls/projects/PFAS_mito_membrane_pilot/qm/PFBS/phase3_mm_relaxed_profiles_20260926_v1/qm_start_g96/T_CC_210.g96	ff7ba181ddce36b5fec269c010000630a05fa87e61843c9cb6ae5b286660aa06
T_CC_210	17	C4	CG302	5.210828437	4.889479388	5.005909002	/home/ls/projects/PFAS_mito_membrane_pilot/qm/PFBS/phase3_mm_relaxed_profiles_20260926_v1/qm_start_g96/T_CC_210.g96	ff7ba181ddce36b5fec269c010000630a05fa87e61843c9cb6ae5b286660aa06
T_CC_240	1	S1	SG3O1	4.725726392	5.043896189	4.986430483	/home/ls/projects/PFAS_mito_membrane_pilot/qm/PFBS/phase3_mm_relaxed_profiles_20260926_v1/qm_start_g96/T_CC_240.g96	880de9f672087b3c73f343d26033dc31c7e6d04945e3ef56427c9859c467bda9
T_CC_240	2	F1	FGA2	4.977606027	5.164416254	4.905318511	/home/ls/projects/PFAS_mito_membrane_pilot/qm/PFBS/phase3_mm_relaxed_profiles_20260926_v1/qm_start_g96/T_CC_240.g96	880de9f672087b3c73f343d26033dc31c7e6d04945e3ef56427c9859c467bda9
T_CC_240	3	F2	FGA2	5.080242673	5.144579804	5.098759882	/home/ls/projects/PFAS_mito_membrane_pilot/qm/PFBS/phase3_mm_relaxed_profiles_20260926_v1/qm_start_g96/T_CC_240.g96	880de9f672087b3c73f343d26033dc31c7e6d04945e3ef56427c9859c467bda9
T_CC_240	4	F3	FGA2	4.912540605	4.863380347	5.036569027	/home/ls/projects/PFAS_mito_membrane_pilot/qm/PFBS/phase3_mm_relaxed_profiles_20260926_v1/qm_start_g96/T_CC_240.g96	880de9f672087b3c73f343d26033dc31c7e6d04945e3ef56427c9859c467bda9
T_CC_240	5	F4	FGA2	4.893313175	5.016934654	5.192424526	/home/ls/projects/PFAS_mito_membrane_pilot/qm/PFBS/phase3_mm_relaxed_profiles_20260926_v1/qm_start_g96/T_CC_240.g96	880de9f672087b3c73f343d26033dc31c7e6d04945e3ef56427c9859c467bda9
T_CC_240	6	F5	FGA2	5.074920396	4.906182727	4.838417063	/home/ls/projects/PFAS_mito_membrane_pilot/qm/PFBS/phase3_mm_relaxed_profiles_20260926_v1/qm_start_g96/T_CC_240.g96	880de9f672087b3c73f343d26033dc31c7e6d04945e3ef56427c9859c467bda9
T_CC_240	7	F6	FGA2	5.210100198	5.077913387	4.862979978	/home/ls/projects/PFAS_mito_membrane_pilot/qm/PFBS/phase3_mm_relaxed_profiles_20260926_v1/qm_start_g96/T_CC_240.g96	880de9f672087b3c73f343d26033dc31c7e6d04945e3ef56427c9859c467bda9
T_CC_240	8	F7	FGA3	5.159354227	4.835338395	5.112413448	/home/ls/projects/PFAS_mito_membrane_pilot/qm/PFBS/phase3_mm_relaxed_profiles_20260926_v1/qm_start_g96/T_CC_240.g96	880de9f672087b3c73f343d26033dc31c7e6d04945e3ef56427c9859c467bda9
T_CC_240	9	F8	FGA3	5.299589109	4.828427145	4.945108470	/home/ls/projects/PFAS_mito_membrane_pilot/qm/PFBS/phase3_mm_relaxed_profiles_20260926_v1/qm_start_g96/T_CC_240.g96	880de9f672087b3c73f343d26033dc31c7e6d04945e3ef56427c9859c467bda9
T_CC_240	10	F9	FGA3	5.307477988	4.993262315	5.087859600	/home/ls/projects/PFAS_mito_membrane_pilot/qm/PFBS/phase3_mm_relaxed_profiles_20260926_v1/qm_start_g96/T_CC_240.g96	880de9f672087b3c73f343d26033dc31c7e6d04945e3ef56427c9859c467bda9
T_CC_240	11	O1	OG2P1	4.743854609	5.011715346	4.842854120	/home/ls/projects/PFAS_mito_membrane_pilot/qm/PFBS/phase3_mm_relaxed_profiles_20260926_v1/qm_start_g96/T_CC_240.g96	880de9f672087b3c73f343d26033dc31c7e6d04945e3ef56427c9859c467bda9
T_CC_240	12	O2	OG2P1	4.636818488	4.952951852	5.062266133	/home/ls/projects/PFAS_mito_membrane_pilot/qm/PFBS/phase3_mm_relaxed_profiles_20260926_v1/qm_start_g96/T_CC_240.g96	880de9f672087b3c73f343d26033dc31c7e6d04945e3ef56427c9859c467bda9
T_CC_240	13	O3	OG2P1	4.715463089	5.187727728	5.020764144	/home/ls/projects/PFAS_mito_membrane_pilot/qm/PFBS/phase3_mm_relaxed_profiles_20260926_v1/qm_start_g96/T_CC_240.g96	880de9f672087b3c73f343d26033dc31c7e6d04945e3ef56427c9859c467bda9
T_CC_240	14	C1	CG312	5.017242672	5.074635390	4.998894625	/home/ls/projects/PFAS_mito_membrane_pilot/qm/PFBS/phase3_mm_relaxed_profiles_20260926_v1/qm_start_g96/T_CC_240.g96	880de9f672087b3c73f343d26033dc31c7e6d04945e3ef56427c9859c467bda9
T_CC_240	15	C2	CG312	4.893241794	4.997945760	5.057089028	/home/ls/projects/PFAS_mito_membrane_pilot/qm/PFBS/phase3_mm_relaxed_profiles_20260926_v1/qm_start_g96/T_CC_240.g96	880de9f672087b3c73f343d26033dc31c7e6d04945e3ef56427c9859c467bda9
T_CC_240	16	C3	CG312	5.128403249	4.990428048	4.929841916	/home/ls/projects/PFAS_mito_membrane_pilot/qm/PFBS/phase3_mm_relaxed_profiles_20260926_v1/qm_start_g96/T_CC_240.g96	880de9f672087b3c73f343d26033dc31c7e6d04945e3ef56427c9859c467bda9
T_CC_240	17	C4	CG302	5.224105309	4.910264660	5.022009046	/home/ls/projects/PFAS_mito_membrane_pilot/qm/PFBS/phase3_mm_relaxed_profiles_20260926_v1/qm_start_g96/T_CC_240.g96	880de9f672087b3c73f343d26033dc31c7e6d04945e3ef56427c9859c467bda9
T_CC_270	1	S1	SG3O1	4.745422706	4.978974347	4.969351009	/home/ls/projects/PFAS_mito_membrane_pilot/qm/PFBS/phase3_mm_relaxed_profiles_20260926_v1/qm_start_g96/T_CC_270.g96	0bb8e714e59c30b159e44188b0df6faf6cdafd8794878db4b1f2197b15d282c8
T_CC_270	2	F1	FGA2	4.968911829	5.171415005	4.888983262	/home/ls/projects/PFAS_mito_membrane_pilot/qm/PFBS/phase3_mm_relaxed_profiles_20260926_v1/qm_start_g96/T_CC_270.g96	0bb8e714e59c30b159e44188b0df6faf6cdafd8794878db4b1f2197b15d282c8
T_CC_270	3	F2	FGA2	5.077382204	5.181371759	5.080554525	/home/ls/projects/PFAS_mito_membrane_pilot/qm/PFBS/phase3_mm_relaxed_profiles_20260926_v1/qm_start_g96/T_CC_270.g96	0bb8e714e59c30b159e44188b0df6faf6cdafd8794878db4b1f2197b15d282c8
T_CC_270	4	F3	FGA2	4.946859076	4.924513504	5.138438451	/home/ls/projects/PFAS_mito_membrane_pilot/qm/PFBS/phase3_mm_relaxed_profiles_20260926_v1/qm_start_g96/T_CC_270.g96	0bb8e714e59c30b159e44188b0df6faf6cdafd8794878db4b1f2197b15d282c8
T_CC_270	5	F4	FGA2	4.853851867	5.122507361	5.162484033	/home/ls/projects/PFAS_mito_membrane_pilot/qm/PFBS/phase3_mm_relaxed_profiles_20260926_v1/qm_start_g96/T_CC_270.g96	0bb8e714e59c30b159e44188b0df6faf6cdafd8794878db4b1f2197b15d282c8
T_CC_270	6	F5	FGA2	5.085832041	4.937984544	4.827599124	/home/ls/projects/PFAS_mito_membrane_pilot/qm/PFBS/phase3_mm_relaxed_profiles_20260926_v1/qm_start_g96/T_CC_270.g96	0bb8e714e59c30b159e44188b0df6faf6cdafd8794878db4b1f2197b15d282c8
T_CC_270	7	F6	FGA2	5.222972118	5.097757617	4.891848273	/home/ls/projects/PFAS_mito_membrane_pilot/qm/PFBS/phase3_mm_relaxed_profiles_20260926_v1/qm_start_g96/T_CC_270.g96	0bb8e714e59c30b159e44188b0df6faf6cdafd8794878db4b1f2197b15d282c8
T_CC_270	8	F7	FGA3	5.140482233	4.790921723	5.037760267	/home/ls/projects/PFAS_mito_membrane_pilot/qm/PFBS/phase3_mm_relaxed_profiles_20260926_v1/qm_start_g96/T_CC_270.g96	0bb8e714e59c30b159e44188b0df6faf6cdafd8794878db4b1f2197b15d282c8
T_CC_270	9	F8	FGA3	5.325147906	4.882353825	4.970083182	/home/ls/projects/PFAS_mito_membrane_pilot/qm/PFBS/phase3_mm_relaxed_profiles_20260926_v1/qm_start_g96/T_CC_270.g96	0bb8e714e59c30b159e44188b0df6faf6cdafd8794878db4b1f2197b15d282c8
T_CC_270	10	F9	FGA3	5.226788255	4.958965340	5.149256184	/home/ls/projects/PFAS_mito_membrane_pilot/qm/PFBS/phase3_mm_relaxed_profiles_20260926_v1/qm_start_g96/T_CC_270.g96	0bb8e714e59c30b159e44188b0df6faf6cdafd8794878db4b1f2197b15d282c8
T_CC_270	11	O1	OG2P1	4.809167559	4.895481942	4.864431541	/home/ls/projects/PFAS_mito_membrane_pilot/qm/PFBS/phase3_mm_relaxed_profiles_20260926_v1/qm_start_g96/T_CC_270.g96	0bb8e714e59c30b159e44188b0df6faf6cdafd8794878db4b1f2197b15d282c8
T_CC_270	12	O2	OG2P1	4.666506331	4.906134023	5.071255420	/home/ls/projects/PFAS_mito_membrane_pilot/qm/PFBS/phase3_mm_relaxed_profiles_20260926_v1/qm_start_g96/T_CC_270.g96	0bb8e714e59c30b159e44188b0df6faf6cdafd8794878db4b1f2197b15d282c8
T_CC_270	13	O3	OG2P1	4.689379000	5.108262395	4.924227202	/home/ls/projects/PFAS_mito_membrane_pilot/qm/PFBS/phase3_mm_relaxed_profiles_20260926_v1/qm_start_g96/T_CC_270.g96	0bb8e714e59c30b159e44188b0df6faf6cdafd8794878db4b1f2197b15d282c8
T_CC_270	14	C1	CG312	5.013418523	5.096483132	4.992737696	/home/ls/projects/PFAS_mito_membrane_pilot/qm/PFBS/phase3_mm_relaxed_profiles_20260926_v1/qm_start_g96/T_CC_270.g96	0bb8e714e59c30b159e44188b0df6faf6cdafd8794878db4b1f2197b15d282c8
T_CC_270	15	C2	CG312	4.894985215	5.031118048	5.069159822	/home/ls/projects/PFAS_mito_membrane_pilot/qm/PFBS/phase3_mm_relaxed_profiles_20260926_v1/qm_start_g96/T_CC_270.g96	0bb8e714e59c30b159e44188b0df6faf6cdafd8794878db4b1f2197b15d282c8
T_CC_270	16	C3	CG312	5.128442855	5.007872012	4.935166920	/home/ls/projects/PFAS_mito_membrane_pilot/qm/PFBS/phase3_mm_relaxed_profiles_20260926_v1/qm_start_g96/T_CC_270.g96	0bb8e714e59c30b159e44188b0df6faf6cdafd8794878db4b1f2197b15d282c8
T_CC_270	17	C4	CG302	5.204450280	4.907883424	5.026663090	/home/ls/projects/PFAS_mito_membrane_pilot/qm/PFBS/phase3_mm_relaxed_profiles_20260926_v1/qm_start_g96/T_CC_270.g96	0bb8e714e59c30b159e44188b0df6faf6cdafd8794878db4b1f2197b15d282c8
T_CC_300	1	S1	SG3O1	4.776908532	4.920796565	4.968962800	/home/ls/projects/PFAS_mito_membrane_pilot/qm/PFBS/phase3_mm_relaxed_profiles_20260926_v1/qm_start_g96/T_CC_300.g96	fc6381c1ad4b27e5f9a79cad7e8361d93f1a8d0e253a0d934cd0410aba899c01
T_CC_300	2	F1	FGA2	4.959149779	5.189204825	4.897473968	/home/ls/projects/PFAS_mito_membrane_pilot/qm/PFBS/phase3_mm_relaxed_profiles_20260926_v1/qm_start_g96/T_CC_300.g96	fc6381c1ad4b27e5f9a79cad7e8361d93f1a8d0e253a0d934cd0410aba899c01
T_CC_300	3	F2	FGA2	5.062333876	5.190352213	5.092364793	/home/ls/projects/PFAS_mito_membrane_pilot/qm/PFBS/phase3_mm_relaxed_profiles_20260926_v1/qm_start_g96/T_CC_300.g96	fc6381c1ad4b27e5f9a79cad7e8361d93f1a8d0e253a0d934cd0410aba899c01
T_CC_300	4	F3	FGA2	4.936192821	4.975474733	5.176492936	/home/ls/projects/PFAS_mito_membrane_pilot/qm/PFBS/phase3_mm_relaxed_profiles_20260926_v1/qm_start_g96/T_CC_300.g96	fc6381c1ad4b27e5f9a79cad7e8361d93f1a8d0e253a0d934cd0410aba899c01
T_CC_300	5	F4	FGA2	4.806694460	5.142624853	5.111985305	/home/ls/projects/PFAS_mito_membrane_pilot/qm/PFBS/phase3_mm_relaxed_profiles_20260926_v1/qm_start_g96/T_CC_300.g96	fc6381c1ad4b27e5f9a79cad7e8361d93f1a8d0e253a0d934cd0410aba899c01
T_CC_300	6	F5	FGA2	5.079159100	4.962267465	4.824799999	/home/ls/projects/PFAS_mito_membrane_pilot/qm/PFBS/phase3_mm_relaxed_profiles_20260926_v1/qm_start_g96/T_CC_300.g96	fc6381c1ad4b27e5f9a79cad7e8361d93f1a8d0e253a0d934cd0410aba899c01
T_CC_300	7	F6	FGA2	5.214131644	5.120667314	4.896870017	/home/ls/projects/PFAS_mito_membrane_pilot/qm/PFBS/phase3_mm_relaxed_profiles_20260926_v1/qm_start_g96/T_CC_300.g96	fc6381c1ad4b27e5f9a79cad7e8361d93f1a8d0e253a0d934cd0410aba899c01
T_CC_300	8	F7	FGA3	5.126672856	4.820269145	5.058014529	/home/ls/projects/PFAS_mito_membrane_pilot/qm/PFBS/phase3_mm_relaxed_profiles_20260926_v1/qm_start_g96/T_CC_300.g96	fc6381c1ad4b27e5f9a79cad7e8361d93f1a8d0e253a0d934cd0410aba899c01
T_CC_300	9	F8	FGA3	5.306552694	4.884234687	4.953378094	/home/ls/projects/PFAS_mito_membrane_pilot/qm/PFBS/phase3_mm_relaxed_profiles_20260926_v1/qm_start_g96/T_CC_300.g96	fc6381c1ad4b27e5f9a79cad7e8361d93f1a8d0e253a0d934cd0410aba899c01
T_CC_300	10	F9	FGA3	5.244327731	4.987411961	5.135840298	/home/ls/projects/PFAS_mito_membrane_pilot/qm/PFBS/phase3_mm_relaxed_profiles_20260926_v1/qm_start_g96/T_CC_300.g96	fc6381c1ad4b27e5f9a79cad7e8361d93f1a8d0e253a0d934cd0410aba899c01
T_CC_300	11	O1	OG2P1	4.871296996	4.809594639	4.942443918	/home/ls/projects/PFAS_mito_membrane_pilot/qm/PFBS/phase3_mm_relaxed_profiles_20260926_v1/qm_start_g96/T_CC_300.g96	fc6381c1ad4b27e5f9a79cad7e8361d93f1a8d0e253a0d934cd0410aba899c01
T_CC_300	12	O2	OG2P1	4.669485087	4.892408226	5.066660414	/home/ls/projects/PFAS_mito_membrane_pilot/qm/PFBS/phase3_mm_relaxed_profiles_20260926_v1/qm_start_g96/T_CC_300.g96	fc6381c1ad4b27e5f9a79cad7e8361d93f1a8d0e253a0d934cd0410aba899c01
T_CC_300	13	O3	OG2P1	4.738708296	5.002370522	4.851372343	/home/ls/projects/PFAS_mito_membrane_pilot/qm/PFBS/phase3_mm_relaxed_profiles_20260926_v1/qm_start_g96/T_CC_300.g96	fc6381c1ad4b27e5f9a79cad7e8361d93f1a8d0e253a0d934cd0410aba899c01
T_CC_300	14	C1	CG312	5.004259881	5.109021902	4.997526704	/home/ls/projects/PFAS_mito_membrane_pilot/qm/PFBS/phase3_mm_relaxed_profiles_20260926_v1/qm_start_g96/T_CC_300.g96	fc6381c1ad4b27e5f9a79cad7e8361d93f1a8d0e253a0d934cd0410aba899c01
T_CC_300	15	C2	CG312	4.884505193	5.039389077	5.066218838	/home/ls/projects/PFAS_mito_membrane_pilot/qm/PFBS/phase3_mm_relaxed_profiles_20260926_v1/qm_start_g96/T_CC_300.g96	fc6381c1ad4b27e5f9a79cad7e8361d93f1a8d0e253a0d934cd0410aba899c01
T_CC_300	16	C3	CG312	5.120867755	5.027127832	4.935559508	/home/ls/projects/PFAS_mito_membrane_pilot/qm/PFBS/phase3_mm_relaxed_profiles_20260926_v1/qm_start_g96/T_CC_300.g96	fc6381c1ad4b27e5f9a79cad7e8361d93f1a8d0e253a0d934cd0410aba899c01
T_CC_300	17	C4	CG302	5.198753298	4.926784043	5.024035535	/home/ls/projects/PFAS_mito_membrane_pilot/qm/PFBS/phase3_mm_relaxed_profiles_20260926_v1/qm_start_g96/T_CC_300.g96	fc6381c1ad4b27e5f9a79cad7e8361d93f1a8d0e253a0d934cd0410aba899c01
T_CC_330	1	S1	SG3O1	4.802636350	4.884109427	4.978151625	/home/ls/projects/PFAS_mito_membrane_pilot/qm/PFBS/phase3_mm_relaxed_profiles_20260926_v1/qm_start_g96/T_CC_330.g96	12d5e015638e715123552261c80c982de9108a65a82103add957bb662b8d1c03
T_CC_330	2	F1	FGA2	4.958341413	5.195049593	4.893160965	/home/ls/projects/PFAS_mito_membrane_pilot/qm/PFBS/phase3_mm_relaxed_profiles_20260926_v1/qm_start_g96/T_CC_330.g96	12d5e015638e715123552261c80c982de9108a65a82103add957bb662b8d1c03
T_CC_330	3	F2	FGA2	5.052614570	5.189561453	5.092856363	/home/ls/projects/PFAS_mito_membrane_pilot/qm/PFBS/phase3_mm_relaxed_profiles_20260926_v1/qm_start_g96/T_CC_330.g96	12d5e015638e715123552261c80c982de9108a65a82103add957bb662b8d1c03
T_CC_330	4	F3	FGA2	4.891133041	5.022038180	5.183988226	/home/ls/projects/PFAS_mito_membrane_pilot/qm/PFBS/phase3_mm_relaxed_profiles_20260926_v1/qm_start_g96/T_CC_330.g96	12d5e015638e715123552261c80c982de9108a65a82103add957bb662b8d1c03
T_CC_330	5	F4	FGA2	4.770427421	5.141409497	5.043946519	/home/ls/projects/PFAS_mito_membrane_pilot/qm/PFBS/phase3_mm_relaxed_profiles_20260926_v1/qm_start_g96/T_CC_330.g96	12d5e015638e715123552261c80c982de9108a65a82103add957bb662b8d1c03
T_CC_330	6	F5	FGA2	5.069468893	4.947717440	4.835847871	/home/ls/projects/PFAS_mito_membrane_pilot/qm/PFBS/phase3_mm_relaxed_profiles_20260926_v1/qm_start_g96/T_CC_330.g96	12d5e015638e715123552261c80c982de9108a65a82103add957bb662b8d1c03
T_CC_330	7	F6	FGA2	5.197564274	5.121226683	4.873633443	/home/ls/projects/PFAS_mito_membrane_pilot/qm/PFBS/phase3_mm_relaxed_profiles_20260926_v1/qm_start_g96/T_CC_330.g96	12d5e015638e715123552261c80c982de9108a65a82103add957bb662b8d1c03
T_CC_330	8	F7	FGA3	5.134016768	4.891935989	5.130220138	/home/ls/projects/PFAS_mito_membrane_pilot/qm/PFBS/phase3_mm_relaxed_profiles_20260926_v1/qm_start_g96/T_CC_330.g96	12d5e015638e715123552261c80c982de9108a65a82103add957bb662b8d1c03
T_CC_330	9	F8	FGA3	5.274515993	4.858734419	4.965745099	/home/ls/projects/PFAS_mito_membrane_pilot/qm/PFBS/phase3_mm_relaxed_profiles_20260926_v1/qm_start_g96/T_CC_330.g96	12d5e015638e715123552261c80c982de9108a65a82103add957bb662b8d1c03
T_CC_330	10	F9	FGA3	5.291443866	5.036529122	5.091336508	/home/ls/projects/PFAS_mito_membrane_pilot/qm/PFBS/phase3_mm_relaxed_profiles_20260926_v1/qm_start_g96/T_CC_330.g96	12d5e015638e715123552261c80c982de9108a65a82103add957bb662b8d1c03
T_CC_330	11	O1	OG2P1	4.915584693	4.791726215	5.004404434	/home/ls/projects/PFAS_mito_membrane_pilot/qm/PFBS/phase3_mm_relaxed_profiles_20260926_v1/qm_start_g96/T_CC_330.g96	12d5e015638e715123552261c80c982de9108a65a82103add957bb662b8d1c03
T_CC_330	12	O2	OG2P1	4.681264189	4.862275103	5.059793927	/home/ls/projects/PFAS_mito_membrane_pilot/qm/PFBS/phase3_mm_relaxed_profiles_20260926_v1/qm_start_g96/T_CC_330.g96	12d5e015638e715123552261c80c982de9108a65a82103add957bb662b8d1c03
T_CC_330	13	O3	OG2P1	4.780279845	4.920278587	4.836131046	/home/ls/projects/PFAS_mito_membrane_pilot/qm/PFBS/phase3_mm_relaxed_profiles_20260926_v1/qm_start_g96/T_CC_330.g96	12d5e015638e715123552261c80c982de9108a65a82103add957bb662b8d1c03
T_CC_330	14	C1	CG312	4.996988353	5.111555103	4.994552968	/home/ls/projects/PFAS_mito_membrane_pilot/qm/PFBS/phase3_mm_relaxed_profiles_20260926_v1/qm_start_g96/T_CC_330.g96	12d5e015638e715123552261c80c982de9108a65a82103add957bb662b8d1c03
T_CC_330	15	C2	CG312	4.866937790	5.044766394	5.050436701	/home/ls/projects/PFAS_mito_membrane_pilot/qm/PFBS/phase3_mm_relaxed_profiles_20260926_v1/qm_start_g96/T_CC_330.g96	12d5e015638e715123552261c80c982de9108a65a82103add957bb662b8d1c03
T_CC_330	16	C3	CG312	5.113529317	5.029553059	4.932659363	/home/ls/projects/PFAS_mito_membrane_pilot/qm/PFBS/phase3_mm_relaxed_profiles_20260926_v1/qm_start_g96/T_CC_330.g96	12d5e015638e715123552261c80c982de9108a65a82103add957bb662b8d1c03
T_CC_330	17	C4	CG302	5.203253222	4.951533738	5.033134804	/home/ls/projects/PFAS_mito_membrane_pilot/qm/PFBS/phase3_mm_relaxed_profiles_20260926_v1/qm_start_g96/T_CC_330.g96	12d5e015638e715123552261c80c982de9108a65a82103add957bb662b8d1c03
T_CS_000	1	S1	SG3O1	4.781341173	4.913218623	4.977360785	/home/ls/projects/PFAS_mito_membrane_pilot/qm/PFBS/phase3_mm_relaxed_profiles_20260926_v1/qm_start_g96/T_CS_000.g96	b76cb71c416ae436646084247ac0799101a651a6e78ef12bdd936ed29539a181
T_CS_000	2	F1	FGA2	4.953731766	5.186007315	4.888766912	/home/ls/projects/PFAS_mito_membrane_pilot/qm/PFBS/phase3_mm_relaxed_profiles_20260926_v1/qm_start_g96/T_CS_000.g96	b76cb71c416ae436646084247ac0799101a651a6e78ef12bdd936ed29539a181
T_CS_000	3	F2	FGA2	5.059006739	5.201749778	5.081963633	/home/ls/projects/PFAS_mito_membrane_pilot/qm/PFBS/phase3_mm_relaxed_profiles_20260926_v1/qm_start_g96/T_CS_000.g96	b76cb71c416ae436646084247ac0799101a651a6e78ef12bdd936ed29539a181
T_CS_000	4	F3	FGA2	4.945013960	4.988508103	5.180333053	/home/ls/projects/PFAS_mito_membrane_pilot/qm/PFBS/phase3_mm_relaxed_profiles_20260926_v1/qm_start_g96/T_CS_000.g96	b76cb71c416ae436646084247ac0799101a651a6e78ef12bdd936ed29539a181
T_CS_000	5	F4	FGA2	4.808956388	5.146565610	5.109429479	/home/ls/projects/PFAS_mito_membrane_pilot/qm/PFBS/phase3_mm_relaxed_profiles_20260926_v1/qm_start_g96/T_CS_000.g96	b76cb71c416ae436646084247ac0799101a651a6e78ef12bdd936ed29539a181
T_CS_000	6	F5	FGA2	5.098728972	4.981900730	4.812865762	/home/ls/projects/PFAS_mito_membrane_pilot/qm/PFBS/phase3_mm_relaxed_profiles_20260926_v1/qm_start_g96/T_CS_000.g96	b76cb71c416ae436646084247ac0799101a651a6e78ef12bdd936ed29539a181
T_CS_000	7	F6	FGA2	5.226209680	5.127418888	4.915848324	/home/ls/projects/PFAS_mito_membrane_pilot/qm/PFBS/phase3_mm_relaxed_profiles_20260926_v1/qm_start_g96/T_CS_000.g96	b76cb71c416ae436646084247ac0799101a651a6e78ef12bdd936ed29539a181
T_CS_000	8	F7	FGA3	5.103306230	4.819878786	5.033935629	/home/ls/projects/PFAS_mito_membrane_pilot/qm/PFBS/phase3_mm_relaxed_profiles_20260926_v1/qm_start_g96/T_CS_000.g96	b76cb71c416ae436646084247ac0799101a651a6e78ef12bdd936ed29539a181
T_CS_000	9	F8	FGA3	5.299897159	4.877196766	4.958424396	/home/ls/projects/PFAS_mito_membrane_pilot/qm/PFBS/phase3_mm_relaxed_profiles_20260926_v1/qm_start_g96/T_CS_000.g96	b76cb71c416ae436646084247ac0799101a651a6e78ef12bdd936ed29539a181
T_CS_000	10	F9	FGA3	5.223635691	4.968558335	5.141527223	/home/ls/projects/PFAS_mito_membrane_pilot/qm/PFBS/phase3_mm_relaxed_profiles_20260926_v1/qm_start_g96/T_CS_000.g96	b76cb71c416ae436646084247ac0799101a651a6e78ef12bdd936ed29539a181
T_CS_000	11	O1	OG2P1	4.843715553	4.912688406	4.842737553	/home/ls/projects/PFAS_mito_membrane_pilot/qm/PFBS/phase3_mm_relaxed_profiles_20260926_v1/qm_start_g96/T_CS_000.g96	b76cb71c416ae436646084247ac0799101a651a6e78ef12bdd936ed29539a181
T_CS_000	12	O2	OG2P1	4.803666099	4.791398150	5.058361342	/home/ls/projects/PFAS_mito_membrane_pilot/qm/PFBS/phase3_mm_relaxed_profiles_20260926_v1/qm_start_g96/T_CS_000.g96	b76cb71c416ae436646084247ac0799101a651a6e78ef12bdd936ed29539a181
T_CS_000	13	O3	OG2P1	4.645998207	4.972295766	4.985085558	/home/ls/projects/PFAS_mito_membrane_pilot/qm/PFBS/phase3_mm_relaxed_profiles_20260926_v1/qm_start_g96/T_CS_000.g96	b76cb71c416ae436646084247ac0799101a651a6e78ef12bdd936ed29539a181
T_CS_000	14	C1	CG312	5.004280101	5.112961418	4.991723091	/home/ls/projects/PFAS_mito_membrane_pilot/qm/PFBS/phase3_mm_relaxed_profiles_20260926_v1/qm_start_g96/T_CS_000.g96	b76cb71c416ae436646084247ac0799101a651a6e78ef12bdd936ed29539a181
T_CS_000	15	C2	CG312	4.888328424	5.043044654	5.067737149	/home/ls/projects/PFAS_mito_membrane_pilot/qm/PFBS/phase3_mm_relaxed_profiles_20260926_v1/qm_start_g96/T_CS_000.g96	b76cb71c416ae436646084247ac0799101a651a6e78ef12bdd936ed29539a181
T_CS_000	16	C3	CG312	5.126412738	5.034439094	4.933858475	/home/ls/projects/PFAS_mito_membrane_pilot/qm/PFBS/phase3_mm_relaxed_profiles_20260926_v1/qm_start_g96/T_CS_000.g96	b76cb71c416ae436646084247ac0799101a651a6e78ef12bdd936ed29539a181
T_CS_000	17	C4	CG302	5.187771121	4.922169580	5.020041636	/home/ls/projects/PFAS_mito_membrane_pilot/qm/PFBS/phase3_mm_relaxed_profiles_20260926_v1/qm_start_g96/T_CS_000.g96	b76cb71c416ae436646084247ac0799101a651a6e78ef12bdd936ed29539a181
T_CS_010	1	S1	SG3O1	4.783110453	4.912671227	4.978864835	/home/ls/projects/PFAS_mito_membrane_pilot/qm/PFBS/phase3_mm_relaxed_profiles_20260926_v1/qm_start_g96/T_CS_010.g96	93231ed042bed5c0602602d32e5c5f3d4901969d8156257c0347236c62607f21
T_CS_010	2	F1	FGA2	4.951656732	5.183909242	4.886371570	/home/ls/projects/PFAS_mito_membrane_pilot/qm/PFBS/phase3_mm_relaxed_profiles_20260926_v1/qm_start_g96/T_CS_010.g96	93231ed042bed5c0602602d32e5c5f3d4901969d8156257c0347236c62607f21
T_CS_010	3	F2	FGA2	5.056587871	5.204848453	5.079326018	/home/ls/projects/PFAS_mito_membrane_pilot/qm/PFBS/phase3_mm_relaxed_profiles_20260926_v1/qm_start_g96/T_CS_010.g96	93231ed042bed5c0602602d32e5c5f3d4901969d8156257c0347236c62607f21
T_CS_010	4	F3	FGA2	4.946954993	4.989748763	5.179958956	/home/ls/projects/PFAS_mito_membrane_pilot/qm/PFBS/phase3_mm_relaxed_profiles_20260926_v1/qm_start_g96/T_CS_010.g96	93231ed042bed5c0602602d32e5c5f3d4901969d8156257c0347236c62607f21
T_CS_010	5	F4	FGA2	4.808342886	5.146337606	5.110937943	/home/ls/projects/PFAS_mito_membrane_pilot/qm/PFBS/phase3_mm_relaxed_profiles_20260926_v1/qm_start_g96/T_CS_010.g96	93231ed042bed5c0602602d32e5c5f3d4901969d8156257c0347236c62607f21
T_CS_010	6	F5	FGA2	5.102625734	4.987481354	4.810631886	/home/ls/projects/PFAS_mito_membrane_pilot/qm/PFBS/phase3_mm_relaxed_profiles_20260926_v1/qm_start_g96/T_CS_010.g96	93231ed042bed5c0602602d32e5c5f3d4901969d8156257c0347236c62607f21
T_CS_010	7	F6	FGA2	5.228037300	5.128013172	4.921856382	/home/ls/projects/PFAS_mito_membrane_pilot/qm/PFBS/phase3_mm_relaxed_profiles_20260926_v1/qm_start_g96/T_CS_010.g96	93231ed042bed5c0602602d32e5c5f3d4901969d8156257c0347236c62607f21
T_CS_010	8	F7	FGA3	5.099783676	4.819297752	5.031967005	/home/ls/projects/PFAS_mito_membrane_pilot/qm/PFBS/phase3_mm_relaxed_profiles_20260926_v1/qm_start_g96/T_CS_010.g96	93231ed042bed5c0602602d32e5c5f3d4901969d8156257c0347236c62607f21
T_CS_010	9	F8	FGA3	5.296968564	4.874510639	4.956763033	/home/ls/projects/PFAS_mito_membrane_pilot/qm/PFBS/phase3_mm_relaxed_profiles_20260926_v1/qm_start_g96/T_CS_010.g96	93231ed042bed5c0602602d32e5c5f3d4901969d8156257c0347236c62607f21
T_CS_010	10	F9	FGA3	5.222188259	4.965220269	5.140812280	/home/ls/projects/PFAS_mito_membrane_pilot/qm/PFBS/phase3_mm_relaxed_profiles_20260926_v1/qm_start_g96/T_CS_010.g96	93231ed042bed5c0602602d32e5c5f3d4901969d8156257c0347236c62607f21
T_CS_010	11	O1	OG2P1	4.861130095	4.893752170	4.854029311	/home/ls/projects/PFAS_mito_membrane_pilot/qm/PFBS/phase3_mm_relaxed_profiles_20260926_v1/qm_start_g96/T_CS_010.g96	93231ed042bed5c0602602d32e5c5f3d4901969d8156257c0347236c62607f21
T_CS_010	12	O2	OG2P1	4.785555752	4.799468091	5.074076373	/home/ls/projects/PFAS_mito_membrane_pilot/qm/PFBS/phase3_mm_relaxed_profiles_20260926_v1/qm_start_g96/T_CS_010.g96	93231ed042bed5c0602602d32e5c5f3d4901969d8156257c0347236c62607f21
T_CS_010	13	O3	OG2P1	4.653076200	4.981240082	4.962523393	/home/ls/projects/PFAS_mito_membrane_pilot/qm/PFBS/phase3_mm_relaxed_profiles_20260926_v1/qm_start_g96/T_CS_010.g96	93231ed042bed5c0602602d32e5c5f3d4901969d8156257c0347236c62607f21
T_CS_010	14	C1	CG312	5.003389301	5.113580442	4.990772831	/home/ls/projects/PFAS_mito_membrane_pilot/qm/PFBS/phase3_mm_relaxed_profiles_20260926_v1/qm_start_g96/T_CS_010.g96	93231ed042bed5c0602602d32e5c5f3d4901969d8156257c0347236c62607f21
T_CS_010	15	C2	CG312	4.888253753	5.043899166	5.068087489	/home/ls/projects/PFAS_mito_membrane_pilot/qm/PFBS/phase3_mm_relaxed_profiles_20260926_v1/qm_start_g96/T_CS_010.g96	93231ed042bed5c0602602d32e5c5f3d4901969d8156257c0347236c62607f21
T_CS_010	16	C3	CG312	5.126826553	5.035490247	4.934180094	/home/ls/projects/PFAS_mito_membrane_pilot/qm/PFBS/phase3_mm_relaxed_profiles_20260926_v1/qm_start_g96/T_CS_010.g96	93231ed042bed5c0602602d32e5c5f3d4901969d8156257c0347236c62607f21
T_CS_010	17	C4	CG302	5.185511877	4.920531324	5.018840600	/home/ls/projects/PFAS_mito_membrane_pilot/qm/PFBS/phase3_mm_relaxed_profiles_20260926_v1/qm_start_g96/T_CS_010.g96	93231ed042bed5c0602602d32e5c5f3d4901969d8156257c0347236c62607f21
T_CS_020	1	S1	SG3O1	4.780157354	4.915096261	4.977902387	/home/ls/projects/PFAS_mito_membrane_pilot/qm/PFBS/phase3_mm_relaxed_profiles_20260926_v1/qm_start_g96/T_CS_020.g96	fc0fe0aaa70da2491407d7cf40549f0928ad568ab5bdce4bbe2d14d68bfcc78c
T_CS_020	2	F1	FGA2	4.951011737	5.181149857	4.885240858	/home/ls/projects/PFAS_mito_membrane_pilot/qm/PFBS/phase3_mm_relaxed_profiles_20260926_v1/qm_start_g96/T_CS_020.g96	fc0fe0aaa70da2491407d7cf40549f0928ad568ab5bdce4bbe2d14d68bfcc78c
T_CS_020	3	F2	FGA2	5.055586000	5.203775161	5.078380865	/home/ls/projects/PFAS_mito_membrane_pilot/qm/PFBS/phase3_mm_relaxed_profiles_20260926_v1/qm_start_g96/T_CS_020.g96	fc0fe0aaa70da2491407d7cf40549f0928ad568ab5bdce4bbe2d14d68bfcc78c
T_CS_020	4	F3	FGA2	4.947769767	4.984703173	5.177209052	/home/ls/projects/PFAS_mito_membrane_pilot/qm/PFBS/phase3_mm_relaxed_profiles_20260926_v1/qm_start_g96/T_CS_020.g96	fc0fe0aaa70da2491407d7cf40549f0928ad568ab5bdce4bbe2d14d68bfcc78c
T_CS_020	5	F4	FGA2	4.809551386	5.144529739	5.114880481	/home/ls/projects/PFAS_mito_membrane_pilot/qm/PFBS/phase3_mm_relaxed_profiles_20260926_v1/qm_start_g96/T_CS_020.g96	fc0fe0aaa70da2491407d7cf40549f0928ad568ab5bdce4bbe2d14d68bfcc78c
T_CS_020	6	F5	FGA2	5.102264886	4.983715643	4.811692725	/home/ls/projects/PFAS_mito_membrane_pilot/qm/PFBS/phase3_mm_relaxed_profiles_20260926_v1/qm_start_g96/T_CS_020.g96	fc0fe0aaa70da2491407d7cf40549f0928ad568ab5bdce4bbe2d14d68bfcc78c
T_CS_020	7	F6	FGA2	5.226141535	5.128055180	4.919555760	/home/ls/projects/PFAS_mito_membrane_pilot/qm/PFBS/phase3_mm_relaxed_profiles_20260926_v1/qm_start_g96/T_CS_020.g96	fc0fe0aaa70da2491407d7cf40549f0928ad568ab5bdce4bbe2d14d68bfcc78c
T_CS_020	8	F7	FGA3	5.106687354	4.817578838	5.034978077	/home/ls/projects/PFAS_mito_membrane_pilot/qm/PFBS/phase3_mm_relaxed_profiles_20260926_v1/qm_start_g96/T_CS_020.g96	fc0fe0aaa70da2491407d7cf40549f0928ad568ab5bdce4bbe2d14d68bfcc78c
T_CS_020	9	F8	FGA3	5.301396051	4.878566898	4.958402368	/home/ls/projects/PFAS_mito_membrane_pilot/qm/PFBS/phase3_mm_relaxed_profiles_20260926_v1/qm_start_g96/T_CS_020.g96	fc0fe0aaa70da2491407d7cf40549f0928ad568ab5bdce4bbe2d14d68bfcc78c
T_CS_020	10	F9	FGA3	5.224184892	4.968980167	5.141618456	/home/ls/projects/PFAS_mito_membrane_pilot/qm/PFBS/phase3_mm_relaxed_profiles_20260926_v1/qm_start_g96/T_CS_020.g96	fc0fe0aaa70da2491407d7cf40549f0928ad568ab5bdce4bbe2d14d68bfcc78c
T_CS_020	11	O1	OG2P1	4.868423043	4.878588975	4.864301344	/home/ls/projects/PFAS_mito_membrane_pilot/qm/PFBS/phase3_mm_relaxed_profiles_20260926_v1/qm_start_g96/T_CS_020.g96	fc0fe0aaa70da2491407d7cf40549f0928ad568ab5bdce4bbe2d14d68bfcc78c
T_CS_020	12	O2	OG2P1	4.760932884	4.811226473	5.081452340	/home/ls/projects/PFAS_mito_membrane_pilot/qm/PFBS/phase3_mm_relaxed_profiles_20260926_v1/qm_start_g96/T_CS_020.g96	fc0fe0aaa70da2491407d7cf40549f0928ad568ab5bdce4bbe2d14d68bfcc78c
T_CS_020	13	O3	OG2P1	4.660391095	4.993992130	4.941549406	/home/ls/projects/PFAS_mito_membrane_pilot/qm/PFBS/phase3_mm_relaxed_profiles_20260926_v1/qm_start_g96/T_CS_020.g96	fc0fe0aaa70da2491407d7cf40549f0928ad568ab5bdce4bbe2d14d68bfcc78c
T_CS_020	14	C1	CG312	5.002714472	5.111800982	4.990409520	/home/ls/projects/PFAS_mito_membrane_pilot/qm/PFBS/phase3_mm_relaxed_profiles_20260926_v1/qm_start_g96/T_CS_020.g96	fc0fe0aaa70da2491407d7cf40549f0928ad568ab5bdce4bbe2d14d68bfcc78c
T_CS_020	15	C2	CG312	4.887580519	5.042573989	5.067855018	/home/ls/projects/PFAS_mito_membrane_pilot/qm/PFBS/phase3_mm_relaxed_profiles_20260926_v1/qm_start_g96/T_CS_020.g96	fc0fe0aaa70da2491407d7cf40549f0928ad568ab5bdce4bbe2d14d68bfcc78c
T_CS_020	16	C3	CG312	5.126577467	5.033993599	4.934277833	/home/ls/projects/PFAS_mito_membrane_pilot/qm/PFBS/phase3_mm_relaxed_profiles_20260926_v1/qm_start_g96/T_CS_020.g96	fc0fe0aaa70da2491407d7cf40549f0928ad568ab5bdce4bbe2d14d68bfcc78c
T_CS_020	17	C4	CG302	5.188629557	4.921672935	5.020293509	/home/ls/projects/PFAS_mito_membrane_pilot/qm/PFBS/phase3_mm_relaxed_profiles_20260926_v1/qm_start_g96/T_CS_020.g96	fc0fe0aaa70da2491407d7cf40549f0928ad568ab5bdce4bbe2d14d68bfcc78c
T_CS_030	1	S1	SG3O1	4.777019940	4.917636819	4.976564513	/home/ls/projects/PFAS_mito_membrane_pilot/qm/PFBS/phase3_mm_relaxed_profiles_20260926_v1/qm_start_g96/T_CS_030.g96	a05c8327bb40345cb389bdc875b9059d4912df044e264f7722d2fc594a9c36dd
T_CS_030	2	F1	FGA2	4.951546424	5.179712614	4.885457879	/home/ls/projects/PFAS_mito_membrane_pilot/qm/PFBS/phase3_mm_relaxed_profiles_20260926_v1/qm_start_g96/T_CS_030.g96	a05c8327bb40345cb389bdc875b9059d4912df044e264f7722d2fc594a9c36dd
T_CS_030	3	F2	FGA2	5.055667145	5.201208692	5.079136607	/home/ls/projects/PFAS_mito_membrane_pilot/qm/PFBS/phase3_mm_relaxed_profiles_20260926_v1/qm_start_g96/T_CS_030.g96	a05c8327bb40345cb389bdc875b9059d4912df044e264f7722d2fc594a9c36dd
T_CS_030	4	F3	FGA2	4.947147110	4.979295185	5.174643253	/home/ls/projects/PFAS_mito_membrane_pilot/qm/PFBS/phase3_mm_relaxed_profiles_20260926_v1/qm_start_g96/T_CS_030.g96	a05c8327bb40345cb389bdc875b9059d4912df044e264f7722d2fc594a9c36dd
T_CS_030	5	F4	FGA2	4.810448757	5.142680467	5.117677422	/home/ls/projects/PFAS_mito_membrane_pilot/qm/PFBS/phase3_mm_relaxed_profiles_20260926_v1/qm_start_g96/T_CS_030.g96	a05c8327bb40345cb389bdc875b9059d4912df044e264f7722d2fc594a9c36dd
T_CS_030	6	F5	FGA2	5.099870715	4.978233535	4.813608771	/home/ls/projects/PFAS_mito_membrane_pilot/qm/PFBS/phase3_mm_relaxed_profiles_20260926_v1/qm_start_g96/T_CS_030.g96	a05c8327bb40345cb389bdc875b9059d4912df044e264f7722d2fc594a9c36dd
T_CS_030	7	F6	FGA2	5.223401379	5.127652706	4.914976780	/home/ls/projects/PFAS_mito_membrane_pilot/qm/PFBS/phase3_mm_relaxed_profiles_20260926_v1/qm_start_g96/T_CS_030.g96	a05c8327bb40345cb389bdc875b9059d4912df044e264f7722d2fc594a9c36dd
T_CS_030	8	F7	FGA3	5.114826277	4.816355315	5.038625599	/home/ls/projects/PFAS_mito_membrane_pilot/qm/PFBS/phase3_mm_relaxed_profiles_20260926_v1/qm_start_g96/T_CS_030.g96	a05c8327bb40345cb389bdc875b9059d4912df044e264f7722d2fc594a9c36dd
T_CS_030	9	F8	FGA3	5.306400278	4.883570301	4.959850174	/home/ls/projects/PFAS_mito_membrane_pilot/qm/PFBS/phase3_mm_relaxed_profiles_20260926_v1/qm_start_g96/T_CS_030.g96	a05c8327bb40345cb389bdc875b9059d4912df044e264f7722d2fc594a9c36dd
T_CS_030	10	F9	FGA3	5.226806897	4.973844105	5.142184561	/home/ls/projects/PFAS_mito_membrane_pilot/qm/PFBS/phase3_mm_relaxed_profiles_20260926_v1/qm_start_g96/T_CS_030.g96	a05c8327bb40345cb389bdc875b9059d4912df044e264f7722d2fc594a9c36dd
T_CS_030	11	O1	OG2P1	4.872183808	4.863028879	4.876635330	/home/ls/projects/PFAS_mito_membrane_pilot/qm/PFBS/phase3_mm_relaxed_profiles_20260926_v1/qm_start_g96/T_CS_030.g96	a05c8327bb40345cb389bdc875b9059d4912df044e264f7722d2fc594a9c36dd
T_CS_030	12	O2	OG2P1	4.736404933	4.826157746	5.085470049	/home/ls/projects/PFAS_mito_membrane_pilot/qm/PFBS/phase3_mm_relaxed_profiles_20260926_v1/qm_start_g96/T_CS_030.g96	a05c8327bb40345cb389bdc875b9059d4912df044e264f7722d2fc594a9c36dd
T_CS_030	13	O3	OG2P1	4.670690826	5.004300794	4.920994399	/home/ls/projects/PFAS_mito_membrane_pilot/qm/PFBS/phase3_mm_relaxed_profiles_20260926_v1/qm_start_g96/T_CS_030.g96	a05c8327bb40345cb389bdc875b9059d4912df044e264f7722d2fc594a9c36dd
T_CS_030	14	C1	CG312	5.002458465	5.109866866	4.990743740	/home/ls/projects/PFAS_mito_membrane_pilot/qm/PFBS/phase3_mm_relaxed_profiles_20260926_v1/qm_start_g96/T_CS_030.g96	a05c8327bb40345cb389bdc875b9059d4912df044e264f7722d2fc594a9c36dd
T_CS_030	15	C2	CG312	4.886716125	5.040981159	5.067363504	/home/ls/projects/PFAS_mito_membrane_pilot/qm/PFBS/phase3_mm_relaxed_profiles_20260926_v1/qm_start_g96/T_CS_030.g96	a05c8327bb40345cb389bdc875b9059d4912df044e264f7722d2fc594a9c36dd
T_CS_030	16	C3	CG312	5.126003948	5.032098760	4.934271869	/home/ls/projects/PFAS_mito_membrane_pilot/qm/PFBS/phase3_mm_relaxed_profiles_20260926_v1/qm_start_g96/T_CS_030.g96	a05c8327bb40345cb389bdc875b9059d4912df044e264f7722d2fc594a9c36dd
T_CS_030	17	C4	CG302	5.192406973	4.923376058	5.021795550	/home/ls/projects/PFAS_mito_membrane_pilot/qm/PFBS/phase3_mm_relaxed_profiles_20260926_v1/qm_start_g96/T_CS_030.g96	a05c8327bb40345cb389bdc875b9059d4912df044e264f7722d2fc594a9c36dd
T_CS_040	1	S1	SG3O1	4.775485325	4.918997424	4.975066696	/home/ls/projects/PFAS_mito_membrane_pilot/qm/PFBS/phase3_mm_relaxed_profiles_20260926_v1/qm_start_g96/T_CS_040.g96	1a3dc833568c912b0d2cb86bfde6f64600b04206593d34bfbb044abbbf528520
T_CS_040	2	F1	FGA2	4.953080674	5.180449871	4.886917299	/home/ls/projects/PFAS_mito_membrane_pilot/qm/PFBS/phase3_mm_relaxed_profiles_20260926_v1/qm_start_g96/T_CS_040.g96	1a3dc833568c912b0d2cb86bfde6f64600b04206593d34bfbb044abbbf528520
T_CS_040	3	F2	FGA2	5.056593759	5.198491988	5.081309609	/home/ls/projects/PFAS_mito_membrane_pilot/qm/PFBS/phase3_mm_relaxed_profiles_20260926_v1/qm_start_g96/T_CS_040.g96	1a3dc833568c912b0d2cb86bfde6f64600b04206593d34bfbb044abbbf528520
T_CS_040	4	F3	FGA2	4.945188342	4.976271824	5.173420305	/home/ls/projects/PFAS_mito_membrane_pilot/qm/PFBS/phase3_mm_relaxed_profiles_20260926_v1/qm_start_g96/T_CS_040.g96	1a3dc833568c912b0d2cb86bfde6f64600b04206593d34bfbb044abbbf528520
T_CS_040	5	F4	FGA2	4.810056242	5.141698614	5.117597652	/home/ls/projects/PFAS_mito_membrane_pilot/qm/PFBS/phase3_mm_relaxed_profiles_20260926_v1/qm_start_g96/T_CS_040.g96	1a3dc833568c912b0d2cb86bfde6f64600b04206593d34bfbb044abbbf528520
T_CS_040	6	F5	FGA2	5.095904996	4.973331725	4.815927103	/home/ls/projects/PFAS_mito_membrane_pilot/qm/PFBS/phase3_mm_relaxed_profiles_20260926_v1/qm_start_g96/T_CS_040.g96	1a3dc833568c912b0d2cb86bfde6f64600b04206593d34bfbb044abbbf528520
T_CS_040	7	F6	FGA2	5.220842048	5.126616485	4.910135993	/home/ls/projects/PFAS_mito_membrane_pilot/qm/PFBS/phase3_mm_relaxed_profiles_20260926_v1/qm_start_g96/T_CS_040.g96	1a3dc833568c912b0d2cb86bfde6f64600b04206593d34bfbb044abbbf528520
T_CS_040	8	F7	FGA3	5.120627918	4.816330727	5.042938985	/home/ls/projects/PFAS_mito_membrane_pilot/qm/PFBS/phase3_mm_relaxed_profiles_20260926_v1/qm_start_g96/T_CS_040.g96	1a3dc833568c912b0d2cb86bfde6f64600b04206593d34bfbb044abbbf528520
T_CS_040	9	F8	FGA3	5.309205204	4.886740301	4.960090637	/home/ls/projects/PFAS_mito_membrane_pilot/qm/PFBS/phase3_mm_relaxed_profiles_20260926_v1/qm_start_g96/T_CS_040.g96	1a3dc833568c912b0d2cb86bfde6f64600b04206593d34bfbb044abbbf528520
T_CS_040	10	F9	FGA3	5.229892051	4.978394216	5.141960343	/home/ls/projects/PFAS_mito_membrane_pilot/qm/PFBS/phase3_mm_relaxed_profiles_20260926_v1/qm_start_g96/T_CS_040.g96	1a3dc833568c912b0d2cb86bfde6f64600b04206593d34bfbb044abbbf528520
T_CS_040	11	O1	OG2P1	4.874777691	4.846378426	4.892117016	/home/ls/projects/PFAS_mito_membrane_pilot/qm/PFBS/phase3_mm_relaxed_profiles_20260926_v1/qm_start_g96/T_CS_040.g96	1a3dc833568c912b0d2cb86bfde6f64600b04206593d34bfbb044abbbf528520
T_CS_040	12	O2	OG2P1	4.714874930	4.843072130	5.086604768	/home/ls/projects/PFAS_mito_membrane_pilot/qm/PFBS/phase3_mm_relaxed_profiles_20260926_v1/qm_start_g96/T_CS_040.g96	1a3dc833568c912b0d2cb86bfde6f64600b04206593d34bfbb044abbbf528520
T_CS_040	13	O3	OG2P1	4.684736543	5.008968075	4.900321814	/home/ls/projects/PFAS_mito_membrane_pilot/qm/PFBS/phase3_mm_relaxed_profiles_20260926_v1/qm_start_g96/T_CS_040.g96	1a3dc833568c912b0d2cb86bfde6f64600b04206593d34bfbb044abbbf528520
T_CS_040	14	C1	CG312	5.002620510	5.108863528	4.991677019	/home/ls/projects/PFAS_mito_membrane_pilot/qm/PFBS/phase3_mm_relaxed_profiles_20260926_v1/qm_start_g96/T_CS_040.g96	1a3dc833568c912b0d2cb86bfde6f64600b04206593d34bfbb044abbbf528520
T_CS_040	15	C2	CG312	4.885919020	5.039956854	5.066580019	/home/ls/projects/PFAS_mito_membrane_pilot/qm/PFBS/phase3_mm_relaxed_profiles_20260926_v1/qm_start_g96/T_CS_040.g96	1a3dc833568c912b0d2cb86bfde6f64600b04206593d34bfbb044abbbf528520
T_CS_040	16	C3	CG312	5.125076420	5.030539971	4.934373179	/home/ls/projects/PFAS_mito_membrane_pilot/qm/PFBS/phase3_mm_relaxed_profiles_20260926_v1/qm_start_g96/T_CS_040.g96	1a3dc833568c912b0d2cb86bfde6f64600b04206593d34bfbb044abbbf528520
T_CS_040	17	C4	CG302	5.195118330	4.924897841	5.022961563	/home/ls/projects/PFAS_mito_membrane_pilot/qm/PFBS/phase3_mm_relaxed_profiles_20260926_v1/qm_start_g96/T_CS_040.g96	1a3dc833568c912b0d2cb86bfde6f64600b04206593d34bfbb044abbbf528520
T_CS_050	1	S1	SG3O1	4.775412976	4.919380639	4.973336512	/home/ls/projects/PFAS_mito_membrane_pilot/qm/PFBS/phase3_mm_relaxed_profiles_20260926_v1/qm_start_g96/T_CS_050.g96	d5ffde1699a4340c997fb87781ff0319b604b8e83883345a0da527c51bce31d9
T_CS_050	2	F1	FGA2	4.955106601	5.183267146	4.890238107	/home/ls/projects/PFAS_mito_membrane_pilot/qm/PFBS/phase3_mm_relaxed_profiles_20260926_v1/qm_start_g96/T_CS_050.g96	d5ffde1699a4340c997fb87781ff0319b604b8e83883345a0da527c51bce31d9
T_CS_050	3	F2	FGA2	5.058326192	5.195437259	5.085130396	/home/ls/projects/PFAS_mito_membrane_pilot/qm/PFBS/phase3_mm_relaxed_profiles_20260926_v1/qm_start_g96/T_CS_050.g96	d5ffde1699a4340c997fb87781ff0319b604b8e83883345a0da527c51bce31d9
T_CS_050	4	F3	FGA2	4.942235147	4.975151375	5.173800828	/home/ls/projects/PFAS_mito_membrane_pilot/qm/PFBS/phase3_mm_relaxed_profiles_20260926_v1/qm_start_g96/T_CS_050.g96	d5ffde1699a4340c997fb87781ff0319b604b8e83883345a0da527c51bce31d9
T_CS_050	5	F4	FGA2	4.808706694	5.141428993	5.115755607	/home/ls/projects/PFAS_mito_membrane_pilot/qm/PFBS/phase3_mm_relaxed_profiles_20260926_v1/qm_start_g96/T_CS_050.g96	d5ffde1699a4340c997fb87781ff0319b604b8e83883345a0da527c51bce31d9
T_CS_050	6	F5	FGA2	5.090078037	4.969232012	4.818663705	/home/ls/projects/PFAS_mito_membrane_pilot/qm/PFBS/phase3_mm_relaxed_profiles_20260926_v1/qm_start_g96/T_CS_050.g96	d5ffde1699a4340c997fb87781ff0319b604b8e83883345a0da527c51bce31d9
T_CS_050	7	F6	FGA2	5.218149946	5.125140837	4.904980623	/home/ls/projects/PFAS_mito_membrane_pilot/qm/PFBS/phase3_mm_relaxed_profiles_20260926_v1/qm_start_g96/T_CS_050.g96	d5ffde1699a4340c997fb87781ff0319b604b8e83883345a0da527c51bce31d9
T_CS_050	8	F7	FGA3	5.124396358	4.817374611	5.047869340	/home/ls/projects/PFAS_mito_membrane_pilot/qm/PFBS/phase3_mm_relaxed_profiles_20260926_v1/qm_start_g96/T_CS_050.g96	d5ffde1699a4340c997fb87781ff0319b604b8e83883345a0da527c51bce31d9
T_CS_050	9	F8	FGA3	5.309740995	4.887798840	4.958105136	/home/ls/projects/PFAS_mito_membrane_pilot/qm/PFBS/phase3_mm_relaxed_profiles_20260926_v1/qm_start_g96/T_CS_050.g96	d5ffde1699a4340c997fb87781ff0319b604b8e83883345a0da527c51bce31d9
T_CS_050	10	F9	FGA3	5.234538600	4.982495101	5.140254785	/home/ls/projects/PFAS_mito_membrane_pilot/qm/PFBS/phase3_mm_relaxed_profiles_20260926_v1/qm_start_g96/T_CS_050.g96	d5ffde1699a4340c997fb87781ff0319b604b8e83883345a0da527c51bce31d9
T_CS_050	11	O1	OG2P1	4.875855648	4.830272923	4.910337015	/home/ls/projects/PFAS_mito_membrane_pilot/qm/PFBS/phase3_mm_relaxed_profiles_20260926_v1/qm_start_g96/T_CS_050.g96	d5ffde1699a4340c997fb87781ff0319b604b8e83883345a0da527c51bce31d9
T_CS_050	12	O2	OG2P1	4.696079834	4.860888625	5.083640150	/home/ls/projects/PFAS_mito_membrane_pilot/qm/PFBS/phase3_mm_relaxed_profiles_20260926_v1/qm_start_g96/T_CS_050.g96	d5ffde1699a4340c997fb87781ff0319b604b8e83883345a0da527c51bce31d9
T_CS_050	13	O3	OG2P1	4.702406242	5.008572497	4.880367819	/home/ls/projects/PFAS_mito_membrane_pilot/qm/PFBS/phase3_mm_relaxed_profiles_20260926_v1/qm_start_g96/T_CS_050.g96	d5ffde1699a4340c997fb87781ff0319b604b8e83883345a0da527c51bce31d9
T_CS_050	14	C1	CG312	5.003055069	5.108658774	4.993538636	/home/ls/projects/PFAS_mito_membrane_pilot/qm/PFBS/phase3_mm_relaxed_profiles_20260926_v1/qm_start_g96/T_CS_050.g96	d5ffde1699a4340c997fb87781ff0319b604b8e83883345a0da527c51bce31d9
T_CS_050	15	C2	CG312	4.885229732	5.039368237	5.066065686	/home/ls/projects/PFAS_mito_membrane_pilot/qm/PFBS/phase3_mm_relaxed_profiles_20260926_v1/qm_start_g96/T_CS_050.g96	d5ffde1699a4340c997fb87781ff0319b604b8e83883345a0da527c51bce31d9
T_CS_050	16	C3	CG312	5.123627165	5.029381679	4.934547900	/home/ls/projects/PFAS_mito_membrane_pilot/qm/PFBS/phase3_mm_relaxed_profiles_20260926_v1/qm_start_g96/T_CS_050.g96	d5ffde1699a4340c997fb87781ff0319b604b8e83883345a0da527c51bce31d9
T_CS_050	17	C4	CG302	5.197054765	4.926150453	5.023367755	/home/ls/projects/PFAS_mito_membrane_pilot/qm/PFBS/phase3_mm_relaxed_profiles_20260926_v1/qm_start_g96/T_CS_050.g96	d5ffde1699a4340c997fb87781ff0319b604b8e83883345a0da527c51bce31d9
T_CS_060	1	S1	SG3O1	4.776541897	4.919325124	4.970961924	/home/ls/projects/PFAS_mito_membrane_pilot/qm/PFBS/phase3_mm_relaxed_profiles_20260926_v1/qm_start_g96/T_CS_060.g96	80f6abaaca25fcd7bd9b4a96576a6529dc2aab9c92bb4dc8cb8d94382f35e1bd
T_CS_060	2	F1	FGA2	4.957230604	5.187098217	4.894943533	/home/ls/projects/PFAS_mito_membrane_pilot/qm/PFBS/phase3_mm_relaxed_profiles_20260926_v1/qm_start_g96/T_CS_060.g96	80f6abaaca25fcd7bd9b4a96576a6529dc2aab9c92bb4dc8cb8d94382f35e1bd
T_CS_060	3	F2	FGA2	5.060398967	5.192179852	5.089955048	/home/ls/projects/PFAS_mito_membrane_pilot/qm/PFBS/phase3_mm_relaxed_profiles_20260926_v1/qm_start_g96/T_CS_060.g96	80f6abaaca25fcd7bd9b4a96576a6529dc2aab9c92bb4dc8cb8d94382f35e1bd
T_CS_060	4	F3	FGA2	4.938252809	4.975388030	5.175569931	/home/ls/projects/PFAS_mito_membrane_pilot/qm/PFBS/phase3_mm_relaxed_profiles_20260926_v1/qm_start_g96/T_CS_060.g96	80f6abaaca25fcd7bd9b4a96576a6529dc2aab9c92bb4dc8cb8d94382f35e1bd
T_CS_060	5	F4	FGA2	4.806719832	5.141738063	5.112986245	/home/ls/projects/PFAS_mito_membrane_pilot/qm/PFBS/phase3_mm_relaxed_profiles_20260926_v1/qm_start_g96/T_CS_060.g96	80f6abaaca25fcd7bd9b4a96576a6529dc2aab9c92bb4dc8cb8d94382f35e1bd
T_CS_060	6	F5	FGA2	5.083116768	4.965360821	4.822170500	/home/ls/projects/PFAS_mito_membrane_pilot/qm/PFBS/phase3_mm_relaxed_profiles_20260926_v1/qm_start_g96/T_CS_060.g96	80f6abaaca25fcd7bd9b4a96576a6529dc2aab9c92bb4dc8cb8d94382f35e1bd
T_CS_060	7	F6	FGA2	5.215180719	5.123181981	4.899756005	/home/ls/projects/PFAS_mito_membrane_pilot/qm/PFBS/phase3_mm_relaxed_profiles_20260926_v1/qm_start_g96/T_CS_060.g96	80f6abaaca25fcd7bd9b4a96576a6529dc2aab9c92bb4dc8cb8d94382f35e1bd
T_CS_060	8	F7	FGA3	5.126659781	4.819518741	5.054206388	/home/ls/projects/PFAS_mito_membrane_pilot/qm/PFBS/phase3_mm_relaxed_profiles_20260926_v1/qm_start_g96/T_CS_060.g96	80f6abaaca25fcd7bd9b4a96576a6529dc2aab9c92bb4dc8cb8d94382f35e1bd
T_CS_060	9	F8	FGA3	5.308183471	4.886642701	4.954568751	/home/ls/projects/PFAS_mito_membrane_pilot/qm/PFBS/phase3_mm_relaxed_profiles_20260926_v1/qm_start_g96/T_CS_060.g96	80f6abaaca25fcd7bd9b4a96576a6529dc2aab9c92bb4dc8cb8d94382f35e1bd
T_CS_060	10	F9	FGA3	5.241071591	4.986494774	5.137167845	/home/ls/projects/PFAS_mito_membrane_pilot/qm/PFBS/phase3_mm_relaxed_profiles_20260926_v1/qm_start_g96/T_CS_060.g96	80f6abaaca25fcd7bd9b4a96576a6529dc2aab9c92bb4dc8cb8d94382f35e1bd
T_CS_060	11	O1	OG2P1	4.875010692	4.816235257	4.930228197	/home/ls/projects/PFAS_mito_membrane_pilot/qm/PFBS/phase3_mm_relaxed_profiles_20260926_v1/qm_start_g96/T_CS_060.g96	80f6abaaca25fcd7bd9b4a96576a6529dc2aab9c92bb4dc8cb8d94382f35e1bd
T_CS_060	12	O2	OG2P1	4.679508068	4.878916667	5.075068270	/home/ls/projects/PFAS_mito_membrane_pilot/qm/PFBS/phase3_mm_relaxed_profiles_20260926_v1/qm_start_g96/T_CS_060.g96	80f6abaaca25fcd7bd9b4a96576a6529dc2aab9c92bb4dc8cb8d94382f35e1bd
T_CS_060	13	O3	OG2P1	4.723867545	5.004362759	4.861724613	/home/ls/projects/PFAS_mito_membrane_pilot/qm/PFBS/phase3_mm_relaxed_profiles_20260926_v1/qm_start_g96/T_CS_060.g96	80f6abaaca25fcd7bd9b4a96576a6529dc2aab9c92bb4dc8cb8d94382f35e1bd
T_CS_060	14	C1	CG312	5.003534069	5.108866635	4.996157028	/home/ls/projects/PFAS_mito_membrane_pilot/qm/PFBS/phase3_mm_relaxed_profiles_20260926_v1/qm_start_g96/T_CS_060.g96	80f6abaaca25fcd7bd9b4a96576a6529dc2aab9c92bb4dc8cb8d94382f35e1bd
T_CS_060	15	C2	CG312	4.884477073	5.039135154	5.066034732	/home/ls/projects/PFAS_mito_membrane_pilot/qm/PFBS/phase3_mm_relaxed_profiles_20260926_v1/qm_start_g96/T_CS_060.g96	80f6abaaca25fcd7bd9b4a96576a6529dc2aab9c92bb4dc8cb8d94382f35e1bd
T_CS_060	16	C3	CG312	5.121752020	5.028368729	4.935009492	/home/ls/projects/PFAS_mito_membrane_pilot/qm/PFBS/phase3_mm_relaxed_profiles_20260926_v1/qm_start_g96/T_CS_060.g96	80f6abaaca25fcd7bd9b4a96576a6529dc2aab9c92bb4dc8cb8d94382f35e1bd
T_CS_060	17	C4	CG302	5.198494093	4.927186496	5.023491497	/home/ls/projects/PFAS_mito_membrane_pilot/qm/PFBS/phase3_mm_relaxed_profiles_20260926_v1/qm_start_g96/T_CS_060.g96	80f6abaaca25fcd7bd9b4a96576a6529dc2aab9c92bb4dc8cb8d94382f35e1bd
T_CS_070	1	S1	SG3O1	4.778168634	4.919558863	4.968294047	/home/ls/projects/PFAS_mito_membrane_pilot/qm/PFBS/phase3_mm_relaxed_profiles_20260926_v1/qm_start_g96/T_CS_070.g96	861b37106b6bffb8af5aa0780a88e99efc6bb88ef7f40055d7a4c38fada5ead3
T_CS_070	2	F1	FGA2	4.959170977	5.190382312	4.899026851	/home/ls/projects/PFAS_mito_membrane_pilot/qm/PFBS/phase3_mm_relaxed_profiles_20260926_v1/qm_start_g96/T_CS_070.g96	861b37106b6bffb8af5aa0780a88e99efc6bb88ef7f40055d7a4c38fada5ead3
T_CS_070	3	F2	FGA2	5.062502892	5.189631504	5.093761435	/home/ls/projects/PFAS_mito_membrane_pilot/qm/PFBS/phase3_mm_relaxed_profiles_20260926_v1/qm_start_g96/T_CS_070.g96	861b37106b6bffb8af5aa0780a88e99efc6bb88ef7f40055d7a4c38fada5ead3
T_CS_070	4	F3	FGA2	4.934343730	4.976669155	5.177771618	/home/ls/projects/PFAS_mito_membrane_pilot/qm/PFBS/phase3_mm_relaxed_profiles_20260926_v1/qm_start_g96/T_CS_070.g96	861b37106b6bffb8af5aa0780a88e99efc6bb88ef7f40055d7a4c38fada5ead3
T_CS_070	5	F4	FGA2	4.805127195	5.142750572	5.110173614	/home/ls/projects/PFAS_mito_membrane_pilot/qm/PFBS/phase3_mm_relaxed_profiles_20260926_v1/qm_start_g96/T_CS_070.g96	861b37106b6bffb8af5aa0780a88e99efc6bb88ef7f40055d7a4c38fada5ead3
T_CS_070	6	F5	FGA2	5.076554227	4.960756964	4.826372751	/home/ls/projects/PFAS_mito_membrane_pilot/qm/PFBS/phase3_mm_relaxed_profiles_20260926_v1/qm_start_g96/T_CS_070.g96	861b37106b6bffb8af5aa0780a88e99efc6bb88ef7f40055d7a4c38fada5ead3
T_CS_070	7	F6	FGA2	5.212423204	5.120296800	4.894560053	/home/ls/projects/PFAS_mito_membrane_pilot/qm/PFBS/phase3_mm_relaxed_profiles_20260926_v1/qm_start_g96/T_CS_070.g96	861b37106b6bffb8af5aa0780a88e99efc6bb88ef7f40055d7a4c38fada5ead3
T_CS_070	8	F7	FGA3	5.127550686	4.822359896	5.061575066	/home/ls/projects/PFAS_mito_membrane_pilot/qm/PFBS/phase3_mm_relaxed_profiles_20260926_v1/qm_start_g96/T_CS_070.g96	861b37106b6bffb8af5aa0780a88e99efc6bb88ef7f40055d7a4c38fada5ead3
T_CS_070	9	F8	FGA3	5.305361327	4.883708540	4.951860548	/home/ls/projects/PFAS_mito_membrane_pilot/qm/PFBS/phase3_mm_relaxed_profiles_20260926_v1/qm_start_g96/T_CS_070.g96	861b37106b6bffb8af5aa0780a88e99efc6bb88ef7f40055d7a4c38fada5ead3
T_CS_070	10	F9	FGA3	5.247591105	4.990219880	5.133860909	/home/ls/projects/PFAS_mito_membrane_pilot/qm/PFBS/phase3_mm_relaxed_profiles_20260926_v1/qm_start_g96/T_CS_070.g96	861b37106b6bffb8af5aa0780a88e99efc6bb88ef7f40055d7a4c38fada5ead3
T_CS_070	11	O1	OG2P1	4.870872994	4.805251588	4.950608788	/home/ls/projects/PFAS_mito_membrane_pilot/qm/PFBS/phase3_mm_relaxed_profiles_20260926_v1/qm_start_g96/T_CS_070.g96	861b37106b6bffb8af5aa0780a88e99efc6bb88ef7f40055d7a4c38fada5ead3
T_CS_070	12	O2	OG2P1	4.665522176	4.897274408	5.061600485	/home/ls/projects/PFAS_mito_membrane_pilot/qm/PFBS/phase3_mm_relaxed_profiles_20260926_v1/qm_start_g96/T_CS_070.g96	861b37106b6bffb8af5aa0780a88e99efc6bb88ef7f40055d7a4c38fada5ead3
T_CS_070	13	O3	OG2P1	4.747643442	4.997526267	4.846090889	/home/ls/projects/PFAS_mito_membrane_pilot/qm/PFBS/phase3_mm_relaxed_profiles_20260926_v1/qm_start_g96/T_CS_070.g96	861b37106b6bffb8af5aa0780a88e99efc6bb88ef7f40055d7a4c38fada5ead3
T_CS_070	14	C1	CG312	5.004022199	5.109234100	4.998402338	/home/ls/projects/PFAS_mito_membrane_pilot/qm/PFBS/phase3_mm_relaxed_profiles_20260926_v1/qm_start_g96/T_CS_070.g96	861b37106b6bffb8af5aa0780a88e99efc6bb88ef7f40055d7a4c38fada5ead3
T_CS_070	15	C2	CG312	4.883925592	5.039405621	5.066298013	/home/ls/projects/PFAS_mito_membrane_pilot/qm/PFBS/phase3_mm_relaxed_profiles_20260926_v1/qm_start_g96/T_CS_070.g96	861b37106b6bffb8af5aa0780a88e99efc6bb88ef7f40055d7a4c38fada5ead3
T_CS_070	16	C3	CG312	5.119900622	5.027060603	4.935630657	/home/ls/projects/PFAS_mito_membrane_pilot/qm/PFBS/phase3_mm_relaxed_profiles_20260926_v1/qm_start_g96/T_CS_070.g96	861b37106b6bffb8af5aa0780a88e99efc6bb88ef7f40055d7a4c38fada5ead3
T_CS_070	17	C4	CG302	5.199318999	4.927912927	5.024111938	/home/ls/projects/PFAS_mito_membrane_pilot/qm/PFBS/phase3_mm_relaxed_profiles_20260926_v1/qm_start_g96/T_CS_070.g96	861b37106b6bffb8af5aa0780a88e99efc6bb88ef7f40055d7a4c38fada5ead3
T_CS_080	1	S1	SG3O1	4.778784469	4.919956303	4.966560841	/home/ls/projects/PFAS_mito_membrane_pilot/qm/PFBS/phase3_mm_relaxed_profiles_20260926_v1/qm_start_g96/T_CS_080.g96	185564ab2bddfe1f6bee80c92bcc4d84c3c5217d92438a78fed413f0c2f0ee48
T_CS_080	2	F1	FGA2	4.959233927	5.191819552	4.901072454	/home/ls/projects/PFAS_mito_membrane_pilot/qm/PFBS/phase3_mm_relaxed_profiles_20260926_v1/qm_start_g96/T_CS_080.g96	185564ab2bddfe1f6bee80c92bcc4d84c3c5217d92438a78fed413f0c2f0ee48
T_CS_080	3	F2	FGA2	5.063607999	5.188897477	5.095005363	/home/ls/projects/PFAS_mito_membrane_pilot/qm/PFBS/phase3_mm_relaxed_profiles_20260926_v1/qm_start_g96/T_CS_080.g96	185564ab2bddfe1f6bee80c92bcc4d84c3c5217d92438a78fed413f0c2f0ee48
T_CS_080	4	F3	FGA2	4.934042144	4.976139198	5.178600743	/home/ls/projects/PFAS_mito_membrane_pilot/qm/PFBS/phase3_mm_relaxed_profiles_20260926_v1/qm_start_g96/T_CS_080.g96	185564ab2bddfe1f6bee80c92bcc4d84c3c5217d92438a78fed413f0c2f0ee48
T_CS_080	5	F4	FGA2	4.805494491	5.142357457	5.110624551	/home/ls/projects/PFAS_mito_membrane_pilot/qm/PFBS/phase3_mm_relaxed_profiles_20260926_v1/qm_start_g96/T_CS_080.g96	185564ab2bddfe1f6bee80c92bcc4d84c3c5217d92438a78fed413f0c2f0ee48
T_CS_080	6	F5	FGA2	5.073013663	4.957170857	4.829406726	/home/ls/projects/PFAS_mito_membrane_pilot/qm/PFBS/phase3_mm_relaxed_profiles_20260926_v1/qm_start_g96/T_CS_080.g96	185564ab2bddfe1f6bee80c92bcc4d84c3c5217d92438a78fed413f0c2f0ee48
T_CS_080	7	F6	FGA2	5.210416157	5.118651742	4.890675612	/home/ls/projects/PFAS_mito_membrane_pilot/qm/PFBS/phase3_mm_relaxed_profiles_20260926_v1/qm_start_g96/T_CS_080.g96	185564ab2bddfe1f6bee80c92bcc4d84c3c5217d92438a78fed413f0c2f0ee48
T_CS_080	8	F7	FGA3	5.128268681	4.823820284	5.064104427	/home/ls/projects/PFAS_mito_membrane_pilot/qm/PFBS/phase3_mm_relaxed_profiles_20260926_v1/qm_start_g96/T_CS_080.g96	185564ab2bddfe1f6bee80c92bcc4d84c3c5217d92438a78fed413f0c2f0ee48
T_CS_080	9	F8	FGA3	5.304842424	4.883697056	4.951507085	/home/ls/projects/PFAS_mito_membrane_pilot/qm/PFBS/phase3_mm_relaxed_profiles_20260926_v1/qm_start_g96/T_CS_080.g96	185564ab2bddfe1f6bee80c92bcc4d84c3c5217d92438a78fed413f0c2f0ee48
T_CS_080	10	F9	FGA3	5.249610360	4.992268019	5.132993388	/home/ls/projects/PFAS_mito_membrane_pilot/qm/PFBS/phase3_mm_relaxed_profiles_20260926_v1/qm_start_g96/T_CS_080.g96	185564ab2bddfe1f6bee80c92bcc4d84c3c5217d92438a78fed413f0c2f0ee48
T_CS_080	11	O1	OG2P1	4.861951219	4.797285764	4.968564803	/home/ls/projects/PFAS_mito_membrane_pilot/qm/PFBS/phase3_mm_relaxed_profiles_20260926_v1/qm_start_g96/T_CS_080.g96	185564ab2bddfe1f6bee80c92bcc4d84c3c5217d92438a78fed413f0c2f0ee48
T_CS_080	12	O2	OG2P1	4.655318510	4.914633874	5.047952056	/home/ls/projects/PFAS_mito_membrane_pilot/qm/PFBS/phase3_mm_relaxed_profiles_20260926_v1/qm_start_g96/T_CS_080.g96	185564ab2bddfe1f6bee80c92bcc4d84c3c5217d92438a78fed413f0c2f0ee48
T_CS_080	13	O3	OG2P1	4.768149656	4.989493967	4.836206205	/home/ls/projects/PFAS_mito_membrane_pilot/qm/PFBS/phase3_mm_relaxed_profiles_20260926_v1/qm_start_g96/T_CS_080.g96	185564ab2bddfe1f6bee80c92bcc4d84c3c5217d92438a78fed413f0c2f0ee48
T_CS_080	14	C1	CG312	5.004125862	5.109573255	4.999308624	/home/ls/projects/PFAS_mito_membrane_pilot/qm/PFBS/phase3_mm_relaxed_profiles_20260926_v1/qm_start_g96/T_CS_080.g96	185564ab2bddfe1f6bee80c92bcc4d84c3c5217d92438a78fed413f0c2f0ee48
T_CS_080	15	C2	CG312	4.884469125	5.038878325	5.066998270	/home/ls/projects/PFAS_mito_membrane_pilot/qm/PFBS/phase3_mm_relaxed_profiles_20260926_v1/qm_start_g96/T_CS_080.g96	185564ab2bddfe1f6bee80c92bcc4d84c3c5217d92438a78fed413f0c2f0ee48
T_CS_080	16	C3	CG312	5.118857743	5.026484539	4.935804556	/home/ls/projects/PFAS_mito_membrane_pilot/qm/PFBS/phase3_mm_relaxed_profiles_20260926_v1/qm_start_g96/T_CS_080.g96	185564ab2bddfe1f6bee80c92bcc4d84c3c5217d92438a78fed413f0c2f0ee48
T_CS_080	17	C4	CG302	5.199813571	4.928872332	5.024614296	/home/ls/projects/PFAS_mito_membrane_pilot/qm/PFBS/phase3_mm_relaxed_profiles_20260926_v1/qm_start_g96/T_CS_080.g96	185564ab2bddfe1f6bee80c92bcc4d84c3c5217d92438a78fed413f0c2f0ee48
T_CS_090	1	S1	SG3O1	4.777609904	4.920470091	4.966389899	/home/ls/projects/PFAS_mito_membrane_pilot/qm/PFBS/phase3_mm_relaxed_profiles_20260926_v1/qm_start_g96/T_CS_090.g96	95090c3545e38e3050c6dfd9ee40f08d6e347c417cfbc010bffb72eed38858f5
T_CS_090	2	F1	FGA2	4.958571972	5.190718717	4.899161253	/home/ls/projects/PFAS_mito_membrane_pilot/qm/PFBS/phase3_mm_relaxed_profiles_20260926_v1/qm_start_g96/T_CS_090.g96	95090c3545e38e3050c6dfd9ee40f08d6e347c417cfbc010bffb72eed38858f5
T_CS_090	3	F2	FGA2	5.063830240	5.190416839	5.092511453	/home/ls/projects/PFAS_mito_membrane_pilot/qm/PFBS/phase3_mm_relaxed_profiles_20260926_v1/qm_start_g96/T_CS_090.g96	95090c3545e38e3050c6dfd9ee40f08d6e347c417cfbc010bffb72eed38858f5
T_CS_090	4	F3	FGA2	4.936752909	4.975549245	5.177810948	/home/ls/projects/PFAS_mito_membrane_pilot/qm/PFBS/phase3_mm_relaxed_profiles_20260926_v1/qm_start_g96/T_CS_090.g96	95090c3545e38e3050c6dfd9ee40f08d6e347c417cfbc010bffb72eed38858f5
T_CS_090	5	F4	FGA2	4.807823519	5.142152310	5.112031841	/home/ls/projects/PFAS_mito_membrane_pilot/qm/PFBS/phase3_mm_relaxed_profiles_20260926_v1/qm_start_g96/T_CS_090.g96	95090c3545e38e3050c6dfd9ee40f08d6e347c417cfbc010bffb72eed38858f5
T_CS_090	6	F5	FGA2	5.074563225	4.955082543	4.830030911	/home/ls/projects/PFAS_mito_membrane_pilot/qm/PFBS/phase3_mm_relaxed_profiles_20260926_v1/qm_start_g96/T_CS_090.g96	95090c3545e38e3050c6dfd9ee40f08d6e347c417cfbc010bffb72eed38858f5
T_CS_090	7	F6	FGA2	5.211075747	5.118032755	4.889742828	/home/ls/projects/PFAS_mito_membrane_pilot/qm/PFBS/phase3_mm_relaxed_profiles_20260926_v1/qm_start_g96/T_CS_090.g96	95090c3545e38e3050c6dfd9ee40f08d6e347c417cfbc010bffb72eed38858f5
T_CS_090	8	F7	FGA3	5.127767386	4.822953473	5.061674789	/home/ls/projects/PFAS_mito_membrane_pilot/qm/PFBS/phase3_mm_relaxed_profiles_20260926_v1/qm_start_g96/T_CS_090.g96	95090c3545e38e3050c6dfd9ee40f08d6e347c417cfbc010bffb72eed38858f5
T_CS_090	9	F8	FGA3	5.307126336	4.885892747	4.955261571	/home/ls/projects/PFAS_mito_membrane_pilot/qm/PFBS/phase3_mm_relaxed_profiles_20260926_v1/qm_start_g96/T_CS_090.g96	95090c3545e38e3050c6dfd9ee40f08d6e347c417cfbc010bffb72eed38858f5
T_CS_090	10	F9	FGA3	5.245614541	4.991672844	5.136287406	/home/ls/projects/PFAS_mito_membrane_pilot/qm/PFBS/phase3_mm_relaxed_profiles_20260926_v1/qm_start_g96/T_CS_090.g96	95090c3545e38e3050c6dfd9ee40f08d6e347c417cfbc010bffb72eed38858f5
T_CS_090	11	O1	OG2P1	4.847994988	4.791579810	4.986310277	/home/ls/projects/PFAS_mito_membrane_pilot/qm/PFBS/phase3_mm_relaxed_profiles_20260926_v1/qm_start_g96/T_CS_090.g96	95090c3545e38e3050c6dfd9ee40f08d6e347c417cfbc010bffb72eed38858f5
T_CS_090	12	O2	OG2P1	4.647660470	4.932971374	5.036055148	/home/ls/projects/PFAS_mito_membrane_pilot/qm/PFBS/phase3_mm_relaxed_profiles_20260926_v1/qm_start_g96/T_CS_090.g96	95090c3545e38e3050c6dfd9ee40f08d6e347c417cfbc010bffb72eed38858f5
T_CS_090	13	O3	OG2P1	4.784215135	4.978751280	4.830389611	/home/ls/projects/PFAS_mito_membrane_pilot/qm/PFBS/phase3_mm_relaxed_profiles_20260926_v1/qm_start_g96/T_CS_090.g96	95090c3545e38e3050c6dfd9ee40f08d6e347c417cfbc010bffb72eed38858f5
T_CS_090	14	C1	CG312	5.004334916	5.109735940	4.997885324	/home/ls/projects/PFAS_mito_membrane_pilot/qm/PFBS/phase3_mm_relaxed_profiles_20260926_v1/qm_start_g96/T_CS_090.g96	95090c3545e38e3050c6dfd9ee40f08d6e347c417cfbc010bffb72eed38858f5
T_CS_090	15	C2	CG312	4.885892817	5.038472684	5.067055319	/home/ls/projects/PFAS_mito_membrane_pilot/qm/PFBS/phase3_mm_relaxed_profiles_20260926_v1/qm_start_g96/T_CS_090.g96	95090c3545e38e3050c6dfd9ee40f08d6e347c417cfbc010bffb72eed38858f5
T_CS_090	16	C3	CG312	5.119560147	5.026301918	4.935585607	/home/ls/projects/PFAS_mito_membrane_pilot/qm/PFBS/phase3_mm_relaxed_profiles_20260926_v1/qm_start_g96/T_CS_090.g96	95090c3545e38e3050c6dfd9ee40f08d6e347c417cfbc010bffb72eed38858f5
T_CS_090	17	C4	CG302	5.199605748	4.929245428	5.025815815	/home/ls/projects/PFAS_mito_membrane_pilot/qm/PFBS/phase3_mm_relaxed_profiles_20260926_v1/qm_start_g96/T_CS_090.g96	95090c3545e38e3050c6dfd9ee40f08d6e347c417cfbc010bffb72eed38858f5
T_CS_100	1	S1	SG3O1	4.775883025	4.920233792	4.968027414	/home/ls/projects/PFAS_mito_membrane_pilot/qm/PFBS/phase3_mm_relaxed_profiles_20260926_v1/qm_start_g96/T_CS_100.g96	c5e6d243501db4ba3bbd09f5ae97a9cc954f7652d24c606c3bb8196a5b512755
T_CS_100	2	F1	FGA2	4.957464877	5.188493162	4.895626307	/home/ls/projects/PFAS_mito_membrane_pilot/qm/PFBS/phase3_mm_relaxed_profiles_20260926_v1/qm_start_g96/T_CS_100.g96	c5e6d243501db4ba3bbd09f5ae97a9cc954f7652d24c606c3bb8196a5b512755
T_CS_100	3	F2	FGA2	5.063448008	5.192805196	5.088579867	/home/ls/projects/PFAS_mito_membrane_pilot/qm/PFBS/phase3_mm_relaxed_profiles_20260926_v1/qm_start_g96/T_CS_100.g96	c5e6d243501db4ba3bbd09f5ae97a9cc954f7652d24c606c3bb8196a5b512755
T_CS_100	4	F3	FGA2	4.940430112	4.976008262	5.176874587	/home/ls/projects/PFAS_mito_membrane_pilot/qm/PFBS/phase3_mm_relaxed_profiles_20260926_v1/qm_start_g96/T_CS_100.g96	c5e6d243501db4ba3bbd09f5ae97a9cc954f7652d24c606c3bb8196a5b512755
T_CS_100	5	F4	FGA2	4.810532612	5.142497025	5.113287882	/home/ls/projects/PFAS_mito_membrane_pilot/qm/PFBS/phase3_mm_relaxed_profiles_20260926_v1/qm_start_g96/T_CS_100.g96	c5e6d243501db4ba3bbd09f5ae97a9cc954f7652d24c606c3bb8196a5b512755
T_CS_100	6	F5	FGA2	5.079965177	4.956625444	4.827469326	/home/ls/projects/PFAS_mito_membrane_pilot/qm/PFBS/phase3_mm_relaxed_profiles_20260926_v1/qm_start_g96/T_CS_100.g96	c5e6d243501db4ba3bbd09f5ae97a9cc954f7652d24c606c3bb8196a5b512755
T_CS_100	7	F6	FGA2	5.213970281	5.119358851	4.892446607	/home/ls/projects/PFAS_mito_membrane_pilot/qm/PFBS/phase3_mm_relaxed_profiles_20260926_v1/qm_start_g96/T_CS_100.g96	c5e6d243501db4ba3bbd09f5ae97a9cc954f7652d24c606c3bb8196a5b512755
T_CS_100	8	F7	FGA3	5.125363055	4.821192877	5.055785713	/home/ls/projects/PFAS_mito_membrane_pilot/qm/PFBS/phase3_mm_relaxed_profiles_20260926_v1/qm_start_g96/T_CS_100.g96	c5e6d243501db4ba3bbd09f5ae97a9cc954f7652d24c606c3bb8196a5b512755
T_CS_100	9	F8	FGA3	5.309312413	4.887587665	4.959666121	/home/ls/projects/PFAS_mito_membrane_pilot/qm/PFBS/phase3_mm_relaxed_profiles_20260926_v1/qm_start_g96/T_CS_100.g96	c5e6d243501db4ba3bbd09f5ae97a9cc954f7652d24c606c3bb8196a5b512755
T_CS_100	10	F9	FGA3	5.239036320	4.988373151	5.140271710	/home/ls/projects/PFAS_mito_membrane_pilot/qm/PFBS/phase3_mm_relaxed_profiles_20260926_v1/qm_start_g96/T_CS_100.g96	c5e6d243501db4ba3bbd09f5ae97a9cc954f7652d24c606c3bb8196a5b512755
T_CS_100	11	O1	OG2P1	4.831276767	4.788270648	5.006357808	/home/ls/projects/PFAS_mito_membrane_pilot/qm/PFBS/phase3_mm_relaxed_profiles_20260926_v1/qm_start_g96/T_CS_100.g96	c5e6d243501db4ba3bbd09f5ae97a9cc954f7652d24c606c3bb8196a5b512755
T_CS_100	12	O2	OG2P1	4.642356112	4.951211365	5.023699982	/home/ls/projects/PFAS_mito_membrane_pilot/qm/PFBS/phase3_mm_relaxed_profiles_20260926_v1/qm_start_g96/T_CS_100.g96	c5e6d243501db4ba3bbd09f5ae97a9cc954f7652d24c606c3bb8196a5b512755
T_CS_100	13	O3	OG2P1	4.799057055	4.963240904	4.828188127	/home/ls/projects/PFAS_mito_membrane_pilot/qm/PFBS/phase3_mm_relaxed_profiles_20260926_v1/qm_start_g96/T_CS_100.g96	c5e6d243501db4ba3bbd09f5ae97a9cc954f7652d24c606c3bb8196a5b512755
T_CS_100	14	C1	CG312	5.004589671	5.109773279	4.995516148	/home/ls/projects/PFAS_mito_membrane_pilot/qm/PFBS/phase3_mm_relaxed_profiles_20260926_v1/qm_start_g96/T_CS_100.g96	c5e6d243501db4ba3bbd09f5ae97a9cc954f7652d24c606c3bb8196a5b512755
T_CS_100	15	C2	CG312	4.887372804	5.038534885	5.066960785	/home/ls/projects/PFAS_mito_membrane_pilot/qm/PFBS/phase3_mm_relaxed_profiles_20260926_v1/qm_start_g96/T_CS_100.g96	c5e6d243501db4ba3bbd09f5ae97a9cc954f7652d24c606c3bb8196a5b512755
T_CS_100	16	C3	CG312	5.121453199	5.027061235	4.934938039	/home/ls/projects/PFAS_mito_membrane_pilot/qm/PFBS/phase3_mm_relaxed_profiles_20260926_v1/qm_start_g96/T_CS_100.g96	c5e6d243501db4ba3bbd09f5ae97a9cc954f7652d24c606c3bb8196a5b512755
T_CS_100	17	C4	CG302	5.198488513	4.928732256	5.026303579	/home/ls/projects/PFAS_mito_membrane_pilot/qm/PFBS/phase3_mm_relaxed_profiles_20260926_v1/qm_start_g96/T_CS_100.g96	c5e6d243501db4ba3bbd09f5ae97a9cc954f7652d24c606c3bb8196a5b512755
T_CS_110	1	S1	SG3O1	4.775987516	4.918008973	4.971622779	/home/ls/projects/PFAS_mito_membrane_pilot/qm/PFBS/phase3_mm_relaxed_profiles_20260926_v1/qm_start_g96/T_CS_110.g96	fd3404ec36fe83815887e7a1e639f61c92bd7d0c7d43580b0b9c0fed1892da18
T_CS_110	2	F1	FGA2	4.955793563	5.186452289	4.891969412	/home/ls/projects/PFAS_mito_membrane_pilot/qm/PFBS/phase3_mm_relaxed_profiles_20260926_v1/qm_start_g96/T_CS_110.g96	fd3404ec36fe83815887e7a1e639f61c92bd7d0c7d43580b0b9c0fed1892da18
T_CS_110	3	F2	FGA2	5.061920771	5.196068538	5.084898316	/home/ls/projects/PFAS_mito_membrane_pilot/qm/PFBS/phase3_mm_relaxed_profiles_20260926_v1/qm_start_g96/T_CS_110.g96	fd3404ec36fe83815887e7a1e639f61c92bd7d0c7d43580b0b9c0fed1892da18
T_CS_110	4	F3	FGA2	4.943507096	4.979319111	5.177278609	/home/ls/projects/PFAS_mito_membrane_pilot/qm/PFBS/phase3_mm_relaxed_profiles_20260926_v1/qm_start_g96/T_CS_110.g96	fd3404ec36fe83815887e7a1e639f61c92bd7d0c7d43580b0b9c0fed1892da18
T_CS_110	5	F4	FGA2	4.811547552	5.143682734	5.113007578	/home/ls/projects/PFAS_mito_membrane_pilot/qm/PFBS/phase3_mm_relaxed_profiles_20260926_v1/qm_start_g96/T_CS_110.g96	fd3404ec36fe83815887e7a1e639f61c92bd7d0c7d43580b0b9c0fed1892da18
T_CS_110	6	F5	FGA2	5.088622352	4.964779847	4.821328736	/home/ls/projects/PFAS_mito_membrane_pilot/qm/PFBS/phase3_mm_relaxed_profiles_20260926_v1/qm_start_g96/T_CS_110.g96	fd3404ec36fe83815887e7a1e639f61c92bd7d0c7d43580b0b9c0fed1892da18
T_CS_110	7	F6	FGA2	5.219006812	5.123296957	4.900603105	/home/ls/projects/PFAS_mito_membrane_pilot/qm/PFBS/phase3_mm_relaxed_profiles_20260926_v1/qm_start_g96/T_CS_110.g96	fd3404ec36fe83815887e7a1e639f61c92bd7d0c7d43580b0b9c0fed1892da18
T_CS_110	8	F7	FGA3	5.118490220	4.819844435	5.046391971	/home/ls/projects/PFAS_mito_membrane_pilot/qm/PFBS/phase3_mm_relaxed_profiles_20260926_v1/qm_start_g96/T_CS_110.g96	fd3404ec36fe83815887e7a1e639f61c92bd7d0c7d43580b0b9c0fed1892da18
T_CS_110	9	F8	FGA3	5.308342490	4.885936550	4.961889255	/home/ls/projects/PFAS_mito_membrane_pilot/qm/PFBS/phase3_mm_relaxed_profiles_20260926_v1/qm_start_g96/T_CS_110.g96	fd3404ec36fe83815887e7a1e639f61c92bd7d0c7d43580b0b9c0fed1892da18
T_CS_110	10	F9	FGA3	5.231473101	4.981322286	5.142674106	/home/ls/projects/PFAS_mito_membrane_pilot/qm/PFBS/phase3_mm_relaxed_profiles_20260926_v1/qm_start_g96/T_CS_110.g96	fd3404ec36fe83815887e7a1e639f61c92bd7d0c7d43580b0b9c0fed1892da18
T_CS_110	11	O1	OG2P1	4.815062771	4.787852223	5.030465645	/home/ls/projects/PFAS_mito_membrane_pilot/qm/PFBS/phase3_mm_relaxed_profiles_20260926_v1/qm_start_g96/T_CS_110.g96	fd3404ec36fe83815887e7a1e639f61c92bd7d0c7d43580b0b9c0fed1892da18
T_CS_110	12	O2	OG2P1	4.640784959	4.966090645	5.007461525	/home/ls/projects/PFAS_mito_membrane_pilot/qm/PFBS/phase3_mm_relaxed_profiles_20260926_v1/qm_start_g96/T_CS_110.g96	fd3404ec36fe83815887e7a1e639f61c92bd7d0c7d43580b0b9c0fed1892da18
T_CS_110	13	O3	OG2P1	4.817251667	4.940832412	4.831116905	/home/ls/projects/PFAS_mito_membrane_pilot/qm/PFBS/phase3_mm_relaxed_profiles_20260926_v1/qm_start_g96/T_CS_110.g96	fd3404ec36fe83815887e7a1e639f61c92bd7d0c7d43580b0b9c0fed1892da18
T_CS_110	14	C1	CG312	5.004602682	5.110360254	4.993237093	/home/ls/projects/PFAS_mito_membrane_pilot/qm/PFBS/phase3_mm_relaxed_profiles_20260926_v1/qm_start_g96/T_CS_110.g96	fd3404ec36fe83815887e7a1e639f61c92bd7d0c7d43580b0b9c0fed1892da18
T_CS_110	15	C2	CG312	4.888249141	5.039617475	5.067113518	/home/ls/projects/PFAS_mito_membrane_pilot/qm/PFBS/phase3_mm_relaxed_profiles_20260926_v1/qm_start_g96/T_CS_110.g96	fd3404ec36fe83815887e7a1e639f61c92bd7d0c7d43580b0b9c0fed1892da18
T_CS_110	16	C3	CG312	5.124049583	5.029720295	4.934144681	/home/ls/projects/PFAS_mito_membrane_pilot/qm/PFBS/phase3_mm_relaxed_profiles_20260926_v1/qm_start_g96/T_CS_110.g96	fd3404ec36fe83815887e7a1e639f61c92bd7d0c7d43580b0b9c0fed1892da18
T_CS_110	17	C4	CG302	5.195307725	4.926814977	5.024796764	/home/ls/projects/PFAS_mito_membrane_pilot/qm/PFBS/phase3_mm_relaxed_profiles_20260926_v1/qm_start_g96/T_CS_110.g96	fd3404ec36fe83815887e7a1e639f61c92bd7d0c7d43580b0b9c0fed1892da18
T_CS_120	1	S1	SG3O1	4.781519529	4.913162161	4.977902350	/home/ls/projects/PFAS_mito_membrane_pilot/qm/PFBS/phase3_mm_relaxed_profiles_20260926_v1/qm_start_g96/T_CS_120.g96	cd3a576945e09ba26d11c6c20df75fa39584268550f612d9a1dc957add5b6753
T_CS_120	2	F1	FGA2	4.953479329	5.186004446	4.888737640	/home/ls/projects/PFAS_mito_membrane_pilot/qm/PFBS/phase3_mm_relaxed_profiles_20260926_v1/qm_start_g96/T_CS_120.g96	cd3a576945e09ba26d11c6c20df75fa39584268550f612d9a1dc957add5b6753
T_CS_120	3	F2	FGA2	5.059014667	5.201996638	5.081772611	/home/ls/projects/PFAS_mito_membrane_pilot/qm/PFBS/phase3_mm_relaxed_profiles_20260926_v1/qm_start_g96/T_CS_120.g96	cd3a576945e09ba26d11c6c20df75fa39584268550f612d9a1dc957add5b6753
T_CS_120	4	F3	FGA2	4.945335831	4.988853939	5.180525320	/home/ls/projects/PFAS_mito_membrane_pilot/qm/PFBS/phase3_mm_relaxed_profiles_20260926_v1/qm_start_g96/T_CS_120.g96	cd3a576945e09ba26d11c6c20df75fa39584268550f612d9a1dc957add5b6753
T_CS_120	5	F4	FGA2	4.809032295	5.146722515	5.109679138	/home/ls/projects/PFAS_mito_membrane_pilot/qm/PFBS/phase3_mm_relaxed_profiles_20260926_v1/qm_start_g96/T_CS_120.g96	cd3a576945e09ba26d11c6c20df75fa39584268550f612d9a1dc957add5b6753
T_CS_120	6	F5	FGA2	5.098846534	4.982669457	4.812402748	/home/ls/projects/PFAS_mito_membrane_pilot/qm/PFBS/phase3_mm_relaxed_profiles_20260926_v1/qm_start_g96/T_CS_120.g96	cd3a576945e09ba26d11c6c20df75fa39584268550f612d9a1dc957add5b6753
T_CS_120	7	F6	FGA2	5.226382899	5.127466567	4.916241104	/home/ls/projects/PFAS_mito_membrane_pilot/qm/PFBS/phase3_mm_relaxed_profiles_20260926_v1/qm_start_g96/T_CS_120.g96	cd3a576945e09ba26d11c6c20df75fa39584268550f612d9a1dc957add5b6753
T_CS_120	8	F7	FGA3	5.102658763	4.819840591	5.033299125	/home/ls/projects/PFAS_mito_membrane_pilot/qm/PFBS/phase3_mm_relaxed_profiles_20260926_v1/qm_start_g96/T_CS_120.g96	cd3a576945e09ba26d11c6c20df75fa39584268550f612d9a1dc957add5b6753
T_CS_120	9	F8	FGA3	5.299350570	4.876707819	4.957705193	/home/ls/projects/PFAS_mito_membrane_pilot/qm/PFBS/phase3_mm_relaxed_profiles_20260926_v1/qm_start_g96/T_CS_120.g96	cd3a576945e09ba26d11c6c20df75fa39584268550f612d9a1dc957add5b6753
T_CS_120	10	F9	FGA3	5.223551095	4.967921086	5.141076403	/home/ls/projects/PFAS_mito_membrane_pilot/qm/PFBS/phase3_mm_relaxed_profiles_20260926_v1/qm_start_g96/T_CS_120.g96	cd3a576945e09ba26d11c6c20df75fa39584268550f612d9a1dc957add5b6753
T_CS_120	11	O1	OG2P1	4.803185287	4.791750405	5.059694389	/home/ls/projects/PFAS_mito_membrane_pilot/qm/PFBS/phase3_mm_relaxed_profiles_20260926_v1/qm_start_g96/T_CS_120.g96	cd3a576945e09ba26d11c6c20df75fa39584268550f612d9a1dc957add5b6753
T_CS_120	12	O2	OG2P1	4.646299035	4.972642153	4.984363629	/home/ls/projects/PFAS_mito_membrane_pilot/qm/PFBS/phase3_mm_relaxed_profiles_20260926_v1/qm_start_g96/T_CS_120.g96	cd3a576945e09ba26d11c6c20df75fa39584268550f612d9a1dc957add5b6753
T_CS_120	13	O3	OG2P1	4.844881398	4.911472674	4.843735000	/home/ls/projects/PFAS_mito_membrane_pilot/qm/PFBS/phase3_mm_relaxed_profiles_20260926_v1/qm_start_g96/T_CS_120.g96	cd3a576945e09ba26d11c6c20df75fa39584268550f612d9a1dc957add5b6753
T_CS_120	14	C1	CG312	5.004246810	5.113082363	4.991686643	/home/ls/projects/PFAS_mito_membrane_pilot/qm/PFBS/phase3_mm_relaxed_profiles_20260926_v1/qm_start_g96/T_CS_120.g96	cd3a576945e09ba26d11c6c20df75fa39584268550f612d9a1dc957add5b6753
T_CS_120	15	C2	CG312	4.888419469	5.043226463	5.067964267	/home/ls/projects/PFAS_mito_membrane_pilot/qm/PFBS/phase3_mm_relaxed_profiles_20260926_v1/qm_start_g96/T_CS_120.g96	cd3a576945e09ba26d11c6c20df75fa39584268550f612d9a1dc957add5b6753
T_CS_120	16	C3	CG312	5.126377214	5.034592567	4.933689932	/home/ls/projects/PFAS_mito_membrane_pilot/qm/PFBS/phase3_mm_relaxed_profiles_20260926_v1/qm_start_g96/T_CS_120.g96	cd3a576945e09ba26d11c6c20df75fa39584268550f612d9a1dc957add5b6753
T_CS_120	17	C4	CG302	5.187419275	4.921888155	5.019524509	/home/ls/projects/PFAS_mito_membrane_pilot/qm/PFBS/phase3_mm_relaxed_profiles_20260926_v1/qm_start_g96/T_CS_120.g96	cd3a576945e09ba26d11c6c20df75fa39584268550f612d9a1dc957add5b6753
