state_key	state_stage	state_id	variable_id	multiplier	source_id	axis	target_deg	accepted_qm_center_deg	final_mm_torsion_deg	wrapped_drift_vs_accepted_qm_center_deg	absolute_drift_deg	gate_limit_deg	gate_pass	start_g96_sha256	final_g96_sha256
primary__BASE	primary	BASE		0	T_CC_000	T_CC	0.0	8.2317896820712e-05	0.0015685837293777534	0.0014862658325682787	0.0014862658325682787	0.02	True	a6e94cfe558c5be38544a34d2a6fad98313d167e35f5e4b511ff44a3e9ca9bd2	7cf7b0850dfce4001bedba634fbe689b94066bba4c95474256e2504ec9fdd668
primary__BASE	primary	BASE		0	T_CC_030	T_CC	30.0	30.000158540910803	30.010268206844657	0.010109665933839551	0.010109665933839551	0.02	True	bab98c0a3ea47718c84ee2523940894bf3eb8df2875321a686eefa8b41f8b782	e8a2498c5e8452e976a2ed2e330165bf12d309321acbfb28d1f0af4025e1c37b
primary__BASE	primary	BASE		0	T_CC_060	T_CC	60.0	60.0001592609087	60.00444007776316	0.004280816854446812	0.004280816854446812	0.02	True	41baeb9c356cf99a1669a39f741dfb4147717de0ce46134528141edf74e37c1d	312d598c0449a538afe4fa9ee4543d070e81b9bdfc531de63e3c132d95f5f6c3
primary__BASE	primary	BASE		0	T_CC_090	T_CC	90.0	90.00019699894702	90.00667096598693	0.006473967039909212	0.006473967039909212	0.02	True	dbc39b01855c642528b1b5129ecf4ae28ec9520145b3527abc86ff7044f37fe4	e7b8e6fd1ba746a18928c599f92c51bf06d1fcd3b0c56dd5cc123f65462c8a61
primary__BASE	primary	BASE		0	T_CC_120	T_CC	120.0	119.99983965803996	119.99836756422945	-0.0014720938104915149	0.0014720938104915149	0.02	True	703b1af8fd53d30a74d3f4bf3a1f53070360f76270386005e08d7e6d5c6d10b8	1f9270b9536db69bffef6f6ccd6eb6ffae0130bed3503c8e750bb3fa86eb5999
primary__BASE	primary	BASE		0	T_CC_150	T_CC	150.0	150.00011419393934	150.00516177537648	0.00504758143713957	0.00504758143713957	0.02	True	3625c62a0da1954c05f2c25a8ce89fd780c033322f4d07af01007123ad2086d7	1123dea1f5f8642620a65e9549925378425ed8eae83803939f7b858b44705f88
primary__BASE	primary	BASE		0	T_CC_180	T_CC	180.0	-179.99987411198484	-179.99722046902846	0.0026536429563748243	0.0026536429563748243	0.02	True	237d0de9329d2f7154e75e1b94b8d20dc99d256df491b1962585edd08ac5d56b	ac2edc991039a4b2e8b856c3480e8814ef98ccda8383aa923791d8c0a755cfb0
primary__BASE	primary	BASE		0	T_CC_210	T_CC	210.0	-150.00009928563182	-150.0060896483489	-0.005990362717085418	0.005990362717085418	0.02	True	ff7ba181ddce36b5fec269c010000630a05fa87e61843c9cb6ae5b286660aa06	87fcf9a072434ca821edd529ae96a2441e8ffe932786e01fed67b7de3f8ff970
primary__BASE	primary	BASE		0	T_CC_240	T_CC	240.0	-120.00007620746388	-120.00286117617388	-0.0027849687099887888	0.0027849687099887888	0.02	True	880de9f672087b3c73f343d26033dc31c7e6d04945e3ef56427c9859c467bda9	5e06a4126ce2aa7ee5f87025041fefe97a4c95294212e003320a6cdae25670fe
primary__BASE	primary	BASE		0	T_CC_270	T_CC	270.0	-89.99993474284005	-89.99493153094541	0.0050032118946319315	0.0050032118946319315	0.02	True	0bb8e714e59c30b159e44188b0df6faf6cdafd8794878db4b1f2197b15d282c8	40ffc3243aad78af329fc8a8c6bd5c66374b564b8313001bb7a1c56c50bb73eb
primary__BASE	primary	BASE		0	T_CC_300	T_CC	300.0	-59.99998160172803	-60.00129152291785	-0.0013099211898293106	0.0013099211898293106	0.02	True	fc6381c1ad4b27e5f9a79cad7e8361d93f1a8d0e253a0d934cd0410aba899c01	1e985d85fc8f8a91feb11e3952a7f8bd95ba960d7ef529b8eb61cdb470cafe7e
primary__BASE	primary	BASE		0	T_CC_330	T_CC	330.0	-30.00016585816224	-30.01284063269673	-0.01267477453450283	0.01267477453450283	0.02	True	12d5e015638e715123552261c80c982de9108a65a82103add957bb662b8d1c03	ff189a882bf6b696a8ad826447080bdafca1e0c5a63f01286b83eb9b3baa05c1
primary__BASE	primary	BASE		0	T_CS_000	T_CS	0.0	1.5180520262743396e-05	-0.003405236824690508	-0.00342041734495524	0.00342041734495524	0.02	True	b76cb71c416ae436646084247ac0799101a651a6e78ef12bdd936ed29539a181	bf7c604d5e9a1d294996d53ae968e756bb723775d831e5dd834a7cfe00b18d42
primary__BASE	primary	BASE		0	T_CS_010	T_CS	10.0	10.000078136231716	10.000130009912727	5.187368100223466e-05	5.187368100223466e-05	0.02	True	93231ed042bed5c0602602d32e5c5f3d4901969d8156257c0347236c62607f21	70f15da4b36993d5718a13eb9ec778a5f510e639a0b25c78ce83990338627fb0
primary__BASE	primary	BASE		0	T_CS_020	T_CS	20.0	20.00017404591677	20.003167418917723	0.0029933730009474857	0.0029933730009474857	0.02	True	fc0fe0aaa70da2491407d7cf40549f0928ad568ab5bdce4bbe2d14d68bfcc78c	32726c0def5c9fcd3c3e683549893bb28a08829c3f1411720ac034cfaeae4b33
primary__BASE	primary	BASE		0	T_CS_030	T_CS	30.0	30.00019985596987	30.005895448121453	0.005695592151596429	0.005695592151596429	0.02	True	a05c8327bb40345cb389bdc875b9059d4912df044e264f7722d2fc594a9c36dd	e0a98d174367d8e87e5349a68f23cbee202e61698e4a21a452a471602bfc4cb4
primary__BASE	primary	BASE		0	T_CS_040	T_CS	40.0	40.00013511844969	40.00695905040605	0.006823931956375873	0.006823931956375873	0.02	True	1a3dc833568c912b0d2cb86bfde6f64600b04206593d34bfbb044abbbf528520	1977ba0db3c7679151d49be4052dfe54aef30128dd1d331e857373664f35940d
primary__BASE	primary	BASE		0	T_CS_050	T_CS	50.0	50.000069706040776	50.00574720100174	0.0056774949609632586	0.0056774949609632586	0.02	True	d5ffde1699a4340c997fb87781ff0319b604b8e83883345a0da527c51bce31d9	4c892e1b70d314d14a70c48d7b3ff598790b02b56aed37c35e015ef6dd83a016
primary__BASE	primary	BASE		0	T_CS_060	T_CS	60.0	60.00001911469256	60.00332069338076	0.003301578688194695	0.003301578688194695	0.02	True	80f6abaaca25fcd7bd9b4a96576a6529dc2aab9c92bb4dc8cb8d94382f35e1bd	7ba7ba8e0687e3b368aba5a907f7941e2ef5a617d136698ed74cdcd05ad62f5b
primary__BASE	primary	BASE		0	T_CS_070	T_CS	70.0	69.99996549339919	70.00011826861424	0.00015277521504231117	0.00015277521504231117	0.02	True	861b37106b6bffb8af5aa0780a88e99efc6bb88ef7f40055d7a4c38fada5ead3	98778e709d38e5b325aa2e2b30e54be44143f24b2f0bc03a7e29ba83de4cc7d8
primary__BASE	primary	BASE		0	T_CS_080	T_CS	80.0	79.99992991278366	79.99679970866744	-0.003130204116217783	0.003130204116217783	0.02	True	185564ab2bddfe1f6bee80c92bcc4d84c3c5217d92438a78fed413f0c2f0ee48	cf7e56bba1e438da9357b5ef9571e5ef89d5a70f3f5fb6974d855cdc9f5b83fe
primary__BASE	primary	BASE		0	T_CS_090	T_CS	90.0	89.99991027498892	89.99429079978957	-0.005619475199353019	0.005619475199353019	0.02	True	95090c3545e38e3050c6dfd9ee40f08d6e347c417cfbc010bffb72eed38858f5	a7d65bbc794559b7a33feeaeb45fd78100ec8194b0b8065f0d3077ea93a0eeb8
primary__BASE	primary	BASE		0	T_CS_100	T_CS	100.0	99.99973782178598	99.99309291737349	-0.006644904412496544	0.006644904412496544	0.02	True	c5e6d243501db4ba3bbd09f5ae97a9cc954f7652d24c606c3bb8196a5b512755	749712b0aa16f2fc01a94402fd6f570547751c02e8abf85c90e2627aa76738f6
primary__BASE	primary	BASE		0	T_CS_110	T_CS	110.0	109.99982259760765	109.99396751647143	-0.005855081136218132	0.005855081136218132	0.02	True	fd3404ec36fe83815887e7a1e639f61c92bd7d0c7d43580b0b9c0fed1892da18	c6510bb73ef49b9246dc5a88321771f58ceba14ced4d75ebfda1e4f21d5a3613
primary__BASE	primary	BASE		0	T_CS_120	T_CS	120.0	120.0000256226668	119.99668390452294	-0.0033417181438721855	0.0033417181438721855	0.02	True	cd3a576945e09ba26d11c6c20df75fa39584268550f612d9a1dc957add5b6753	b99560b87fab3fae846acf87e4653f86dcaca51c73d0b56a862aac161f041ef3
primary__BASE	primary	BASE		0	T_CC_240_FROM_REVERSE_QM	T_CC	240.0	-120.00002885442426	-120.0027768443416	-0.0027479899173386	0.0027479899173386	0.02	True	8af7af63d19b53cffc32f9eda8be8acabcdedd5642a150991c618d46afeeece1	4b7e85138be64cb63f3092f9b3486d54b775da357c2593137ba6b7926a309992
primary__R_OG2P1-SG3O1_-2h	primary	R_OG2P1-SG3O1_-2h	R_OG2P1-SG3O1	-2	T_CC_000	T_CC	0.0	8.2317896820712e-05	0.001497740635842249	0.0014154227390292817	0.0014154227390292817	0.02	True	a6e94cfe558c5be38544a34d2a6fad98313d167e35f5e4b511ff44a3e9ca9bd2	674d77cf39888401b4d54e9a1a63e58985778fe36706ca160e847f1bbed7bfb7
primary__R_OG2P1-SG3O1_-2h	primary	R_OG2P1-SG3O1_-2h	R_OG2P1-SG3O1	-2	T_CC_030	T_CC	30.0	30.000158540910803	30.010252159356057	0.010093618445239372	0.010093618445239372	0.02	True	bab98c0a3ea47718c84ee2523940894bf3eb8df2875321a686eefa8b41f8b782	144fc082c08ccd89d7066783c22b0f247a7ee526448b78378f905e1981bedf1a
primary__R_OG2P1-SG3O1_-2h	primary	R_OG2P1-SG3O1_-2h	R_OG2P1-SG3O1	-2	T_CC_060	T_CC	60.0	60.0001592609087	60.0044152993262	0.004256038417508989	0.004256038417508989	0.02	True	41baeb9c356cf99a1669a39f741dfb4147717de0ce46134528141edf74e37c1d	20b27ebf22af330fe74ebf5cb720439cc229143615b362b24259a2aacc7e1d2f
primary__R_OG2P1-SG3O1_-2h	primary	R_OG2P1-SG3O1_-2h	R_OG2P1-SG3O1	-2	T_CC_090	T_CC	90.0	90.00019699894702	90.00656881336951	0.006371814422493571	0.006371814422493571	0.02	True	dbc39b01855c642528b1b5129ecf4ae28ec9520145b3527abc86ff7044f37fe4	6ff1a0fbf733b8d79bd721559b4cd6dedc3a0be77410318f979401d7c0864b42
primary__R_OG2P1-SG3O1_-2h	primary	R_OG2P1-SG3O1_-2h	R_OG2P1-SG3O1	-2	T_CC_120	T_CC	120.0	119.99983965803996	119.99830779174226	-0.001531866297682427	0.001531866297682427	0.02	True	703b1af8fd53d30a74d3f4bf3a1f53070360f76270386005e08d7e6d5c6d10b8	ae7aef6a25e6cf2b850a84111e016a0b6a9a0d15844b21c7b9ad7cc03b648988
primary__R_OG2P1-SG3O1_-2h	primary	R_OG2P1-SG3O1_-2h	R_OG2P1-SG3O1	-2	T_CC_150	T_CC	150.0	150.00011419393934	150.00514984374067	0.0050356498013286455	0.0050356498013286455	0.02	True	3625c62a0da1954c05f2c25a8ce89fd780c033322f4d07af01007123ad2086d7	c8159b9aeb8a233bfeca72fe340f7149aa2678e90ad3714030880fa35e78a01d
primary__R_OG2P1-SG3O1_-2h	primary	R_OG2P1-SG3O1_-2h	R_OG2P1-SG3O1	-2	T_CC_180	T_CC	180.0	-179.99987411198484	-179.99722751596335	0.002646596021492087	0.002646596021492087	0.02	True	237d0de9329d2f7154e75e1b94b8d20dc99d256df491b1962585edd08ac5d56b	20fed1abea4145863d1ffa733f085cd4fd522d243f08914122fb4ce0c8ad631e
primary__R_OG2P1-SG3O1_-2h	primary	R_OG2P1-SG3O1_-2h	R_OG2P1-SG3O1	-2	T_CC_210	T_CC	210.0	-150.00009928563182	-150.0060898907049	-0.005990605073094457	0.005990605073094457	0.02	True	ff7ba181ddce36b5fec269c010000630a05fa87e61843c9cb6ae5b286660aa06	6abf0c1ee14b586ccea836fc10028cf3d0a84d0018eecd4e23dd7cd06afdbf83
primary__R_OG2P1-SG3O1_-2h	primary	R_OG2P1-SG3O1_-2h	R_OG2P1-SG3O1	-2	T_CC_240	T_CC	240.0	-120.00007620746388	-120.00285483030737	-0.0027786228434933946	0.0027786228434933946	0.02	True	880de9f672087b3c73f343d26033dc31c7e6d04945e3ef56427c9859c467bda9	5ecacab2daaf141e7017bb5935297818ea29dd4b8d3e2b7a2f8f6a7395af317c
primary__R_OG2P1-SG3O1_-2h	primary	R_OG2P1-SG3O1_-2h	R_OG2P1-SG3O1	-2	T_CC_270	T_CC	270.0	-89.99993474284005	-89.99488100025361	0.005053742586426324	0.005053742586426324	0.02	True	0bb8e714e59c30b159e44188b0df6faf6cdafd8794878db4b1f2197b15d282c8	552d39f11488a4d1e3b655f8ed7035a158710447427e5ad9eacc54e11c37cdd0
primary__R_OG2P1-SG3O1_-2h	primary	R_OG2P1-SG3O1_-2h	R_OG2P1-SG3O1	-2	T_CC_300	T_CC	300.0	-59.99998160172803	-60.00128010694	-0.0012985052119631746	0.0012985052119631746	0.02	True	fc6381c1ad4b27e5f9a79cad7e8361d93f1a8d0e253a0d934cd0410aba899c01	c849830c5811e6dac03a6d3c53b4f3299847a2c6e62e78f2b2d8ad85aafdb708
primary__R_OG2P1-SG3O1_-2h	primary	R_OG2P1-SG3O1_-2h	R_OG2P1-SG3O1	-2	T_CC_330	T_CC	330.0	-30.00016585816224	-30.012813668617603	-0.012647810455348463	0.012647810455348463	0.02	True	12d5e015638e715123552261c80c982de9108a65a82103add957bb662b8d1c03	60e2af03f44c79889c14074828225758980d2e8131ddfb06e99d93b6b9900944
primary__R_OG2P1-SG3O1_-2h	primary	R_OG2P1-SG3O1_-2h	R_OG2P1-SG3O1	-2	T_CS_000	T_CS	0.0	1.5180520262743396e-05	-0.0033883388012394622	-0.0034035193214947412	0.0034035193214947412	0.02	True	b76cb71c416ae436646084247ac0799101a651a6e78ef12bdd936ed29539a181	a85ef76dcbe55f5cd6567dcc2a380bf340963c0cbcc867df5bba103f1f8943f6
primary__R_OG2P1-SG3O1_-2h	primary	R_OG2P1-SG3O1_-2h	R_OG2P1-SG3O1	-2	T_CS_010	T_CS	10.0	10.000078136231716	10.000204382314557	0.00012624608282862937	0.00012624608282862937	0.02	True	93231ed042bed5c0602602d32e5c5f3d4901969d8156257c0347236c62607f21	4bf4156fc5e2277c06f33717e6943371dac2eeb1b1a34097d7654b9dcd5fe083
primary__R_OG2P1-SG3O1_-2h	primary	R_OG2P1-SG3O1_-2h	R_OG2P1-SG3O1	-2	T_CS_020	T_CS	20.0	20.00017404591677	20.00326996586494	0.003095919948179926	0.003095919948179926	0.02	True	fc0fe0aaa70da2491407d7cf40549f0928ad568ab5bdce4bbe2d14d68bfcc78c	05b6bab06f601a4d270e71fb6cfbd773dd623d836ff042af624b978fd43ada10
primary__R_OG2P1-SG3O1_-2h	primary	R_OG2P1-SG3O1_-2h	R_OG2P1-SG3O1	-2	T_CS_030	T_CS	30.0	30.00019985596987	30.006039640180365	0.005839784210479593	0.005839784210479593	0.02	True	a05c8327bb40345cb389bdc875b9059d4912df044e264f7722d2fc594a9c36dd	3c7d2834c971a569eeb7cebf71b92a5f7513222bafbb47456c01476a05099765
primary__R_OG2P1-SG3O1_-2h	primary	R_OG2P1-SG3O1_-2h	R_OG2P1-SG3O1	-2	T_CS_040	T_CS	40.0	40.00013511844969	40.00700062305535	0.00686550460565627	0.00686550460565627	0.02	True	1a3dc833568c912b0d2cb86bfde6f64600b04206593d34bfbb044abbbf528520	de478f32bf82036025106c0378348a3fd5fa77752411fdc60a1eb7d4c91ad847
primary__R_OG2P1-SG3O1_-2h	primary	R_OG2P1-SG3O1_-2h	R_OG2P1-SG3O1	-2	T_CS_050	T_CS	50.0	50.000069706040776	50.005736220857216	0.005666514816425661	0.005666514816425661	0.02	True	d5ffde1699a4340c997fb87781ff0319b604b8e83883345a0da527c51bce31d9	3725a1e6a2ba3298b1b4c8de698f584ab7fe384ddeef8f1d4a7e049cca3b2da1
primary__R_OG2P1-SG3O1_-2h	primary	R_OG2P1-SG3O1_-2h	R_OG2P1-SG3O1	-2	T_CS_060	T_CS	60.0	60.00001911469256	60.00328034355376	0.003261228861191512	0.003261228861191512	0.02	True	80f6abaaca25fcd7bd9b4a96576a6529dc2aab9c92bb4dc8cb8d94382f35e1bd	0f1fbc717858339872b1c4b7ebc76c8180a54caa7168f94f5cc78733f895b215
primary__R_OG2P1-SG3O1_-2h	primary	R_OG2P1-SG3O1_-2h	R_OG2P1-SG3O1	-2	T_CS_070	T_CS	70.0	69.99996549339919	70.00006148018781	9.59867886081156e-05	9.59867886081156e-05	0.02	True	861b37106b6bffb8af5aa0780a88e99efc6bb88ef7f40055d7a4c38fada5ead3	7acc2dbc7686794a432af48281275adfc6a8e905f6e93cc57f894e916629f7bf
primary__R_OG2P1-SG3O1_-2h	primary	R_OG2P1-SG3O1_-2h	R_OG2P1-SG3O1	-2	T_CS_080	T_CS	80.0	79.99992991278366	79.99674668190599	-0.0031832308776529317	0.0031832308776529317	0.02	True	185564ab2bddfe1f6bee80c92bcc4d84c3c5217d92438a78fed413f0c2f0ee48	e06aeff8fe2eee207a07c908661410fc60d59745902dfa78f6dfa6dcbab2c5d2
primary__R_OG2P1-SG3O1_-2h	primary	R_OG2P1-SG3O1_-2h	R_OG2P1-SG3O1	-2	T_CS_090	T_CS	90.0	89.99991027498892	89.99422843038866	-0.005681844600246677	0.005681844600246677	0.02	True	95090c3545e38e3050c6dfd9ee40f08d6e347c417cfbc010bffb72eed38858f5	965f9c4bf7230ce9e4034fc04bda7fe90a62060a1d6efab0f4daaf9f29dcce94
primary__R_OG2P1-SG3O1_-2h	primary	R_OG2P1-SG3O1_-2h	R_OG2P1-SG3O1	-2	T_CS_100	T_CS	100.0	99.99973782178598	99.99305298794427	-0.006684833841717364	0.006684833841717364	0.02	True	c5e6d243501db4ba3bbd09f5ae97a9cc954f7652d24c606c3bb8196a5b512755	1b7a37a669154020ebf43da0968c6b67fcdc9bba0b9bf84b3871c2938aa74390
primary__R_OG2P1-SG3O1_-2h	primary	R_OG2P1-SG3O1_-2h	R_OG2P1-SG3O1	-2	T_CS_110	T_CS	110.0	109.99982259760765	109.9939401604906	-0.00588243711706582	0.00588243711706582	0.02	True	fd3404ec36fe83815887e7a1e639f61c92bd7d0c7d43580b0b9c0fed1892da18	2ff1fadf162062c92d2ea2ae11c63254cb6f6884ab2b137a5fe0561f14d19478
primary__R_OG2P1-SG3O1_-2h	primary	R_OG2P1-SG3O1_-2h	R_OG2P1-SG3O1	-2	T_CS_120	T_CS	120.0	120.0000256226668	119.99669163893337	-0.0033339837334267486	0.0033339837334267486	0.02	True	cd3a576945e09ba26d11c6c20df75fa39584268550f612d9a1dc957add5b6753	e1674631b27b2bf2e70aa44ebd337f3065536bb60536ed5b20849935a5576783
primary__R_OG2P1-SG3O1_-2h	primary	R_OG2P1-SG3O1_-2h	R_OG2P1-SG3O1	-2	T_CC_240_FROM_REVERSE_QM	T_CC	240.0	-120.00002885442426	-120.00279471219262	-0.0027658577683666863	0.0027658577683666863	0.02	True	8af7af63d19b53cffc32f9eda8be8acabcdedd5642a150991c618d46afeeece1	787f7b6818db8ad38eb5a9125ff8ef290a88a4b65752360893de68b3b58c9530
primary__R_OG2P1-SG3O1_-1h	primary	R_OG2P1-SG3O1_-1h	R_OG2P1-SG3O1	-1	T_CC_000	T_CC	0.0	8.2317896820712e-05	0.0015470910638812644	0.0014647731670720532	0.0014647731670720532	0.02	True	a6e94cfe558c5be38544a34d2a6fad98313d167e35f5e4b511ff44a3e9ca9bd2	190ba7609bc382c1d3beff9e375dcac6a61c0a30bafa5afcb63fca1ec32a6793
primary__R_OG2P1-SG3O1_-1h	primary	R_OG2P1-SG3O1_-1h	R_OG2P1-SG3O1	-1	T_CC_030	T_CC	30.0	30.000158540910803	30.01027415023156	0.010115609320763497	0.010115609320763497	0.02	True	bab98c0a3ea47718c84ee2523940894bf3eb8df2875321a686eefa8b41f8b782	47b083cd5c65f20bdeca7906fd667ee818ec7dc8558c46fc897ac730f1fd241a
primary__R_OG2P1-SG3O1_-1h	primary	R_OG2P1-SG3O1_-1h	R_OG2P1-SG3O1	-1	T_CC_060	T_CC	60.0	60.0001592609087	60.004444440400505	0.004285179491802182	0.004285179491802182	0.02	True	41baeb9c356cf99a1669a39f741dfb4147717de0ce46134528141edf74e37c1d	511c042478c023ccdaf088b100e590804a4b0be1effd76b1a99f0ba4a46bd208
primary__R_OG2P1-SG3O1_-1h	primary	R_OG2P1-SG3O1_-1h	R_OG2P1-SG3O1	-1	T_CC_090	T_CC	90.0	90.00019699894702	90.00659407665312	0.00639707770608311	0.00639707770608311	0.02	True	dbc39b01855c642528b1b5129ecf4ae28ec9520145b3527abc86ff7044f37fe4	d27039ab3d09e42675c37aa3d308fe86e86e45d5b687758de0eecec0eed7dad8
primary__R_OG2P1-SG3O1_-1h	primary	R_OG2P1-SG3O1_-1h	R_OG2P1-SG3O1	-1	T_CC_120	T_CC	120.0	119.99983965803996	119.99832353259427	-0.0015161254456756978	0.0015161254456756978	0.02	True	703b1af8fd53d30a74d3f4bf3a1f53070360f76270386005e08d7e6d5c6d10b8	8508b426bf73340cb2e4ab990f9f3245379a646b91823b72bd7b28e74d76145e
primary__R_OG2P1-SG3O1_-1h	primary	R_OG2P1-SG3O1_-1h	R_OG2P1-SG3O1	-1	T_CC_150	T_CC	150.0	150.00011419393934	150.0051840945069	0.005069900567548302	0.005069900567548302	0.02	True	3625c62a0da1954c05f2c25a8ce89fd780c033322f4d07af01007123ad2086d7	33ae7b6d8448127168d623cfb7696ec2d50e265365e9d838cd8ce804bbf194f0
primary__R_OG2P1-SG3O1_-1h	primary	R_OG2P1-SG3O1_-1h	R_OG2P1-SG3O1	-1	T_CC_180	T_CC	180.0	-179.99987411198484	-179.99722339137347	0.002650720611370616	0.002650720611370616	0.02	True	237d0de9329d2f7154e75e1b94b8d20dc99d256df491b1962585edd08ac5d56b	539d6aa55518e152ddb70b662f19637fc7beebb3bf1245205dba15714c23b11d
primary__R_OG2P1-SG3O1_-1h	primary	R_OG2P1-SG3O1_-1h	R_OG2P1-SG3O1	-1	T_CC_210	T_CC	210.0	-150.00009928563182	-150.00608069648902	-0.005981410857202718	0.005981410857202718	0.02	True	ff7ba181ddce36b5fec269c010000630a05fa87e61843c9cb6ae5b286660aa06	b2bd5145af390e9ae2f2520a5d7fa6dfc97ec055e450808ade2544bdaf9b5074
primary__R_OG2P1-SG3O1_-1h	primary	R_OG2P1-SG3O1_-1h	R_OG2P1-SG3O1	-1	T_CC_240	T_CC	240.0	-120.00007620746388	-120.00284690065463	-0.002770693190768725	0.002770693190768725	0.02	True	880de9f672087b3c73f343d26033dc31c7e6d04945e3ef56427c9859c467bda9	b4017fbdebc83a7b581aa161154967316276c80be0be40a30560b626403ca84f
primary__R_OG2P1-SG3O1_-1h	primary	R_OG2P1-SG3O1_-1h	R_OG2P1-SG3O1	-1	T_CC_270	T_CC	270.0	-89.99993474284005	-89.99492705555177	0.005007687288298257	0.005007687288298257	0.02	True	0bb8e714e59c30b159e44188b0df6faf6cdafd8794878db4b1f2197b15d282c8	d73bddf2bee56d3ceabf3facc8c5b4bd26ae67b8ce26795ffc9fb7c5c3d5170d
primary__R_OG2P1-SG3O1_-1h	primary	R_OG2P1-SG3O1_-1h	R_OG2P1-SG3O1	-1	T_CC_300	T_CC	300.0	-59.99998160172803	-60.001278175566206	-0.0012965738381751635	0.0012965738381751635	0.02	True	fc6381c1ad4b27e5f9a79cad7e8361d93f1a8d0e253a0d934cd0410aba899c01	87d4e225f453b0384f608370e9a585520423d24a319c55e5534f109f417fc8e3
primary__R_OG2P1-SG3O1_-1h	primary	R_OG2P1-SG3O1_-1h	R_OG2P1-SG3O1	-1	T_CC_330	T_CC	330.0	-30.00016585816224	-30.012835588100252	-0.012669729938011187	0.012669729938011187	0.02	True	12d5e015638e715123552261c80c982de9108a65a82103add957bb662b8d1c03	6e93ef66a87dcde24583c6a7245f91828089afdd9dec7f61c5456445ab4ff61b
primary__R_OG2P1-SG3O1_-1h	primary	R_OG2P1-SG3O1_-1h	R_OG2P1-SG3O1	-1	T_CS_000	T_CS	0.0	1.5180520262743396e-05	-0.0033805216690369895	-0.003395702189294525	0.003395702189294525	0.02	True	b76cb71c416ae436646084247ac0799101a651a6e78ef12bdd936ed29539a181	f6996f66351ec1b6af83eba66faef0df45d7df8f902f8124eb92c01b6cfa1359
primary__R_OG2P1-SG3O1_-1h	primary	R_OG2P1-SG3O1_-1h	R_OG2P1-SG3O1	-1	T_CS_010	T_CS	10.0	10.000078136231716	10.00017933221749	0.00010119598576352473	0.00010119598576352473	0.02	True	93231ed042bed5c0602602d32e5c5f3d4901969d8156257c0347236c62607f21	f035ec9e7163b708c7401395a56c9b79db7289a71e8c5d7103400a58983c1590
primary__R_OG2P1-SG3O1_-1h	primary	R_OG2P1-SG3O1_-1h	R_OG2P1-SG3O1	-1	T_CS_020	T_CS	20.0	20.00017404591677	20.003224064105364	0.0030500181885884103	0.0030500181885884103	0.02	True	fc0fe0aaa70da2491407d7cf40549f0928ad568ab5bdce4bbe2d14d68bfcc78c	d7bdde6505a8cbc359f0d0e199795b5144f20a5dcefd84ba43ea173e2c6bb24c
primary__R_OG2P1-SG3O1_-1h	primary	R_OG2P1-SG3O1_-1h	R_OG2P1-SG3O1	-1	T_CS_030	T_CS	30.0	30.00019985596987	30.005968672647928	0.00576881667805651	0.00576881667805651	0.02	True	a05c8327bb40345cb389bdc875b9059d4912df044e264f7722d2fc594a9c36dd	be23ec4f47b2c05aa9cf01ad7d2b1278b0bc6dd1cd93fe8b4e0fb103c954e7d5
primary__R_OG2P1-SG3O1_-1h	primary	R_OG2P1-SG3O1_-1h	R_OG2P1-SG3O1	-1	T_CS_040	T_CS	40.0	40.00013511844969	40.00699512315064	0.006860004700939726	0.006860004700939726	0.02	True	1a3dc833568c912b0d2cb86bfde6f64600b04206593d34bfbb044abbbf528520	46d8e8c39edaddb7d52519db47cec2c187de307fc60ca6c1744ca3f465e54e09
primary__R_OG2P1-SG3O1_-1h	primary	R_OG2P1-SG3O1_-1h	R_OG2P1-SG3O1	-1	T_CS_050	T_CS	50.0	50.000069706040776	50.005759988105936	0.0056902820651600905	0.0056902820651600905	0.02	True	d5ffde1699a4340c997fb87781ff0319b604b8e83883345a0da527c51bce31d9	d7c495285567f437a57ecce953839e8811bfa7e3f2243bb1a0f7120e3cbafcd9
primary__R_OG2P1-SG3O1_-1h	primary	R_OG2P1-SG3O1_-1h	R_OG2P1-SG3O1	-1	T_CS_060	T_CS	60.0	60.00001911469256	60.00330729543692	0.0032881807443629896	0.0032881807443629896	0.02	True	80f6abaaca25fcd7bd9b4a96576a6529dc2aab9c92bb4dc8cb8d94382f35e1bd	9a1d252d7ae20836563a9e2dd138d5d658215472dc88d6fa6192ed502a5a5788
primary__R_OG2P1-SG3O1_-1h	primary	R_OG2P1-SG3O1_-1h	R_OG2P1-SG3O1	-1	T_CS_070	T_CS	70.0	69.99996549339919	70.00008790301911	0.00012240961990528376	0.00012240961990528376	0.02	True	861b37106b6bffb8af5aa0780a88e99efc6bb88ef7f40055d7a4c38fada5ead3	a3f6949f6c100b4471c86fdda763c371f7c7a538d733b4e259f596749848ab3a
primary__R_OG2P1-SG3O1_-1h	primary	R_OG2P1-SG3O1_-1h	R_OG2P1-SG3O1	-1	T_CS_080	T_CS	80.0	79.99992991278366	79.99677323433527	-0.0031566784483914034	0.0031566784483914034	0.02	True	185564ab2bddfe1f6bee80c92bcc4d84c3c5217d92438a78fed413f0c2f0ee48	16553cc0b50cd7ac42a3320272e68828317a344763c6dda61b34715956ed060a
primary__R_OG2P1-SG3O1_-1h	primary	R_OG2P1-SG3O1_-1h	R_OG2P1-SG3O1	-1	T_CS_090	T_CS	90.0	89.99991027498892	89.99425664834028	-0.005653626648637555	0.005653626648637555	0.02	True	95090c3545e38e3050c6dfd9ee40f08d6e347c417cfbc010bffb72eed38858f5	e78d6e654b8b64951309806f683ced57f855add594532a2bed3e8c3e1f8cb48e
primary__R_OG2P1-SG3O1_-1h	primary	R_OG2P1-SG3O1_-1h	R_OG2P1-SG3O1	-1	T_CS_100	T_CS	100.0	99.99973782178598	99.99307731893819	-0.0066605028478079475	0.0066605028478079475	0.02	True	c5e6d243501db4ba3bbd09f5ae97a9cc954f7652d24c606c3bb8196a5b512755	308068422815b9c8e17ab578edeafe3f48534f9309c264e1d01daeff7f1a72c4
primary__R_OG2P1-SG3O1_-1h	primary	R_OG2P1-SG3O1_-1h	R_OG2P1-SG3O1	-1	T_CS_110	T_CS	110.0	109.99982259760765	109.99395563587105	-0.00586696173661494	0.00586696173661494	0.02	True	fd3404ec36fe83815887e7a1e639f61c92bd7d0c7d43580b0b9c0fed1892da18	99d873a51523a2ffde3088bcb865cfd220ae4626daff194f48a736e958bdf370
primary__R_OG2P1-SG3O1_-1h	primary	R_OG2P1-SG3O1_-1h	R_OG2P1-SG3O1	-1	T_CS_120	T_CS	120.0	120.0000256226668	119.9966720674067	-0.0033535552601051677	0.0033535552601051677	0.02	True	cd3a576945e09ba26d11c6c20df75fa39584268550f612d9a1dc957add5b6753	7ee49217fa5f6b7e7f1b9c4b78166dfcd07931789c56776ee84d503f28b86fe4
primary__R_OG2P1-SG3O1_-1h	primary	R_OG2P1-SG3O1_-1h	R_OG2P1-SG3O1	-1	T_CC_240_FROM_REVERSE_QM	T_CC	240.0	-120.00002885442426	-120.00279725966571	-0.002768405241454275	0.002768405241454275	0.02	True	8af7af63d19b53cffc32f9eda8be8acabcdedd5642a150991c618d46afeeece1	5ba37af6af55bc04563b93f388a5fe0ae950cad071f94eff83ae5ad9eea1af79
primary__R_OG2P1-SG3O1_+1h	primary	R_OG2P1-SG3O1_+1h	R_OG2P1-SG3O1	1	T_CC_000	T_CC	0.0	8.2317896820712e-05	0.0016084833769673887	0.0015261654801577151	0.0015261654801577151	0.02	True	a6e94cfe558c5be38544a34d2a6fad98313d167e35f5e4b511ff44a3e9ca9bd2	44f390604c4443339f6c999f41a06cb9636514005bb7edc24bd7f274e70d1310
primary__R_OG2P1-SG3O1_+1h	primary	R_OG2P1-SG3O1_+1h	R_OG2P1-SG3O1	1	T_CC_030	T_CC	30.0	30.000158540910803	30.010298866992958	0.01014032608216553	0.01014032608216553	0.02	True	bab98c0a3ea47718c84ee2523940894bf3eb8df2875321a686eefa8b41f8b782	fd886c427b7a315acb3056acbe2a5b2b7b6cfbe7c4732d22e5361d0be3b0a004
primary__R_OG2P1-SG3O1_+1h	primary	R_OG2P1-SG3O1_+1h	R_OG2P1-SG3O1	1	T_CC_060	T_CC	60.0	60.0001592609087	60.004459730650474	0.004300469741764346	0.004300469741764346	0.02	True	41baeb9c356cf99a1669a39f741dfb4147717de0ce46134528141edf74e37c1d	a9f5759e9c4e678a7ab491bc679a8cb36dcc0d74285ca39d2eaf4923890bdc8c
primary__R_OG2P1-SG3O1_+1h	primary	R_OG2P1-SG3O1_+1h	R_OG2P1-SG3O1	1	T_CC_090	T_CC	90.0	90.00019699894702	90.00670849411708	0.006511495170059334	0.006511495170059334	0.02	True	dbc39b01855c642528b1b5129ecf4ae28ec9520145b3527abc86ff7044f37fe4	f6faad7b72cb0691f654d180e888d46bdf7994b4b4069953007b5d9a5caf9f28
primary__R_OG2P1-SG3O1_+1h	primary	R_OG2P1-SG3O1_+1h	R_OG2P1-SG3O1	1	T_CC_120	T_CC	120.0	119.99983965803996	119.99836671965993	-0.0014729383800329288	0.0014729383800329288	0.02	True	703b1af8fd53d30a74d3f4bf3a1f53070360f76270386005e08d7e6d5c6d10b8	0661335f8f1fcd6e1b77c378584e2429de0fc861a4c8549e86010a5fafd1ac75
primary__R_OG2P1-SG3O1_+1h	primary	R_OG2P1-SG3O1_+1h	R_OG2P1-SG3O1	1	T_CC_150	T_CC	150.0	150.00011419393934	150.005199196061	0.005085002121660409	0.005085002121660409	0.02	True	3625c62a0da1954c05f2c25a8ce89fd780c033322f4d07af01007123ad2086d7	f65f78eceb86b7ec355727c819805a6be3fa951135c98ea00b5a2d0d8301f1f3
primary__R_OG2P1-SG3O1_+1h	primary	R_OG2P1-SG3O1_+1h	R_OG2P1-SG3O1	1	T_CC_180	T_CC	180.0	-179.99987411198484	-179.99723390604075	0.0026402059440897574	0.0026402059440897574	0.02	True	237d0de9329d2f7154e75e1b94b8d20dc99d256df491b1962585edd08ac5d56b	13c2f1349e39cacc4a9c46b21471d249c7f23041a1930778b6ecfc2a935a78ec
primary__R_OG2P1-SG3O1_+1h	primary	R_OG2P1-SG3O1_+1h	R_OG2P1-SG3O1	1	T_CC_210	T_CC	210.0	-150.00009928563182	-150.00607908856736	-0.005979802935542011	0.005979802935542011	0.02	True	ff7ba181ddce36b5fec269c010000630a05fa87e61843c9cb6ae5b286660aa06	1b27e34deeb49818346309a3697502f62c1882876003d7828d92ad9b14af0347
primary__R_OG2P1-SG3O1_+1h	primary	R_OG2P1-SG3O1_+1h	R_OG2P1-SG3O1	1	T_CC_240	T_CC	240.0	-120.00007620746388	-120.00284908904999	-0.002772881586110998	0.002772881586110998	0.02	True	880de9f672087b3c73f343d26033dc31c7e6d04945e3ef56427c9859c467bda9	595055684403d823ef01f905ccbf31e535049da5be0406773b98a45299852181
primary__R_OG2P1-SG3O1_+1h	primary	R_OG2P1-SG3O1_+1h	R_OG2P1-SG3O1	1	T_CC_270	T_CC	270.0	-89.99993474284005	-89.99493375707898	0.005000985761057564	0.005000985761057564	0.02	True	0bb8e714e59c30b159e44188b0df6faf6cdafd8794878db4b1f2197b15d282c8	03bd0031c60f1f1e1742f25a8a241402cf92dffce9e86fbe4691cc26583b7fa0
primary__R_OG2P1-SG3O1_+1h	primary	R_OG2P1-SG3O1_+1h	R_OG2P1-SG3O1	1	T_CC_300	T_CC	300.0	-59.99998160172803	-60.001299690348596	-0.0013180886205645947	0.0013180886205645947	0.02	True	fc6381c1ad4b27e5f9a79cad7e8361d93f1a8d0e253a0d934cd0410aba899c01	fc05d47af00049999b694c4cb9a8176f9fd71ffa843f8d9f68d1cb52f00f12a6
primary__R_OG2P1-SG3O1_+1h	primary	R_OG2P1-SG3O1_+1h	R_OG2P1-SG3O1	1	T_CC_330	T_CC	330.0	-30.00016585816224	-30.01286597113538	-0.012700112973135447	0.012700112973135447	0.02	True	12d5e015638e715123552261c80c982de9108a65a82103add957bb662b8d1c03	49591e8c966d5caf1249fb818b039233d5cafdf7dc47d6422d90602809a461ee
primary__R_OG2P1-SG3O1_+1h	primary	R_OG2P1-SG3O1_+1h	R_OG2P1-SG3O1	1	T_CS_000	T_CS	0.0	1.5180520262743396e-05	-0.0033932482869318127	-0.003408428807205155	0.003408428807205155	0.02	True	b76cb71c416ae436646084247ac0799101a651a6e78ef12bdd936ed29539a181	49b15e3902351e1dbee6fa2cb7fd2f6956bd2d943d85b768998b48384fc9e6b0
primary__R_OG2P1-SG3O1_+1h	primary	R_OG2P1-SG3O1_+1h	R_OG2P1-SG3O1	1	T_CS_010	T_CS	10.0	10.000078136231716	10.000124931279368	4.679504763771547e-05	4.679504763771547e-05	0.02	True	93231ed042bed5c0602602d32e5c5f3d4901969d8156257c0347236c62607f21	4f5d2eadf3dd32cbe7d657e3cbc7035bbf94292a893e6266393c8ce289e6e469
primary__R_OG2P1-SG3O1_+1h	primary	R_OG2P1-SG3O1_+1h	R_OG2P1-SG3O1	1	T_CS_020	T_CS	20.0	20.00017404591677	20.003092461499378	0.0029184155825987546	0.0029184155825987546	0.02	True	fc0fe0aaa70da2491407d7cf40549f0928ad568ab5bdce4bbe2d14d68bfcc78c	21c7bf3be5f1b23b5e37e13c0981c03b58dd530c949bd5dfc588cbab0f7f5535
primary__R_OG2P1-SG3O1_+1h	primary	R_OG2P1-SG3O1_+1h	R_OG2P1-SG3O1	1	T_CS_030	T_CS	30.0	30.00019985596987	30.005823637433814	0.005623781463953037	0.005623781463953037	0.02	True	a05c8327bb40345cb389bdc875b9059d4912df044e264f7722d2fc594a9c36dd	0d6ec222f107e14688c359258c18e736b6fb43ed2976a5d7786989a16d45770a
primary__R_OG2P1-SG3O1_+1h	primary	R_OG2P1-SG3O1_+1h	R_OG2P1-SG3O1	1	T_CS_040	T_CS	40.0	40.00013511844969	40.00696942199564	0.0068343035459577095	0.0068343035459577095	0.02	True	1a3dc833568c912b0d2cb86bfde6f64600b04206593d34bfbb044abbbf528520	d11f9fc7ba527b1e15b4539f27c3cae953f34537d72057a7181edc12516446d3
primary__R_OG2P1-SG3O1_+1h	primary	R_OG2P1-SG3O1_+1h	R_OG2P1-SG3O1	1	T_CS_050	T_CS	50.0	50.000069706040776	50.00575574861138	0.005686042570602012	0.005686042570602012	0.02	True	d5ffde1699a4340c997fb87781ff0319b604b8e83883345a0da527c51bce31d9	15cec3b43d3e789ae5d92bbdffac1352b33df8bc72f6a2bda51e769a9b282aa6
primary__R_OG2P1-SG3O1_+1h	primary	R_OG2P1-SG3O1_+1h	R_OG2P1-SG3O1	1	T_CS_060	T_CS	60.0	60.00001911469256	60.00333090350435	0.0033117888117999428	0.0033117888117999428	0.02	True	80f6abaaca25fcd7bd9b4a96576a6529dc2aab9c92bb4dc8cb8d94382f35e1bd	8cb40a45ef26992c0e700beba75363774713eebbd356c97f00bb832439551650
primary__R_OG2P1-SG3O1_+1h	primary	R_OG2P1-SG3O1_+1h	R_OG2P1-SG3O1	1	T_CS_070	T_CS	70.0	69.99996549339919	70.0001658123861	0.00020031898691286187	0.00020031898691286187	0.02	True	861b37106b6bffb8af5aa0780a88e99efc6bb88ef7f40055d7a4c38fada5ead3	99014270cdf9fb675fab0932e1fc4faaf2c4ce42a0986a2dd95645ef2dd460e7
primary__R_OG2P1-SG3O1_+1h	primary	R_OG2P1-SG3O1_+1h	R_OG2P1-SG3O1	1	T_CS_080	T_CS	80.0	79.99992991278366	79.99685697508399	-0.0030729376996703195	0.0030729376996703195	0.02	True	185564ab2bddfe1f6bee80c92bcc4d84c3c5217d92438a78fed413f0c2f0ee48	c0f544b09473376bbbf2bd859811f3798677b9338b8be8b785d79d6228bf4679
primary__R_OG2P1-SG3O1_+1h	primary	R_OG2P1-SG3O1_+1h	R_OG2P1-SG3O1	1	T_CS_090	T_CS	90.0	89.99991027498892	89.99433563836178	-0.00557463662715918	0.00557463662715918	0.02	True	95090c3545e38e3050c6dfd9ee40f08d6e347c417cfbc010bffb72eed38858f5	bf6396b06862e98a6e3e1b3d323c28e68031a5ec49a0064d02d683e36c97ee35
primary__R_OG2P1-SG3O1_+1h	primary	R_OG2P1-SG3O1_+1h	R_OG2P1-SG3O1	1	T_CS_100	T_CS	100.0	99.99973782178598	99.99313060684364	-0.006607214942334849	0.006607214942334849	0.02	True	c5e6d243501db4ba3bbd09f5ae97a9cc954f7652d24c606c3bb8196a5b512755	cb1e90bf9f2712a21d79b70d1fe7f7fb43b3dd6292e4869be84549bc1e25fd4f
primary__R_OG2P1-SG3O1_+1h	primary	R_OG2P1-SG3O1_+1h	R_OG2P1-SG3O1	1	T_CS_110	T_CS	110.0	109.99982259760765	109.9940001713819	-0.005822426225734034	0.005822426225734034	0.02	True	fd3404ec36fe83815887e7a1e639f61c92bd7d0c7d43580b0b9c0fed1892da18	4256212f5c476ea0e2763b0e2ec8f06c5272a1eb9756625e4361b6af4d3b7011
primary__R_OG2P1-SG3O1_+1h	primary	R_OG2P1-SG3O1_+1h	R_OG2P1-SG3O1	1	T_CS_120	T_CS	120.0	120.0000256226668	119.9966605901553	-0.003365032511510435	0.003365032511510435	0.02	True	cd3a576945e09ba26d11c6c20df75fa39584268550f612d9a1dc957add5b6753	0f3b1fc5e9aeff5f22428355802acea2c7a9836ba1d707b6646af34740cd1ed6
primary__R_OG2P1-SG3O1_+1h	primary	R_OG2P1-SG3O1_+1h	R_OG2P1-SG3O1	1	T_CC_240_FROM_REVERSE_QM	T_CC	240.0	-120.00002885442426	-120.00281331511584	-0.002784460691600543	0.002784460691600543	0.02	True	8af7af63d19b53cffc32f9eda8be8acabcdedd5642a150991c618d46afeeece1	a21856939af0ec2a6f4f59270685748a261444af70b7d79819c2b2483586db46
primary__R_OG2P1-SG3O1_+2h	primary	R_OG2P1-SG3O1_+2h	R_OG2P1-SG3O1	2	T_CC_000	T_CC	0.0	8.2317896820712e-05	0.0016572820632894344	0.001574964166479731	0.001574964166479731	0.02	True	a6e94cfe558c5be38544a34d2a6fad98313d167e35f5e4b511ff44a3e9ca9bd2	7411c71aac8d1644070cdf1538b5739354d318579f9ba69d1e77af1f15e7df60
primary__R_OG2P1-SG3O1_+2h	primary	R_OG2P1-SG3O1_+2h	R_OG2P1-SG3O1	2	T_CC_030	T_CC	30.0	30.000158540910803	30.01030305483737	0.010144513926576337	0.010144513926576337	0.02	True	bab98c0a3ea47718c84ee2523940894bf3eb8df2875321a686eefa8b41f8b782	1a66a873c40df7101f7acb55ee04621acdd0e435a1e24e9f034b40a02f0e5fe4
primary__R_OG2P1-SG3O1_+2h	primary	R_OG2P1-SG3O1_+2h	R_OG2P1-SG3O1	2	T_CC_060	T_CC	60.0	60.0001592609087	60.00448361650375	0.004324355595031193	0.004324355595031193	0.02	True	41baeb9c356cf99a1669a39f741dfb4147717de0ce46134528141edf74e37c1d	6f727efa4daac376c0e9a505125f07af75cd7b4a4035adaeb357dd90cae158aa
primary__R_OG2P1-SG3O1_+2h	primary	R_OG2P1-SG3O1_+2h	R_OG2P1-SG3O1	2	T_CC_090	T_CC	90.0	90.00019699894702	90.00671949192639	0.006522492979371464	0.006522492979371464	0.02	True	dbc39b01855c642528b1b5129ecf4ae28ec9520145b3527abc86ff7044f37fe4	ca08fb71261d5d82de492bf5bc1dd4437d0f133fed35809f43f8ec07f586fd22
primary__R_OG2P1-SG3O1_+2h	primary	R_OG2P1-SG3O1_+2h	R_OG2P1-SG3O1	2	T_CC_120	T_CC	120.0	119.99983965803996	119.99840250855195	-0.0014371494880265345	0.0014371494880265345	0.02	True	703b1af8fd53d30a74d3f4bf3a1f53070360f76270386005e08d7e6d5c6d10b8	7b6607c64d73051f4117b157f1fc20bc05b504b446d484a49482534ac646f3e6
primary__R_OG2P1-SG3O1_+2h	primary	R_OG2P1-SG3O1_+2h	R_OG2P1-SG3O1	2	T_CC_150	T_CC	150.0	150.00011419393934	150.0051855361307	0.005071342191371286	0.005071342191371286	0.02	True	3625c62a0da1954c05f2c25a8ce89fd780c033322f4d07af01007123ad2086d7	d8b15244177a255af2adc5c7bc392dd1ce0355cbd3f2d0cd9743de7d1209c90a
primary__R_OG2P1-SG3O1_+2h	primary	R_OG2P1-SG3O1_+2h	R_OG2P1-SG3O1	2	T_CC_180	T_CC	180.0	-179.99987411198484	-179.9972409934198	0.0026331185650292355	0.0026331185650292355	0.02	True	237d0de9329d2f7154e75e1b94b8d20dc99d256df491b1962585edd08ac5d56b	6e0e4954b070fb803e71a6f37d968ac3c3475a831f825fbeb7783b748f66a8e3
primary__R_OG2P1-SG3O1_+2h	primary	R_OG2P1-SG3O1_+2h	R_OG2P1-SG3O1	2	T_CC_210	T_CC	210.0	-150.00009928563182	-150.00607900526387	-0.005979719632051683	0.005979719632051683	0.02	True	ff7ba181ddce36b5fec269c010000630a05fa87e61843c9cb6ae5b286660aa06	b2e01e879dd506a87ccb1c3515c8c586cd3ff49f7f5f1f40c821c70426382476
primary__R_OG2P1-SG3O1_+2h	primary	R_OG2P1-SG3O1_+2h	R_OG2P1-SG3O1	2	T_CC_240	T_CC	240.0	-120.00007620746388	-120.00284941904422	-0.002773211580347379	0.002773211580347379	0.02	True	880de9f672087b3c73f343d26033dc31c7e6d04945e3ef56427c9859c467bda9	7d94b79cab04b3bac055d2772682b8ca09c109f018ada86077fa4d1572a46613
primary__R_OG2P1-SG3O1_+2h	primary	R_OG2P1-SG3O1_+2h	R_OG2P1-SG3O1	2	T_CC_270	T_CC	270.0	-89.99993474284005	-89.99497093189416	0.004963810945895375	0.004963810945895375	0.02	True	0bb8e714e59c30b159e44188b0df6faf6cdafd8794878db4b1f2197b15d282c8	96d9fd08b94b7ee36f220aaff3a3f9a0f034ff80f1df3de7c6437f0a30319ec7
primary__R_OG2P1-SG3O1_+2h	primary	R_OG2P1-SG3O1_+2h	R_OG2P1-SG3O1	2	T_CC_300	T_CC	300.0	-59.99998160172803	-60.00131861263591	-0.00133701090788918	0.00133701090788918	0.02	True	fc6381c1ad4b27e5f9a79cad7e8361d93f1a8d0e253a0d934cd0410aba899c01	910e4dede7ee387d44541349eafcaf201f5e5e2f82d9d0af985eca4c9c86dc15
primary__R_OG2P1-SG3O1_+2h	primary	R_OG2P1-SG3O1_+2h	R_OG2P1-SG3O1	2	T_CC_330	T_CC	330.0	-30.00016585816224	-30.012864319065407	-0.012698460903152409	0.012698460903152409	0.02	True	12d5e015638e715123552261c80c982de9108a65a82103add957bb662b8d1c03	7738ec6c08470dd1f75101442a42236180b5ebecbdea081369436a94b61c1469
primary__R_OG2P1-SG3O1_+2h	primary	R_OG2P1-SG3O1_+2h	R_OG2P1-SG3O1	2	T_CS_000	T_CS	0.0	1.5180520262743396e-05	-0.003413325618498485	-0.0034285061387606675	0.0034285061387606675	0.02	True	b76cb71c416ae436646084247ac0799101a651a6e78ef12bdd936ed29539a181	a1d9aba3478295b9efe1d4f76d1bbb0ed27a6521c2d5c45547e0376863d6bb7b
primary__R_OG2P1-SG3O1_+2h	primary	R_OG2P1-SG3O1_+2h	R_OG2P1-SG3O1	2	T_CS_010	T_CS	10.0	10.000078136231716	10.000094458440179	1.6322208466590382e-05	1.6322208466590382e-05	0.02	True	93231ed042bed5c0602602d32e5c5f3d4901969d8156257c0347236c62607f21	157522d274c15e28c62bf129fe9af23862b61d6e29176dfa0f5898378bc65673
primary__R_OG2P1-SG3O1_+2h	primary	R_OG2P1-SG3O1_+2h	R_OG2P1-SG3O1	2	T_CS_020	T_CS	20.0	20.00017404591677	20.003051846802627	0.0028778008858694193	0.0028778008858694193	0.02	True	fc0fe0aaa70da2491407d7cf40549f0928ad568ab5bdce4bbe2d14d68bfcc78c	f0c40dcf7a292dc45ffa7a348bbd6302a1a84d0bd12ce44c00257037a1896e90
primary__R_OG2P1-SG3O1_+2h	primary	R_OG2P1-SG3O1_+2h	R_OG2P1-SG3O1	2	T_CS_030	T_CS	30.0	30.00019985596987	30.00573925052915	0.00553939455926411	0.00553939455926411	0.02	True	a05c8327bb40345cb389bdc875b9059d4912df044e264f7722d2fc594a9c36dd	7f16ab0d090de7f0451645a8a46799a82b2fe95c5b802ffdc374d5b414132a26
primary__R_OG2P1-SG3O1_+2h	primary	R_OG2P1-SG3O1_+2h	R_OG2P1-SG3O1	2	T_CS_040	T_CS	40.0	40.00013511844969	40.00694225378295	0.006807135333247061	0.006807135333247061	0.02	True	1a3dc833568c912b0d2cb86bfde6f64600b04206593d34bfbb044abbbf528520	4e57769240247991433ec3905e93e171f1d34e8305a581902d963a4558761c0c
primary__R_OG2P1-SG3O1_+2h	primary	R_OG2P1-SG3O1_+2h	R_OG2P1-SG3O1	2	T_CS_050	T_CS	50.0	50.000069706040776	50.00576590905737	0.005696203016583468	0.005696203016583468	0.02	True	d5ffde1699a4340c997fb87781ff0319b604b8e83883345a0da527c51bce31d9	3080ac93fa0cb0cb31b986bf7072a5f1dcaf24fba74cd1ed34e8e4bc4c87fb7e
primary__R_OG2P1-SG3O1_+2h	primary	R_OG2P1-SG3O1_+2h	R_OG2P1-SG3O1	2	T_CS_060	T_CS	60.0	60.00001911469256	60.00335036825912	0.0033312535665572796	0.0033312535665572796	0.02	True	80f6abaaca25fcd7bd9b4a96576a6529dc2aab9c92bb4dc8cb8d94382f35e1bd	e9ebda0508f671a9b37019cf7bb0dfe4d0fe9b02b6325f4e1611cd73105bbe6b
primary__R_OG2P1-SG3O1_+2h	primary	R_OG2P1-SG3O1_+2h	R_OG2P1-SG3O1	2	T_CS_070	T_CS	70.0	69.99996549339919	70.00018993544491	0.00022444204572025228	0.00022444204572025228	0.02	True	861b37106b6bffb8af5aa0780a88e99efc6bb88ef7f40055d7a4c38fada5ead3	f927d2f5953a0fcafe927591694e54aa235f391a8937f7ea2125e13df59a9cf1
primary__R_OG2P1-SG3O1_+2h	primary	R_OG2P1-SG3O1_+2h	R_OG2P1-SG3O1	2	T_CS_080	T_CS	80.0	79.99992991278366	79.99687772736984	-0.003052185413821462	0.003052185413821462	0.02	True	185564ab2bddfe1f6bee80c92bcc4d84c3c5217d92438a78fed413f0c2f0ee48	48bd7242408eb9d4a54db1b0a85eaf06b212915216275d91e22421982038611b
primary__R_OG2P1-SG3O1_+2h	primary	R_OG2P1-SG3O1_+2h	R_OG2P1-SG3O1	2	T_CS_090	T_CS	90.0	89.99991027498892	89.99436186815554	-0.005548406833383979	0.005548406833383979	0.02	True	95090c3545e38e3050c6dfd9ee40f08d6e347c417cfbc010bffb72eed38858f5	23e16f653bad01ed7b1a55a579193063dfbfbfbc09b9703f8bb6f59c6a92ad63
primary__R_OG2P1-SG3O1_+2h	primary	R_OG2P1-SG3O1_+2h	R_OG2P1-SG3O1	2	T_CS_100	T_CS	100.0	99.99973782178598	99.99317296341795	-0.006564858368051318	0.006564858368051318	0.02	True	c5e6d243501db4ba3bbd09f5ae97a9cc954f7652d24c606c3bb8196a5b512755	dc24d109375c09ba35bd33e2014c77be747da8f1f76c90e2758d0d7672f48e03
primary__R_OG2P1-SG3O1_+2h	primary	R_OG2P1-SG3O1_+2h	R_OG2P1-SG3O1	2	T_CS_110	T_CS	110.0	109.99982259760765	109.99400224687695	-0.005820350730687096	0.005820350730687096	0.02	True	fd3404ec36fe83815887e7a1e639f61c92bd7d0c7d43580b0b9c0fed1892da18	e3339c352e4731262059a01eb7f50030b0f93a0e9a7d10d8c03a0aa9c2e12add
primary__R_OG2P1-SG3O1_+2h	primary	R_OG2P1-SG3O1_+2h	R_OG2P1-SG3O1	2	T_CS_120	T_CS	120.0	120.0000256226668	119.99665345892718	-0.003372163739612688	0.003372163739612688	0.02	True	cd3a576945e09ba26d11c6c20df75fa39584268550f612d9a1dc957add5b6753	63f43c9ddea5528950e429652d1533ef763a931b22bb7331f8d75c82baf593f6
primary__R_OG2P1-SG3O1_+2h	primary	R_OG2P1-SG3O1_+2h	R_OG2P1-SG3O1	2	T_CC_240_FROM_REVERSE_QM	T_CC	240.0	-120.00002885442426	-120.00280112238322	-0.0027722679589601285	0.0027722679589601285	0.02	True	8af7af63d19b53cffc32f9eda8be8acabcdedd5642a150991c618d46afeeece1	6eaccc5b373c1fc599f10bd14e47853f76d17f3f74fffefc2b3da6a131e20db6
primary__R_CG312-SG3O1_-2h	primary	R_CG312-SG3O1_-2h	R_CG312-SG3O1	-2	T_CC_000	T_CC	0.0	8.2317896820712e-05	0.0016330576045937044	0.0015507397077669793	0.0015507397077669793	0.02	True	a6e94cfe558c5be38544a34d2a6fad98313d167e35f5e4b511ff44a3e9ca9bd2	a1214c37d2c58a44da0d353fe5b12556b813fdf5e184237bdcaa0660fc7244da
primary__R_CG312-SG3O1_-2h	primary	R_CG312-SG3O1_-2h	R_CG312-SG3O1	-2	T_CC_030	T_CC	30.0	30.000158540910803	30.010277126792303	0.010118585881514264	0.010118585881514264	0.02	True	bab98c0a3ea47718c84ee2523940894bf3eb8df2875321a686eefa8b41f8b782	04b830bcfb0514265ffe6e62a49a8758f7f0eee1555c55e3e3ee229fa23317a8
primary__R_CG312-SG3O1_-2h	primary	R_CG312-SG3O1_-2h	R_CG312-SG3O1	-2	T_CC_060	T_CC	60.0	60.0001592609087	60.00434609352546	0.004186832616767333	0.004186832616767333	0.02	True	41baeb9c356cf99a1669a39f741dfb4147717de0ce46134528141edf74e37c1d	42f22defbdc8e102c9c824b7b0e02aa15722eae05973b695248c62c070a51686
primary__R_CG312-SG3O1_-2h	primary	R_CG312-SG3O1_-2h	R_CG312-SG3O1	-2	T_CC_090	T_CC	90.0	90.00019699894702	90.00655214878644	0.006355149839407659	0.006355149839407659	0.02	True	dbc39b01855c642528b1b5129ecf4ae28ec9520145b3527abc86ff7044f37fe4	d223c5241bc4e1b17e410e5e7eeb832b15a3c6424ecb80c6511cc419beb686e8
primary__R_CG312-SG3O1_-2h	primary	R_CG312-SG3O1_-2h	R_CG312-SG3O1	-2	T_CC_120	T_CC	120.0	119.99983965803996	119.99841535566347	-0.001424302376506148	0.001424302376506148	0.02	True	703b1af8fd53d30a74d3f4bf3a1f53070360f76270386005e08d7e6d5c6d10b8	48a0a01450cf7a6315523e6840b49500ceaf97b08c508142bd40e18597c1219f
primary__R_CG312-SG3O1_-2h	primary	R_CG312-SG3O1_-2h	R_CG312-SG3O1	-2	T_CC_150	T_CC	150.0	150.00011419393934	150.00512433401443	0.005010140075086156	0.005010140075086156	0.02	True	3625c62a0da1954c05f2c25a8ce89fd780c033322f4d07af01007123ad2086d7	9daa05c89cb26ca375e7358598ce9811670f4e77b91f4520209a55fb81f9eb56
primary__R_CG312-SG3O1_-2h	primary	R_CG312-SG3O1_-2h	R_CG312-SG3O1	-2	T_CC_180	T_CC	180.0	-179.99987411198484	-179.9972358251068	0.002638286878038798	0.002638286878038798	0.02	True	237d0de9329d2f7154e75e1b94b8d20dc99d256df491b1962585edd08ac5d56b	9a32aefaca5857fb42378e45f191080b8c54c9f8eed231cef2896c0a0c4f97f7
primary__R_CG312-SG3O1_-2h	primary	R_CG312-SG3O1_-2h	R_CG312-SG3O1	-2	T_CC_210	T_CC	210.0	-150.00009928563182	-150.0060410585689	-0.005941772937092082	0.005941772937092082	0.02	True	ff7ba181ddce36b5fec269c010000630a05fa87e61843c9cb6ae5b286660aa06	47d2b71ee16f1bfd5dcc3216fbaad04fe695233588076646c5927fc99afba50e
primary__R_CG312-SG3O1_-2h	primary	R_CG312-SG3O1_-2h	R_CG312-SG3O1	-2	T_CC_240	T_CC	240.0	-120.00007620746388	-120.0028734887796	-0.0027972813157361998	0.0027972813157361998	0.02	True	880de9f672087b3c73f343d26033dc31c7e6d04945e3ef56427c9859c467bda9	3df5565e87c7fa2879592b75d0b31792b48f75d28e2116932b60ff5c5d0e008d
primary__R_CG312-SG3O1_-2h	primary	R_CG312-SG3O1_-2h	R_CG312-SG3O1	-2	T_CC_270	T_CC	270.0	-89.99993474284005	-89.99485370187755	0.00508104096252282	0.00508104096252282	0.02	True	0bb8e714e59c30b159e44188b0df6faf6cdafd8794878db4b1f2197b15d282c8	549649137b98d410a73c5679bc0c85f06f7abeeebf79325403d8063677e1f136
primary__R_CG312-SG3O1_-2h	primary	R_CG312-SG3O1_-2h	R_CG312-SG3O1	-2	T_CC_300	T_CC	300.0	-59.99998160172803	-60.00127268121005	-0.0012910794820299998	0.0012910794820299998	0.02	True	fc6381c1ad4b27e5f9a79cad7e8361d93f1a8d0e253a0d934cd0410aba899c01	f961cf32e45b27ced8b2cf6de34bb9ced3fa9090929851b3214dad99444cd330
primary__R_CG312-SG3O1_-2h	primary	R_CG312-SG3O1_-2h	R_CG312-SG3O1	-2	T_CC_330	T_CC	330.0	-30.00016585816224	-30.012826028600692	-0.012660170438437035	0.012660170438437035	0.02	True	12d5e015638e715123552261c80c982de9108a65a82103add957bb662b8d1c03	75b648f71efdb885a1df81673876578260afb6255c363a10dcf8300a604e6edd
primary__R_CG312-SG3O1_-2h	primary	R_CG312-SG3O1_-2h	R_CG312-SG3O1	-2	T_CS_000	T_CS	0.0	1.5180520262743396e-05	-0.0034471258752795534	-0.0034623063955336875	0.0034623063955336875	0.02	True	b76cb71c416ae436646084247ac0799101a651a6e78ef12bdd936ed29539a181	c0170a66b7fc1c973d6aadcf1ab674689caa08873567d9b311ea99bbb5c8bbfb
primary__R_CG312-SG3O1_-2h	primary	R_CG312-SG3O1_-2h	R_CG312-SG3O1	-2	T_CS_010	T_CS	10.0	10.000078136231716	10.000174578426117	9.644219440474444e-05	9.644219440474444e-05	0.02	True	93231ed042bed5c0602602d32e5c5f3d4901969d8156257c0347236c62607f21	38dd5d204f0306cc84538e441c8f047bc4ad8f7995bc819b2a15d796c9784e3e
primary__R_CG312-SG3O1_-2h	primary	R_CG312-SG3O1_-2h	R_CG312-SG3O1	-2	T_CS_020	T_CS	20.0	20.00017404591677	20.003264423005902	0.003090377089137064	0.003090377089137064	0.02	True	fc0fe0aaa70da2491407d7cf40549f0928ad568ab5bdce4bbe2d14d68bfcc78c	4de07e160c575770a26ac97cda63626b1f8baa664061302bd33372e57a842cd4
primary__R_CG312-SG3O1_-2h	primary	R_CG312-SG3O1_-2h	R_CG312-SG3O1	-2	T_CS_030	T_CS	30.0	30.00019985596987	30.006155891793256	0.005956035823373895	0.005956035823373895	0.02	True	a05c8327bb40345cb389bdc875b9059d4912df044e264f7722d2fc594a9c36dd	cf8bb0631bbcf031019c94c6f3522b35ca14628980cdfedc960a19dff3b7f9de
primary__R_CG312-SG3O1_-2h	primary	R_CG312-SG3O1_-2h	R_CG312-SG3O1	-2	T_CS_040	T_CS	40.0	40.00013511844969	40.00705411436999	0.0069189959203015405	0.0069189959203015405	0.02	True	1a3dc833568c912b0d2cb86bfde6f64600b04206593d34bfbb044abbbf528520	093987ff9be995ebb87d22bba47750c829fb743f31467d3c486a0a08864cbc11
primary__R_CG312-SG3O1_-2h	primary	R_CG312-SG3O1_-2h	R_CG312-SG3O1	-2	T_CS_050	T_CS	50.0	50.000069706040776	50.00578792278138	0.005718216740604021	0.005718216740604021	0.02	True	d5ffde1699a4340c997fb87781ff0319b604b8e83883345a0da527c51bce31d9	749ea4854335d8c9527354598e7dec3b7f4c826d44c7494c8e0f2e80b22d087d
primary__R_CG312-SG3O1_-2h	primary	R_CG312-SG3O1_-2h	R_CG312-SG3O1	-2	T_CS_060	T_CS	60.0	60.00001911469256	60.003294994506504	0.0032758798139411738	0.0032758798139411738	0.02	True	80f6abaaca25fcd7bd9b4a96576a6529dc2aab9c92bb4dc8cb8d94382f35e1bd	b39ed86376c7c50a1c731003b2ad4d2762601d2189d50acdd90e7bc33a3742c4
primary__R_CG312-SG3O1_-2h	primary	R_CG312-SG3O1_-2h	R_CG312-SG3O1	-2	T_CS_070	T_CS	70.0	69.99996549339919	70.00008357781321	0.00011808441402649805	0.00011808441402649805	0.02	True	861b37106b6bffb8af5aa0780a88e99efc6bb88ef7f40055d7a4c38fada5ead3	95bfa0a19d73d71753b596f5c2228b8f19c38bb472ddbd41855d0beae59d91a9
primary__R_CG312-SG3O1_-2h	primary	R_CG312-SG3O1_-2h	R_CG312-SG3O1	-2	T_CS_080	T_CS	80.0	79.99992991278366	79.99672702795714	-0.003202884826521313	0.003202884826521313	0.02	True	185564ab2bddfe1f6bee80c92bcc4d84c3c5217d92438a78fed413f0c2f0ee48	27cd14ab2c658b03c4b6e1b445e6b88d2411dd6acdab301e4e58aca9859f3269
primary__R_CG312-SG3O1_-2h	primary	R_CG312-SG3O1_-2h	R_CG312-SG3O1	-2	T_CS_090	T_CS	90.0	89.99991027498892	89.9941769824817	-0.005733292507215992	0.005733292507215992	0.02	True	95090c3545e38e3050c6dfd9ee40f08d6e347c417cfbc010bffb72eed38858f5	1f6ec3d784089e545588cbeb3c59cc6dfeb398954172cdd07db6942b81945ebc
primary__R_CG312-SG3O1_-2h	primary	R_CG312-SG3O1_-2h	R_CG312-SG3O1	-2	T_CS_100	T_CS	100.0	99.99973782178598	99.99299120078581	-0.006746621000161213	0.006746621000161213	0.02	True	c5e6d243501db4ba3bbd09f5ae97a9cc954f7652d24c606c3bb8196a5b512755	ff018196ebc86063e6407fa8f4c68c8cbe554ad662c97e1a6e2016620c7274da
primary__R_CG312-SG3O1_-2h	primary	R_CG312-SG3O1_-2h	R_CG312-SG3O1	-2	T_CS_110	T_CS	110.0	109.99982259760765	109.99389007036095	-0.005932527246699237	0.005932527246699237	0.02	True	fd3404ec36fe83815887e7a1e639f61c92bd7d0c7d43580b0b9c0fed1892da18	7adc9027c6bc111085de2b1f82dcf52f1eb5a9c64040cfa598f6f7968417014c
primary__R_CG312-SG3O1_-2h	primary	R_CG312-SG3O1_-2h	R_CG312-SG3O1	-2	T_CS_120	T_CS	120.0	120.0000256226668	119.99661823705664	-0.003407385610159963	0.003407385610159963	0.02	True	cd3a576945e09ba26d11c6c20df75fa39584268550f612d9a1dc957add5b6753	b38d6d0086fcb3da28fbd2b2e9e0fc6264a20076876a9b6df76f8da85cfe692c
primary__R_CG312-SG3O1_-2h	primary	R_CG312-SG3O1_-2h	R_CG312-SG3O1	-2	T_CC_240_FROM_REVERSE_QM	T_CC	240.0	-120.00002885442426	-120.00285574786068	-0.002826893436406408	0.002826893436406408	0.02	True	8af7af63d19b53cffc32f9eda8be8acabcdedd5642a150991c618d46afeeece1	20c3133c7d0fec8a2405857b62b6678b9235b6c7985403fa6dfec5a4f9649886
primary__R_CG312-SG3O1_-1h	primary	R_CG312-SG3O1_-1h	R_CG312-SG3O1	-1	T_CC_000	T_CC	0.0	8.2317896820712e-05	0.001627106942401674	0.0015447890455675406	0.0015447890455675406	0.02	True	a6e94cfe558c5be38544a34d2a6fad98313d167e35f5e4b511ff44a3e9ca9bd2	837ae8d54ad2aeb3d1ed32dbdb8217d9e128992391856de30e5014e56829c18c
primary__R_CG312-SG3O1_-1h	primary	R_CG312-SG3O1_-1h	R_CG312-SG3O1	-1	T_CC_030	T_CC	30.0	30.000158540910803	30.010276200682046	0.010117659771253784	0.010117659771253784	0.02	True	bab98c0a3ea47718c84ee2523940894bf3eb8df2875321a686eefa8b41f8b782	353d2e842f006569d719b999d1a931844ec03946d105331c8f1a3019857a0e40
primary__R_CG312-SG3O1_-1h	primary	R_CG312-SG3O1_-1h	R_CG312-SG3O1	-1	T_CC_060	T_CC	60.0	60.0001592609087	60.00440011124807	0.004240850339357394	0.004240850339357394	0.02	True	41baeb9c356cf99a1669a39f741dfb4147717de0ce46134528141edf74e37c1d	1ae340c8c391445157787f25acf0372c8fc532d6d698a999f61b6d75a68d773d
primary__R_CG312-SG3O1_-1h	primary	R_CG312-SG3O1_-1h	R_CG312-SG3O1	-1	T_CC_090	T_CC	90.0	90.00019699894702	90.00660715739072	0.006410158443713954	0.006410158443713954	0.02	True	dbc39b01855c642528b1b5129ecf4ae28ec9520145b3527abc86ff7044f37fe4	3bb5189f77dce926cf21783053d33fadb0445e0d1233ee18b9835d200934ef82
primary__R_CG312-SG3O1_-1h	primary	R_CG312-SG3O1_-1h	R_CG312-SG3O1	-1	T_CC_120	T_CC	120.0	119.99983965803996	119.998382563381	-0.0014570946589742562	0.0014570946589742562	0.02	True	703b1af8fd53d30a74d3f4bf3a1f53070360f76270386005e08d7e6d5c6d10b8	8e4bed3dc7a085fb5fecf83c4addf8c9f40feaa1b20a678f1b55f1f107f432aa
primary__R_CG312-SG3O1_-1h	primary	R_CG312-SG3O1_-1h	R_CG312-SG3O1	-1	T_CC_150	T_CC	150.0	150.00011419393934	150.00513857584153	0.005024381902188679	0.005024381902188679	0.02	True	3625c62a0da1954c05f2c25a8ce89fd780c033322f4d07af01007123ad2086d7	a71e47fb51a3dbd132fa09bd2166ca240d10154c057f2d78e1c1788c78ff7b6e
primary__R_CG312-SG3O1_-1h	primary	R_CG312-SG3O1_-1h	R_CG312-SG3O1	-1	T_CC_180	T_CC	180.0	-179.99987411198484	-179.99721947967703	0.002654632307809379	0.002654632307809379	0.02	True	237d0de9329d2f7154e75e1b94b8d20dc99d256df491b1962585edd08ac5d56b	15f1cd6bb5699a528768cba66fe0c0ecba9d6fcc430bc08a0815dfb4e2a2a68c
primary__R_CG312-SG3O1_-1h	primary	R_CG312-SG3O1_-1h	R_CG312-SG3O1	-1	T_CC_210	T_CC	210.0	-150.00009928563182	-150.00606497286742	-0.005965687235601536	0.005965687235601536	0.02	True	ff7ba181ddce36b5fec269c010000630a05fa87e61843c9cb6ae5b286660aa06	b760ef9f844c4a36fdab1539845c113f1557cd542b63976d6fa698882f684d0d
primary__R_CG312-SG3O1_-1h	primary	R_CG312-SG3O1_-1h	R_CG312-SG3O1	-1	T_CC_240	T_CC	240.0	-120.00007620746388	-120.00287729585438	-0.0028010883904983075	0.0028010883904983075	0.02	True	880de9f672087b3c73f343d26033dc31c7e6d04945e3ef56427c9859c467bda9	ba23bf44622f30a5aef37b8ed95c5584850dad7c47c99142ff41397d04cefd0f
primary__R_CG312-SG3O1_-1h	primary	R_CG312-SG3O1_-1h	R_CG312-SG3O1	-1	T_CC_270	T_CC	270.0	-89.99993474284005	-89.99488835386771	0.005046388972345994	0.005046388972345994	0.02	True	0bb8e714e59c30b159e44188b0df6faf6cdafd8794878db4b1f2197b15d282c8	d7647386638f571fc6c2e9d68b89e43a9c21a9004323b9c1443eca3731179298
primary__R_CG312-SG3O1_-1h	primary	R_CG312-SG3O1_-1h	R_CG312-SG3O1	-1	T_CC_300	T_CC	300.0	-59.99998160172803	-60.00128097986833	-0.0012993781402883542	0.0012993781402883542	0.02	True	fc6381c1ad4b27e5f9a79cad7e8361d93f1a8d0e253a0d934cd0410aba899c01	d5666f5aa96350fce67cd38ac39ead892f119265fbedbed19b7830563560c8fa
primary__R_CG312-SG3O1_-1h	primary	R_CG312-SG3O1_-1h	R_CG312-SG3O1	-1	T_CC_330	T_CC	330.0	-30.00016585816224	-30.01283876919081	-0.012672911028573708	0.012672911028573708	0.02	True	12d5e015638e715123552261c80c982de9108a65a82103add957bb662b8d1c03	57bba67d0a8c18ad28654bc3a44d1484365302fff0ce9c12e58aa6e5f897227d
primary__R_CG312-SG3O1_-1h	primary	R_CG312-SG3O1_-1h	R_CG312-SG3O1	-1	T_CS_000	T_CS	0.0	1.5180520262743396e-05	-0.003437902406331528	-0.003453082926597517	0.003453082926597517	0.02	True	b76cb71c416ae436646084247ac0799101a651a6e78ef12bdd936ed29539a181	e3af5bc30a2b6ccf19a5b0e795c61c55fc41c513ec1b078c9cf569973791f373
primary__R_CG312-SG3O1_-1h	primary	R_CG312-SG3O1_-1h	R_CG312-SG3O1	-1	T_CS_010	T_CS	10.0	10.000078136231716	10.000146199020227	6.806278850035596e-05	6.806278850035596e-05	0.02	True	93231ed042bed5c0602602d32e5c5f3d4901969d8156257c0347236c62607f21	a2d56f3b548b0558c736bd9739b9adca85eaae0b615fca2b9f560253d10aa608
primary__R_CG312-SG3O1_-1h	primary	R_CG312-SG3O1_-1h	R_CG312-SG3O1	-1	T_CS_020	T_CS	20.0	20.00017404591677	20.003193159968585	0.00301911405182409	0.00301911405182409	0.02	True	fc0fe0aaa70da2491407d7cf40549f0928ad568ab5bdce4bbe2d14d68bfcc78c	4c49786022f8867d1d50ba5285bc3ca6c480b2265c3dd22772df7e5f5c5511b1
primary__R_CG312-SG3O1_-1h	primary	R_CG312-SG3O1_-1h	R_CG312-SG3O1	-1	T_CS_030	T_CS	30.0	30.00019985596987	30.006012012919616	0.005812156949730252	0.005812156949730252	0.02	True	a05c8327bb40345cb389bdc875b9059d4912df044e264f7722d2fc594a9c36dd	4381df134b2ba29ef2cb2b711d8a01c99585b578ea10e8cc5aaad58ee0da634d
primary__R_CG312-SG3O1_-1h	primary	R_CG312-SG3O1_-1h	R_CG312-SG3O1	-1	T_CS_040	T_CS	40.0	40.00013511844969	40.007013463032955	0.006878344583270746	0.006878344583270746	0.02	True	1a3dc833568c912b0d2cb86bfde6f64600b04206593d34bfbb044abbbf528520	e87f28bce9e23e6c1acbd05bf4f4675e223d5bae8a31650427d464ab2865a72c
primary__R_CG312-SG3O1_-1h	primary	R_CG312-SG3O1_-1h	R_CG312-SG3O1	-1	T_CS_050	T_CS	50.0	50.000069706040776	50.005777958902804	0.005708252862035579	0.005708252862035579	0.02	True	d5ffde1699a4340c997fb87781ff0319b604b8e83883345a0da527c51bce31d9	e1bb4e746e1f81225312973de6d7c287edcf90ea16671a817b8673dfc9d63f8d
primary__R_CG312-SG3O1_-1h	primary	R_CG312-SG3O1_-1h	R_CG312-SG3O1	-1	T_CS_060	T_CS	60.0	60.00001911469256	60.003319402680816	0.0033002879882531033	0.0033002879882531033	0.02	True	80f6abaaca25fcd7bd9b4a96576a6529dc2aab9c92bb4dc8cb8d94382f35e1bd	35503a098d6a9e1a02df32793862fdf4aa8502246e3f10ecd3052b9b99c0585b
primary__R_CG312-SG3O1_-1h	primary	R_CG312-SG3O1_-1h	R_CG312-SG3O1	-1	T_CS_070	T_CS	70.0	69.99996549339919	70.00009271310643	0.0001272197072239578	0.0001272197072239578	0.02	True	861b37106b6bffb8af5aa0780a88e99efc6bb88ef7f40055d7a4c38fada5ead3	86374a8bb99cf189ebf4fe0c8a014137b386fd114d36be1e46f7e5771d248212
primary__R_CG312-SG3O1_-1h	primary	R_CG312-SG3O1_-1h	R_CG312-SG3O1	-1	T_CS_080	T_CS	80.0	79.99992991278366	79.99677710474494	-0.0031528080387204227	0.0031528080387204227	0.02	True	185564ab2bddfe1f6bee80c92bcc4d84c3c5217d92438a78fed413f0c2f0ee48	49793858596ad2c67d01c1dcf449e129493ebb0039bb72c1c49a3c1dad831ad2
primary__R_CG312-SG3O1_-1h	primary	R_CG312-SG3O1_-1h	R_CG312-SG3O1	-1	T_CS_090	T_CS	90.0	89.99991027498892	89.99424967068667	-0.005660604302249794	0.005660604302249794	0.02	True	95090c3545e38e3050c6dfd9ee40f08d6e347c417cfbc010bffb72eed38858f5	e6a3d8fa2b49e3a2b0ace914574fb539e0353446e98805bab696620e8761f79e
primary__R_CG312-SG3O1_-1h	primary	R_CG312-SG3O1_-1h	R_CG312-SG3O1	-1	T_CS_100	T_CS	100.0	99.99973782178598	99.99303381449357	-0.006704007292398728	0.006704007292398728	0.02	True	c5e6d243501db4ba3bbd09f5ae97a9cc954f7652d24c606c3bb8196a5b512755	fb778adf9a424193c3d2fc9f1a788299df08be615fcf58054d247630655f886d
primary__R_CG312-SG3O1_-1h	primary	R_CG312-SG3O1_-1h	R_CG312-SG3O1	-1	T_CS_110	T_CS	110.0	109.99982259760765	109.99393007099327	-0.005892526614388771	0.005892526614388771	0.02	True	fd3404ec36fe83815887e7a1e639f61c92bd7d0c7d43580b0b9c0fed1892da18	17acf3abc9bcb6776a72ea7ec0db2c8c45afb9bcd983f3abe304050088c745b8
primary__R_CG312-SG3O1_-1h	primary	R_CG312-SG3O1_-1h	R_CG312-SG3O1	-1	T_CS_120	T_CS	120.0	120.0000256226668	119.99664587061578	-0.0033797520510177037	0.0033797520510177037	0.02	True	cd3a576945e09ba26d11c6c20df75fa39584268550f612d9a1dc957add5b6753	f2620c81769b8ef551a51df3eac0dd6063ff79924bbdfa78c79b7f0b595dd2ce
primary__R_CG312-SG3O1_-1h	primary	R_CG312-SG3O1_-1h	R_CG312-SG3O1	-1	T_CC_240_FROM_REVERSE_QM	T_CC	240.0	-120.00002885442426	-120.00281631650591	-0.0027874620816419338	0.0027874620816419338	0.02	True	8af7af63d19b53cffc32f9eda8be8acabcdedd5642a150991c618d46afeeece1	fe9eb5e9bf9ba2189df71b7390fc5b215590959d08e75131351dcc5297e75ca7
primary__R_CG312-SG3O1_+1h	primary	R_CG312-SG3O1_+1h	R_CG312-SG3O1	1	T_CC_000	T_CC	0.0	8.2317896820712e-05	0.0015617592776919454	0.0014794413808658646	0.0014794413808658646	0.02	True	a6e94cfe558c5be38544a34d2a6fad98313d167e35f5e4b511ff44a3e9ca9bd2	bd00027531ebeea4de1e7f9d7dafab0c3358368b3de3fc8305e0f5b05c031110
primary__R_CG312-SG3O1_+1h	primary	R_CG312-SG3O1_+1h	R_CG312-SG3O1	1	T_CC_030	T_CC	30.0	30.000158540910803	30.010285716184548	0.010127175273737521	0.010127175273737521	0.02	True	bab98c0a3ea47718c84ee2523940894bf3eb8df2875321a686eefa8b41f8b782	be1d8750e79024591bfe3b2a5b3b316ae52213cf6e6a187efdf4036d6f0a8b21
primary__R_CG312-SG3O1_+1h	primary	R_CG312-SG3O1_+1h	R_CG312-SG3O1	1	T_CC_060	T_CC	60.0	60.0001592609087	60.00449505452652	0.004335793617826766	0.004335793617826766	0.02	True	41baeb9c356cf99a1669a39f741dfb4147717de0ce46134528141edf74e37c1d	23a1cff1f4a473386361879c29bc9e4be43e6a6a6f4b6c68d93b4a70ca9debfd
primary__R_CG312-SG3O1_+1h	primary	R_CG312-SG3O1_+1h	R_CG312-SG3O1	1	T_CC_090	T_CC	90.0	90.00019699894702	90.00665626913036	0.006459270183341914	0.006459270183341914	0.02	True	dbc39b01855c642528b1b5129ecf4ae28ec9520145b3527abc86ff7044f37fe4	23c6d211838a32e4ae0d30cfeac412342fb6af19bd62a6e943a0e8497ccb8d80
primary__R_CG312-SG3O1_+1h	primary	R_CG312-SG3O1_+1h	R_CG312-SG3O1	1	T_CC_120	T_CC	120.0	119.99983965803996	119.9983208925149	-0.001518765525077015	0.001518765525077015	0.02	True	703b1af8fd53d30a74d3f4bf3a1f53070360f76270386005e08d7e6d5c6d10b8	ed757c2e3a413fa8dbe0a8e98a7d6c574e48f95ae74ba59b6b6ae05fd40c0d46
primary__R_CG312-SG3O1_+1h	primary	R_CG312-SG3O1_+1h	R_CG312-SG3O1	1	T_CC_150	T_CC	150.0	150.00011419393934	150.0052123506171	0.005098156677746601	0.005098156677746601	0.02	True	3625c62a0da1954c05f2c25a8ce89fd780c033322f4d07af01007123ad2086d7	ce330812566c74904f5a9f942cba2734a7c15297d04b6457f890b3c729c87c27
primary__R_CG312-SG3O1_+1h	primary	R_CG312-SG3O1_+1h	R_CG312-SG3O1	1	T_CC_180	T_CC	180.0	-179.99987411198484	-179.99724441291954	0.002629699065295199	0.002629699065295199	0.02	True	237d0de9329d2f7154e75e1b94b8d20dc99d256df491b1962585edd08ac5d56b	35280ff58432c24ace093a133e2798be66f50f90295001b74099c3d073e51cf9
primary__R_CG312-SG3O1_+1h	primary	R_CG312-SG3O1_+1h	R_CG312-SG3O1	1	T_CC_210	T_CC	210.0	-150.00009928563182	-150.00609649106244	-0.005997205430617214	0.005997205430617214	0.02	True	ff7ba181ddce36b5fec269c010000630a05fa87e61843c9cb6ae5b286660aa06	0d622281d5157f3ada76b1c6f0630db2ab4cd65db76f15a235c2621c31b4e086
primary__R_CG312-SG3O1_+1h	primary	R_CG312-SG3O1_+1h	R_CG312-SG3O1	1	T_CC_240	T_CC	240.0	-120.00007620746388	-120.00283254073291	-0.002756333269019251	0.002756333269019251	0.02	True	880de9f672087b3c73f343d26033dc31c7e6d04945e3ef56427c9859c467bda9	86e519cfb860af8d8f9216c11e4203b17c7eceaf952967a8b08863efaa838733
primary__R_CG312-SG3O1_+1h	primary	R_CG312-SG3O1_+1h	R_CG312-SG3O1	1	T_CC_270	T_CC	270.0	-89.99993474284005	-89.99499502718199	0.004939715658053956	0.004939715658053956	0.02	True	0bb8e714e59c30b159e44188b0df6faf6cdafd8794878db4b1f2197b15d282c8	c21fb329cede4657ce96f045f65941d103a0239b67dae8f3f31ead21c58eb4a3
primary__R_CG312-SG3O1_+1h	primary	R_CG312-SG3O1_+1h	R_CG312-SG3O1	1	T_CC_300	T_CC	300.0	-59.99998160172803	-60.00130934432245	-0.0013277425944124843	0.0013277425944124843	0.02	True	fc6381c1ad4b27e5f9a79cad7e8361d93f1a8d0e253a0d934cd0410aba899c01	24e6e6e6ce17fcaaace5026229a47c51357e6de8f14220e0621b0afbfda9e2a5
primary__R_CG312-SG3O1_+1h	primary	R_CG312-SG3O1_+1h	R_CG312-SG3O1	1	T_CC_330	T_CC	330.0	-30.00016585816224	-30.01286565875743	-0.012699800595186161	0.012699800595186161	0.02	True	12d5e015638e715123552261c80c982de9108a65a82103add957bb662b8d1c03	77b892c95ba039a280db6205ffc44c02449fe4de74c35c9ccf83b3f759c93b8d
primary__R_CG312-SG3O1_+1h	primary	R_CG312-SG3O1_+1h	R_CG312-SG3O1	1	T_CS_000	T_CS	0.0	1.5180520262743396e-05	-0.0033836478513332557	-0.003398828371587115	0.003398828371587115	0.02	True	b76cb71c416ae436646084247ac0799101a651a6e78ef12bdd936ed29539a181	06502bdc75f7dfada2eae10ee8e7e50688aeb1626c424ae7bcd2a0b16f516052
primary__R_CG312-SG3O1_+1h	primary	R_CG312-SG3O1_+1h	R_CG312-SG3O1	1	T_CS_010	T_CS	10.0	10.000078136231716	10.000121788721925	4.365249020565898e-05	4.365249020565898e-05	0.02	True	93231ed042bed5c0602602d32e5c5f3d4901969d8156257c0347236c62607f21	2c282508f85476492fdebd6f40650a421e2d9047f637b6041c6e849dda496a16
primary__R_CG312-SG3O1_+1h	primary	R_CG312-SG3O1_+1h	R_CG312-SG3O1	1	T_CS_020	T_CS	20.0	20.00017404591677	20.003093654455252	0.0029196085384910475	0.0029196085384910475	0.02	True	fc0fe0aaa70da2491407d7cf40549f0928ad568ab5bdce4bbe2d14d68bfcc78c	23aac6110f1feb92c016c5c0563c6381a29f78b786367e60f2a8cf6ec43fbdf0
primary__R_CG312-SG3O1_+1h	primary	R_CG312-SG3O1_+1h	R_CG312-SG3O1	1	T_CS_030	T_CS	30.0	30.00019985596987	30.00578376564264	0.00558390967276523	0.00558390967276523	0.02	True	a05c8327bb40345cb389bdc875b9059d4912df044e264f7722d2fc594a9c36dd	38f895511d4bcfd16602ef1d50540667ef78b22021bbca5c9f89753b55e44d33
primary__R_CG312-SG3O1_+1h	primary	R_CG312-SG3O1_+1h	R_CG312-SG3O1	1	T_CS_040	T_CS	40.0	40.00013511844969	40.00691846742338	0.0067833489736983665	0.0067833489736983665	0.02	True	1a3dc833568c912b0d2cb86bfde6f64600b04206593d34bfbb044abbbf528520	a57fa0e7c3b1aa301243a375c61ff2332c47aa6b65015cb1a161f93e35d50423
primary__R_CG312-SG3O1_+1h	primary	R_CG312-SG3O1_+1h	R_CG312-SG3O1	1	T_CS_050	T_CS	50.0	50.000069706040776	50.005745708721264	0.005676002680502279	0.005676002680502279	0.02	True	d5ffde1699a4340c997fb87781ff0319b604b8e83883345a0da527c51bce31d9	f5c54abdfb36981cef1794c1134ad93dae9229bbc28361f55939ee39105640e1
primary__R_CG312-SG3O1_+1h	primary	R_CG312-SG3O1_+1h	R_CG312-SG3O1	1	T_CS_060	T_CS	60.0	60.00001911469256	60.00331408933241	0.0032949746398571733	0.0032949746398571733	0.02	True	80f6abaaca25fcd7bd9b4a96576a6529dc2aab9c92bb4dc8cb8d94382f35e1bd	c6a93308af84dd7734e4f2a4718eb66cd59d35d7391d28305312c665cadab264
primary__R_CG312-SG3O1_+1h	primary	R_CG312-SG3O1_+1h	R_CG312-SG3O1	1	T_CS_070	T_CS	70.0	69.99996549339919	70.00013975423292	0.00017426083371674395	0.00017426083371674395	0.02	True	861b37106b6bffb8af5aa0780a88e99efc6bb88ef7f40055d7a4c38fada5ead3	7147b70bd78878f90fb1563f9149854ee814e88692769e96ed53537db7141fbf
primary__R_CG312-SG3O1_+1h	primary	R_CG312-SG3O1_+1h	R_CG312-SG3O1	1	T_CS_080	T_CS	80.0	79.99992991278366	79.99685362766839	-0.0030762851152701387	0.0030762851152701387	0.02	True	185564ab2bddfe1f6bee80c92bcc4d84c3c5217d92438a78fed413f0c2f0ee48	3d0768a525a1f4893b5dc04d1142ab774a3c9e64c35df5b480c202051baa6ea6
primary__R_CG312-SG3O1_+1h	primary	R_CG312-SG3O1_+1h	R_CG312-SG3O1	1	T_CS_090	T_CS	90.0	89.99991027498892	89.99434731492249	-0.005562960066413325	0.005562960066413325	0.02	True	95090c3545e38e3050c6dfd9ee40f08d6e347c417cfbc010bffb72eed38858f5	2ce84449705ed6bf3a837bdf5ae0b683a204a424c3aef4b566272de3c933a8b6
primary__R_CG312-SG3O1_+1h	primary	R_CG312-SG3O1_+1h	R_CG312-SG3O1	1	T_CS_100	T_CS	100.0	99.99973782178598	99.9931456124171	-0.006592209368875501	0.006592209368875501	0.02	True	c5e6d243501db4ba3bbd09f5ae97a9cc954f7652d24c606c3bb8196a5b512755	7546fa21a5cddb0f0c22436f8a2683fe08c82045f5fc2e156df22f56700f93c3
primary__R_CG312-SG3O1_+1h	primary	R_CG312-SG3O1_+1h	R_CG312-SG3O1	1	T_CS_110	T_CS	110.0	109.99982259760765	109.99401185025006	-0.005810747357600121	0.005810747357600121	0.02	True	fd3404ec36fe83815887e7a1e639f61c92bd7d0c7d43580b0b9c0fed1892da18	0af786c04df40f094f7ce3a1875378e37585c4a8e8cbbc8f8329e98164a103fc
primary__R_CG312-SG3O1_+1h	primary	R_CG312-SG3O1_+1h	R_CG312-SG3O1	1	T_CS_120	T_CS	120.0	120.0000256226668	119.99667515573265	-0.0033504669341368754	0.0033504669341368754	0.02	True	cd3a576945e09ba26d11c6c20df75fa39584268550f612d9a1dc957add5b6753	63ec1b846f319ac19bef07efcf811494f4c16a65209d8598c3a41d36cb499e9b
primary__R_CG312-SG3O1_+1h	primary	R_CG312-SG3O1_+1h	R_CG312-SG3O1	1	T_CC_240_FROM_REVERSE_QM	T_CC	240.0	-120.00002885442426	-120.00279561545076	-0.0027667610265211806	0.0027667610265211806	0.02	True	8af7af63d19b53cffc32f9eda8be8acabcdedd5642a150991c618d46afeeece1	895228348fdd500f8dd4aaa30d060772fcbd6110a4914067bb3ac8f53cb9fe81
primary__R_CG312-SG3O1_+2h	primary	R_CG312-SG3O1_+2h	R_CG312-SG3O1	2	T_CC_000	T_CC	0.0	8.2317896820712e-05	0.001514664215517456	0.0014323463186940444	0.0014323463186940444	0.02	True	a6e94cfe558c5be38544a34d2a6fad98313d167e35f5e4b511ff44a3e9ca9bd2	2c5cb7ba37c470a3fd34666df7582fc5969423d5effcc69c1281e37a44f0fd38
primary__R_CG312-SG3O1_+2h	primary	R_CG312-SG3O1_+2h	R_CG312-SG3O1	2	T_CC_030	T_CC	30.0	30.000158540910803	30.01029628241047	0.010137741499676167	0.010137741499676167	0.02	True	bab98c0a3ea47718c84ee2523940894bf3eb8df2875321a686eefa8b41f8b782	50636b5b908ccb3dc3f52fd81e7cee3649aa716beed043ec1c08ce919c1f06af
primary__R_CG312-SG3O1_+2h	primary	R_CG312-SG3O1_+2h	R_CG312-SG3O1	2	T_CC_060	T_CC	60.0	60.0001592609087	60.004556091405526	0.004396830496830262	0.004396830496830262	0.02	True	41baeb9c356cf99a1669a39f741dfb4147717de0ce46134528141edf74e37c1d	8cca31a5a10f14db8622d657dfe09e2608e113499aed903ddf4c832640997afc
primary__R_CG312-SG3O1_+2h	primary	R_CG312-SG3O1_+2h	R_CG312-SG3O1	2	T_CC_090	T_CC	90.0	90.00019699894702	90.00671231817446	0.0065153192274465255	0.0065153192274465255	0.02	True	dbc39b01855c642528b1b5129ecf4ae28ec9520145b3527abc86ff7044f37fe4	4f0b97af1c0329d14d6a84939d81bc1c332ab7d5cead0e6ccb1d04165fd933ae
primary__R_CG312-SG3O1_+2h	primary	R_CG312-SG3O1_+2h	R_CG312-SG3O1	2	T_CC_120	T_CC	120.0	119.99983965803996	119.99828394297538	-0.0015557150645690854	0.0015557150645690854	0.02	True	703b1af8fd53d30a74d3f4bf3a1f53070360f76270386005e08d7e6d5c6d10b8	01cb51fd49c573e9352f51057293eea455e7f70a19b5f84705eddb7de2f6cff8
primary__R_CG312-SG3O1_+2h	primary	R_CG312-SG3O1_+2h	R_CG312-SG3O1	2	T_CC_150	T_CC	150.0	150.00011419393934	150.00523280962864	0.005118615689298167	0.005118615689298167	0.02	True	3625c62a0da1954c05f2c25a8ce89fd780c033322f4d07af01007123ad2086d7	7930a58848bda6cdf20175cd36cbff305010c7245f630f776ac8d166c8d75ec2
primary__R_CG312-SG3O1_+2h	primary	R_CG312-SG3O1_+2h	R_CG312-SG3O1	2	T_CC_180	T_CC	180.0	-179.99987411198484	-179.9972352722524	0.002638839732441056	0.002638839732441056	0.02	True	237d0de9329d2f7154e75e1b94b8d20dc99d256df491b1962585edd08ac5d56b	836ecde3603f64577d2cb8c2f42a053963f6dd1a42597399d784af9f12bad986
primary__R_CG312-SG3O1_+2h	primary	R_CG312-SG3O1_+2h	R_CG312-SG3O1	2	T_CC_210	T_CC	210.0	-150.00009928563182	-150.0061230662029	-0.006023780571069892	0.006023780571069892	0.02	True	ff7ba181ddce36b5fec269c010000630a05fa87e61843c9cb6ae5b286660aa06	98060e8ff79d1ddfd50566c311e87fb577566ecd1dba3b16766c62bfd8128cb1
primary__R_CG312-SG3O1_+2h	primary	R_CG312-SG3O1_+2h	R_CG312-SG3O1	2	T_CC_240	T_CC	240.0	-120.00007620746388	-120.00283258631785	-0.002756378853973729	0.002756378853973729	0.02	True	880de9f672087b3c73f343d26033dc31c7e6d04945e3ef56427c9859c467bda9	3180fdb058a796ff0cd5ed611945760539ee9ab01619a8853770da14b26df4eb
primary__R_CG312-SG3O1_+2h	primary	R_CG312-SG3O1_+2h	R_CG312-SG3O1	2	T_CC_270	T_CC	270.0	-89.99993474284005	-89.9950074855236	0.0049272573164671485	0.0049272573164671485	0.02	True	0bb8e714e59c30b159e44188b0df6faf6cdafd8794878db4b1f2197b15d282c8	25cefdc09f3cd0e7d121c430d131c1a2ca7f30e5cefd563ddd6200d4bcb2f7d4
primary__R_CG312-SG3O1_+2h	primary	R_CG312-SG3O1_+2h	R_CG312-SG3O1	2	T_CC_300	T_CC	300.0	-59.99998160172803	-60.001335040798025	-0.0013534390699874166	0.0013534390699874166	0.02	True	fc6381c1ad4b27e5f9a79cad7e8361d93f1a8d0e253a0d934cd0410aba899c01	ca408942a642808f6ea1980bf6721b49fac95094e7ca91e689c79a3daf300c6f
primary__R_CG312-SG3O1_+2h	primary	R_CG312-SG3O1_+2h	R_CG312-SG3O1	2	T_CC_330	T_CC	330.0	-30.00016585816224	-30.012868633246587	-0.012702775084335372	0.012702775084335372	0.02	True	12d5e015638e715123552261c80c982de9108a65a82103add957bb662b8d1c03	b20947bc39a851b7c04519451e262daf30a2f7a82e43e31310dd4505d04f025e
primary__R_CG312-SG3O1_+2h	primary	R_CG312-SG3O1_+2h	R_CG312-SG3O1	2	T_CS_000	T_CS	0.0	1.5180520262743396e-05	-0.0033443489532792056	-0.0033595294735278003	0.0033595294735278003	0.02	True	b76cb71c416ae436646084247ac0799101a651a6e78ef12bdd936ed29539a181	c4b8e4f820b82740337acc5bb8e4b5e36a623fb39229defce2e0cea3d9888073
primary__R_CG312-SG3O1_+2h	primary	R_CG312-SG3O1_+2h	R_CG312-SG3O1	2	T_CS_010	T_CS	10.0	10.000078136231716	10.000104712367628	2.657613592305097e-05	2.657613592305097e-05	0.02	True	93231ed042bed5c0602602d32e5c5f3d4901969d8156257c0347236c62607f21	86204e444c24da829d60eab9b7c7f40323e16669a2693e4ad44eb418ad489060
primary__R_CG312-SG3O1_+2h	primary	R_CG312-SG3O1_+2h	R_CG312-SG3O1	2	T_CS_020	T_CS	20.0	20.00017404591677	20.003039078969095	0.0028650330523305456	0.0028650330523305456	0.02	True	fc0fe0aaa70da2491407d7cf40549f0928ad568ab5bdce4bbe2d14d68bfcc78c	37230d382c5fb9e3013ee9b8e5d28a3cfee7c5427ecee611fea4284dcb39e119
primary__R_CG312-SG3O1_+2h	primary	R_CG312-SG3O1_+2h	R_CG312-SG3O1	2	T_CS_030	T_CS	30.0	30.00019985596987	30.005667311608136	0.005467455638267893	0.005467455638267893	0.02	True	a05c8327bb40345cb389bdc875b9059d4912df044e264f7722d2fc594a9c36dd	5749761c4fd6873968496ae3b1465c2e8b973817ce900c2bbe77e06e00d249c5
primary__R_CG312-SG3O1_+2h	primary	R_CG312-SG3O1_+2h	R_CG312-SG3O1	2	T_CS_040	T_CS	40.0	40.00013511844969	40.006893710801435	0.006758592351729931	0.006758592351729931	0.02	True	1a3dc833568c912b0d2cb86bfde6f64600b04206593d34bfbb044abbbf528520	be826bf935f165227be52d943e3673eca29074e85dd6c22cbe64bd5692a942d5
primary__R_CG312-SG3O1_+2h	primary	R_CG312-SG3O1_+2h	R_CG312-SG3O1	2	T_CS_050	T_CS	50.0	50.000069706040776	50.005734906588955	0.005665200548179428	0.005665200548179428	0.02	True	d5ffde1699a4340c997fb87781ff0319b604b8e83883345a0da527c51bce31d9	f72b91ef05f1d4f2804a70d720c7df5b0dfb6c91d9619fdbafc6245f26780215
primary__R_CG312-SG3O1_+2h	primary	R_CG312-SG3O1_+2h	R_CG312-SG3O1	2	T_CS_060	T_CS	60.0	60.00001911469256	60.003316935508195	0.003297820815646446	0.003297820815646446	0.02	True	80f6abaaca25fcd7bd9b4a96576a6529dc2aab9c92bb4dc8cb8d94382f35e1bd	f64d6b1075b7a67c3b3951d9ebe9bfbb00ff9c0db7c1f3dbfc4e3d8fab674dbd
primary__R_CG312-SG3O1_+2h	primary	R_CG312-SG3O1_+2h	R_CG312-SG3O1	2	T_CS_070	T_CS	70.0	69.99996549339919	70.00017298504238	0.00020749164320932323	0.00020749164320932323	0.02	True	861b37106b6bffb8af5aa0780a88e99efc6bb88ef7f40055d7a4c38fada5ead3	3d44029b928e3b390474e4792575e3ff20926ac80fb3305bd38085add1fafa5a
primary__R_CG312-SG3O1_+2h	primary	R_CG312-SG3O1_+2h	R_CG312-SG3O1	2	T_CS_080	T_CS	80.0	79.99992991278366	79.99688575047455	-0.0030441623090950998	0.0030441623090950998	0.02	True	185564ab2bddfe1f6bee80c92bcc4d84c3c5217d92438a78fed413f0c2f0ee48	8a06a272a2bc9ad65ab7582c7fab941d5d88a60de753abd0a467d456df53858c
primary__R_CG312-SG3O1_+2h	primary	R_CG312-SG3O1_+2h	R_CG312-SG3O1	2	T_CS_090	T_CS	90.0	89.99991027498892	89.99439526546715	-0.005515009521786851	0.005515009521786851	0.02	True	95090c3545e38e3050c6dfd9ee40f08d6e347c417cfbc010bffb72eed38858f5	f7c414d0b7c71d855c71f91c245b2dd15a0edde3f313d0fa3c4a08cab1b2f5be
primary__R_CG312-SG3O1_+2h	primary	R_CG312-SG3O1_+2h	R_CG312-SG3O1	2	T_CS_100	T_CS	100.0	99.99973782178598	99.99322120620495	-0.006516615581034557	0.006516615581034557	0.02	True	c5e6d243501db4ba3bbd09f5ae97a9cc954f7652d24c606c3bb8196a5b512755	1828a93274960c092e7aaa1c3045a774a7eb16be026bf8253d11a9d30ec65427
primary__R_CG312-SG3O1_+2h	primary	R_CG312-SG3O1_+2h	R_CG312-SG3O1	2	T_CS_110	T_CS	110.0	109.99982259760765	109.99407942827585	-0.0057431693317937516	0.0057431693317937516	0.02	True	fd3404ec36fe83815887e7a1e639f61c92bd7d0c7d43580b0b9c0fed1892da18	cdcfbb39f8998fadede0142df365d60a946d89493196b3178fe87b30dc535f8f
primary__R_CG312-SG3O1_+2h	primary	R_CG312-SG3O1_+2h	R_CG312-SG3O1	2	T_CS_120	T_CS	120.0	120.0000256226668	119.99670229264177	-0.003323330025011728	0.003323330025011728	0.02	True	cd3a576945e09ba26d11c6c20df75fa39584268550f612d9a1dc957add5b6753	792441e5e72928cb613994f39baca7c49f5a9e5ffed568b601e0c5098f062901
primary__R_CG312-SG3O1_+2h	primary	R_CG312-SG3O1_+2h	R_CG312-SG3O1	2	T_CC_240_FROM_REVERSE_QM	T_CC	240.0	-120.00002885442426	-120.00276297884363	-0.0027341244193621606	0.0027341244193621606	0.02	True	8af7af63d19b53cffc32f9eda8be8acabcdedd5642a150991c618d46afeeece1	6a12782142e00233b5d40cb452b4feccdfcf5039670ec010531a39fd115281e9
primary__R_CG312-CG312_-2h	primary	R_CG312-CG312_-2h	R_CG312-CG312	-2	T_CC_000	T_CC	0.0	8.2317896820712e-05	0.0015412124620202432	0.0014588945651894392	0.0014588945651894392	0.02	True	a6e94cfe558c5be38544a34d2a6fad98313d167e35f5e4b511ff44a3e9ca9bd2	4f7a265eb55c3c6e9189d2bb33c999521b5d14afb749cd0f50b421a3422fe052
primary__R_CG312-CG312_-2h	primary	R_CG312-CG312_-2h	R_CG312-CG312	-2	T_CC_030	T_CC	30.0	30.000158540910803	30.010490204472262	0.010331663561458981	0.010331663561458981	0.02	True	bab98c0a3ea47718c84ee2523940894bf3eb8df2875321a686eefa8b41f8b782	7fe51fcd9c1ef6e43d5a1655ccffff5d88c70d849dd542c33175bd91bb5b6836
primary__R_CG312-CG312_-2h	primary	R_CG312-CG312_-2h	R_CG312-CG312	-2	T_CC_060	T_CC	60.0	60.0001592609087	60.00436654286723	0.004207281958542808	0.004207281958542808	0.02	True	41baeb9c356cf99a1669a39f741dfb4147717de0ce46134528141edf74e37c1d	e5b961d6bae9c9784567b53d938ec6d15bca4996ccd1382f54332d67641bede4
primary__R_CG312-CG312_-2h	primary	R_CG312-CG312_-2h	R_CG312-CG312	-2	T_CC_090	T_CC	90.0	90.00019699894702	90.00651853642758	0.006321537480573625	0.006321537480573625	0.02	True	dbc39b01855c642528b1b5129ecf4ae28ec9520145b3527abc86ff7044f37fe4	a9a02f9b7a79639ed23f5b40bf2297caa52a7c2e4111376089b0137701e12fe9
primary__R_CG312-CG312_-2h	primary	R_CG312-CG312_-2h	R_CG312-CG312	-2	T_CC_120	T_CC	120.0	119.99983965803996	119.99827602285366	-0.0015636351863008713	0.0015636351863008713	0.02	True	703b1af8fd53d30a74d3f4bf3a1f53070360f76270386005e08d7e6d5c6d10b8	c0203188dc7f974dffe4ed1de2ec95d80aae27ad70c6ab5b24417547e89c2292
primary__R_CG312-CG312_-2h	primary	R_CG312-CG312_-2h	R_CG312-CG312	-2	T_CC_150	T_CC	150.0	150.00011419393934	150.00538745720178	0.005273263262438377	0.005273263262438377	0.02	True	3625c62a0da1954c05f2c25a8ce89fd780c033322f4d07af01007123ad2086d7	b42d7b442030ba8a7a1406b821b4bef15752023d104fe7d39478e86d801e7361
primary__R_CG312-CG312_-2h	primary	R_CG312-CG312_-2h	R_CG312-CG312	-2	T_CC_180	T_CC	180.0	-179.99987411198484	-179.9971822453864	0.002691866598439674	0.002691866598439674	0.02	True	237d0de9329d2f7154e75e1b94b8d20dc99d256df491b1962585edd08ac5d56b	b6b76b6717beb3657f4e6ef217142bae8fc341b21b6eef390f631804970a562c
primary__R_CG312-CG312_-2h	primary	R_CG312-CG312_-2h	R_CG312-CG312	-2	T_CC_210	T_CC	210.0	-150.00009928563182	-150.00627947177642	-0.006180186144604249	0.006180186144604249	0.02	True	ff7ba181ddce36b5fec269c010000630a05fa87e61843c9cb6ae5b286660aa06	4e0bf32a015db2e2246674bfcb0eec908f806dec72b1e42a538b6567700e6a8a
primary__R_CG312-CG312_-2h	primary	R_CG312-CG312_-2h	R_CG312-CG312	-2	T_CC_240	T_CC	240.0	-120.00007620746388	-120.00296748803498	-0.002891280571105881	0.002891280571105881	0.02	True	880de9f672087b3c73f343d26033dc31c7e6d04945e3ef56427c9859c467bda9	742fc417ad7eda24458c11677ab1c37a4d808a1e9deb993927678fa6c4c80c1f
primary__R_CG312-CG312_-2h	primary	R_CG312-CG312_-2h	R_CG312-CG312	-2	T_CC_270	T_CC	270.0	-89.99993474284005	-89.99466286826362	0.00527187457643663	0.00527187457643663	0.02	True	0bb8e714e59c30b159e44188b0df6faf6cdafd8794878db4b1f2197b15d282c8	ab6df667d9e1fb0079a4608b5a27b46a422a4e8d9f962bf3d04b12b8de2e3e2c
primary__R_CG312-CG312_-2h	primary	R_CG312-CG312_-2h	R_CG312-CG312	-2	T_CC_300	T_CC	300.0	-59.99998160172803	-60.0012726148661	-0.0012910131380863277	0.0012910131380863277	0.02	True	fc6381c1ad4b27e5f9a79cad7e8361d93f1a8d0e253a0d934cd0410aba899c01	c478be68bb8514c5707c860127b97b4b90cb3b16d405c865f1dcd5405b2c3c03
primary__R_CG312-CG312_-2h	primary	R_CG312-CG312_-2h	R_CG312-CG312	-2	T_CC_330	T_CC	330.0	-30.00016585816224	-30.013072396932575	-0.01290653877032355	0.01290653877032355	0.02	True	12d5e015638e715123552261c80c982de9108a65a82103add957bb662b8d1c03	cff0068e705208420ad48ee9788e80186d9a2565f3d4e9d1c85409fac90c37ca
primary__R_CG312-CG312_-2h	primary	R_CG312-CG312_-2h	R_CG312-CG312	-2	T_CS_000	T_CS	0.0	1.5180520262743396e-05	-0.003487999616417778	-0.00350318013667561	0.00350318013667561	0.02	True	b76cb71c416ae436646084247ac0799101a651a6e78ef12bdd936ed29539a181	e06ed784fb1346eb4ec394a0def4ba1e1895983e3aa7fb4fecf46185a3ee8876
primary__R_CG312-CG312_-2h	primary	R_CG312-CG312_-2h	R_CG312-CG312	-2	T_CS_010	T_CS	10.0	10.000078136231716	10.000048595531059	-2.954070066607528e-05	2.954070066607528e-05	0.02	True	93231ed042bed5c0602602d32e5c5f3d4901969d8156257c0347236c62607f21	e145f18deb8bb91fc660e34a194c98f05bf17858ab827c00d414557225d36d16
primary__R_CG312-CG312_-2h	primary	R_CG312-CG312_-2h	R_CG312-CG312	-2	T_CS_020	T_CS	20.0	20.00017404591677	20.003110392226912	0.002936346310150384	0.002936346310150384	0.02	True	fc0fe0aaa70da2491407d7cf40549f0928ad568ab5bdce4bbe2d14d68bfcc78c	7c16cebdf234d9bbfba16956b34cd86b68e00fb2d751f03b553752e924547791
primary__R_CG312-CG312_-2h	primary	R_CG312-CG312_-2h	R_CG312-CG312	-2	T_CS_030	T_CS	30.0	30.00019985596987	30.006082828792312	0.005882972822433885	0.005882972822433885	0.02	True	a05c8327bb40345cb389bdc875b9059d4912df044e264f7722d2fc594a9c36dd	1a19257e9428b36b8a4c3ccfdd02854dfc6bb2ffe1df685b6cf000087aafc31a
primary__R_CG312-CG312_-2h	primary	R_CG312-CG312_-2h	R_CG312-CG312	-2	T_CS_040	T_CS	40.0	40.00013511844969	40.007080072982525	0.006944954532826841	0.006944954532826841	0.02	True	1a3dc833568c912b0d2cb86bfde6f64600b04206593d34bfbb044abbbf528520	fd18348bf7f4b90742316b1232d207cae7b5f959803f5bb24e8d8fc65c63a261
primary__R_CG312-CG312_-2h	primary	R_CG312-CG312_-2h	R_CG312-CG312	-2	T_CS_050	T_CS	50.0	50.000069706040776	50.005838533428836	0.005768827388067166	0.005768827388067166	0.02	True	d5ffde1699a4340c997fb87781ff0319b604b8e83883345a0da527c51bce31d9	5d21e64f49b532aecff0597e3650b10304792e292818e27c031501b24efd780c
primary__R_CG312-CG312_-2h	primary	R_CG312-CG312_-2h	R_CG312-CG312	-2	T_CS_060	T_CS	60.0	60.00001911469256	60.003378104625526	0.003358989932962686	0.003358989932962686	0.02	True	80f6abaaca25fcd7bd9b4a96576a6529dc2aab9c92bb4dc8cb8d94382f35e1bd	0d91d8c51846f1064a750c1e12b251666106b901b6f9466ddeda0d0f44aed2a3
primary__R_CG312-CG312_-2h	primary	R_CG312-CG312_-2h	R_CG312-CG312	-2	T_CS_070	T_CS	70.0	69.99996549339919	70.0001394692956	0.00017397589641632294	0.00017397589641632294	0.02	True	861b37106b6bffb8af5aa0780a88e99efc6bb88ef7f40055d7a4c38fada5ead3	a2443cd3678fece4734a3cb060cd7bcc5e6a7ba120a4d485388b37809165cbf7
primary__R_CG312-CG312_-2h	primary	R_CG312-CG312_-2h	R_CG312-CG312	-2	T_CS_080	T_CS	80.0	79.99992991278366	79.9968079372664	-0.0031219755172742225	0.0031219755172742225	0.02	True	185564ab2bddfe1f6bee80c92bcc4d84c3c5217d92438a78fed413f0c2f0ee48	cbb4df3759c32efbc78a5dad6e122da28fe985ed74828d5e0bb1c1fce0d99407
primary__R_CG312-CG312_-2h	primary	R_CG312-CG312_-2h	R_CG312-CG312	-2	T_CS_090	T_CS	90.0	89.99991027498892	89.99427407052889	-0.00563620446001778	0.00563620446001778	0.02	True	95090c3545e38e3050c6dfd9ee40f08d6e347c417cfbc010bffb72eed38858f5	efe52b6349d2b21027009426ac06cedc75c2a31eed6b87ea4600b8520915fa85
primary__R_CG312-CG312_-2h	primary	R_CG312-CG312_-2h	R_CG312-CG312	-2	T_CS_100	T_CS	100.0	99.99973782178598	99.99305656311519	-0.006681258670795387	0.006681258670795387	0.02	True	c5e6d243501db4ba3bbd09f5ae97a9cc954f7652d24c606c3bb8196a5b512755	bf5db63090754b7491047753caa933466798b7bb007e3618aa6ffbe5dd9bb76b
primary__R_CG312-CG312_-2h	primary	R_CG312-CG312_-2h	R_CG312-CG312	-2	T_CS_110	T_CS	110.0	109.99982259760765	109.99390732177802	-0.005915275829636357	0.005915275829636357	0.02	True	fd3404ec36fe83815887e7a1e639f61c92bd7d0c7d43580b0b9c0fed1892da18	445273a87b657f4fe25b7881f7bcedf41c30ed23c09c98ccc1c41936687558f4
primary__R_CG312-CG312_-2h	primary	R_CG312-CG312_-2h	R_CG312-CG312	-2	T_CS_120	T_CS	120.0	120.0000256226668	119.99654285330494	-0.0034827693618524336	0.0034827693618524336	0.02	True	cd3a576945e09ba26d11c6c20df75fa39584268550f612d9a1dc957add5b6753	d2ce8a6659d608b184bc07aa8f296f11c4edee8a4ae2a40167c9f06388f4783c
primary__R_CG312-CG312_-2h	primary	R_CG312-CG312_-2h	R_CG312-CG312	-2	T_CC_240_FROM_REVERSE_QM	T_CC	240.0	-120.00002885442426	-120.0029493684762	-0.002920514051936607	0.002920514051936607	0.02	True	8af7af63d19b53cffc32f9eda8be8acabcdedd5642a150991c618d46afeeece1	fe9917c0dca526ab37c635a85c35465810333f94c9f39b7b709eafa72ff9bc12
primary__R_CG312-CG312_-1h	primary	R_CG312-CG312_-1h	R_CG312-CG312	-1	T_CC_000	T_CC	0.0	8.2317896820712e-05	0.001558440446598027	0.0014761225497750274	0.0014761225497750274	0.02	True	a6e94cfe558c5be38544a34d2a6fad98313d167e35f5e4b511ff44a3e9ca9bd2	dc66a8a73cc362e732ba59e118b4f9146146e12d4eab4b852f1d2f71a327b5af
primary__R_CG312-CG312_-1h	primary	R_CG312-CG312_-1h	R_CG312-CG312	-1	T_CC_030	T_CC	30.0	30.000158540910803	30.010391796970577	0.010233256059763107	0.010233256059763107	0.02	True	bab98c0a3ea47718c84ee2523940894bf3eb8df2875321a686eefa8b41f8b782	a2144b475dc1b3c6108045eb9e7c818ed79187e1a37b4fffae7c226a85066883
primary__R_CG312-CG312_-1h	primary	R_CG312-CG312_-1h	R_CG312-CG312	-1	T_CC_060	T_CC	60.0	60.0001592609087	60.00441219207292	0.004252931164216989	0.004252931164216989	0.02	True	41baeb9c356cf99a1669a39f741dfb4147717de0ce46134528141edf74e37c1d	8271e65b92adeddd06a82f65647bbd3fb8cd68327fe5b299c4f6af41cc88e8ad
primary__R_CG312-CG312_-1h	primary	R_CG312-CG312_-1h	R_CG312-CG312	-1	T_CC_090	T_CC	90.0	90.00019699894702	90.00658510932432	0.00638811037731557	0.00638811037731557	0.02	True	dbc39b01855c642528b1b5129ecf4ae28ec9520145b3527abc86ff7044f37fe4	d0dcbf59a82c173aedecaabc82795f47765a69ed46b825c328f64185acc75fce
primary__R_CG312-CG312_-1h	primary	R_CG312-CG312_-1h	R_CG312-CG312	-1	T_CC_120	T_CC	120.0	119.99983965803996	119.99830696156843	-0.0015326964715427494	0.0015326964715427494	0.02	True	703b1af8fd53d30a74d3f4bf3a1f53070360f76270386005e08d7e6d5c6d10b8	cc4a29c553e0c3dd9bacf819a074d3c37e6e5475b3d9943b268b0b9b3f044804
primary__R_CG312-CG312_-1h	primary	R_CG312-CG312_-1h	R_CG312-CG312	-1	T_CC_150	T_CC	150.0	150.00011419393934	150.0052914471731	0.005177253233767942	0.005177253233767942	0.02	True	3625c62a0da1954c05f2c25a8ce89fd780c033322f4d07af01007123ad2086d7	91791306e5481f6ed2d37fb2ca92e7f75d38e33763938ef436936a63437d8d2d
primary__R_CG312-CG312_-1h	primary	R_CG312-CG312_-1h	R_CG312-CG312	-1	T_CC_180	T_CC	180.0	-179.99987411198484	-179.99723449078587	0.0026396211989663243	0.0026396211989663243	0.02	True	237d0de9329d2f7154e75e1b94b8d20dc99d256df491b1962585edd08ac5d56b	c18e57654030292d9e4b09d80bf2979ed43e3b57eb065171b730ce69cadfaae2
primary__R_CG312-CG312_-1h	primary	R_CG312-CG312_-1h	R_CG312-CG312	-1	T_CC_210	T_CC	210.0	-150.00009928563182	-150.00618668648252	-0.0060874008507028066	0.0060874008507028066	0.02	True	ff7ba181ddce36b5fec269c010000630a05fa87e61843c9cb6ae5b286660aa06	331c6bff90e33de1a715a919c036aec107b1be85017e94fcaf3e3e8ae1041948
primary__R_CG312-CG312_-1h	primary	R_CG312-CG312_-1h	R_CG312-CG312	-1	T_CC_240	T_CC	240.0	-120.00007620746388	-120.00293288083061	-0.0028566733667503286	0.0028566733667503286	0.02	True	880de9f672087b3c73f343d26033dc31c7e6d04945e3ef56427c9859c467bda9	1a5d95f1e55aac3cb2b472e91e7d8bbe64b59ac022275f2faa1ff066b01950df
primary__R_CG312-CG312_-1h	primary	R_CG312-CG312_-1h	R_CG312-CG312	-1	T_CC_270	T_CC	270.0	-89.99993474284005	-89.99481853652688	0.005116206313175553	0.005116206313175553	0.02	True	0bb8e714e59c30b159e44188b0df6faf6cdafd8794878db4b1f2197b15d282c8	878062256ecbb7d9835f7e74fe16b1b21349a93513bf56a368b494f5c705c57d
primary__R_CG312-CG312_-1h	primary	R_CG312-CG312_-1h	R_CG312-CG312	-1	T_CC_300	T_CC	300.0	-59.99998160172803	-60.00129232952081	-0.0013107277927701944	0.0013107277927701944	0.02	True	fc6381c1ad4b27e5f9a79cad7e8361d93f1a8d0e253a0d934cd0410aba899c01	71e91fb3827e1d0552ee4e52dc1684624398e3a1616e0f6c463a4530307d88fa
primary__R_CG312-CG312_-1h	primary	R_CG312-CG312_-1h	R_CG312-CG312	-1	T_CC_330	T_CC	330.0	-30.00016585816224	-30.012962597954857	-0.01279673979260565	0.01279673979260565	0.02	True	12d5e015638e715123552261c80c982de9108a65a82103add957bb662b8d1c03	c1ddb63d44659cb4a2f656d47c8925b163d1396f37d9680b00a836943472e3e5
primary__R_CG312-CG312_-1h	primary	R_CG312-CG312_-1h	R_CG312-CG312	-1	T_CS_000	T_CS	0.0	1.5180520262743396e-05	-0.0034538730913320145	-0.003469053611581785	0.003469053611581785	0.02	True	b76cb71c416ae436646084247ac0799101a651a6e78ef12bdd936ed29539a181	035f5343f37c7f4f9930a60e22eda93aa76802900f61f83ff7ccfe7fb46559f9
primary__R_CG312-CG312_-1h	primary	R_CG312-CG312_-1h	R_CG312-CG312	-1	T_CS_010	T_CS	10.0	10.000078136231716	10.000087076589201	8.940357474784832e-06	8.940357474784832e-06	0.02	True	93231ed042bed5c0602602d32e5c5f3d4901969d8156257c0347236c62607f21	1ece4cc00219dd1f65193011fd3c3b08ef213ba30c5ff0ba86876c770bfa196f
primary__R_CG312-CG312_-1h	primary	R_CG312-CG312_-1h	R_CG312-CG312	-1	T_CS_020	T_CS	20.0	20.00017404591677	20.003125773990647	0.0029517280738673435	0.0029517280738673435	0.02	True	fc0fe0aaa70da2491407d7cf40549f0928ad568ab5bdce4bbe2d14d68bfcc78c	0ff7b47e32b35ff8742e245816ccdd3e26c35a330a07bf17e93bbfd775450fb8
primary__R_CG312-CG312_-1h	primary	R_CG312-CG312_-1h	R_CG312-CG312	-1	T_CS_030	T_CS	30.0	30.00019985596987	30.0059929994295	0.005793143459641215	0.005793143459641215	0.02	True	a05c8327bb40345cb389bdc875b9059d4912df044e264f7722d2fc594a9c36dd	659914c81ca435d4fd582bbd8be09893efb7912dc626bf57306e68ddd016fda4
primary__R_CG312-CG312_-1h	primary	R_CG312-CG312_-1h	R_CG312-CG312	-1	T_CS_040	T_CS	40.0	40.00013511844969	40.00702201885909	0.006886900409398322	0.006886900409398322	0.02	True	1a3dc833568c912b0d2cb86bfde6f64600b04206593d34bfbb044abbbf528520	cc4bc606e1af089432e18bfde3fbf2cfd3f53390734c9356cc1a1ce8cab12259
primary__R_CG312-CG312_-1h	primary	R_CG312-CG312_-1h	R_CG312-CG312	-1	T_CS_050	T_CS	50.0	50.000069706040776	50.00580635822398	0.005736652183202295	0.005736652183202295	0.02	True	d5ffde1699a4340c997fb87781ff0319b604b8e83883345a0da527c51bce31d9	5445cd483726eafe834bd6d22779fc1b6f4a8acd63a1e848eccc2d88b822dc41
primary__R_CG312-CG312_-1h	primary	R_CG312-CG312_-1h	R_CG312-CG312	-1	T_CS_060	T_CS	60.0	60.00001911469256	60.00333092667706	0.0033118119845028104	0.0033118119845028104	0.02	True	80f6abaaca25fcd7bd9b4a96576a6529dc2aab9c92bb4dc8cb8d94382f35e1bd	d225e4158dc5db5de9f8180a38b9cdd22b812c5908ff1e9db3bbaa61c6f8b6f6
primary__R_CG312-CG312_-1h	primary	R_CG312-CG312_-1h	R_CG312-CG312	-1	T_CS_070	T_CS	70.0	69.99996549339919	70.00012156349193	0.00015607009274276606	0.00015607009274276606	0.02	True	861b37106b6bffb8af5aa0780a88e99efc6bb88ef7f40055d7a4c38fada5ead3	82b8c637be61960dd0a527dc158bb3696d0a91a999ffb1dddb75f452e65665ed
primary__R_CG312-CG312_-1h	primary	R_CG312-CG312_-1h	R_CG312-CG312	-1	T_CS_080	T_CS	80.0	79.99992991278366	79.99681405515373	-0.0031158576299219476	0.0031158576299219476	0.02	True	185564ab2bddfe1f6bee80c92bcc4d84c3c5217d92438a78fed413f0c2f0ee48	bbade3e13d4a699b26aa1b55cc2e65fa8ca70718da80a65e050e20800e892cfd
primary__R_CG312-CG312_-1h	primary	R_CG312-CG312_-1h	R_CG312-CG312	-1	T_CS_090	T_CS	90.0	89.99991027498892	89.99427555346564	-0.00563472152327904	0.00563472152327904	0.02	True	95090c3545e38e3050c6dfd9ee40f08d6e347c417cfbc010bffb72eed38858f5	f77a8959adb779cb3294ec78cfc42a4748dae0708c2c07e9554b82c7f982125e
primary__R_CG312-CG312_-1h	primary	R_CG312-CG312_-1h	R_CG312-CG312	-1	T_CS_100	T_CS	100.0	99.99973782178598	99.99308318688337	-0.006654634902616863	0.006654634902616863	0.02	True	c5e6d243501db4ba3bbd09f5ae97a9cc954f7652d24c606c3bb8196a5b512755	940e5887ccd71c024a5b39f6fc9ea24ed1ba2d9519df136d776a052cf9643866
primary__R_CG312-CG312_-1h	primary	R_CG312-CG312_-1h	R_CG312-CG312	-1	T_CS_110	T_CS	110.0	109.99982259760765	109.99394417903487	-0.005878418572763167	0.005878418572763167	0.02	True	fd3404ec36fe83815887e7a1e639f61c92bd7d0c7d43580b0b9c0fed1892da18	fe2461274081de1da5318bde444fdf624a18dff0c170d153d36fd13dff825acd
primary__R_CG312-CG312_-1h	primary	R_CG312-CG312_-1h	R_CG312-CG312	-1	T_CS_120	T_CS	120.0	120.0000256226668	119.99661240631767	-0.003413216349144932	0.003413216349144932	0.02	True	cd3a576945e09ba26d11c6c20df75fa39584268550f612d9a1dc957add5b6753	1110ae323401c04edb9f59e1b9bd8938334da47476ebdb359994474e124a87d6
primary__R_CG312-CG312_-1h	primary	R_CG312-CG312_-1h	R_CG312-CG312	-1	T_CC_240_FROM_REVERSE_QM	T_CC	240.0	-120.00002885442426	-120.00287958899379	-0.002850734569534552	0.002850734569534552	0.02	True	8af7af63d19b53cffc32f9eda8be8acabcdedd5642a150991c618d46afeeece1	8c359b63728f9bdc4e833846de556da67582c69e5fd7a84dc20653ef635710b0
primary__R_CG312-CG312_+1h	primary	R_CG312-CG312_+1h	R_CG312-CG312	1	T_CC_000	T_CC	0.0	8.2317896820712e-05	0.0015657048506570327	0.0014833869538222189	0.0014833869538222189	0.02	True	a6e94cfe558c5be38544a34d2a6fad98313d167e35f5e4b511ff44a3e9ca9bd2	a544ecedfb1486898198c3e740a0ae577e2a9ba6a0de4b35cf4ee56d06eb74e8
primary__R_CG312-CG312_+1h	primary	R_CG312-CG312_+1h	R_CG312-CG312	1	T_CC_030	T_CC	30.0	30.000158540910803	30.010179005320737	0.010020464409933538	0.010020464409933538	0.02	True	bab98c0a3ea47718c84ee2523940894bf3eb8df2875321a686eefa8b41f8b782	6098b2aa06337fdb04a10f4ce9c11774a91a52c39c0fbf930e9602f3f9657e7d
primary__R_CG312-CG312_+1h	primary	R_CG312-CG312_+1h	R_CG312-CG312	1	T_CC_060	T_CC	60.0	60.0001592609087	60.004499983520354	0.004340722611658521	0.004340722611658521	0.02	True	41baeb9c356cf99a1669a39f741dfb4147717de0ce46134528141edf74e37c1d	fbea379954475999fe14cf5d2daecf118797b19a9521fde8ae445186763ef950
primary__R_CG312-CG312_+1h	primary	R_CG312-CG312_+1h	R_CG312-CG312	1	T_CC_090	T_CC	90.0	90.00019699894702	90.00671830600199	0.006521307054981662	0.006521307054981662	0.02	True	dbc39b01855c642528b1b5129ecf4ae28ec9520145b3527abc86ff7044f37fe4	84ce7729421382397f89ae5e92f52cd3debbd2598c05a62365c74005b9119ca4
primary__R_CG312-CG312_+1h	primary	R_CG312-CG312_+1h	R_CG312-CG312	1	T_CC_120	T_CC	120.0	119.99983965803996	119.99840738150888	-0.0014322765310907926	0.0014322765310907926	0.02	True	703b1af8fd53d30a74d3f4bf3a1f53070360f76270386005e08d7e6d5c6d10b8	a59eb8053a60b34770fb73e38f548b1b25c14f2d0b7bc1b9e46bd01c33e98b9b
primary__R_CG312-CG312_+1h	primary	R_CG312-CG312_+1h	R_CG312-CG312	1	T_CC_150	T_CC	150.0	150.00011419393934	150.00507684903363	0.004962655094288948	0.004962655094288948	0.02	True	3625c62a0da1954c05f2c25a8ce89fd780c033322f4d07af01007123ad2086d7	903795f9d424a6716bb1ca253eb0e97a96a3a798e1294b5a6cc21f306b9f6e07
primary__R_CG312-CG312_+1h	primary	R_CG312-CG312_+1h	R_CG312-CG312	1	T_CC_180	T_CC	180.0	-179.99987411198484	-179.99726434579395	0.0026097661908863756	0.0026097661908863756	0.02	True	237d0de9329d2f7154e75e1b94b8d20dc99d256df491b1962585edd08ac5d56b	13efed3ae90f14f95eeb508c54aba69930b376d03857048119c955eaaf83c808
primary__R_CG312-CG312_+1h	primary	R_CG312-CG312_+1h	R_CG312-CG312	1	T_CC_210	T_CC	210.0	-150.00009928563182	-150.00598463293386	-0.0058853473020406	0.0058853473020406	0.02	True	ff7ba181ddce36b5fec269c010000630a05fa87e61843c9cb6ae5b286660aa06	ff667e6188c4643b9279b498470f59b6fc9b67506b00b8ed0b2756c0774e3490
primary__R_CG312-CG312_+1h	primary	R_CG312-CG312_+1h	R_CG312-CG312	1	T_CC_240	T_CC	240.0	-120.00007620746388	-120.00279566217932	-0.0027194547154465454	0.0027194547154465454	0.02	True	880de9f672087b3c73f343d26033dc31c7e6d04945e3ef56427c9859c467bda9	c1c2727febfa813d9da2a19087fb6136c31edfa23342958691b617268a15c849
primary__R_CG312-CG312_+1h	primary	R_CG312-CG312_+1h	R_CG312-CG312	1	T_CC_270	T_CC	270.0	-89.99993474284005	-89.99509913931246	0.004835603527595822	0.004835603527595822	0.02	True	0bb8e714e59c30b159e44188b0df6faf6cdafd8794878db4b1f2197b15d282c8	938aa21782123ced7b616452e184f78100a54797c913e69748a77bf4d21cd432
primary__R_CG312-CG312_+1h	primary	R_CG312-CG312_+1h	R_CG312-CG312	1	T_CC_300	T_CC	300.0	-59.99998160172803	-60.0013108269558	-0.001329225227777897	0.001329225227777897	0.02	True	fc6381c1ad4b27e5f9a79cad7e8361d93f1a8d0e253a0d934cd0410aba899c01	5b114b9f072cf88921add2ce4ef6a242740acdc466480a992598a2cc8ed08b95
primary__R_CG312-CG312_+1h	primary	R_CG312-CG312_+1h	R_CG312-CG312	1	T_CC_330	T_CC	330.0	-30.00016585816224	-30.01273528476266	-0.012569426600407496	0.012569426600407496	0.02	True	12d5e015638e715123552261c80c982de9108a65a82103add957bb662b8d1c03	1f913b089bd7f3230d64471d161f513c0a0ad1ced5668cc116e3b709a5e7cf55
primary__R_CG312-CG312_+1h	primary	R_CG312-CG312_+1h	R_CG312-CG312	1	T_CS_000	T_CS	0.0	1.5180520262743396e-05	-0.003349064342570252	-0.0033642448628370403	0.0033642448628370403	0.02	True	b76cb71c416ae436646084247ac0799101a651a6e78ef12bdd936ed29539a181	8428988ec91626f8937551d0797cbd5cbde3aa24382770a025652f40c669995e
primary__R_CG312-CG312_+1h	primary	R_CG312-CG312_+1h	R_CG312-CG312	1	T_CS_010	T_CS	10.0	10.000078136231716	10.000190973789936	0.00011283755821978048	0.00011283755821978048	0.02	True	93231ed042bed5c0602602d32e5c5f3d4901969d8156257c0347236c62607f21	292286c792e3f1479e637df48d87239b47db98deb7ba43c6633ccd164401d3e8
primary__R_CG312-CG312_+1h	primary	R_CG312-CG312_+1h	R_CG312-CG312	1	T_CS_020	T_CS	20.0	20.00017404591677	20.00319599829481	0.003021952378048809	0.003021952378048809	0.02	True	fc0fe0aaa70da2491407d7cf40549f0928ad568ab5bdce4bbe2d14d68bfcc78c	04f831f03b6f083180d7cb3722f40fc3652503174c8dd21744904178f257a7b9
primary__R_CG312-CG312_+1h	primary	R_CG312-CG312_+1h	R_CG312-CG312	1	T_CS_030	T_CS	30.0	30.00019985596987	30.005807647357475	0.005607791387603811	0.005607791387603811	0.02	True	a05c8327bb40345cb389bdc875b9059d4912df044e264f7722d2fc594a9c36dd	7cda941a0502c01c1af5eb48c928e50813695c1044d5c4b144b306c2054cc841
primary__R_CG312-CG312_+1h	primary	R_CG312-CG312_+1h	R_CG312-CG312	1	T_CS_040	T_CS	40.0	40.00013511844969	40.006906304261264	0.006771185811572877	0.006771185811572877	0.02	True	1a3dc833568c912b0d2cb86bfde6f64600b04206593d34bfbb044abbbf528520	3cdc69af2c32ecfbdc9185e682ea19db559baf86578e2d602fc291d9e7782ce6
primary__R_CG312-CG312_+1h	primary	R_CG312-CG312_+1h	R_CG312-CG312	1	T_CS_050	T_CS	50.0	50.000069706040776	50.00571193978265	0.005642233741866676	0.005642233741866676	0.02	True	d5ffde1699a4340c997fb87781ff0319b604b8e83883345a0da527c51bce31d9	8398d96fada99ca3986041731378c05c45b0dfc5ef4a98d8c75b0ec5fb4f14f5
primary__R_CG312-CG312_+1h	primary	R_CG312-CG312_+1h	R_CG312-CG312	1	T_CS_060	T_CS	60.0	60.00001911469256	60.003289326646325	0.0032702119537475483	0.0032702119537475483	0.02	True	80f6abaaca25fcd7bd9b4a96576a6529dc2aab9c92bb4dc8cb8d94382f35e1bd	2d5e8b610814ce7b2c6f4ad27234c35081f0bc9d57dc62f40910ba9791f28dd0
primary__R_CG312-CG312_+1h	primary	R_CG312-CG312_+1h	R_CG312-CG312	1	T_CS_070	T_CS	70.0	69.99996549339919	70.00010239072047	0.00013689732128341348	0.00013689732128341348	0.02	True	861b37106b6bffb8af5aa0780a88e99efc6bb88ef7f40055d7a4c38fada5ead3	9c1909d2923a9af698a94610943d38b28f7480010a7dcd86eac9fc0a9764048b
primary__R_CG312-CG312_+1h	primary	R_CG312-CG312_+1h	R_CG312-CG312	1	T_CS_080	T_CS	80.0	79.99992991278366	79.99680549975363	-0.0031244130300365214	0.0031244130300365214	0.02	True	185564ab2bddfe1f6bee80c92bcc4d84c3c5217d92438a78fed413f0c2f0ee48	a89f399a691e20f7a3375013bccbc027f80931a0d0ae8e14994e1d4bd2871088
primary__R_CG312-CG312_+1h	primary	R_CG312-CG312_+1h	R_CG312-CG312	1	T_CS_090	T_CS	90.0	89.99991027498892	89.99430802133678	-0.005602253652142508	0.005602253652142508	0.02	True	95090c3545e38e3050c6dfd9ee40f08d6e347c417cfbc010bffb72eed38858f5	a6ad12672d5f8962a274037a67265d3a3452a59d20679aadf95bc2bc0af6e3d3
primary__R_CG312-CG312_+1h	primary	R_CG312-CG312_+1h	R_CG312-CG312	1	T_CS_100	T_CS	100.0	99.99973782178598	99.9931143268825	-0.006623494903465144	0.006623494903465144	0.02	True	c5e6d243501db4ba3bbd09f5ae97a9cc954f7652d24c606c3bb8196a5b512755	3d1d4c6d900fd498d67f32722502855069c52f4a627ccbc52dbea496c8505e56
primary__R_CG312-CG312_+1h	primary	R_CG312-CG312_+1h	R_CG312-CG312	1	T_CS_110	T_CS	110.0	109.99982259760765	109.99401708358207	-0.005805514025581715	0.005805514025581715	0.02	True	fd3404ec36fe83815887e7a1e639f61c92bd7d0c7d43580b0b9c0fed1892da18	9f3f7d5a858030b71ef7077c0a920cd84f23fba152315a23b5edb76adf2490f6
primary__R_CG312-CG312_+1h	primary	R_CG312-CG312_+1h	R_CG312-CG312	1	T_CS_120	T_CS	120.0	120.0000256226668	119.99670781920048	-0.0033178034663023936	0.0033178034663023936	0.02	True	cd3a576945e09ba26d11c6c20df75fa39584268550f612d9a1dc957add5b6753	568e5ddedf0efb66aea67025604da34802e204af3beddabb7fad6b7e573ee260
primary__R_CG312-CG312_+1h	primary	R_CG312-CG312_+1h	R_CG312-CG312	1	T_CC_240_FROM_REVERSE_QM	T_CC	240.0	-120.00002885442426	-120.00272976332904	-0.0027009089047851376	0.0027009089047851376	0.02	True	8af7af63d19b53cffc32f9eda8be8acabcdedd5642a150991c618d46afeeece1	d7de1a613bc2ab19a23c42c826ceddd4d8739c48e9405dc75b09d828d00f97e1
primary__R_CG312-CG312_+2h	primary	R_CG312-CG312_+2h	R_CG312-CG312	2	T_CC_000	T_CC	0.0	8.2317896820712e-05	0.0016364570425173837	0.0015541391456963538	0.0015541391456963538	0.02	True	a6e94cfe558c5be38544a34d2a6fad98313d167e35f5e4b511ff44a3e9ca9bd2	1c12bc5a8ac4f922e0f964bb221351af9a7d7a22679aed1f4b9e56605895a5fa
primary__R_CG312-CG312_+2h	primary	R_CG312-CG312_+2h	R_CG312-CG312	2	T_CC_030	T_CC	30.0	30.000158540910803	30.010080694189806	0.009922153279006807	0.009922153279006807	0.02	True	bab98c0a3ea47718c84ee2523940894bf3eb8df2875321a686eefa8b41f8b782	44db813542714e2034503683fdc681fb465b4211c147762abc717ef95c8e2751
primary__R_CG312-CG312_+2h	primary	R_CG312-CG312_+2h	R_CG312-CG312	2	T_CC_060	T_CC	60.0	60.0001592609087	60.0045196844107	0.004360423501992727	0.004360423501992727	0.02	True	41baeb9c356cf99a1669a39f741dfb4147717de0ce46134528141edf74e37c1d	c50195a2c16bc302bc9d1f1bc7ef80705e7f876559b22115c4ebfd9f176323c7
primary__R_CG312-CG312_+2h	primary	R_CG312-CG312_+2h	R_CG312-CG312	2	T_CC_090	T_CC	90.0	90.00019699894702	90.00679858736012	0.006601588413104764	0.006601588413104764	0.02	True	dbc39b01855c642528b1b5129ecf4ae28ec9520145b3527abc86ff7044f37fe4	7d7919874bb30f868ff76b87c8b497d8705ba736b5c7f7b2941e0dc05427edb7
primary__R_CG312-CG312_+2h	primary	R_CG312-CG312_+2h	R_CG312-CG312	2	T_CC_120	T_CC	120.0	119.99983965803996	119.99845033359377	-0.0013893244461939958	0.0013893244461939958	0.02	True	703b1af8fd53d30a74d3f4bf3a1f53070360f76270386005e08d7e6d5c6d10b8	5d1b8361898869f50b2578e665f3b11fe6cf159b408ad374b0bb2d79200acfa5
primary__R_CG312-CG312_+2h	primary	R_CG312-CG312_+2h	R_CG312-CG312	2	T_CC_150	T_CC	150.0	150.00011419393934	150.00501563354186	0.004901439602519986	0.004901439602519986	0.02	True	3625c62a0da1954c05f2c25a8ce89fd780c033322f4d07af01007123ad2086d7	d81478f1de77eb86d71f48b48c5cae5df9128bcb69e320d25af11e530ce4d670
primary__R_CG312-CG312_+2h	primary	R_CG312-CG312_+2h	R_CG312-CG312	2	T_CC_180	T_CC	180.0	-179.99987411198484	-179.99728046284105	0.002593649143790344	0.002593649143790344	0.02	True	237d0de9329d2f7154e75e1b94b8d20dc99d256df491b1962585edd08ac5d56b	7881f7b145a9d7c639adf37e634e5bedacc9cd4509867830c895fbeacf9ae898
primary__R_CG312-CG312_+2h	primary	R_CG312-CG312_+2h	R_CG312-CG312	2	T_CC_210	T_CC	210.0	-150.00009928563182	-150.00588967359673	-0.005790387964907495	0.005790387964907495	0.02	True	ff7ba181ddce36b5fec269c010000630a05fa87e61843c9cb6ae5b286660aa06	d0ff5900074fb5a6d3d4ff3c5030b71ef954fd23a4b910dd1978a33097d7240c
primary__R_CG312-CG312_+2h	primary	R_CG312-CG312_+2h	R_CG312-CG312	2	T_CC_240	T_CC	240.0	-120.00007620746388	-120.00269844725594	-0.0026222397920605545	0.0026222397920605545	0.02	True	880de9f672087b3c73f343d26033dc31c7e6d04945e3ef56427c9859c467bda9	7540e5dd9cb2800db0385469fe10f975acc9b11fea9b5398f3c7a8b7581007a7
primary__R_CG312-CG312_+2h	primary	R_CG312-CG312_+2h	R_CG312-CG312	2	T_CC_270	T_CC	270.0	-89.99993474284005	-89.99521952443514	0.004715218404896859	0.004715218404896859	0.02	True	0bb8e714e59c30b159e44188b0df6faf6cdafd8794878db4b1f2197b15d282c8	e61c92e31f6ec3cdcf5649ff56e20e0051afacb638c3dd876ea721779879378c
primary__R_CG312-CG312_+2h	primary	R_CG312-CG312_+2h	R_CG312-CG312	2	T_CC_300	T_CC	300.0	-59.99998160172803	-60.001317455355725	-0.0013358536276939503	0.0013358536276939503	0.02	True	fc6381c1ad4b27e5f9a79cad7e8361d93f1a8d0e253a0d934cd0410aba899c01	3f91bffa7710393457bb3ab91eba586bd2ffc09608e5435407d2d48f3490b2d4
primary__R_CG312-CG312_+2h	primary	R_CG312-CG312_+2h	R_CG312-CG312	2	T_CC_330	T_CC	330.0	-30.00016585816224	-30.01260273820412	-0.012436880041889253	0.012436880041889253	0.02	True	12d5e015638e715123552261c80c982de9108a65a82103add957bb662b8d1c03	29a141b4b87deaa0c46322423218a66a9fa487dd8a2532416381d4e6802b18de
primary__R_CG312-CG312_+2h	primary	R_CG312-CG312_+2h	R_CG312-CG312	2	T_CS_000	T_CS	0.0	1.5180520262743396e-05	-0.0032938880625884705	-0.003309068582865393	0.003309068582865393	0.02	True	b76cb71c416ae436646084247ac0799101a651a6e78ef12bdd936ed29539a181	3533e063921e1e9f924d660c9fa0aca0208666ba7837c6b42b2559768272440f
primary__R_CG312-CG312_+2h	primary	R_CG312-CG312_+2h	R_CG312-CG312	2	T_CS_010	T_CS	10.0	10.000078136231716	10.000280434003797	0.00020229777209124222	0.00020229777209124222	0.02	True	93231ed042bed5c0602602d32e5c5f3d4901969d8156257c0347236c62607f21	7ea26221c9275b4508c829df6575f670dc5678a9dedc04d59d3306fbcf052fb9
primary__R_CG312-CG312_+2h	primary	R_CG312-CG312_+2h	R_CG312-CG312	2	T_CS_020	T_CS	20.0	20.00017404591677	20.003218601002388	0.0030445550856086356	0.0030445550856086356	0.02	True	fc0fe0aaa70da2491407d7cf40549f0928ad568ab5bdce4bbe2d14d68bfcc78c	39befdc62bcdd32669e8641ed5e9e2c73d0206fffe068217fd80ea05d2c1f6cf
primary__R_CG312-CG312_+2h	primary	R_CG312-CG312_+2h	R_CG312-CG312	2	T_CS_030	T_CS	30.0	30.00019985596987	30.005735171923824	0.0055353159539492935	0.0055353159539492935	0.02	True	a05c8327bb40345cb389bdc875b9059d4912df044e264f7722d2fc594a9c36dd	ff441eaf9902b20608248d6eee44d48277dd747c1889ada9fd6bee915549a37a
primary__R_CG312-CG312_+2h	primary	R_CG312-CG312_+2h	R_CG312-CG312	2	T_CS_040	T_CS	40.0	40.00013511844969	40.006849028523085	0.006713910073386842	0.006713910073386842	0.02	True	1a3dc833568c912b0d2cb86bfde6f64600b04206593d34bfbb044abbbf528520	7585ba9088ce7993661e4988dd0c83fb114c37b03429b25178ff5bbc0c96f015
primary__R_CG312-CG312_+2h	primary	R_CG312-CG312_+2h	R_CG312-CG312	2	T_CS_050	T_CS	50.0	50.000069706040776	50.0056705217484	0.0056008157076234966	0.0056008157076234966	0.02	True	d5ffde1699a4340c997fb87781ff0319b604b8e83883345a0da527c51bce31d9	b0a352ea3014495e76ba52fc68bd43f1c5c348857a9055cfcb585aad645420dc
primary__R_CG312-CG312_+2h	primary	R_CG312-CG312_+2h	R_CG312-CG312	2	T_CS_060	T_CS	60.0	60.00001911469256	60.00324917197504	0.0032300572824794926	0.0032300572824794926	0.02	True	80f6abaaca25fcd7bd9b4a96576a6529dc2aab9c92bb4dc8cb8d94382f35e1bd	0eb961e5a95bd9411b90b29fa70a6d9eee79922f5d40c29a4af4527466b2e5c1
primary__R_CG312-CG312_+2h	primary	R_CG312-CG312_+2h	R_CG312-CG312	2	T_CS_070	T_CS	70.0	69.99996549339919	70.00010367973297	0.0001381863337996947	0.0001381863337996947	0.02	True	861b37106b6bffb8af5aa0780a88e99efc6bb88ef7f40055d7a4c38fada5ead3	706dd6817bf02053875f836b3277f20980bd48c874e8c4ee61b5d6834c6cb684
primary__R_CG312-CG312_+2h	primary	R_CG312-CG312_+2h	R_CG312-CG312	2	T_CS_080	T_CS	80.0	79.99992991278366	79.99682043165821	-0.003109481125449065	0.003109481125449065	0.02	True	185564ab2bddfe1f6bee80c92bcc4d84c3c5217d92438a78fed413f0c2f0ee48	ffa91ec04ff66db9f30819e69fa2c242b4c5701bc48322b3c1d2394d2d5c2a26
primary__R_CG312-CG312_+2h	primary	R_CG312-CG312_+2h	R_CG312-CG312	2	T_CS_090	T_CS	90.0	89.99991027498892	89.9943188436577	-0.005591431331225749	0.005591431331225749	0.02	True	95090c3545e38e3050c6dfd9ee40f08d6e347c417cfbc010bffb72eed38858f5	6d342fc0069d6ac618ef789f7c5815530e503939ed119a7fe49d9da8b554398a
primary__R_CG312-CG312_+2h	primary	R_CG312-CG312_+2h	R_CG312-CG312	2	T_CS_100	T_CS	100.0	99.99973782178598	99.99313275591363	-0.006605065872349769	0.006605065872349769	0.02	True	c5e6d243501db4ba3bbd09f5ae97a9cc954f7652d24c606c3bb8196a5b512755	f00f33f07b19bea2708963bfae67704512dec7fdb90d8d98851fe341e359f742
primary__R_CG312-CG312_+2h	primary	R_CG312-CG312_+2h	R_CG312-CG312	2	T_CS_110	T_CS	110.0	109.99982259760765	109.99405095883073	-0.005771638776934651	0.005771638776934651	0.02	True	fd3404ec36fe83815887e7a1e639f61c92bd7d0c7d43580b0b9c0fed1892da18	87b8757f3f64e4fb2cc44de57207122d2a92c534af238ec13263ee100c9db9a6
primary__R_CG312-CG312_+2h	primary	R_CG312-CG312_+2h	R_CG312-CG312	2	T_CS_120	T_CS	120.0	120.0000256226668	119.99675964578879	-0.003265976878026322	0.003265976878026322	0.02	True	cd3a576945e09ba26d11c6c20df75fa39584268550f612d9a1dc957add5b6753	4beba2ae6ab1655cb50ddb55d49a79bfa03635cfada5017ededf0871841efd1d
primary__R_CG312-CG312_+2h	primary	R_CG312-CG312_+2h	R_CG312-CG312	2	T_CC_240_FROM_REVERSE_QM	T_CC	240.0	-120.00002885442426	-120.00267584669591	-0.002646992271650106	0.002646992271650106	0.02	True	8af7af63d19b53cffc32f9eda8be8acabcdedd5642a150991c618d46afeeece1	e738ec4727693b069ff5a43d0faf71edaec1cdc8043faa3c4751b041c2b0aaf7
primary__R_CG302-CG312_-2h	primary	R_CG302-CG312_-2h	R_CG302-CG312	-2	T_CC_000	T_CC	0.0	8.2317896820712e-05	0.0015411850633578414	0.0014588671665478614	0.0014588671665478614	0.02	True	a6e94cfe558c5be38544a34d2a6fad98313d167e35f5e4b511ff44a3e9ca9bd2	0245e768830f4f944ce1851993319697ad9c4e9ceaf9e8d6397d095d08cb20c5
primary__R_CG302-CG312_-2h	primary	R_CG302-CG312_-2h	R_CG302-CG312	-2	T_CC_030	T_CC	30.0	30.000158540910803	30.010289139926634	0.010130599015838015	0.010130599015838015	0.02	True	bab98c0a3ea47718c84ee2523940894bf3eb8df2875321a686eefa8b41f8b782	d720c0995dac4bd2cb161b3729488e090fd959bb341de09073f136beef93f4a5
primary__R_CG302-CG312_-2h	primary	R_CG302-CG312_-2h	R_CG302-CG312	-2	T_CC_060	T_CC	60.0	60.0001592609087	60.00454374244516	0.004384481536447993	0.004384481536447993	0.02	True	41baeb9c356cf99a1669a39f741dfb4147717de0ce46134528141edf74e37c1d	9fabb001a563f30859f24e81050f406721793b21bd45a01360ddc67e9550f7ae
primary__R_CG302-CG312_-2h	primary	R_CG302-CG312_-2h	R_CG302-CG312	-2	T_CC_090	T_CC	90.0	90.00019699894702	90.00689023939304	0.006693240446026039	0.006693240446026039	0.02	True	dbc39b01855c642528b1b5129ecf4ae28ec9520145b3527abc86ff7044f37fe4	7c7ae7f778ba0e584bd5457905fd679284c615f91e1dee5342bf3c16d155da36
primary__R_CG302-CG312_-2h	primary	R_CG302-CG312_-2h	R_CG302-CG312	-2	T_CC_120	T_CC	120.0	119.99983965803996	119.99822013145385	-0.0016195265861256303	0.0016195265861256303	0.02	True	703b1af8fd53d30a74d3f4bf3a1f53070360f76270386005e08d7e6d5c6d10b8	e80f7517c5a55d7f70da2e6144283cebc14b40488a76802ae2a10338aeb5bf60
primary__R_CG302-CG312_-2h	primary	R_CG302-CG312_-2h	R_CG302-CG312	-2	T_CC_150	T_CC	150.0	150.00011419393934	150.00519180969926	0.005077615759915943	0.005077615759915943	0.02	True	3625c62a0da1954c05f2c25a8ce89fd780c033322f4d07af01007123ad2086d7	90aa0efbed5e334f5d3579b601c311a9f1a00889579643097ce2da74b7a77195
primary__R_CG302-CG312_-2h	primary	R_CG302-CG312_-2h	R_CG302-CG312	-2	T_CC_180	T_CC	180.0	-179.99987411198484	-179.99716809184858	0.0027060201362587577	0.0027060201362587577	0.02	True	237d0de9329d2f7154e75e1b94b8d20dc99d256df491b1962585edd08ac5d56b	47df5d5edacb4cb78554d39887652757bb8733fbb676dda850ae253f72ece6ce
primary__R_CG302-CG312_-2h	primary	R_CG302-CG312_-2h	R_CG302-CG312	-2	T_CC_210	T_CC	210.0	-150.00009928563182	-150.00614154838686	-0.006042262755045158	0.006042262755045158	0.02	True	ff7ba181ddce36b5fec269c010000630a05fa87e61843c9cb6ae5b286660aa06	f84387cc806040b3e7c2b27ce1b8de84a0928a0d19594ce1f04882e272078bd7
primary__R_CG302-CG312_-2h	primary	R_CG302-CG312_-2h	R_CG302-CG312	-2	T_CC_240	T_CC	240.0	-120.00007620746388	-120.00291110933533	-0.002834901871437978	0.002834901871437978	0.02	True	880de9f672087b3c73f343d26033dc31c7e6d04945e3ef56427c9859c467bda9	0a75d182f08f1c42efa50b2df7bd47425abc5ad16b1cb440253fcd529a0036b7
primary__R_CG302-CG312_-2h	primary	R_CG302-CG312_-2h	R_CG302-CG312	-2	T_CC_270	T_CC	270.0	-89.99993474284005	-89.99474300578227	0.005191737057771206	0.005191737057771206	0.02	True	0bb8e714e59c30b159e44188b0df6faf6cdafd8794878db4b1f2197b15d282c8	23eb1f6277d64863e861cb45498b3d39a3f8179ce1a4b79312b0f209b2be2607
primary__R_CG302-CG312_-2h	primary	R_CG302-CG312_-2h	R_CG302-CG312	-2	T_CC_300	T_CC	300.0	-59.99998160172803	-60.00134227183707	-0.0013606701090225215	0.0013606701090225215	0.02	True	fc6381c1ad4b27e5f9a79cad7e8361d93f1a8d0e253a0d934cd0410aba899c01	7339568c45c0d732c9ed5c06d62fe80d61a7a92c46399536e6e30c7f4705c5f8
primary__R_CG302-CG312_-2h	primary	R_CG302-CG312_-2h	R_CG302-CG312	-2	T_CC_330	T_CC	330.0	-30.00016585816224	-30.01289269515455	-0.01272683699230015	0.01272683699230015	0.02	True	12d5e015638e715123552261c80c982de9108a65a82103add957bb662b8d1c03	5e78529b5c8939a51aa228917a181d30f777fa22de9542c17afa72062430a8db
primary__R_CG302-CG312_-2h	primary	R_CG302-CG312_-2h	R_CG302-CG312	-2	T_CS_000	T_CS	0.0	1.5180520262743396e-05	-0.003434838496262054	-0.0034500190165260847	0.0034500190165260847	0.02	True	b76cb71c416ae436646084247ac0799101a651a6e78ef12bdd936ed29539a181	3edcabb2847237eef9cabe1ef60809e73dbcf4369760401486e6f487d84c4ca5
primary__R_CG302-CG312_-2h	primary	R_CG302-CG312_-2h	R_CG302-CG312	-2	T_CS_010	T_CS	10.0	10.000078136231716	10.00011964586929	4.1509637583203585e-05	4.1509637583203585e-05	0.02	True	93231ed042bed5c0602602d32e5c5f3d4901969d8156257c0347236c62607f21	18279f9b39df897a61dae7e77d07164630f60627191a5371ff955fa00d4e665f
primary__R_CG302-CG312_-2h	primary	R_CG302-CG312_-2h	R_CG302-CG312	-2	T_CS_020	T_CS	20.0	20.00017404591677	20.00319049674864	0.0030164508318648586	0.0030164508318648586	0.02	True	fc0fe0aaa70da2491407d7cf40549f0928ad568ab5bdce4bbe2d14d68bfcc78c	25baf062277a09738b87047c023609c8675de00da0f1fa8a3731306a431ce19d
primary__R_CG302-CG312_-2h	primary	R_CG302-CG312_-2h	R_CG302-CG312	-2	T_CS_030	T_CS	30.0	30.00019985596987	30.006107850815436	0.005907994845557596	0.005907994845557596	0.02	True	a05c8327bb40345cb389bdc875b9059d4912df044e264f7722d2fc594a9c36dd	c2f5acf86f78ab6779b0b49272fee4e3d73882c81b836dd8df694e4f918204b8
primary__R_CG302-CG312_-2h	primary	R_CG302-CG312_-2h	R_CG302-CG312	-2	T_CS_040	T_CS	40.0	40.00013511844969	40.00693834059085	0.006803222141172682	0.006803222141172682	0.02	True	1a3dc833568c912b0d2cb86bfde6f64600b04206593d34bfbb044abbbf528520	de330d6f0200b73fd01fad4ebe6759dcf9d2c820c31838ac2eef70906fbf1bf0
primary__R_CG302-CG312_-2h	primary	R_CG302-CG312_-2h	R_CG302-CG312	-2	T_CS_050	T_CS	50.0	50.000069706040776	50.00572830073567	0.005658594694892827	0.005658594694892827	0.02	True	d5ffde1699a4340c997fb87781ff0319b604b8e83883345a0da527c51bce31d9	0455fd89609a9164d4929828278554f05ad53e715fa2bd642e9fe490abe3c408
primary__R_CG302-CG312_-2h	primary	R_CG302-CG312_-2h	R_CG302-CG312	-2	T_CS_060	T_CS	60.0	60.00001911469256	60.00328379938249	0.0032646846899240245	0.0032646846899240245	0.02	True	80f6abaaca25fcd7bd9b4a96576a6529dc2aab9c92bb4dc8cb8d94382f35e1bd	b3a884fa787ae8d0c85082eed743865b4ab587984ec741d172de38405e147eec
primary__R_CG302-CG312_-2h	primary	R_CG302-CG312_-2h	R_CG302-CG312	-2	T_CS_070	T_CS	70.0	69.99996549339919	70.00010190090546	0.00013640750626109366	0.00013640750626109366	0.02	True	861b37106b6bffb8af5aa0780a88e99efc6bb88ef7f40055d7a4c38fada5ead3	f086d6cc914ab27a859887616bfb2f214495c4f7c65e0877acbc0dd990f0b37d
primary__R_CG302-CG312_-2h	primary	R_CG302-CG312_-2h	R_CG302-CG312	-2	T_CS_080	T_CS	80.0	79.99992991278366	79.99680969354264	-0.0031202192409978124	0.0031202192409978124	0.02	True	185564ab2bddfe1f6bee80c92bcc4d84c3c5217d92438a78fed413f0c2f0ee48	bb456e5467ce120615b852735ea274102d50b54ec73693bf5152a9d2dad45521
primary__R_CG302-CG312_-2h	primary	R_CG302-CG312_-2h	R_CG302-CG312	-2	T_CS_090	T_CS	90.0	89.99991027498892	89.99429038948035	-0.005619885508565403	0.005619885508565403	0.02	True	95090c3545e38e3050c6dfd9ee40f08d6e347c417cfbc010bffb72eed38858f5	0e6fd681a2146c71b6acb7f9a9a1ee66450d1183ec56dbe1440cffedc30079c7
primary__R_CG302-CG312_-2h	primary	R_CG302-CG312_-2h	R_CG302-CG312	-2	T_CS_100	T_CS	100.0	99.99973782178598	99.99308420447107	-0.00665361731489611	0.00665361731489611	0.02	True	c5e6d243501db4ba3bbd09f5ae97a9cc954f7652d24c606c3bb8196a5b512755	6df2737604de3732610b362bb5a43a369ca83ab108e413e83f4a2180ad23c8f8
primary__R_CG302-CG312_-2h	primary	R_CG302-CG312_-2h	R_CG302-CG312	-2	T_CS_110	T_CS	110.0	109.99982259760765	109.99396220391729	-0.00586039369034097	0.00586039369034097	0.02	True	fd3404ec36fe83815887e7a1e639f61c92bd7d0c7d43580b0b9c0fed1892da18	8c43321d04f954d85bada82a490491123ebb1236f8491c2c040cf4cd31b62ba5
primary__R_CG302-CG312_-2h	primary	R_CG302-CG312_-2h	R_CG302-CG312	-2	T_CS_120	T_CS	120.0	120.0000256226668	119.99665092537195	-0.003374697294844964	0.003374697294844964	0.02	True	cd3a576945e09ba26d11c6c20df75fa39584268550f612d9a1dc957add5b6753	ce06490ca53391876a3b8e3c7a0dc3cf2b0fa2a171b896acebc20a3d9eeedb9d
primary__R_CG302-CG312_-2h	primary	R_CG302-CG312_-2h	R_CG302-CG312	-2	T_CC_240_FROM_REVERSE_QM	T_CC	240.0	-120.00002885442426	-120.00285545483464	-0.00282660041040117	0.00282660041040117	0.02	True	8af7af63d19b53cffc32f9eda8be8acabcdedd5642a150991c618d46afeeece1	19e971edf0d6f686935f18516d762c8ea2729dbd3a287ce64d48fcbfa67316f8
primary__R_CG302-CG312_-1h	primary	R_CG302-CG312_-1h	R_CG302-CG312	-1	T_CC_000	T_CC	0.0	8.2317896820712e-05	0.0015562279960713637	0.0014739100992642307	0.0014739100992642307	0.02	True	a6e94cfe558c5be38544a34d2a6fad98313d167e35f5e4b511ff44a3e9ca9bd2	3cd4f7e3965109dc13c4e5ba9e6214779fdd43aa887575afabf8556c48bb7def
primary__R_CG302-CG312_-1h	primary	R_CG302-CG312_-1h	R_CG302-CG312	-1	T_CC_030	T_CC	30.0	30.000158540910803	30.010292372405207	0.01013383149441438	0.01013383149441438	0.02	True	bab98c0a3ea47718c84ee2523940894bf3eb8df2875321a686eefa8b41f8b782	213add6a00ae5407a870e849eb30ac3cb2b1865c77d82ae4d8c68fd62c78f4e4
primary__R_CG302-CG312_-1h	primary	R_CG302-CG312_-1h	R_CG302-CG312	-1	T_CC_060	T_CC	60.0	60.0001592609087	60.004494655449136	0.004335394540419202	0.004335394540419202	0.02	True	41baeb9c356cf99a1669a39f741dfb4147717de0ce46134528141edf74e37c1d	95402241765d9455f4c39be94abc499b23d4a7083052cb9ef9d747547648b56d
primary__R_CG302-CG312_-1h	primary	R_CG302-CG312_-1h	R_CG302-CG312	-1	T_CC_090	T_CC	90.0	90.00019699894702	90.00674112820684	0.0065441292598222844	0.0065441292598222844	0.02	True	dbc39b01855c642528b1b5129ecf4ae28ec9520145b3527abc86ff7044f37fe4	77bb09e997482a1feccd1bebfded15c231b43a1b88ef3695ba65784958fa6766
primary__R_CG302-CG312_-1h	primary	R_CG302-CG312_-1h	R_CG302-CG312	-1	T_CC_120	T_CC	120.0	119.99983965803996	119.99829113747327	-0.0015485205667005175	0.0015485205667005175	0.02	True	703b1af8fd53d30a74d3f4bf3a1f53070360f76270386005e08d7e6d5c6d10b8	41876fda4291f7006584dc7b08a041ca5bb99e395635ac78277ac2ab62d17df9
primary__R_CG302-CG312_-1h	primary	R_CG302-CG312_-1h	R_CG302-CG312	-1	T_CC_150	T_CC	150.0	150.00011419393934	150.00516617777402	0.005051983834675866	0.005051983834675866	0.02	True	3625c62a0da1954c05f2c25a8ce89fd780c033322f4d07af01007123ad2086d7	c0e23cdf353eca533343524e6b6f0e3c275aff20c9497c49a579f7fb3beed279
primary__R_CG302-CG312_-1h	primary	R_CG302-CG312_-1h	R_CG302-CG312	-1	T_CC_180	T_CC	180.0	-179.99987411198484	-179.9971824792142	0.0026916327706487664	0.0026916327706487664	0.02	True	237d0de9329d2f7154e75e1b94b8d20dc99d256df491b1962585edd08ac5d56b	8f1e5c8d5c126204673daac848237ad4a54cf75f856615ad895fcec8b2209cec
primary__R_CG302-CG312_-1h	primary	R_CG302-CG312_-1h	R_CG302-CG312	-1	T_CC_210	T_CC	210.0	-150.00009928563182	-150.0061042384607	-0.006004952828874366	0.006004952828874366	0.02	True	ff7ba181ddce36b5fec269c010000630a05fa87e61843c9cb6ae5b286660aa06	b772b186e4adea3cd47636eabc7c6ed4a659538025e4cbb366529bf064fcffbf
primary__R_CG302-CG312_-1h	primary	R_CG302-CG312_-1h	R_CG302-CG312	-1	T_CC_240	T_CC	240.0	-120.00007620746388	-120.0028831665574	-0.0028069590935047017	0.0028069590935047017	0.02	True	880de9f672087b3c73f343d26033dc31c7e6d04945e3ef56427c9859c467bda9	fa4d4259d1d88bf37b2168b03f2f218de8f6b608b8e22871bd9e4a19bfbf2db1
primary__R_CG302-CG312_-1h	primary	R_CG302-CG312_-1h	R_CG302-CG312	-1	T_CC_270	T_CC	270.0	-89.99993474284005	-89.99483695603722	0.005097786802821247	0.005097786802821247	0.02	True	0bb8e714e59c30b159e44188b0df6faf6cdafd8794878db4b1f2197b15d282c8	f04a657342671792e887f5aa3f06aa7e1da1e735a24399e87b3458305e645117
primary__R_CG302-CG312_-1h	primary	R_CG302-CG312_-1h	R_CG302-CG312	-1	T_CC_300	T_CC	300.0	-59.99998160172803	-60.00132170037531	-0.0013400986472902332	0.0013400986472902332	0.02	True	fc6381c1ad4b27e5f9a79cad7e8361d93f1a8d0e253a0d934cd0410aba899c01	466261d2693e5fee9b38aca9dccc2296834610675f83837e044c67ca23b851a2
primary__R_CG302-CG312_-1h	primary	R_CG302-CG312_-1h	R_CG302-CG312	-1	T_CC_330	T_CC	330.0	-30.00016585816224	-30.01287863271751	-0.012712774555268425	0.012712774555268425	0.02	True	12d5e015638e715123552261c80c982de9108a65a82103add957bb662b8d1c03	30a91ec556908389e573da049d9b8e655be0e9e559e92a7a87811e5638b666f1
primary__R_CG302-CG312_-1h	primary	R_CG302-CG312_-1h	R_CG302-CG312	-1	T_CS_000	T_CS	0.0	1.5180520262743396e-05	-0.003419639184180252	-0.0034348197044380413	0.0034348197044380413	0.02	True	b76cb71c416ae436646084247ac0799101a651a6e78ef12bdd936ed29539a181	7b9c242efa96be2143b21d456f5749b8a46e4befdcfb7660b7f5d1539f6dc0bb
primary__R_CG302-CG312_-1h	primary	R_CG302-CG312_-1h	R_CG302-CG312	-1	T_CS_010	T_CS	10.0	10.000078136231716	10.000122763670962	4.4627439251598844e-05	4.4627439251598844e-05	0.02	True	93231ed042bed5c0602602d32e5c5f3d4901969d8156257c0347236c62607f21	5b8ad2e0d44ea306be2d4340011c40cd02287657782faa782cc67cee5ecaa458
primary__R_CG302-CG312_-1h	primary	R_CG302-CG312_-1h	R_CG302-CG312	-1	T_CS_020	T_CS	20.0	20.00017404591677	20.003171676514132	0.0029976305973491435	0.0029976305973491435	0.02	True	fc0fe0aaa70da2491407d7cf40549f0928ad568ab5bdce4bbe2d14d68bfcc78c	3efd24aaba23d91d16c4f26299f8743e5e7e895f70623dc6101e5a2a7e66c932
primary__R_CG302-CG312_-1h	primary	R_CG302-CG312_-1h	R_CG302-CG312	-1	T_CS_030	T_CS	30.0	30.00019985596987	30.005976135967327	0.005776279997462552	0.005776279997462552	0.02	True	a05c8327bb40345cb389bdc875b9059d4912df044e264f7722d2fc594a9c36dd	42f2f837926691ddf9410ce4f3a518da84fc1f41ca3469451906e57918ef554b
primary__R_CG302-CG312_-1h	primary	R_CG302-CG312_-1h	R_CG302-CG312	-1	T_CS_040	T_CS	40.0	40.00013511844969	40.00695287789456	0.006817759444857074	0.006817759444857074	0.02	True	1a3dc833568c912b0d2cb86bfde6f64600b04206593d34bfbb044abbbf528520	91c416a2d679e0f7028fb562b6762aa6da8f4b254d8fc92596f3760651f1c067
primary__R_CG302-CG312_-1h	primary	R_CG302-CG312_-1h	R_CG302-CG312	-1	T_CS_050	T_CS	50.0	50.000069706040776	50.00572356380666	0.005653857765878456	0.005653857765878456	0.02	True	d5ffde1699a4340c997fb87781ff0319b604b8e83883345a0da527c51bce31d9	7c9f995529794e322fdc9bcaa74e184b2b78f96374b221298fa3496e33c2be04
primary__R_CG302-CG312_-1h	primary	R_CG302-CG312_-1h	R_CG302-CG312	-1	T_CS_060	T_CS	60.0	60.00001911469256	60.00329542247634	0.0032763077837785204	0.0032763077837785204	0.02	True	80f6abaaca25fcd7bd9b4a96576a6529dc2aab9c92bb4dc8cb8d94382f35e1bd	2976602aa0373d90a35068dfa72bcbce6a1a0a6f1314c838039816695b975872
primary__R_CG302-CG312_-1h	primary	R_CG302-CG312_-1h	R_CG302-CG312	-1	T_CS_070	T_CS	70.0	69.99996549339919	70.0001045142553	0.00013902085612471637	0.00013902085612471637	0.02	True	861b37106b6bffb8af5aa0780a88e99efc6bb88ef7f40055d7a4c38fada5ead3	3877dc0bffb141663dfefc40bbe4c34a9af7ec66713aa3807fe6f4258314b1a9
primary__R_CG302-CG312_-1h	primary	R_CG302-CG312_-1h	R_CG302-CG312	-1	T_CS_080	T_CS	80.0	79.99992991278366	79.99679734978801	-0.0031325629956313605	0.0031325629956313605	0.02	True	185564ab2bddfe1f6bee80c92bcc4d84c3c5217d92438a78fed413f0c2f0ee48	c08bf68fc89cef7c82476e04250976ce68b3db7737c6778b7059c4151cca2451
primary__R_CG302-CG312_-1h	primary	R_CG302-CG312_-1h	R_CG302-CG312	-1	T_CS_090	T_CS	90.0	89.99991027498892	89.99429575893612	-0.0056145160527876214	0.0056145160527876214	0.02	True	95090c3545e38e3050c6dfd9ee40f08d6e347c417cfbc010bffb72eed38858f5	a1167842d16d0a2da1deb5747435e08ba0f20240c4d34a5dceb433425a99dbd2
primary__R_CG302-CG312_-1h	primary	R_CG302-CG312_-1h	R_CG302-CG312	-1	T_CS_100	T_CS	100.0	99.99973782178598	99.99308312744974	-0.0066546943362482125	0.0066546943362482125	0.02	True	c5e6d243501db4ba3bbd09f5ae97a9cc954f7652d24c606c3bb8196a5b512755	e0fcccf6480e72c8eb91d6012ec78947c2c6231eb74f6a1020f78e51504e327d
primary__R_CG302-CG312_-1h	primary	R_CG302-CG312_-1h	R_CG302-CG312	-1	T_CS_110	T_CS	110.0	109.99982259760765	109.99397387553314	-0.005848722074517809	0.005848722074517809	0.02	True	fd3404ec36fe83815887e7a1e639f61c92bd7d0c7d43580b0b9c0fed1892da18	1d6d474fc73641ecd3a0c9bef3278a97f6308e04bfa2c5683469eb9cb3e9852e
primary__R_CG302-CG312_-1h	primary	R_CG302-CG312_-1h	R_CG302-CG312	-1	T_CS_120	T_CS	120.0	120.0000256226668	119.99665156181486	-0.0033740608519394755	0.0033740608519394755	0.02	True	cd3a576945e09ba26d11c6c20df75fa39584268550f612d9a1dc957add5b6753	a247df12b5c203cd009781592c1c134dcadac84e021d818a35e02c23d69a1356
primary__R_CG302-CG312_-1h	primary	R_CG302-CG312_-1h	R_CG302-CG312	-1	T_CC_240_FROM_REVERSE_QM	T_CC	240.0	-120.00002885442426	-120.00284423408421	-0.0028153796599497127	0.0028153796599497127	0.02	True	8af7af63d19b53cffc32f9eda8be8acabcdedd5642a150991c618d46afeeece1	acb846c915fa5595fbd4f209f116184275f0a1a08f596d993ef0c46f0460e21a
primary__R_CG302-CG312_+1h	primary	R_CG302-CG312_+1h	R_CG302-CG312	1	T_CC_000	T_CC	0.0	8.2317896820712e-05	0.0015922022025416688	0.0015098843057330669	0.0015098843057330669	0.02	True	a6e94cfe558c5be38544a34d2a6fad98313d167e35f5e4b511ff44a3e9ca9bd2	09c53e12a3ad5f07f9cc0489bb4985afe899d1e4620ecf5c9bb805e38f5a6219
primary__R_CG302-CG312_+1h	primary	R_CG302-CG312_+1h	R_CG302-CG312	1	T_CC_030	T_CC	30.0	30.000158540910803	30.01027780073714	0.010119259826325333	0.010119259826325333	0.02	True	bab98c0a3ea47718c84ee2523940894bf3eb8df2875321a686eefa8b41f8b782	6b0b64f05857ae60a3dea17616e46ffbd85ccdae01f8603efff552b1e96e6f67
primary__R_CG302-CG312_+1h	primary	R_CG302-CG312_+1h	R_CG302-CG312	1	T_CC_060	T_CC	60.0	60.0001592609087	60.00441348199198	0.004254221083272114	0.004254221083272114	0.02	True	41baeb9c356cf99a1669a39f741dfb4147717de0ce46134528141edf74e37c1d	2b9c7c716c80e765d2fa0e9d1e7e647c0fd5a62b813c1373be01b85efc7b2b59
primary__R_CG302-CG312_+1h	primary	R_CG302-CG312_+1h	R_CG302-CG312	1	T_CC_090	T_CC	90.0	90.00019699894702	90.00653624113299	0.006339242185958938	0.006339242185958938	0.02	True	dbc39b01855c642528b1b5129ecf4ae28ec9520145b3527abc86ff7044f37fe4	6e28ab1e3f22673d5d0f1eb37d2e3ec93354937666c5fcbb9b7ee376ab0092bd
primary__R_CG302-CG312_+1h	primary	R_CG302-CG312_+1h	R_CG302-CG312	1	T_CC_120	T_CC	120.0	119.99983965803996	119.99841551223962	-0.0014241458003425578	0.0014241458003425578	0.02	True	703b1af8fd53d30a74d3f4bf3a1f53070360f76270386005e08d7e6d5c6d10b8	41238f9e0784d664f91ca6b14bfdd7c2e22597c430aa877fe62c7a7c88a871ee
primary__R_CG302-CG312_+1h	primary	R_CG302-CG312_+1h	R_CG302-CG312	1	T_CC_150	T_CC	150.0	150.00011419393934	150.00518154870323	0.005067354763895082	0.005067354763895082	0.02	True	3625c62a0da1954c05f2c25a8ce89fd780c033322f4d07af01007123ad2086d7	e0aa2edada231319ed8f34fa803303c3f8f9b06b54b6ba13a82b935b74b0ef8c
primary__R_CG302-CG312_+1h	primary	R_CG302-CG312_+1h	R_CG302-CG312	1	T_CC_180	T_CC	180.0	-179.99987411198484	-179.99727870115447	0.002595410830366518	0.002595410830366518	0.02	True	237d0de9329d2f7154e75e1b94b8d20dc99d256df491b1962585edd08ac5d56b	a9120ce9d6f8c9bbb386d2573e15b0b289e5cbe27410e388ef6adc3019198f84
primary__R_CG302-CG312_+1h	primary	R_CG302-CG312_+1h	R_CG302-CG312	1	T_CC_210	T_CC	210.0	-150.00009928563182	-150.0060647054519	-0.0059654198200860264	0.0059654198200860264	0.02	True	ff7ba181ddce36b5fec269c010000630a05fa87e61843c9cb6ae5b286660aa06	d873e4bac824fef55e5ee37d1e435c109b3ad85072305a83cea6c9550291a1ff
primary__R_CG302-CG312_+1h	primary	R_CG302-CG312_+1h	R_CG302-CG312	1	T_CC_240	T_CC	240.0	-120.00007620746388	-120.00282440436527	-0.002748196901393385	0.002748196901393385	0.02	True	880de9f672087b3c73f343d26033dc31c7e6d04945e3ef56427c9859c467bda9	d472bfc8db06f5f7192170d13410708825cb178c72b1b2d2cca820622804e63b
primary__R_CG302-CG312_+1h	primary	R_CG302-CG312_+1h	R_CG302-CG312	1	T_CC_270	T_CC	270.0	-89.99993474284005	-89.99507459615995	0.004860146680101707	0.004860146680101707	0.02	True	0bb8e714e59c30b159e44188b0df6faf6cdafd8794878db4b1f2197b15d282c8	4529465b141b534db17867f41159ade8aba6e433e7799721ab2a7b156cbfedb4
primary__R_CG302-CG312_+1h	primary	R_CG302-CG312_+1h	R_CG302-CG312	1	T_CC_300	T_CC	300.0	-59.99998160172803	-60.00129258340795	-0.0013109816799214968	0.0013109816799214968	0.02	True	fc6381c1ad4b27e5f9a79cad7e8361d93f1a8d0e253a0d934cd0410aba899c01	fa6163bcfa30fad537bd03cbca0e07b00279265937e7cb99ec6cda4abac6a8fe
primary__R_CG302-CG312_+1h	primary	R_CG302-CG312_+1h	R_CG302-CG312	1	T_CC_330	T_CC	330.0	-30.00016585816224	-30.012827340792356	-0.012661482630107912	0.012661482630107912	0.02	True	12d5e015638e715123552261c80c982de9108a65a82103add957bb662b8d1c03	644c3b80f834df409542aaabb40382582c3f008b88cca1c992e180b4825624db
primary__R_CG302-CG312_+1h	primary	R_CG302-CG312_+1h	R_CG302-CG312	1	T_CS_000	T_CS	0.0	1.5180520262743396e-05	-0.003400924023609301	-0.0034161045438736437	0.0034161045438736437	0.02	True	b76cb71c416ae436646084247ac0799101a651a6e78ef12bdd936ed29539a181	e5d209610f290b0a711b968227446f13a752e35af3ae250cc69056af2ff967f3
primary__R_CG302-CG312_+1h	primary	R_CG302-CG312_+1h	R_CG302-CG312	1	T_CS_010	T_CS	10.0	10.000078136231716	10.00015979949697	8.166326526293233e-05	8.166326526293233e-05	0.02	True	93231ed042bed5c0602602d32e5c5f3d4901969d8156257c0347236c62607f21	4faa1d4cd4276a9e9bc16f8dcc7b56490e327154eb51f2b5888c7d6f89b0fb4c
primary__R_CG302-CG312_+1h	primary	R_CG302-CG312_+1h	R_CG302-CG312	1	T_CS_020	T_CS	20.0	20.00017404591677	20.003134826661256	0.0029607807445017897	0.0029607807445017897	0.02	True	fc0fe0aaa70da2491407d7cf40549f0928ad568ab5bdce4bbe2d14d68bfcc78c	eb6dbec954216b5a11594e51fa6b364ca9593bcabbeded53fad7fd0f4bb064df
primary__R_CG302-CG312_+1h	primary	R_CG302-CG312_+1h	R_CG302-CG312	1	T_CS_030	T_CS	30.0	30.00019985596987	30.005824670939738	0.005624814969877434	0.005624814969877434	0.02	True	a05c8327bb40345cb389bdc875b9059d4912df044e264f7722d2fc594a9c36dd	9938f57b484552530e89733648160dc5c0563c2817c8ce51b68d44a40af76f7d
primary__R_CG302-CG312_+1h	primary	R_CG302-CG312_+1h	R_CG302-CG312	1	T_CS_040	T_CS	40.0	40.00013511844969	40.00696928296208	0.0068341645123837225	0.0068341645123837225	0.02	True	1a3dc833568c912b0d2cb86bfde6f64600b04206593d34bfbb044abbbf528520	adfa2e6b0c447c93ccbffe48ecd66b0bd57279286f4caf745a9b8c4b028dc4cf
primary__R_CG302-CG312_+1h	primary	R_CG302-CG312_+1h	R_CG302-CG312	1	T_CS_050	T_CS	50.0	50.000069706040776	50.00576490232626	0.00569519628550097	0.00569519628550097	0.02	True	d5ffde1699a4340c997fb87781ff0319b604b8e83883345a0da527c51bce31d9	5de0522a180fda504589ad45ab53ace8246fd2964d4b53119b7eacf6b96e26f0
primary__R_CG302-CG312_+1h	primary	R_CG302-CG312_+1h	R_CG302-CG312	1	T_CS_060	T_CS	60.0	60.00001911469256	60.00333803915907	0.0033189244664981743	0.0033189244664981743	0.02	True	80f6abaaca25fcd7bd9b4a96576a6529dc2aab9c92bb4dc8cb8d94382f35e1bd	2c688a9894192264cd173d874c85a3b88cd4c2fff863810605aeddf0ce580955
primary__R_CG302-CG312_+1h	primary	R_CG302-CG312_+1h	R_CG302-CG312	1	T_CS_070	T_CS	70.0	69.99996549339919	70.0001387797443	0.00017328634510249685	0.00017328634510249685	0.02	True	861b37106b6bffb8af5aa0780a88e99efc6bb88ef7f40055d7a4c38fada5ead3	407c608c576646feeec125072751a140609a95f30f86673de387c0bfea6158e9
primary__R_CG302-CG312_+1h	primary	R_CG302-CG312_+1h	R_CG302-CG312	1	T_CS_080	T_CS	80.0	79.99992991278366	79.9968109127755	-0.003119000008155126	0.003119000008155126	0.02	True	185564ab2bddfe1f6bee80c92bcc4d84c3c5217d92438a78fed413f0c2f0ee48	183aafa6466851370881581b89f8215d091ddbf3b89d2ec7362ae66d3177633f
primary__R_CG302-CG312_+1h	primary	R_CG302-CG312_+1h	R_CG302-CG312	1	T_CS_090	T_CS	90.0	89.99991027498892	89.9942910543605	-0.005619220628432231	0.005619220628432231	0.02	True	95090c3545e38e3050c6dfd9ee40f08d6e347c417cfbc010bffb72eed38858f5	92c134b209aa0165c023a954a7c9df647159e23259f0683574c564294170c84d
primary__R_CG302-CG312_+1h	primary	R_CG302-CG312_+1h	R_CG302-CG312	1	T_CS_100	T_CS	100.0	99.99973782178598	99.99308724698955	-0.00665057479642428	0.00665057479642428	0.02	True	c5e6d243501db4ba3bbd09f5ae97a9cc954f7652d24c606c3bb8196a5b512755	733cd589a5300a1abac2b2326464c9349c1d231eb135775a26cfd3b27e8da700
primary__R_CG302-CG312_+1h	primary	R_CG302-CG312_+1h	R_CG302-CG312	1	T_CS_110	T_CS	110.0	109.99982259760765	109.99398457231567	-0.0058380252919789655	0.0058380252919789655	0.02	True	fd3404ec36fe83815887e7a1e639f61c92bd7d0c7d43580b0b9c0fed1892da18	1d714c0eb8beabe780dc0c606ddebb49c42c95ca56da6eea5323d0d52dcd1e7b
primary__R_CG302-CG312_+1h	primary	R_CG302-CG312_+1h	R_CG302-CG312	1	T_CS_120	T_CS	120.0	120.0000256226668	119.9966846916234	-0.003340931043396722	0.003340931043396722	0.02	True	cd3a576945e09ba26d11c6c20df75fa39584268550f612d9a1dc957add5b6753	cebafc7452462fdb75a32fa40bff5fbce86493eb3d239bdf70b445433d385ba9
primary__R_CG302-CG312_+1h	primary	R_CG302-CG312_+1h	R_CG302-CG312	1	T_CC_240_FROM_REVERSE_QM	T_CC	240.0	-120.00002885442426	-120.002776467973	-0.0027476135487631836	0.0027476135487631836	0.02	True	8af7af63d19b53cffc32f9eda8be8acabcdedd5642a150991c618d46afeeece1	f0790d7226556b45db3180d55723895e0ba5152d54224be8436d6b834d10808d
primary__R_CG302-CG312_+2h	primary	R_CG302-CG312_+2h	R_CG302-CG312	2	T_CC_000	T_CC	0.0	8.2317896820712e-05	0.0016182724133080514	0.0015359545164983501	0.0015359545164983501	0.02	True	a6e94cfe558c5be38544a34d2a6fad98313d167e35f5e4b511ff44a3e9ca9bd2	ce6a666c45924c11b4000e7c0a82ff6bbda3680e73e2d92fff021e135beeed04
primary__R_CG302-CG312_+2h	primary	R_CG302-CG312_+2h	R_CG302-CG312	2	T_CC_030	T_CC	30.0	30.000158540910803	30.010267119215055	0.010108578304254934	0.010108578304254934	0.02	True	bab98c0a3ea47718c84ee2523940894bf3eb8df2875321a686eefa8b41f8b782	7544b6012a359bcf850e398706c25d515e2d990036ccc4765f5c9193a5f05a42
primary__R_CG302-CG312_+2h	primary	R_CG302-CG312_+2h	R_CG302-CG312	2	T_CC_060	T_CC	60.0	60.0001592609087	60.00436557675702	0.00420631584830744	0.00420631584830744	0.02	True	41baeb9c356cf99a1669a39f741dfb4147717de0ce46134528141edf74e37c1d	a9976a3216b210a2b9fe139e0fcbc2d8670e0fe68b365a734396902489da49ec
primary__R_CG302-CG312_+2h	primary	R_CG302-CG312_+2h	R_CG302-CG312	2	T_CC_090	T_CC	90.0	90.00019699894702	90.00639292820571	0.006195929258694832	0.006195929258694832	0.02	True	dbc39b01855c642528b1b5129ecf4ae28ec9520145b3527abc86ff7044f37fe4	2f8861e2f831e394a647ff397feeb5ac716a266348c8224bfc527770b81b0669
primary__R_CG302-CG312_+2h	primary	R_CG302-CG312_+2h	R_CG302-CG312	2	T_CC_120	T_CC	120.0	119.99983965803996	119.99849202533633	-0.001347632703641466	0.001347632703641466	0.02	True	703b1af8fd53d30a74d3f4bf3a1f53070360f76270386005e08d7e6d5c6d10b8	8625644c162ed41bc880a87b143a9eb11e8f10b339dc990724397918e3fbcd08
primary__R_CG302-CG312_+2h	primary	R_CG302-CG312_+2h	R_CG302-CG312	2	T_CC_150	T_CC	150.0	150.00011419393934	150.00519515370735	0.005080959768008597	0.005080959768008597	0.02	True	3625c62a0da1954c05f2c25a8ce89fd780c033322f4d07af01007123ad2086d7	4eae347461327265d4e547a1ce3bbfb56e037b170d03c731c1b7903e229179f7
primary__R_CG302-CG312_+2h	primary	R_CG302-CG312_+2h	R_CG302-CG312	2	T_CC_180	T_CC	180.0	-179.99987411198484	-179.99731081852877	0.0025632934560633203	0.0025632934560633203	0.02	True	237d0de9329d2f7154e75e1b94b8d20dc99d256df491b1962585edd08ac5d56b	2bc97f563d14e56cbf33616d84ab855ec136446311b431896799c809d8a69c83
primary__R_CG302-CG312_+2h	primary	R_CG302-CG312_+2h	R_CG302-CG312	2	T_CC_210	T_CC	210.0	-150.00009928563182	-150.00605187027037	-0.005952584638549752	0.005952584638549752	0.02	True	ff7ba181ddce36b5fec269c010000630a05fa87e61843c9cb6ae5b286660aa06	2ef408f1c4a2442dbe8d1e918c56c7247e3b04e06a5b0d8eccc5466596dfe0fa
primary__R_CG302-CG312_+2h	primary	R_CG302-CG312_+2h	R_CG302-CG312	2	T_CC_240	T_CC	240.0	-120.00007620746388	-120.00277423936055	-0.0026980318966707273	0.0026980318966707273	0.02	True	880de9f672087b3c73f343d26033dc31c7e6d04945e3ef56427c9859c467bda9	b2b4dda13b520a69ac332eb6bab7fb33a0434163f45fb5f77215202d34258bad
primary__R_CG302-CG312_+2h	primary	R_CG302-CG312_+2h	R_CG302-CG312	2	T_CC_270	T_CC	270.0	-89.99993474284005	-89.99514437502522	0.004790367814848651	0.004790367814848651	0.02	True	0bb8e714e59c30b159e44188b0df6faf6cdafd8794878db4b1f2197b15d282c8	a42248dd021923f0e35afd911dce26ec882b1a2f669cb249c89289b632467672
primary__R_CG302-CG312_+2h	primary	R_CG302-CG312_+2h	R_CG302-CG312	2	T_CC_300	T_CC	300.0	-59.99998160172803	-60.00126589386053	-0.0012842921324818235	0.0012842921324818235	0.02	True	fc6381c1ad4b27e5f9a79cad7e8361d93f1a8d0e253a0d934cd0410aba899c01	3d8f2de44f775770c53b8870438da6926eff8e684c95235fdaf06e2716afda6f
primary__R_CG302-CG312_+2h	primary	R_CG302-CG312_+2h	R_CG302-CG312	2	T_CC_330	T_CC	330.0	-30.00016585816224	-30.012801482149346	-0.012635623987108602	0.012635623987108602	0.02	True	12d5e015638e715123552261c80c982de9108a65a82103add957bb662b8d1c03	b1850631f593445709f4c2dd6fbb9859ce88705d9d02647412f53de4f53e6685
primary__R_CG302-CG312_+2h	primary	R_CG302-CG312_+2h	R_CG302-CG312	2	T_CS_000	T_CS	0.0	1.5180520262743396e-05	-0.0033669029914898687	-0.0033820835117523984	0.0033820835117523984	0.02	True	b76cb71c416ae436646084247ac0799101a651a6e78ef12bdd936ed29539a181	7d7eab53078503525f8911ab0b8face46b4b2678ea24f6a592ffe18163346f47
primary__R_CG302-CG312_+2h	primary	R_CG302-CG312_+2h	R_CG302-CG312	2	T_CS_010	T_CS	10.0	10.000078136231716	10.000168529231154	9.039299942514845e-05	9.039299942514845e-05	0.02	True	93231ed042bed5c0602602d32e5c5f3d4901969d8156257c0347236c62607f21	45b6343cdeef96c36b3695698c099a428cbbd1f9c0a82bc1e65e4976c341fafe
primary__R_CG302-CG312_+2h	primary	R_CG302-CG312_+2h	R_CG302-CG312	2	T_CS_020	T_CS	20.0	20.00017404591677	20.00313093082446	0.0029568849076895276	0.0029568849076895276	0.02	True	fc0fe0aaa70da2491407d7cf40549f0928ad568ab5bdce4bbe2d14d68bfcc78c	6ed1f2ed47d46ba31c7e2d3ce037f84c26cc6a8a10d1ade5579550a74412dc50
primary__R_CG302-CG312_+2h	primary	R_CG302-CG312_+2h	R_CG302-CG312	2	T_CS_030	T_CS	30.0	30.00019985596987	30.005665524293338	0.0054656683234668435	0.0054656683234668435	0.02	True	a05c8327bb40345cb389bdc875b9059d4912df044e264f7722d2fc594a9c36dd	ec373f27f248800748f9df68fc453fd1372f8142116f87c1c9e2668837a430c3
primary__R_CG302-CG312_+2h	primary	R_CG302-CG312_+2h	R_CG302-CG312	2	T_CS_040	T_CS	40.0	40.00013511844969	40.00700481995759	0.006869701507895343	0.006869701507895343	0.02	True	1a3dc833568c912b0d2cb86bfde6f64600b04206593d34bfbb044abbbf528520	2dae0ebb178b05eee76c083b9c10a08c645a67d24de6b3873cdbd38209fee0d6
primary__R_CG302-CG312_+2h	primary	R_CG302-CG312_+2h	R_CG302-CG312	2	T_CS_050	T_CS	50.0	50.000069706040776	50.00579895116666	0.005729245125877469	0.005729245125877469	0.02	True	d5ffde1699a4340c997fb87781ff0319b604b8e83883345a0da527c51bce31d9	6bdc2b323c3bdf3b0883a027907a0dedabeb61e7c40fb0e72bc339bfa96e6593
primary__R_CG302-CG312_+2h	primary	R_CG302-CG312_+2h	R_CG302-CG312	2	T_CS_060	T_CS	60.0	60.00001911469256	60.00334115258177	0.003322037889205376	0.003322037889205376	0.02	True	80f6abaaca25fcd7bd9b4a96576a6529dc2aab9c92bb4dc8cb8d94382f35e1bd	63e1e8cff2ee22f617fbbed8a047f1af264c9bd2c8da8c4d75a61c3e37ce235c
primary__R_CG302-CG312_+2h	primary	R_CG302-CG312_+2h	R_CG302-CG312	2	T_CS_070	T_CS	70.0	69.99996549339919	70.00015295390227	0.00018746050307072437	0.00018746050307072437	0.02	True	861b37106b6bffb8af5aa0780a88e99efc6bb88ef7f40055d7a4c38fada5ead3	9a334d6a822a08872b685758d470792c616029e4e00bd0aea01ca9bda2829053
primary__R_CG302-CG312_+2h	primary	R_CG302-CG312_+2h	R_CG302-CG312	2	T_CS_080	T_CS	80.0	79.99992991278366	79.99680806178002	-0.0031218510036410407	0.0031218510036410407	0.02	True	185564ab2bddfe1f6bee80c92bcc4d84c3c5217d92438a78fed413f0c2f0ee48	aec46ad70baf4577fa92dcebaaefce4770f75d6203add816e2d8eca079e1af61
primary__R_CG302-CG312_+2h	primary	R_CG302-CG312_+2h	R_CG302-CG312	2	T_CS_090	T_CS	90.0	89.99991027498892	89.99427672946229	-0.005633545526620765	0.005633545526620765	0.02	True	95090c3545e38e3050c6dfd9ee40f08d6e347c417cfbc010bffb72eed38858f5	f17ceae6407356b9a2d13c192a2a75ba06f8940216f0bfc5e8fff87d68cd6336
primary__R_CG302-CG312_+2h	primary	R_CG302-CG312_+2h	R_CG302-CG312	2	T_CS_100	T_CS	100.0	99.99973782178598	99.99310353634154	-0.006634285444448551	0.006634285444448551	0.02	True	c5e6d243501db4ba3bbd09f5ae97a9cc954f7652d24c606c3bb8196a5b512755	dd6bd4e8ce44d3ab8a6a7c0760e600e5570df946e308cfdebc2b6eb91edfe458
primary__R_CG302-CG312_+2h	primary	R_CG302-CG312_+2h	R_CG302-CG312	2	T_CS_110	T_CS	110.0	109.99982259760765	109.9939898052551	-0.005832792352549632	0.005832792352549632	0.02	True	fd3404ec36fe83815887e7a1e639f61c92bd7d0c7d43580b0b9c0fed1892da18	87e77e23a7bcfefc2b70a9ce3b6634a43a7c999c4c14273010ab392b00a1eed0
primary__R_CG302-CG312_+2h	primary	R_CG302-CG312_+2h	R_CG302-CG312	2	T_CS_120	T_CS	120.0	120.0000256226668	119.99670115860826	-0.0033244640585508023	0.0033244640585508023	0.02	True	cd3a576945e09ba26d11c6c20df75fa39584268550f612d9a1dc957add5b6753	439f86e03401f7a34e94bc11194c20e552dfe25ef45f0244e1773bdae0a47e37
primary__R_CG302-CG312_+2h	primary	R_CG302-CG312_+2h	R_CG302-CG312	2	T_CC_240_FROM_REVERSE_QM	T_CC	240.0	-120.00002885442426	-120.00273773263723	-0.0027088782129567335	0.0027088782129567335	0.02	True	8af7af63d19b53cffc32f9eda8be8acabcdedd5642a150991c618d46afeeece1	f6efc582e7dcf35a0b2c58a8306a8d20ed21cc5531aef79c2c0bee27c02ead89
primary__TH_OG2P1-SG3O1-OG2P1_-2h	primary	TH_OG2P1-SG3O1-OG2P1_-2h	TH_OG2P1-SG3O1-OG2P1	-2	T_CC_000	T_CC	0.0	8.2317896820712e-05	0.0013869745644881732	0.0013046566676564453	0.0013046566676564453	0.02	True	a6e94cfe558c5be38544a34d2a6fad98313d167e35f5e4b511ff44a3e9ca9bd2	9e1338ad86f7f8b226092a65157629045ba5d61eec1e3d7c7b79c1d9f2f71db4
primary__TH_OG2P1-SG3O1-OG2P1_-2h	primary	TH_OG2P1-SG3O1-OG2P1_-2h	TH_OG2P1-SG3O1-OG2P1	-2	T_CC_030	T_CC	30.0	30.000158540910803	30.010290892112973	0.010132351202173595	0.010132351202173595	0.02	True	bab98c0a3ea47718c84ee2523940894bf3eb8df2875321a686eefa8b41f8b782	03119359fede77a8eb36bde53ad9f3d0e1475ccfd0a8f891095833951ed3163b
primary__TH_OG2P1-SG3O1-OG2P1_-2h	primary	TH_OG2P1-SG3O1-OG2P1_-2h	TH_OG2P1-SG3O1-OG2P1	-2	T_CC_060	T_CC	60.0	60.0001592609087	60.004572663426046	0.0044134025173434566	0.0044134025173434566	0.02	True	41baeb9c356cf99a1669a39f741dfb4147717de0ce46134528141edf74e37c1d	fbb602a910d6763d10528bf68a5c34c1169cd2a9dc247c04b62d60cc4678466c
primary__TH_OG2P1-SG3O1-OG2P1_-2h	primary	TH_OG2P1-SG3O1-OG2P1_-2h	TH_OG2P1-SG3O1-OG2P1	-2	T_CC_090	T_CC	90.0	90.00019699894702	90.0065295788305	0.006332579883462586	0.006332579883462586	0.02	True	dbc39b01855c642528b1b5129ecf4ae28ec9520145b3527abc86ff7044f37fe4	f52d1c3b8c80eb79161e62d3645412a1dc9ce53dcdb1c18bfbce9fd7a72bcd3e
primary__TH_OG2P1-SG3O1-OG2P1_-2h	primary	TH_OG2P1-SG3O1-OG2P1_-2h	TH_OG2P1-SG3O1-OG2P1	-2	T_CC_120	T_CC	120.0	119.99983965803996	119.99817434125436	-0.0016653167855906759	0.0016653167855906759	0.02	True	703b1af8fd53d30a74d3f4bf3a1f53070360f76270386005e08d7e6d5c6d10b8	d265c57762b4fe528a0068e37f473a05c8c2bff03f06908f009606ee17f90e65
primary__TH_OG2P1-SG3O1-OG2P1_-2h	primary	TH_OG2P1-SG3O1-OG2P1_-2h	TH_OG2P1-SG3O1-OG2P1	-2	T_CC_150	T_CC	150.0	150.00011419393934	150.00529940343935	0.005185209500012888	0.005185209500012888	0.02	True	3625c62a0da1954c05f2c25a8ce89fd780c033322f4d07af01007123ad2086d7	71d19e21570bc5dd65e1f0eb887a478a9ebc907a8c22b81a67ab9212085a5b6b
primary__TH_OG2P1-SG3O1-OG2P1_-2h	primary	TH_OG2P1-SG3O1-OG2P1_-2h	TH_OG2P1-SG3O1-OG2P1	-2	T_CC_180	T_CC	180.0	-179.99987411198484	-179.99722974251844	0.0026443694663953465	0.0026443694663953465	0.02	True	237d0de9329d2f7154e75e1b94b8d20dc99d256df491b1962585edd08ac5d56b	694a804103b1f398175072116c991a83189334177fd61c97e0c478e88eaf627f
primary__TH_OG2P1-SG3O1-OG2P1_-2h	primary	TH_OG2P1-SG3O1-OG2P1_-2h	TH_OG2P1-SG3O1-OG2P1	-2	T_CC_210	T_CC	210.0	-150.00009928563182	-150.00616688193787	-0.006067596306053247	0.006067596306053247	0.02	True	ff7ba181ddce36b5fec269c010000630a05fa87e61843c9cb6ae5b286660aa06	803982212979ca5c4417f633653b4a6c82348ac77de2f85f135ee6f2f6bec10e
primary__TH_OG2P1-SG3O1-OG2P1_-2h	primary	TH_OG2P1-SG3O1-OG2P1_-2h	TH_OG2P1-SG3O1-OG2P1	-2	T_CC_240	T_CC	240.0	-120.00007620746388	-120.00283860810097	-0.002762400637095652	0.002762400637095652	0.02	True	880de9f672087b3c73f343d26033dc31c7e6d04945e3ef56427c9859c467bda9	ba821a30edb5bdced2348822277cd838dee308dbd4f0b1fae097d10c520363b9
primary__TH_OG2P1-SG3O1-OG2P1_-2h	primary	TH_OG2P1-SG3O1-OG2P1_-2h	TH_OG2P1-SG3O1-OG2P1	-2	T_CC_270	T_CC	270.0	-89.99993474284005	-89.99489074569713	0.005043997142934131	0.005043997142934131	0.02	True	0bb8e714e59c30b159e44188b0df6faf6cdafd8794878db4b1f2197b15d282c8	ebf9444635955ee0be5c1f35ed86f816f5728faefd75616bb7fa3f095ab5829d
primary__TH_OG2P1-SG3O1-OG2P1_-2h	primary	TH_OG2P1-SG3O1-OG2P1_-2h	TH_OG2P1-SG3O1-OG2P1	-2	T_CC_300	T_CC	300.0	-59.99998160172803	-60.00132135668669	-0.001339754958650019	0.001339754958650019	0.02	True	fc6381c1ad4b27e5f9a79cad7e8361d93f1a8d0e253a0d934cd0410aba899c01	e1f227ef48331ee5552df5981a98264054a052d3a316c3d26bc9974134065518
primary__TH_OG2P1-SG3O1-OG2P1_-2h	primary	TH_OG2P1-SG3O1-OG2P1_-2h	TH_OG2P1-SG3O1-OG2P1	-2	T_CC_330	T_CC	330.0	-30.00016585816224	-30.01280579384059	-0.012639935678350867	0.012639935678350867	0.02	True	12d5e015638e715123552261c80c982de9108a65a82103add957bb662b8d1c03	7084f0f817b3baaeedc182298b1e87e3934d1dbb13a195465c916ceb42bd6594
primary__TH_OG2P1-SG3O1-OG2P1_-2h	primary	TH_OG2P1-SG3O1-OG2P1_-2h	TH_OG2P1-SG3O1-OG2P1	-2	T_CS_000	T_CS	0.0	1.5180520262743396e-05	-0.0032971675678256387	-0.0033123480880874467	0.0033123480880874467	0.02	True	b76cb71c416ae436646084247ac0799101a651a6e78ef12bdd936ed29539a181	4a40de270b401fcfae2087ba3188fba82ea89c2494fe2d0ee6e9b2c2be6ab309
primary__TH_OG2P1-SG3O1-OG2P1_-2h	primary	TH_OG2P1-SG3O1-OG2P1_-2h	TH_OG2P1-SG3O1-OG2P1	-2	T_CS_010	T_CS	10.0	10.000078136231716	10.00007423108302	-3.905148702187944e-06	3.905148702187944e-06	0.02	True	93231ed042bed5c0602602d32e5c5f3d4901969d8156257c0347236c62607f21	44fc1516671aa0575d1b6e2aab95c67fa3b02e1e02ac52cea38d2e054c2ae959
primary__TH_OG2P1-SG3O1-OG2P1_-2h	primary	TH_OG2P1-SG3O1-OG2P1_-2h	TH_OG2P1-SG3O1-OG2P1	-2	T_CS_020	T_CS	20.0	20.00017404591677	20.002945675991167	0.002771630074391851	0.002771630074391851	0.02	True	fc0fe0aaa70da2491407d7cf40549f0928ad568ab5bdce4bbe2d14d68bfcc78c	d95ce521f05c1721a314eed5d88af9781b1903cef9373b073d001690f012f613
primary__TH_OG2P1-SG3O1-OG2P1_-2h	primary	TH_OG2P1-SG3O1-OG2P1_-2h	TH_OG2P1-SG3O1-OG2P1	-2	T_CS_030	T_CS	30.0	30.00019985596987	30.00563321352065	0.005433357550771234	0.005433357550771234	0.02	True	a05c8327bb40345cb389bdc875b9059d4912df044e264f7722d2fc594a9c36dd	3a0c1000112fe17707aca2b251a74112133d67695c3d97135c9a86744c6cd0d7
primary__TH_OG2P1-SG3O1-OG2P1_-2h	primary	TH_OG2P1-SG3O1-OG2P1_-2h	TH_OG2P1-SG3O1-OG2P1	-2	T_CS_040	T_CS	40.0	40.00013511844969	40.006729980673136	0.006594862223437303	0.006594862223437303	0.02	True	1a3dc833568c912b0d2cb86bfde6f64600b04206593d34bfbb044abbbf528520	1e4a1e7d8e59cbec5d0844cbd92aefb9d1669ab2a30900daa8567af598252910
primary__TH_OG2P1-SG3O1-OG2P1_-2h	primary	TH_OG2P1-SG3O1-OG2P1_-2h	TH_OG2P1-SG3O1-OG2P1	-2	T_CS_050	T_CS	50.0	50.000069706040776	50.005576005236044	0.005506299195275233	0.005506299195275233	0.02	True	d5ffde1699a4340c997fb87781ff0319b604b8e83883345a0da527c51bce31d9	0d202c2867305143b75e302ca5977779528011903ed1d528825106baa2025985
primary__TH_OG2P1-SG3O1-OG2P1_-2h	primary	TH_OG2P1-SG3O1-OG2P1_-2h	TH_OG2P1-SG3O1-OG2P1	-2	T_CS_060	T_CS	60.0	60.00001911469256	60.0032295249574	0.003210410264841812	0.003210410264841812	0.02	True	80f6abaaca25fcd7bd9b4a96576a6529dc2aab9c92bb4dc8cb8d94382f35e1bd	b51ea4a4099c457f1cca606f30f2d8dfa7f9814f924edafcb0c4155939346866
primary__TH_OG2P1-SG3O1-OG2P1_-2h	primary	TH_OG2P1-SG3O1-OG2P1_-2h	TH_OG2P1-SG3O1-OG2P1	-2	T_CS_070	T_CS	70.0	69.99996549339919	70.00015155685554	0.0001860634563399799	0.0001860634563399799	0.02	True	861b37106b6bffb8af5aa0780a88e99efc6bb88ef7f40055d7a4c38fada5ead3	4c8701f1f51eec9cbf168ec89a4b47f8d3ed7cf46ae59a5d1cb1375d3710f6dd
primary__TH_OG2P1-SG3O1-OG2P1_-2h	primary	TH_OG2P1-SG3O1-OG2P1_-2h	TH_OG2P1-SG3O1-OG2P1	-2	T_CS_080	T_CS	80.0	79.99992991278366	79.99695977773679	-0.0029701350468656074	0.0029701350468656074	0.02	True	185564ab2bddfe1f6bee80c92bcc4d84c3c5217d92438a78fed413f0c2f0ee48	602b16408a18bd9dc43ea0866d4d9671ab81a4f193cc37e2253a7e9def111344
primary__TH_OG2P1-SG3O1-OG2P1_-2h	primary	TH_OG2P1-SG3O1-OG2P1_-2h	TH_OG2P1-SG3O1-OG2P1	-2	T_CS_090	T_CS	90.0	89.99991027498892	89.99455362353311	-0.005356651455826977	0.005356651455826977	0.02	True	95090c3545e38e3050c6dfd9ee40f08d6e347c417cfbc010bffb72eed38858f5	61c8914dc7a5502232a2f0fdbd88315cac2efbd92ab40cfc3ffbd0db04a92bd1
primary__TH_OG2P1-SG3O1-OG2P1_-2h	primary	TH_OG2P1-SG3O1-OG2P1_-2h	TH_OG2P1-SG3O1-OG2P1	-2	T_CS_100	T_CS	100.0	99.99973782178598	99.99340323292726	-0.0063345888587207355	0.0063345888587207355	0.02	True	c5e6d243501db4ba3bbd09f5ae97a9cc954f7652d24c606c3bb8196a5b512755	02efb2d30e488cf88697a2bd35aaafa8244d39559e563d534cf73b37c1a0e9c2
primary__TH_OG2P1-SG3O1-OG2P1_-2h	primary	TH_OG2P1-SG3O1-OG2P1_-2h	TH_OG2P1-SG3O1-OG2P1	-2	T_CS_110	T_CS	110.0	109.99982259760765	109.99421776437656	-0.00560483323107519	0.00560483323107519	0.02	True	fd3404ec36fe83815887e7a1e639f61c92bd7d0c7d43580b0b9c0fed1892da18	a1925fe6be3fd95b599fd4e2075371a1e1dd92d2ec8442edddb5ecca233b8e1d
primary__TH_OG2P1-SG3O1-OG2P1_-2h	primary	TH_OG2P1-SG3O1-OG2P1_-2h	TH_OG2P1-SG3O1-OG2P1	-2	T_CS_120	T_CS	120.0	120.0000256226668	119.99673182620737	-0.003293796459445275	0.003293796459445275	0.02	True	cd3a576945e09ba26d11c6c20df75fa39584268550f612d9a1dc957add5b6753	42e7467c87435780423de623a0f9c0592d10ad57b73610a082acc12acdc297dd
primary__TH_OG2P1-SG3O1-OG2P1_-2h	primary	TH_OG2P1-SG3O1-OG2P1_-2h	TH_OG2P1-SG3O1-OG2P1	-2	T_CC_240_FROM_REVERSE_QM	T_CC	240.0	-120.00002885442426	-120.00278314258982	-0.002754288165562002	0.002754288165562002	0.02	True	8af7af63d19b53cffc32f9eda8be8acabcdedd5642a150991c618d46afeeece1	9d15320ba6a22dad5365bd0081c6c29bbb988806e755adc657d456dd5e85720c
primary__TH_OG2P1-SG3O1-OG2P1_-1h	primary	TH_OG2P1-SG3O1-OG2P1_-1h	TH_OG2P1-SG3O1-OG2P1	-1	T_CC_000	T_CC	0.0	8.2317896820712e-05	0.0014856148915104528	0.0014032969946811136	0.0014032969946811136	0.02	True	a6e94cfe558c5be38544a34d2a6fad98313d167e35f5e4b511ff44a3e9ca9bd2	6d1e930d18c81d8c7b9955e738e17ec35dfa281d2fbf0098d609daaf5882d62d
primary__TH_OG2P1-SG3O1-OG2P1_-1h	primary	TH_OG2P1-SG3O1-OG2P1_-1h	TH_OG2P1-SG3O1-OG2P1	-1	T_CC_030	T_CC	30.0	30.000158540910803	30.010280606313614	0.010122065402811131	0.010122065402811131	0.02	True	bab98c0a3ea47718c84ee2523940894bf3eb8df2875321a686eefa8b41f8b782	a08cc358c4bd6924cb8b66428c1d9ac50cc858f547794641ef1a5955705fb291
primary__TH_OG2P1-SG3O1-OG2P1_-1h	primary	TH_OG2P1-SG3O1-OG2P1_-1h	TH_OG2P1-SG3O1-OG2P1	-1	T_CC_060	T_CC	60.0	60.0001592609087	60.004501727747574	0.0043424668388638565	0.0043424668388638565	0.02	True	41baeb9c356cf99a1669a39f741dfb4147717de0ce46134528141edf74e37c1d	6e617b0156537d1bcf677d16a17e86acf66aaf905ec825b4d899dca74f01c3b3
primary__TH_OG2P1-SG3O1-OG2P1_-1h	primary	TH_OG2P1-SG3O1-OG2P1_-1h	TH_OG2P1-SG3O1-OG2P1	-1	T_CC_090	T_CC	90.0	90.00019699894702	90.0065912736813	0.0063942747342764505	0.0063942747342764505	0.02	True	dbc39b01855c642528b1b5129ecf4ae28ec9520145b3527abc86ff7044f37fe4	5ce7500a0e40a696348efebc2a698e3e3a4b79fdcfc0d9be30190f90855b3495
primary__TH_OG2P1-SG3O1-OG2P1_-1h	primary	TH_OG2P1-SG3O1-OG2P1_-1h	TH_OG2P1-SG3O1-OG2P1	-1	T_CC_120	T_CC	120.0	119.99983965803996	119.99826301799473	-0.0015766400452434937	0.0015766400452434937	0.02	True	703b1af8fd53d30a74d3f4bf3a1f53070360f76270386005e08d7e6d5c6d10b8	8d3cb0874bdb59b4b922926a3e228b9d4b1f2e34d9c61b4157fc63baf09aa6a3
primary__TH_OG2P1-SG3O1-OG2P1_-1h	primary	TH_OG2P1-SG3O1-OG2P1_-1h	TH_OG2P1-SG3O1-OG2P1	-1	T_CC_150	T_CC	150.0	150.00011419393934	150.0052412646241	0.005127070684750379	0.005127070684750379	0.02	True	3625c62a0da1954c05f2c25a8ce89fd780c033322f4d07af01007123ad2086d7	d1e966a33195f731dd716fe33e6adb2e4eb41d9b0b1b288d8ee850f72a10714d
primary__TH_OG2P1-SG3O1-OG2P1_-1h	primary	TH_OG2P1-SG3O1-OG2P1_-1h	TH_OG2P1-SG3O1-OG2P1	-1	T_CC_180	T_CC	180.0	-179.99987411198484	-179.99721304281255	0.0026610691722908086	0.0026610691722908086	0.02	True	237d0de9329d2f7154e75e1b94b8d20dc99d256df491b1962585edd08ac5d56b	ef3501041155819a53072f0a8c07e7959e0f7f3216cca7d5bdf7028bdd45f266
primary__TH_OG2P1-SG3O1-OG2P1_-1h	primary	TH_OG2P1-SG3O1-OG2P1_-1h	TH_OG2P1-SG3O1-OG2P1	-1	T_CC_210	T_CC	210.0	-150.00009928563182	-150.00614587752958	-0.0060465918977570254	0.0060465918977570254	0.02	True	ff7ba181ddce36b5fec269c010000630a05fa87e61843c9cb6ae5b286660aa06	a821d841558c6cd2eb1d735bede85d154a833e6dc7e3778b29c4448f517241ee
primary__TH_OG2P1-SG3O1-OG2P1_-1h	primary	TH_OG2P1-SG3O1-OG2P1_-1h	TH_OG2P1-SG3O1-OG2P1	-1	T_CC_240	T_CC	240.0	-120.00007620746388	-120.00282048294353	-0.0027442754796425106	0.0027442754796425106	0.02	True	880de9f672087b3c73f343d26033dc31c7e6d04945e3ef56427c9859c467bda9	6892760e407c58003d2965c0994d7aa752ceb68cdaaf15f429ba7628ccf03708
primary__TH_OG2P1-SG3O1-OG2P1_-1h	primary	TH_OG2P1-SG3O1-OG2P1_-1h	TH_OG2P1-SG3O1-OG2P1	-1	T_CC_270	T_CC	270.0	-89.99993474284005	-89.9949420519799	0.004992690860149196	0.004992690860149196	0.02	True	0bb8e714e59c30b159e44188b0df6faf6cdafd8794878db4b1f2197b15d282c8	3439b24ddeaece7ed62f5615865f83d9a38da034e88a6c0c991abb579080cf5b
primary__TH_OG2P1-SG3O1-OG2P1_-1h	primary	TH_OG2P1-SG3O1-OG2P1_-1h	TH_OG2P1-SG3O1-OG2P1	-1	T_CC_300	T_CC	300.0	-59.99998160172803	-60.00130343306474	-0.0013218313367246992	0.0013218313367246992	0.02	True	fc6381c1ad4b27e5f9a79cad7e8361d93f1a8d0e253a0d934cd0410aba899c01	b552e0e85cd3f358adabdc296f2d19a3f42933118e16f88b5d3dfd39eec10ea8
primary__TH_OG2P1-SG3O1-OG2P1_-1h	primary	TH_OG2P1-SG3O1-OG2P1_-1h	TH_OG2P1-SG3O1-OG2P1	-1	T_CC_330	T_CC	330.0	-30.00016585816224	-30.012818427907032	-0.012652569744801667	0.012652569744801667	0.02	True	12d5e015638e715123552261c80c982de9108a65a82103add957bb662b8d1c03	5d2b8eea05ca1704e64ddff9f9445e1b4172b895443e31a4d9a7f3fd8c6f478d
primary__TH_OG2P1-SG3O1-OG2P1_-1h	primary	TH_OG2P1-SG3O1-OG2P1_-1h	TH_OG2P1-SG3O1-OG2P1	-1	T_CS_000	T_CS	0.0	1.5180520262743396e-05	-0.003348593121699999	-0.003363773641950729	0.003363773641950729	0.02	True	b76cb71c416ae436646084247ac0799101a651a6e78ef12bdd936ed29539a181	3d7164b438a54b68b56b9df179a63b30dcabdc38f96863824ea47fb1ae9179a6
primary__TH_OG2P1-SG3O1-OG2P1_-1h	primary	TH_OG2P1-SG3O1-OG2P1_-1h	TH_OG2P1-SG3O1-OG2P1	-1	T_CS_010	T_CS	10.0	10.000078136231716	10.000111812257229	3.367602550952142e-05	3.367602550952142e-05	0.02	True	93231ed042bed5c0602602d32e5c5f3d4901969d8156257c0347236c62607f21	bb6fc8da53c5a08ec6658d0d2d3ea46dfc73b20935c8241b401694c5b0974330
primary__TH_OG2P1-SG3O1-OG2P1_-1h	primary	TH_OG2P1-SG3O1-OG2P1_-1h	TH_OG2P1-SG3O1-OG2P1	-1	T_CS_020	T_CS	20.0	20.00017404591677	20.003058004032738	0.0028839581159729732	0.0028839581159729732	0.02	True	fc0fe0aaa70da2491407d7cf40549f0928ad568ab5bdce4bbe2d14d68bfcc78c	eff3fec07f8b57e5e3ea86c30a94cfa5ce9d84f7faa31985eff50fb4c83fb7c7
primary__TH_OG2P1-SG3O1-OG2P1_-1h	primary	TH_OG2P1-SG3O1-OG2P1_-1h	TH_OG2P1-SG3O1-OG2P1	-1	T_CS_030	T_CS	30.0	30.00019985596987	30.00571098708309	0.005511131113223655	0.005511131113223655	0.02	True	a05c8327bb40345cb389bdc875b9059d4912df044e264f7722d2fc594a9c36dd	6187d5e6c26beb62e616b58809aad1fdf4b1a4cd4e783ecbe3b7a91ac6833ac2
primary__TH_OG2P1-SG3O1-OG2P1_-1h	primary	TH_OG2P1-SG3O1-OG2P1_-1h	TH_OG2P1-SG3O1-OG2P1	-1	T_CS_040	T_CS	40.0	40.00013511844969	40.00683163566677	0.006696517217079645	0.006696517217079645	0.02	True	1a3dc833568c912b0d2cb86bfde6f64600b04206593d34bfbb044abbbf528520	ff97693c6eb49fa93fd3974ec874b0e1ac9238e7e71c51c86462fb79f556319a
primary__TH_OG2P1-SG3O1-OG2P1_-1h	primary	TH_OG2P1-SG3O1-OG2P1_-1h	TH_OG2P1-SG3O1-OG2P1	-1	T_CS_050	T_CS	50.0	50.000069706040776	50.005671925742206	0.005602219701415834	0.005602219701415834	0.02	True	d5ffde1699a4340c997fb87781ff0319b604b8e83883345a0da527c51bce31d9	993261fe055cec5cd1cbc34977362340ec6cfccff410c257277d0077a27d0d9b
primary__TH_OG2P1-SG3O1-OG2P1_-1h	primary	TH_OG2P1-SG3O1-OG2P1_-1h	TH_OG2P1-SG3O1-OG2P1	-1	T_CS_060	T_CS	60.0	60.00001911469256	60.00328155701602	0.0032624423234608457	0.0032624423234608457	0.02	True	80f6abaaca25fcd7bd9b4a96576a6529dc2aab9c92bb4dc8cb8d94382f35e1bd	7bc24e22a94fe8344a8c3624631d9f153675547c2880e024a564dbd67e2766a3
primary__TH_OG2P1-SG3O1-OG2P1_-1h	primary	TH_OG2P1-SG3O1-OG2P1_-1h	TH_OG2P1-SG3O1-OG2P1	-1	T_CS_070	T_CS	70.0	69.99996549339919	70.00013961522772	0.00017412182853604463	0.00017412182853604463	0.02	True	861b37106b6bffb8af5aa0780a88e99efc6bb88ef7f40055d7a4c38fada5ead3	4fc233255c4ff2d0930150c6fff6a6005ca81a01496a4f008d1c0f8ff8b0643e
primary__TH_OG2P1-SG3O1-OG2P1_-1h	primary	TH_OG2P1-SG3O1-OG2P1_-1h	TH_OG2P1-SG3O1-OG2P1	-1	T_CS_080	T_CS	80.0	79.99992991278366	79.99689381493505	-0.0030360978486214663	0.0030360978486214663	0.02	True	185564ab2bddfe1f6bee80c92bcc4d84c3c5217d92438a78fed413f0c2f0ee48	27c6798d44230042c1845887fbf5bfe7cd3d5639f240d9ce1f07201be11af921
primary__TH_OG2P1-SG3O1-OG2P1_-1h	primary	TH_OG2P1-SG3O1-OG2P1_-1h	TH_OG2P1-SG3O1-OG2P1	-1	T_CS_090	T_CS	90.0	89.99991027498892	89.99442123534867	-0.005489039640252713	0.005489039640252713	0.02	True	95090c3545e38e3050c6dfd9ee40f08d6e347c417cfbc010bffb72eed38858f5	b4b8277ccda26b381921c2e22b7753cecea4324eaf50159fc8449a34463b5588
primary__TH_OG2P1-SG3O1-OG2P1_-1h	primary	TH_OG2P1-SG3O1-OG2P1_-1h	TH_OG2P1-SG3O1-OG2P1	-1	T_CS_100	T_CS	100.0	99.99973782178598	99.99325109696773	-0.006486724818273615	0.006486724818273615	0.02	True	c5e6d243501db4ba3bbd09f5ae97a9cc954f7652d24c606c3bb8196a5b512755	30336c7f3144d98b1a6c50dab4dca7ff5436b245b4de10d5f57b6ddfbeab5081
primary__TH_OG2P1-SG3O1-OG2P1_-1h	primary	TH_OG2P1-SG3O1-OG2P1_-1h	TH_OG2P1-SG3O1-OG2P1	-1	T_CS_110	T_CS	110.0	109.99982259760765	109.99410623456079	-0.005716363046872175	0.005716363046872175	0.02	True	fd3404ec36fe83815887e7a1e639f61c92bd7d0c7d43580b0b9c0fed1892da18	5d9b606fc86b2b7440276ebb95e294139d822bb017e8caf86e191c349a8c8e3c
primary__TH_OG2P1-SG3O1-OG2P1_-1h	primary	TH_OG2P1-SG3O1-OG2P1_-1h	TH_OG2P1-SG3O1-OG2P1	-1	T_CS_120	T_CS	120.0	120.0000256226668	119.99671563988964	-0.003309982777153664	0.003309982777153664	0.02	True	cd3a576945e09ba26d11c6c20df75fa39584268550f612d9a1dc957add5b6753	e3d9ce81d57d18b6d20edabb69fd760ccc3e1b1e0d88fb52746ee7a1afe476c0
primary__TH_OG2P1-SG3O1-OG2P1_-1h	primary	TH_OG2P1-SG3O1-OG2P1_-1h	TH_OG2P1-SG3O1-OG2P1	-1	T_CC_240_FROM_REVERSE_QM	T_CC	240.0	-120.00002885442426	-120.00277610058092	-0.0027472461566731	0.0027472461566731	0.02	True	8af7af63d19b53cffc32f9eda8be8acabcdedd5642a150991c618d46afeeece1	3cb810e5370c0e3882132d71d259946fa9c6eb74bd057268656f5ed2f0647515
primary__TH_OG2P1-SG3O1-OG2P1_+1h	primary	TH_OG2P1-SG3O1-OG2P1_+1h	TH_OG2P1-SG3O1-OG2P1	1	T_CC_000	T_CC	0.0	8.2317896820712e-05	0.001670276423907081	0.001587958527096589	0.001587958527096589	0.02	True	a6e94cfe558c5be38544a34d2a6fad98313d167e35f5e4b511ff44a3e9ca9bd2	bbef8b1cba72738131f79fd21e342d67d1d80dce90358a4845ff61598be57c78
primary__TH_OG2P1-SG3O1-OG2P1_+1h	primary	TH_OG2P1-SG3O1-OG2P1_+1h	TH_OG2P1-SG3O1-OG2P1	1	T_CC_030	T_CC	30.0	30.000158540910803	30.01027756583815	0.010119024927348619	0.010119024927348619	0.02	True	bab98c0a3ea47718c84ee2523940894bf3eb8df2875321a686eefa8b41f8b782	f382bf02974ce42feb76d8f231995e94ce7da544709cfec262d9980b7fd7a175
primary__TH_OG2P1-SG3O1-OG2P1_+1h	primary	TH_OG2P1-SG3O1-OG2P1_+1h	TH_OG2P1-SG3O1-OG2P1	1	T_CC_060	T_CC	60.0	60.0001592609087	60.004401013437786	0.004241752529082987	0.004241752529082987	0.02	True	41baeb9c356cf99a1669a39f741dfb4147717de0ce46134528141edf74e37c1d	e845b05eb9f6e6dbca3789dd217ce1fe72dd69c6712d8f36ee2739543d26247d
primary__TH_OG2P1-SG3O1-OG2P1_+1h	primary	TH_OG2P1-SG3O1-OG2P1_+1h	TH_OG2P1-SG3O1-OG2P1	1	T_CC_090	T_CC	90.0	90.00019699894702	90.00670431936464	0.006507320417625806	0.006507320417625806	0.02	True	dbc39b01855c642528b1b5129ecf4ae28ec9520145b3527abc86ff7044f37fe4	929071d8e1fc4b75cdd67b0b95be4fb29f954b3987c670c664247c2f00d862ee
primary__TH_OG2P1-SG3O1-OG2P1_+1h	primary	TH_OG2P1-SG3O1-OG2P1_+1h	TH_OG2P1-SG3O1-OG2P1	1	T_CC_120	T_CC	120.0	119.99983965803996	119.99842987361347	-0.0014097844264711057	0.0014097844264711057	0.02	True	703b1af8fd53d30a74d3f4bf3a1f53070360f76270386005e08d7e6d5c6d10b8	466a1f9bb73aed01ff6fb564e1753a0fbc0fb04c46608a88ac67979dc160fd46
primary__TH_OG2P1-SG3O1-OG2P1_+1h	primary	TH_OG2P1-SG3O1-OG2P1_+1h	TH_OG2P1-SG3O1-OG2P1	1	T_CC_150	T_CC	150.0	150.00011419393934	150.00509968679722	0.004985492857883855	0.004985492857883855	0.02	True	3625c62a0da1954c05f2c25a8ce89fd780c033322f4d07af01007123ad2086d7	330ea9022ab1b37c49cfbb246f8088e0044e0bfc84fb99fd01c075d929cd3edc
primary__TH_OG2P1-SG3O1-OG2P1_+1h	primary	TH_OG2P1-SG3O1-OG2P1_+1h	TH_OG2P1-SG3O1-OG2P1	1	T_CC_180	T_CC	180.0	-179.99987411198484	-179.99723192831235	0.0026421836724921377	0.0026421836724921377	0.02	True	237d0de9329d2f7154e75e1b94b8d20dc99d256df491b1962585edd08ac5d56b	b015b128b6e6edca8c2db9764eff0cde51b55f870c1a95e994802dfa0e6bbf87
primary__TH_OG2P1-SG3O1-OG2P1_+1h	primary	TH_OG2P1-SG3O1-OG2P1_+1h	TH_OG2P1-SG3O1-OG2P1	1	T_CC_210	T_CC	210.0	-150.00009928563182	-150.00603648612255	-0.00593720049073454	0.00593720049073454	0.02	True	ff7ba181ddce36b5fec269c010000630a05fa87e61843c9cb6ae5b286660aa06	7ca0fade9999c0c158bfa04a7c99d570c8bfb99a452c767e21b48dedb0edbc3c
primary__TH_OG2P1-SG3O1-OG2P1_+1h	primary	TH_OG2P1-SG3O1-OG2P1_+1h	TH_OG2P1-SG3O1-OG2P1	1	T_CC_240	T_CC	240.0	-120.00007620746388	-120.00288537516052	-0.0028091676966255363	0.0028091676966255363	0.02	True	880de9f672087b3c73f343d26033dc31c7e6d04945e3ef56427c9859c467bda9	bfe020d95a2da619b4e68858a1dd4012a801208c6ecb894ed537e4720929b031
primary__TH_OG2P1-SG3O1-OG2P1_+1h	primary	TH_OG2P1-SG3O1-OG2P1_+1h	TH_OG2P1-SG3O1-OG2P1	1	T_CC_270	T_CC	270.0	-89.99993474284005	-89.99495334745208	0.004981395387972043	0.004981395387972043	0.02	True	0bb8e714e59c30b159e44188b0df6faf6cdafd8794878db4b1f2197b15d282c8	6066a786f8e6bf3ba5a3f2f4b0459dfff6d614e678eb5d15452ae02b390b4eb5
primary__TH_OG2P1-SG3O1-OG2P1_+1h	primary	TH_OG2P1-SG3O1-OG2P1_+1h	TH_OG2P1-SG3O1-OG2P1	1	T_CC_300	T_CC	300.0	-59.99998160172803	-60.00128839407459	-0.0013067923465541753	0.0013067923465541753	0.02	True	fc6381c1ad4b27e5f9a79cad7e8361d93f1a8d0e253a0d934cd0410aba899c01	44deab4756c3bbf3967080f744f1e9bd789e01fe16d14aa0a029ea2f4d6bcfa0
primary__TH_OG2P1-SG3O1-OG2P1_+1h	primary	TH_OG2P1-SG3O1-OG2P1_+1h	TH_OG2P1-SG3O1-OG2P1	1	T_CC_330	T_CC	330.0	-30.00016585816224	-30.012867968109255	-0.01270210994701415	0.01270210994701415	0.02	True	12d5e015638e715123552261c80c982de9108a65a82103add957bb662b8d1c03	bea5e9fb71c85b9027b339dc1d49273e15678786c1b3e5ef5b4f9d7614dc383e
primary__TH_OG2P1-SG3O1-OG2P1_+1h	primary	TH_OG2P1-SG3O1-OG2P1_+1h	TH_OG2P1-SG3O1-OG2P1	1	T_CS_000	T_CS	0.0	1.5180520262743396e-05	-0.003436602147066145	-0.0034517826673265972	0.0034517826673265972	0.02	True	b76cb71c416ae436646084247ac0799101a651a6e78ef12bdd936ed29539a181	854515828164ba4c6f4c808c0ed768753402ceb3a669caf34cbad9d05887290a
primary__TH_OG2P1-SG3O1-OG2P1_+1h	primary	TH_OG2P1-SG3O1-OG2P1_+1h	TH_OG2P1-SG3O1-OG2P1	1	T_CS_010	T_CS	10.0	10.000078136231716	10.00019700833245	0.00011887210072814014	0.00011887210072814014	0.02	True	93231ed042bed5c0602602d32e5c5f3d4901969d8156257c0347236c62607f21	5436526aea2fc0fae7ae1000643a976c449256fa71ecafb0d675504da7fcad9d
primary__TH_OG2P1-SG3O1-OG2P1_+1h	primary	TH_OG2P1-SG3O1-OG2P1_+1h	TH_OG2P1-SG3O1-OG2P1	1	T_CS_020	T_CS	20.0	20.00017404591677	20.00326548137504	0.003091435458259184	0.003091435458259184	0.02	True	fc0fe0aaa70da2491407d7cf40549f0928ad568ab5bdce4bbe2d14d68bfcc78c	9ba14ba327080b237e8afa2029960f047e5f17a4d68bc662da09c7b5b916ef55
primary__TH_OG2P1-SG3O1-OG2P1_+1h	primary	TH_OG2P1-SG3O1-OG2P1_+1h	TH_OG2P1-SG3O1-OG2P1	1	T_CS_030	T_CS	30.0	30.00019985596987	30.006044753022817	0.005844897052952547	0.005844897052952547	0.02	True	a05c8327bb40345cb389bdc875b9059d4912df044e264f7722d2fc594a9c36dd	058849d9317d1371d8fb91eee92274c8f659a855adcdd07142dd9e2046f782f3
primary__TH_OG2P1-SG3O1-OG2P1_+1h	primary	TH_OG2P1-SG3O1-OG2P1_+1h	TH_OG2P1-SG3O1-OG2P1	1	T_CS_040	T_CS	40.0	40.00013511844969	40.00710126278674	0.006966144337042124	0.006966144337042124	0.02	True	1a3dc833568c912b0d2cb86bfde6f64600b04206593d34bfbb044abbbf528520	bb7101a7460f31854c64eafadf75d63d0d3d951174c9188d48198ff92cf6f214
primary__TH_OG2P1-SG3O1-OG2P1_+1h	primary	TH_OG2P1-SG3O1-OG2P1_+1h	TH_OG2P1-SG3O1-OG2P1	1	T_CS_050	T_CS	50.0	50.000069706040776	50.00584210992783	0.005772403887050359	0.005772403887050359	0.02	True	d5ffde1699a4340c997fb87781ff0319b604b8e83883345a0da527c51bce31d9	d01486566858f08c0d1894ae5302027982aa0e99d213879e40f8dee5686e21b7
primary__TH_OG2P1-SG3O1-OG2P1_+1h	primary	TH_OG2P1-SG3O1-OG2P1_+1h	TH_OG2P1-SG3O1-OG2P1	1	T_CS_060	T_CS	60.0	60.00001911469256	60.003347927400085	0.003328812707536599	0.003328812707536599	0.02	True	80f6abaaca25fcd7bd9b4a96576a6529dc2aab9c92bb4dc8cb8d94382f35e1bd	7d8a0034d60306d61fd5aae4cef96ca5e0c54fbf2805604b5687c14af0bb146a
primary__TH_OG2P1-SG3O1-OG2P1_+1h	primary	TH_OG2P1-SG3O1-OG2P1_+1h	TH_OG2P1-SG3O1-OG2P1	1	T_CS_070	T_CS	70.0	69.99996549339919	70.00011653937956	0.000151045980373965	0.000151045980373965	0.02	True	861b37106b6bffb8af5aa0780a88e99efc6bb88ef7f40055d7a4c38fada5ead3	000d3f67ad6712dcedb056b46f41bca92c8845314b6b5ce598c7fbc408275d01
primary__TH_OG2P1-SG3O1-OG2P1_+1h	primary	TH_OG2P1-SG3O1-OG2P1_+1h	TH_OG2P1-SG3O1-OG2P1	1	T_CS_080	T_CS	80.0	79.99992991278366	79.996740310299	-0.0031896024846673754	0.0031896024846673754	0.02	True	185564ab2bddfe1f6bee80c92bcc4d84c3c5217d92438a78fed413f0c2f0ee48	5701dffa68ca7e3689037b00164551b245a52fa53eb330c463216b10e5c583d6
primary__TH_OG2P1-SG3O1-OG2P1_+1h	primary	TH_OG2P1-SG3O1-OG2P1_+1h	TH_OG2P1-SG3O1-OG2P1	1	T_CS_090	T_CS	90.0	89.99991027498892	89.99416649127446	-0.005743783714478923	0.005743783714478923	0.02	True	95090c3545e38e3050c6dfd9ee40f08d6e347c417cfbc010bffb72eed38858f5	32aafc473d5a1078b7118a03019f196ee7d4dacb22660a6671ac5be9d9ddfb63
primary__TH_OG2P1-SG3O1-OG2P1_+1h	primary	TH_OG2P1-SG3O1-OG2P1_+1h	TH_OG2P1-SG3O1-OG2P1	1	T_CS_100	T_CS	100.0	99.99973782178598	99.99293247763676	-0.006805344149228176	0.006805344149228176	0.02	True	c5e6d243501db4ba3bbd09f5ae97a9cc954f7652d24c606c3bb8196a5b512755	0c67c38588c30d305b57c4183c5eb08310708b0fdecc5c5e82d804e4af5a6395
primary__TH_OG2P1-SG3O1-OG2P1_+1h	primary	TH_OG2P1-SG3O1-OG2P1_+1h	TH_OG2P1-SG3O1-OG2P1	1	T_CS_110	T_CS	110.0	109.99982259760765	109.99383059274146	-0.005992004866186562	0.005992004866186562	0.02	True	fd3404ec36fe83815887e7a1e639f61c92bd7d0c7d43580b0b9c0fed1892da18	812eecdfc32e1c4615bdf4695b85eacb342483ece33cb84c57a67cf3ae551903
primary__TH_OG2P1-SG3O1-OG2P1_+1h	primary	TH_OG2P1-SG3O1-OG2P1_+1h	TH_OG2P1-SG3O1-OG2P1	1	T_CS_120	T_CS	120.0	120.0000256226668	119.99661814951378	-0.003407473153004048	0.003407473153004048	0.02	True	cd3a576945e09ba26d11c6c20df75fa39584268550f612d9a1dc957add5b6753	0401111833ec5a5c15e6515760fd14d34514b91275defd136e98f95ba14691c2
primary__TH_OG2P1-SG3O1-OG2P1_+1h	primary	TH_OG2P1-SG3O1-OG2P1_+1h	TH_OG2P1-SG3O1-OG2P1	1	T_CC_240_FROM_REVERSE_QM	T_CC	240.0	-120.00002885442426	-120.00281325868593	-0.002784404261660711	0.002784404261660711	0.02	True	8af7af63d19b53cffc32f9eda8be8acabcdedd5642a150991c618d46afeeece1	bf249808cd9816e2da092356c194ea97536c45add3b029d24ac1852d65ebc6fd
primary__TH_OG2P1-SG3O1-OG2P1_+2h	primary	TH_OG2P1-SG3O1-OG2P1_+2h	TH_OG2P1-SG3O1-OG2P1	2	T_CC_000	T_CC	0.0	8.2317896820712e-05	0.0017661510566372035	0.0016838331598023615	0.0016838331598023615	0.02	True	a6e94cfe558c5be38544a34d2a6fad98313d167e35f5e4b511ff44a3e9ca9bd2	1da4594e9250a85fc2ae26ff1f9eb743473f56dc6b61535684ae57ea747cbd3f
primary__TH_OG2P1-SG3O1-OG2P1_+2h	primary	TH_OG2P1-SG3O1-OG2P1_+2h	TH_OG2P1-SG3O1-OG2P1	2	T_CC_030	T_CC	30.0	30.000158540910803	30.01027002909217	0.010111488181365758	0.010111488181365758	0.02	True	bab98c0a3ea47718c84ee2523940894bf3eb8df2875321a686eefa8b41f8b782	24af38183d1ed04e0ffaacb09290acc5b930b4c67876619887681578413a08fb
primary__TH_OG2P1-SG3O1-OG2P1_+2h	primary	TH_OG2P1-SG3O1-OG2P1_+2h	TH_OG2P1-SG3O1-OG2P1	2	T_CC_060	T_CC	60.0	60.0001592609087	60.00432657093043	0.004167310021728099	0.004167310021728099	0.02	True	41baeb9c356cf99a1669a39f741dfb4147717de0ce46134528141edf74e37c1d	e3fe35f4a8301754b4fe18408ebaa5af1c34c0a9dbf537557bd2c436489a1fc9
primary__TH_OG2P1-SG3O1-OG2P1_+2h	primary	TH_OG2P1-SG3O1-OG2P1_+2h	TH_OG2P1-SG3O1-OG2P1	2	T_CC_090	T_CC	90.0	90.00019699894702	90.00674323252473	0.006546233577694238	0.006546233577694238	0.02	True	dbc39b01855c642528b1b5129ecf4ae28ec9520145b3527abc86ff7044f37fe4	5fcf85b4041a4893762135a90cce31fa969885dfdced72dc99d46bb03c11d7c6
primary__TH_OG2P1-SG3O1-OG2P1_+2h	primary	TH_OG2P1-SG3O1-OG2P1_+2h	TH_OG2P1-SG3O1-OG2P1	2	T_CC_120	T_CC	120.0	119.99983965803996	119.99851601514456	-0.0013236428953860013	0.0013236428953860013	0.02	True	703b1af8fd53d30a74d3f4bf3a1f53070360f76270386005e08d7e6d5c6d10b8	a0e463d0abc7e702b08c2db509c17cc07ecd42a22515663502c93291cd47f26f
primary__TH_OG2P1-SG3O1-OG2P1_+2h	primary	TH_OG2P1-SG3O1-OG2P1_+2h	TH_OG2P1-SG3O1-OG2P1	2	T_CC_150	T_CC	150.0	150.00011419393934	150.00505125953072	0.004937065591377632	0.004937065591377632	0.02	True	3625c62a0da1954c05f2c25a8ce89fd780c033322f4d07af01007123ad2086d7	ea3bfb10c2dab24d1750c54a91bfab3274ba770393fd053ad744581a529746e5
primary__TH_OG2P1-SG3O1-OG2P1_+2h	primary	TH_OG2P1-SG3O1-OG2P1_+2h	TH_OG2P1-SG3O1-OG2P1	2	T_CC_180	T_CC	180.0	-179.99987411198484	-179.99723161858992	0.002642493394915846	0.002642493394915846	0.02	True	237d0de9329d2f7154e75e1b94b8d20dc99d256df491b1962585edd08ac5d56b	c63b265f7236b35e150ce3d0cbf8f52ab4e920923f254b9e6a6431962664159f
primary__TH_OG2P1-SG3O1-OG2P1_+2h	primary	TH_OG2P1-SG3O1-OG2P1_+2h	TH_OG2P1-SG3O1-OG2P1	2	T_CC_210	T_CC	210.0	-150.00009928563182	-150.0059868523091	-0.005887566677273526	0.005887566677273526	0.02	True	ff7ba181ddce36b5fec269c010000630a05fa87e61843c9cb6ae5b286660aa06	ae1ad9ea1a26dc06fde6fedfd630bb647def3c57242321bb68ed836044d6f7d3
primary__TH_OG2P1-SG3O1-OG2P1_+2h	primary	TH_OG2P1-SG3O1-OG2P1_+2h	TH_OG2P1-SG3O1-OG2P1	2	T_CC_240	T_CC	240.0	-120.00007620746388	-120.00290504567984	-0.002828838215975793	0.002828838215975793	0.02	True	880de9f672087b3c73f343d26033dc31c7e6d04945e3ef56427c9859c467bda9	272d5915859cfae4b98b503580c97ec4146896cb9c5a1b7b87ad1d2cf0f5ac97
primary__TH_OG2P1-SG3O1-OG2P1_+2h	primary	TH_OG2P1-SG3O1-OG2P1_+2h	TH_OG2P1-SG3O1-OG2P1	2	T_CC_270	T_CC	270.0	-89.99993474284005	-89.99496788190204	0.004966860937997808	0.004966860937997808	0.02	True	0bb8e714e59c30b159e44188b0df6faf6cdafd8794878db4b1f2197b15d282c8	d659af96e9c5bbe6475d89585edff66eb9b1340f2f553e7772de0e510c8f1289
primary__TH_OG2P1-SG3O1-OG2P1_+2h	primary	TH_OG2P1-SG3O1-OG2P1_+2h	TH_OG2P1-SG3O1-OG2P1	2	T_CC_300	T_CC	300.0	-59.99998160172803	-60.00127771210303	-0.0012961103749944414	0.0012961103749944414	0.02	True	fc6381c1ad4b27e5f9a79cad7e8361d93f1a8d0e253a0d934cd0410aba899c01	2e240082b2bfb05ee7f54ab1a678327e2b1d2219344ca9d872a22cbf483ca4cb
primary__TH_OG2P1-SG3O1-OG2P1_+2h	primary	TH_OG2P1-SG3O1-OG2P1_+2h	TH_OG2P1-SG3O1-OG2P1	2	T_CC_330	T_CC	330.0	-30.00016585816224	-30.012867645068916	-0.012701786906688994	0.012701786906688994	0.02	True	12d5e015638e715123552261c80c982de9108a65a82103add957bb662b8d1c03	f59f8ebd246465bd93d6504f8935b83de3e165261b4e32ba9b6c5f8de27c4b79
primary__TH_OG2P1-SG3O1-OG2P1_+2h	primary	TH_OG2P1-SG3O1-OG2P1_+2h	TH_OG2P1-SG3O1-OG2P1	2	T_CS_000	T_CS	0.0	1.5180520262743396e-05	-0.0035080454495271603	-0.003523225969786381	0.003523225969786381	0.02	True	b76cb71c416ae436646084247ac0799101a651a6e78ef12bdd936ed29539a181	f7e03db0210ee6908df2a177fa61f89cfadca043631b590a23e23502edbb77dd
primary__TH_OG2P1-SG3O1-OG2P1_+2h	primary	TH_OG2P1-SG3O1-OG2P1_+2h	TH_OG2P1-SG3O1-OG2P1	2	T_CS_010	T_CS	10.0	10.000078136231716	10.00024918709671	0.0001710508649921394	0.0001710508649921394	0.02	True	93231ed042bed5c0602602d32e5c5f3d4901969d8156257c0347236c62607f21	9e345f18b9d76a4ed45891afe9ca50338eef35a8b62e24f2286c77be992a2aca
primary__TH_OG2P1-SG3O1-OG2P1_+2h	primary	TH_OG2P1-SG3O1-OG2P1_+2h	TH_OG2P1-SG3O1-OG2P1	2	T_CS_020	T_CS	20.0	20.00017404591677	20.003380296049286	0.0032062501325071935	0.0032062501325071935	0.02	True	fc0fe0aaa70da2491407d7cf40549f0928ad568ab5bdce4bbe2d14d68bfcc78c	e3e82f0206d4f1da28bfa8bd7bed600693b86f2b5b59e40ad69ede6cb756f86f
primary__TH_OG2P1-SG3O1-OG2P1_+2h	primary	TH_OG2P1-SG3O1-OG2P1_+2h	TH_OG2P1-SG3O1-OG2P1	2	T_CS_030	T_CS	30.0	30.00019985596987	30.00619187117756	0.005992015207681334	0.005992015207681334	0.02	True	a05c8327bb40345cb389bdc875b9059d4912df044e264f7722d2fc594a9c36dd	c9fcfba17b853d6763bfb67fd9f5c726e6954dd25756477420edf11d18114622
primary__TH_OG2P1-SG3O1-OG2P1_+2h	primary	TH_OG2P1-SG3O1-OG2P1_+2h	TH_OG2P1-SG3O1-OG2P1	2	T_CS_040	T_CS	40.0	40.00013511844969	40.00723305627072	0.007097937821015421	0.007097937821015421	0.02	True	1a3dc833568c912b0d2cb86bfde6f64600b04206593d34bfbb044abbbf528520	f8ae16d0fb809bde9f224e5c6005f6e4b963cab653d71b87a3e144eaf90335b6
primary__TH_OG2P1-SG3O1-OG2P1_+2h	primary	TH_OG2P1-SG3O1-OG2P1_+2h	TH_OG2P1-SG3O1-OG2P1	2	T_CS_050	T_CS	50.0	50.000069706040776	50.00594345196773	0.005873745926948004	0.005873745926948004	0.02	True	d5ffde1699a4340c997fb87781ff0319b604b8e83883345a0da527c51bce31d9	e7b365b3ce08a46472e6d04171740eff276b714598a9ed0e932b6a3dbffa6986
primary__TH_OG2P1-SG3O1-OG2P1_+2h	primary	TH_OG2P1-SG3O1-OG2P1_+2h	TH_OG2P1-SG3O1-OG2P1	2	T_CS_060	T_CS	60.0	60.00001911469256	60.00339518101266	0.00337606632010079	0.00337606632010079	0.02	True	80f6abaaca25fcd7bd9b4a96576a6529dc2aab9c92bb4dc8cb8d94382f35e1bd	e495e8ad51495805fb961a3c4166be94293fefbf9757e793dbf4995c2f864a27
primary__TH_OG2P1-SG3O1-OG2P1_+2h	primary	TH_OG2P1-SG3O1-OG2P1_+2h	TH_OG2P1-SG3O1-OG2P1	2	T_CS_070	T_CS	70.0	69.99996549339919	70.0000959231788	0.00013042977963095836	0.00013042977963095836	0.02	True	861b37106b6bffb8af5aa0780a88e99efc6bb88ef7f40055d7a4c38fada5ead3	3eb14cafe168e9c4fad04a5b6519d71d25ec4e22f8bd0471c6f315ef83d3cc12
primary__TH_OG2P1-SG3O1-OG2P1_+2h	primary	TH_OG2P1-SG3O1-OG2P1_+2h	TH_OG2P1-SG3O1-OG2P1	2	T_CS_080	T_CS	80.0	79.99992991278366	79.99665375174663	-0.003276161037035763	0.003276161037035763	0.02	True	185564ab2bddfe1f6bee80c92bcc4d84c3c5217d92438a78fed413f0c2f0ee48	da6279a9a246cf836cd1e6d8bac1fc00f3e2a2a2ce9307bd8b79c8c81979a553
primary__TH_OG2P1-SG3O1-OG2P1_+2h	primary	TH_OG2P1-SG3O1-OG2P1_+2h	TH_OG2P1-SG3O1-OG2P1	2	T_CS_090	T_CS	90.0	89.99991027498892	89.99401467420383	-0.005895600785095212	0.005895600785095212	0.02	True	95090c3545e38e3050c6dfd9ee40f08d6e347c417cfbc010bffb72eed38858f5	2ce804e855d554573e8b6f6b56b0841e68b316b3e5972e9d530608d83885ee63
primary__TH_OG2P1-SG3O1-OG2P1_+2h	primary	TH_OG2P1-SG3O1-OG2P1_+2h	TH_OG2P1-SG3O1-OG2P1	2	T_CS_100	T_CS	100.0	99.99973782178598	99.99278707158376	-0.006950750202236122	0.006950750202236122	0.02	True	c5e6d243501db4ba3bbd09f5ae97a9cc954f7652d24c606c3bb8196a5b512755	7ed6be1755e678f2e245add46406d5362d886b686748d4a7a11ba378c3919fff
primary__TH_OG2P1-SG3O1-OG2P1_+2h	primary	TH_OG2P1-SG3O1-OG2P1_+2h	TH_OG2P1-SG3O1-OG2P1	2	T_CS_110	T_CS	110.0	109.99982259760765	109.99372602423018	-0.0060965733774764885	0.0060965733774764885	0.02	True	fd3404ec36fe83815887e7a1e639f61c92bd7d0c7d43580b0b9c0fed1892da18	7c6f0e4df0676d156e60229d7827c660685cbf1ff80985c9c740298dcd86a4ae
primary__TH_OG2P1-SG3O1-OG2P1_+2h	primary	TH_OG2P1-SG3O1-OG2P1_+2h	TH_OG2P1-SG3O1-OG2P1	2	T_CS_120	T_CS	120.0	120.0000256226668	119.99657527439773	-0.0034503482690695364	0.0034503482690695364	0.02	True	cd3a576945e09ba26d11c6c20df75fa39584268550f612d9a1dc957add5b6753	163b72960b798f60e7887b7ee653fb2426c110d6d8932f0ed65cf47514f7bccf
primary__TH_OG2P1-SG3O1-OG2P1_+2h	primary	TH_OG2P1-SG3O1-OG2P1_+2h	TH_OG2P1-SG3O1-OG2P1	2	T_CC_240_FROM_REVERSE_QM	T_CC	240.0	-120.00002885442426	-120.00282797930264	-0.002799124878379189	0.002799124878379189	0.02	True	8af7af63d19b53cffc32f9eda8be8acabcdedd5642a150991c618d46afeeece1	46bf7f68ce813aa8df4751b041087008e9488095d9836e3826cb7d0aaa72783f
primary__TH_FGA2-CG312-FGA2_-2h	primary	TH_FGA2-CG312-FGA2_-2h	TH_FGA2-CG312-FGA2	-2	T_CC_000	T_CC	0.0	8.2317896820712e-05	0.0014948639807518815	0.0014125460839409243	0.0014125460839409243	0.02	True	a6e94cfe558c5be38544a34d2a6fad98313d167e35f5e4b511ff44a3e9ca9bd2	18a1e6309b724e8b2a0ee26a15eecc4d630cebc9035e534a63bb656df46f99a2
primary__TH_FGA2-CG312-FGA2_-2h	primary	TH_FGA2-CG312-FGA2_-2h	TH_FGA2-CG312-FGA2	-2	T_CC_030	T_CC	30.0	30.000158540910803	30.010107518592317	0.00994897768151759	0.00994897768151759	0.02	True	bab98c0a3ea47718c84ee2523940894bf3eb8df2875321a686eefa8b41f8b782	5775f6982ed0f2e9f268e37f4ef11dc93351615ad319889b67180d4a11c72e86
primary__TH_FGA2-CG312-FGA2_-2h	primary	TH_FGA2-CG312-FGA2_-2h	TH_FGA2-CG312-FGA2	-2	T_CC_060	T_CC	60.0	60.0001592609087	60.00471556081082	0.00455629990210582	0.00455629990210582	0.02	True	41baeb9c356cf99a1669a39f741dfb4147717de0ce46134528141edf74e37c1d	9b7bf44c7af33d3e84eeff2b0b0ab5506dd656813c754fe232fa2086c76fd48a
primary__TH_FGA2-CG312-FGA2_-2h	primary	TH_FGA2-CG312-FGA2_-2h	TH_FGA2-CG312-FGA2	-2	T_CC_090	T_CC	90.0	90.00019699894702	90.00682791149295	0.006630912545915635	0.006630912545915635	0.02	True	dbc39b01855c642528b1b5129ecf4ae28ec9520145b3527abc86ff7044f37fe4	b9b650de8c192879f01de806b65bb6ab610cb9d8fd88c6376378cb0652b1d8e2
primary__TH_FGA2-CG312-FGA2_-2h	primary	TH_FGA2-CG312-FGA2_-2h	TH_FGA2-CG312-FGA2	-2	T_CC_120	T_CC	120.0	119.99983965803996	119.99856663743381	-0.0012730206061632998	0.0012730206061632998	0.02	True	703b1af8fd53d30a74d3f4bf3a1f53070360f76270386005e08d7e6d5c6d10b8	dad936f30dcc966a5005e499e48e579907e11d82867846b92b44ec2320bfb262
primary__TH_FGA2-CG312-FGA2_-2h	primary	TH_FGA2-CG312-FGA2_-2h	TH_FGA2-CG312-FGA2	-2	T_CC_150	T_CC	150.0	150.00011419393934	150.00470508693417	0.004590892994826845	0.004590892994826845	0.02	True	3625c62a0da1954c05f2c25a8ce89fd780c033322f4d07af01007123ad2086d7	58daa7903bc59b351f1f9d7b05f5a446777380eb1f8b84a3550e7e6d76c937b8
primary__TH_FGA2-CG312-FGA2_-2h	primary	TH_FGA2-CG312-FGA2_-2h	TH_FGA2-CG312-FGA2	-2	T_CC_180	T_CC	180.0	-179.99987411198484	-179.9973962960583	0.002477815926539506	0.002477815926539506	0.02	True	237d0de9329d2f7154e75e1b94b8d20dc99d256df491b1962585edd08ac5d56b	d4ecf36d4460fd8b1d9b172ba30ba58fd3f3c4a140617bff47baeb55491c5027
primary__TH_FGA2-CG312-FGA2_-2h	primary	TH_FGA2-CG312-FGA2_-2h	TH_FGA2-CG312-FGA2	-2	T_CC_210	T_CC	210.0	-150.00009928563182	-150.00567039735353	-0.0055711117217072115	0.0055711117217072115	0.02	True	ff7ba181ddce36b5fec269c010000630a05fa87e61843c9cb6ae5b286660aa06	00dbe9f9fef0da31ffec5c0514109923a9b61a48ff8a4ae778153d3a1cc352d1
primary__TH_FGA2-CG312-FGA2_-2h	primary	TH_FGA2-CG312-FGA2_-2h	TH_FGA2-CG312-FGA2	-2	T_CC_240	T_CC	240.0	-120.00007620746388	-120.00263601514658	-0.002559807682700921	0.002559807682700921	0.02	True	880de9f672087b3c73f343d26033dc31c7e6d04945e3ef56427c9859c467bda9	c15ef4fa7d8873484dfe4a7a7246c90bb0c46ce3244b208a00e175ac02699b46
primary__TH_FGA2-CG312-FGA2_-2h	primary	TH_FGA2-CG312-FGA2_-2h	TH_FGA2-CG312-FGA2	-2	T_CC_270	T_CC	270.0	-89.99993474284005	-89.9950356673678	0.004899075472252434	0.004899075472252434	0.02	True	0bb8e714e59c30b159e44188b0df6faf6cdafd8794878db4b1f2197b15d282c8	6884b60bd66edcb661e103855f32196a609646e80d8987332d73e9484da6825d
primary__TH_FGA2-CG312-FGA2_-2h	primary	TH_FGA2-CG312-FGA2_-2h	TH_FGA2-CG312-FGA2	-2	T_CC_300	T_CC	300.0	-59.99998160172803	-60.00141969164885	-0.0014380899208106257	0.0014380899208106257	0.02	True	fc6381c1ad4b27e5f9a79cad7e8361d93f1a8d0e253a0d934cd0410aba899c01	c533983ab363c525d50303ba93596bc9a58e210bf3d419f264ea4e7ffda32724
primary__TH_FGA2-CG312-FGA2_-2h	primary	TH_FGA2-CG312-FGA2_-2h	TH_FGA2-CG312-FGA2	-2	T_CC_330	T_CC	330.0	-30.00016585816224	-30.012650079411827	-0.012484221249593475	0.012484221249593475	0.02	True	12d5e015638e715123552261c80c982de9108a65a82103add957bb662b8d1c03	95cdfc6cd4050fe182ed2fbfd39871823c1ca499452359c576fdb8a64fb9f669
primary__TH_FGA2-CG312-FGA2_-2h	primary	TH_FGA2-CG312-FGA2_-2h	TH_FGA2-CG312-FGA2	-2	T_CS_000	T_CS	0.0	1.5180520262743396e-05	-0.003306988589736844	-0.003322169109992501	0.003322169109992501	0.02	True	b76cb71c416ae436646084247ac0799101a651a6e78ef12bdd936ed29539a181	e7762dac1091a1410b9a7b0602bcab1357b9d70953e8969a1b38159d51762be4
primary__TH_FGA2-CG312-FGA2_-2h	primary	TH_FGA2-CG312-FGA2_-2h	TH_FGA2-CG312-FGA2	-2	T_CS_010	T_CS	10.0	10.000078136231716	10.000192671649668	0.00011453541796413447	0.00011453541796413447	0.02	True	93231ed042bed5c0602602d32e5c5f3d4901969d8156257c0347236c62607f21	42efa03512f1eb01bf5c061139696288300f9020a129417a02f7db1a0c7e3e25
primary__TH_FGA2-CG312-FGA2_-2h	primary	TH_FGA2-CG312-FGA2_-2h	TH_FGA2-CG312-FGA2	-2	T_CS_020	T_CS	20.0	20.00017404591677	20.003114475529518	0.00294042961274954	0.00294042961274954	0.02	True	fc0fe0aaa70da2491407d7cf40549f0928ad568ab5bdce4bbe2d14d68bfcc78c	3031f1430cdc7f8fba284b3ae8da5ef82f5eac379204672cd30da5918fe90d78
primary__TH_FGA2-CG312-FGA2_-2h	primary	TH_FGA2-CG312-FGA2_-2h	TH_FGA2-CG312-FGA2	-2	T_CS_030	T_CS	30.0	30.00019985596987	30.005776843931223	0.005576987961347868	0.005576987961347868	0.02	True	a05c8327bb40345cb389bdc875b9059d4912df044e264f7722d2fc594a9c36dd	a7346f118ebaa7f5ee23a3388e79fc74e61debc4cf518023c4d7a59448a1f3cb
primary__TH_FGA2-CG312-FGA2_-2h	primary	TH_FGA2-CG312-FGA2_-2h	TH_FGA2-CG312-FGA2	-2	T_CS_040	T_CS	40.0	40.00013511844969	40.006815006596554	0.006679888146862822	0.006679888146862822	0.02	True	1a3dc833568c912b0d2cb86bfde6f64600b04206593d34bfbb044abbbf528520	48c8f23f80a4ce7001680a5944100e1b88f5a8731e387217c558fb7976f9b920
primary__TH_FGA2-CG312-FGA2_-2h	primary	TH_FGA2-CG312-FGA2_-2h	TH_FGA2-CG312-FGA2	-2	T_CS_050	T_CS	50.0	50.000069706040776	50.00564351214892	0.005573806108145618	0.005573806108145618	0.02	True	d5ffde1699a4340c997fb87781ff0319b604b8e83883345a0da527c51bce31d9	853d7f61e03f6bc67f17347b582c26d72655d49b36f0c27f17592b6cacd28b69
primary__TH_FGA2-CG312-FGA2_-2h	primary	TH_FGA2-CG312-FGA2_-2h	TH_FGA2-CG312-FGA2	-2	T_CS_060	T_CS	60.0	60.00001911469256	60.00324944785854	0.003230333165987531	0.003230333165987531	0.02	True	80f6abaaca25fcd7bd9b4a96576a6529dc2aab9c92bb4dc8cb8d94382f35e1bd	102ed7fe6f723d7aba62b3e1c8f6675c25586c1bb9b5fa3659a5644d1fc7a131
primary__TH_FGA2-CG312-FGA2_-2h	primary	TH_FGA2-CG312-FGA2_-2h	TH_FGA2-CG312-FGA2	-2	T_CS_070	T_CS	70.0	69.99996549339919	70.00011421220178	0.0001487188025919295	0.0001487188025919295	0.02	True	861b37106b6bffb8af5aa0780a88e99efc6bb88ef7f40055d7a4c38fada5ead3	aad2a0361ca6a1a85fd7918aceed2da2f5de87e4775761135e7ea79d265b4f04
primary__TH_FGA2-CG312-FGA2_-2h	primary	TH_FGA2-CG312-FGA2_-2h	TH_FGA2-CG312-FGA2	-2	T_CS_080	T_CS	80.0	79.99992991278366	79.99686492835413	-0.0030649844295282946	0.0030649844295282946	0.02	True	185564ab2bddfe1f6bee80c92bcc4d84c3c5217d92438a78fed413f0c2f0ee48	d816c24c0f88eb550f209fc494d5bcd073f14d051987295aaeebb60ad4763228
primary__TH_FGA2-CG312-FGA2_-2h	primary	TH_FGA2-CG312-FGA2_-2h	TH_FGA2-CG312-FGA2	-2	T_CS_090	T_CS	90.0	89.99991027498892	89.99437449349175	-0.00553578149717282	0.00553578149717282	0.02	True	95090c3545e38e3050c6dfd9ee40f08d6e347c417cfbc010bffb72eed38858f5	db6e7a4a3837f442dc95d2f9d6a854c4935fa48145d6bae5c1c4cd10a919b0af
primary__TH_FGA2-CG312-FGA2_-2h	primary	TH_FGA2-CG312-FGA2_-2h	TH_FGA2-CG312-FGA2	-2	T_CS_100	T_CS	100.0	99.99973782178598	99.99321031790949	-0.006527503876498031	0.006527503876498031	0.02	True	c5e6d243501db4ba3bbd09f5ae97a9cc954f7652d24c606c3bb8196a5b512755	5dbbcf91f7a135aebe331d199eb3e4b370bc5a4d789fb0e04e22dc559cde61ba
primary__TH_FGA2-CG312-FGA2_-2h	primary	TH_FGA2-CG312-FGA2_-2h	TH_FGA2-CG312-FGA2	-2	T_CS_110	T_CS	110.0	109.99982259760765	109.99409663245767	-0.005725965149963486	0.005725965149963486	0.02	True	fd3404ec36fe83815887e7a1e639f61c92bd7d0c7d43580b0b9c0fed1892da18	df315939fb7545eb5a34a8284c118b54836e5d6f20df3caac51237c286781d49
primary__TH_FGA2-CG312-FGA2_-2h	primary	TH_FGA2-CG312-FGA2_-2h	TH_FGA2-CG312-FGA2	-2	T_CS_120	T_CS	120.0	120.0000256226668	119.99677778021429	-0.0032478424525095306	0.0032478424525095306	0.02	True	cd3a576945e09ba26d11c6c20df75fa39584268550f612d9a1dc957add5b6753	f66c9f360cfd7978626d68e0ab42c9f6c43b739aa4197e5f5e3fefab83854843
primary__TH_FGA2-CG312-FGA2_-2h	primary	TH_FGA2-CG312-FGA2_-2h	TH_FGA2-CG312-FGA2	-2	T_CC_240_FROM_REVERSE_QM	T_CC	240.0	-120.00002885442426	-120.00257312066138	-0.002544266237123338	0.002544266237123338	0.02	True	8af7af63d19b53cffc32f9eda8be8acabcdedd5642a150991c618d46afeeece1	21d5644c87d861fb3c6e2ca6dd62909853cd6adef875028ee4e14e6591cebbca
primary__TH_FGA2-CG312-FGA2_-1h	primary	TH_FGA2-CG312-FGA2_-1h	TH_FGA2-CG312-FGA2	-1	T_CC_000	T_CC	0.0	8.2317896820712e-05	0.0015247243720282323	0.001442406475206326	0.001442406475206326	0.02	True	a6e94cfe558c5be38544a34d2a6fad98313d167e35f5e4b511ff44a3e9ca9bd2	e20c36a118209e54251e49cc66b7796863b445a6ffb46dbea8799669ae902a1c
primary__TH_FGA2-CG312-FGA2_-1h	primary	TH_FGA2-CG312-FGA2_-1h	TH_FGA2-CG312-FGA2	-1	T_CC_030	T_CC	30.0	30.000158540910803	30.0101779504304	0.01001940951960023	0.01001940951960023	0.02	True	bab98c0a3ea47718c84ee2523940894bf3eb8df2875321a686eefa8b41f8b782	889c0131babc96a2ac196d92909581967728e05ac60ec092f8d4c40ee6e916d3
primary__TH_FGA2-CG312-FGA2_-1h	primary	TH_FGA2-CG312-FGA2_-1h	TH_FGA2-CG312-FGA2	-1	T_CC_060	T_CC	60.0	60.0001592609087	60.004583365438634	0.004424104529931583	0.004424104529931583	0.02	True	41baeb9c356cf99a1669a39f741dfb4147717de0ce46134528141edf74e37c1d	d6633204a82acded9cdb34a6cca1e48076dceeeb5c81c4a29eb6eb56b1a1a48a
primary__TH_FGA2-CG312-FGA2_-1h	primary	TH_FGA2-CG312-FGA2_-1h	TH_FGA2-CG312-FGA2	-1	T_CC_090	T_CC	90.0	90.00019699894702	90.00675382825389	0.006556829306873624	0.006556829306873624	0.02	True	dbc39b01855c642528b1b5129ecf4ae28ec9520145b3527abc86ff7044f37fe4	6d7d037f3a5502b9d105ca46a3022f295551993457864b8d416b29bc342e0727
primary__TH_FGA2-CG312-FGA2_-1h	primary	TH_FGA2-CG312-FGA2_-1h	TH_FGA2-CG312-FGA2	-1	T_CC_120	T_CC	120.0	119.99983965803996	119.99848726819975	-0.0013523898402070245	0.0013523898402070245	0.02	True	703b1af8fd53d30a74d3f4bf3a1f53070360f76270386005e08d7e6d5c6d10b8	e50c8ed03bb1c11801b8065f7edb08a345a935926c78f90625a9c59cd49e3b79
primary__TH_FGA2-CG312-FGA2_-1h	primary	TH_FGA2-CG312-FGA2_-1h	TH_FGA2-CG312-FGA2	-1	T_CC_150	T_CC	150.0	150.00011419393934	150.00492931417045	0.0048151202311146335	0.0048151202311146335	0.02	True	3625c62a0da1954c05f2c25a8ce89fd780c033322f4d07af01007123ad2086d7	678dd157f66ef884796e6a16a49db3372977ddf53cb84a709095905fd53edb11
primary__TH_FGA2-CG312-FGA2_-1h	primary	TH_FGA2-CG312-FGA2_-1h	TH_FGA2-CG312-FGA2	-1	T_CC_180	T_CC	180.0	-179.99987411198484	-179.99730856462085	0.002565547363985843	0.002565547363985843	0.02	True	237d0de9329d2f7154e75e1b94b8d20dc99d256df491b1962585edd08ac5d56b	bb7e3e37c60ce8c9558b5576f62db4417865e1beb6e7bd370f9587fe7aa59310
primary__TH_FGA2-CG312-FGA2_-1h	primary	TH_FGA2-CG312-FGA2_-1h	TH_FGA2-CG312-FGA2	-1	T_CC_210	T_CC	210.0	-150.00009928563182	-150.00587509380145	-0.005775808169630636	0.005775808169630636	0.02	True	ff7ba181ddce36b5fec269c010000630a05fa87e61843c9cb6ae5b286660aa06	f2a8bdf1a3903ea1cd242e9bc1594560e36fef4e6b2c501e2ff6ab331bae06b1
primary__TH_FGA2-CG312-FGA2_-1h	primary	TH_FGA2-CG312-FGA2_-1h	TH_FGA2-CG312-FGA2	-1	T_CC_240	T_CC	240.0	-120.00007620746388	-120.00274542070825	-0.0026692132443599803	0.0026692132443599803	0.02	True	880de9f672087b3c73f343d26033dc31c7e6d04945e3ef56427c9859c467bda9	6ce3934b148b1b4f3e9bdb3b3202f2579eec3f037539d99cfe9443f26e2ed7f2
primary__TH_FGA2-CG312-FGA2_-1h	primary	TH_FGA2-CG312-FGA2_-1h	TH_FGA2-CG312-FGA2	-1	T_CC_270	T_CC	270.0	-89.99993474284005	-89.9949960315204	0.004938711319653066	0.004938711319653066	0.02	True	0bb8e714e59c30b159e44188b0df6faf6cdafd8794878db4b1f2197b15d282c8	1d5734308cef52eca361d37cfbe8ae7799e2de06a1f112d5897e5ec63fb5b527
primary__TH_FGA2-CG312-FGA2_-1h	primary	TH_FGA2-CG312-FGA2_-1h	TH_FGA2-CG312-FGA2	-1	T_CC_300	T_CC	300.0	-59.99998160172803	-60.001358711417815	-0.0013771096897698953	0.0013771096897698953	0.02	True	fc6381c1ad4b27e5f9a79cad7e8361d93f1a8d0e253a0d934cd0410aba899c01	f9f262a87c6e2ace599d011fe39c80cea176ca18124ae122259b719fd984d4c4
primary__TH_FGA2-CG312-FGA2_-1h	primary	TH_FGA2-CG312-FGA2_-1h	TH_FGA2-CG312-FGA2	-1	T_CC_330	T_CC	330.0	-30.00016585816224	-30.01275244461956	-0.01258658645733135	0.01258658645733135	0.02	True	12d5e015638e715123552261c80c982de9108a65a82103add957bb662b8d1c03	77a2a70e019919d141d95798f82659b1bb4f61372f3753a0671bbaf21d3be696
primary__TH_FGA2-CG312-FGA2_-1h	primary	TH_FGA2-CG312-FGA2_-1h	TH_FGA2-CG312-FGA2	-1	T_CS_000	T_CS	0.0	1.5180520262743396e-05	-0.0033543792404588765	-0.003369559760727725	0.003369559760727725	0.02	True	b76cb71c416ae436646084247ac0799101a651a6e78ef12bdd936ed29539a181	c9ca028f41df071e0d2c97c426eaf3d7ab692782326695a39e1bf07187f23e4e
primary__TH_FGA2-CG312-FGA2_-1h	primary	TH_FGA2-CG312-FGA2_-1h	TH_FGA2-CG312-FGA2	-1	T_CS_010	T_CS	10.0	10.000078136231716	10.000154638310203	7.650207848541868e-05	7.650207848541868e-05	0.02	True	93231ed042bed5c0602602d32e5c5f3d4901969d8156257c0347236c62607f21	171e7fabca19a7b3ebd7f42b78873ce90caffcfad12a3abdfccf96cb1dbfeb8c
primary__TH_FGA2-CG312-FGA2_-1h	primary	TH_FGA2-CG312-FGA2_-1h	TH_FGA2-CG312-FGA2	-1	T_CS_020	T_CS	20.0	20.00017404591677	20.003153883140165	0.0029798372233926784	0.0029798372233926784	0.02	True	fc0fe0aaa70da2491407d7cf40549f0928ad568ab5bdce4bbe2d14d68bfcc78c	807cf664fe384a13e3c15fa48147da4cc11c2622e9708cf632037913d81ff540
primary__TH_FGA2-CG312-FGA2_-1h	primary	TH_FGA2-CG312-FGA2_-1h	TH_FGA2-CG312-FGA2	-1	T_CS_030	T_CS	30.0	30.00019985596987	30.005829227758674	0.005629371788813842	0.005629371788813842	0.02	True	a05c8327bb40345cb389bdc875b9059d4912df044e264f7722d2fc594a9c36dd	80d7ee0d2c1d79d8d989a2a1e04b03103314f07b5062ed6df5f07fc65e3d4e79
primary__TH_FGA2-CG312-FGA2_-1h	primary	TH_FGA2-CG312-FGA2_-1h	TH_FGA2-CG312-FGA2	-1	T_CS_040	T_CS	40.0	40.00013511844969	40.00691147133322	0.006776352883520076	0.006776352883520076	0.02	True	1a3dc833568c912b0d2cb86bfde6f64600b04206593d34bfbb044abbbf528520	f5a500962a95802d34f8a1f6b7815b85f88ad5373f2a54838fd7b3dc5b1d5fd0
primary__TH_FGA2-CG312-FGA2_-1h	primary	TH_FGA2-CG312-FGA2_-1h	TH_FGA2-CG312-FGA2	-1	T_CS_050	T_CS	50.0	50.000069706040776	50.005701857919945	0.005632151879183311	0.005632151879183311	0.02	True	d5ffde1699a4340c997fb87781ff0319b604b8e83883345a0da527c51bce31d9	013ab5b880aa14bad1ce8f5f2829d7162b4dd89546fb64283c5c4835eac51a42
primary__TH_FGA2-CG312-FGA2_-1h	primary	TH_FGA2-CG312-FGA2_-1h	TH_FGA2-CG312-FGA2	-1	T_CS_060	T_CS	60.0	60.00001911469256	60.003290392863555	0.003271278170984715	0.003271278170984715	0.02	True	80f6abaaca25fcd7bd9b4a96576a6529dc2aab9c92bb4dc8cb8d94382f35e1bd	596e0a6bee379c86609ccab620cc07c5c27f9cdcf8634f9e0cb6e781a62fe47d
primary__TH_FGA2-CG312-FGA2_-1h	primary	TH_FGA2-CG312-FGA2_-1h	TH_FGA2-CG312-FGA2	-1	T_CS_070	T_CS	70.0	69.99996549339919	70.00011562968265	0.00015013628348015118	0.00015013628348015118	0.02	True	861b37106b6bffb8af5aa0780a88e99efc6bb88ef7f40055d7a4c38fada5ead3	3559b22230b6df85cf5c39b3a18449a060a961127d1bfcd1f4bc439782d6a9fd
primary__TH_FGA2-CG312-FGA2_-1h	primary	TH_FGA2-CG312-FGA2_-1h	TH_FGA2-CG312-FGA2	-1	T_CS_080	T_CS	80.0	79.99992991278366	79.9968129280639	-0.003116984719753191	0.003116984719753191	0.02	True	185564ab2bddfe1f6bee80c92bcc4d84c3c5217d92438a78fed413f0c2f0ee48	ee3adf77f6a2559895757cdb46db453f769d57042b84f45827fbe3e6e9ee8569
primary__TH_FGA2-CG312-FGA2_-1h	primary	TH_FGA2-CG312-FGA2_-1h	TH_FGA2-CG312-FGA2	-1	T_CS_090	T_CS	90.0	89.99991027498892	89.99433488250081	-0.0055753924881116745	0.0055753924881116745	0.02	True	95090c3545e38e3050c6dfd9ee40f08d6e347c417cfbc010bffb72eed38858f5	015335d741dc1a696bad55035e15d64d3185647ce0a23436bbd4eb1521d4f86f
primary__TH_FGA2-CG312-FGA2_-1h	primary	TH_FGA2-CG312-FGA2_-1h	TH_FGA2-CG312-FGA2	-1	T_CS_100	T_CS	100.0	99.99973782178598	99.99316132261207	-0.006576499173917227	0.006576499173917227	0.02	True	c5e6d243501db4ba3bbd09f5ae97a9cc954f7652d24c606c3bb8196a5b512755	6d56bedcea9a953d4ba7b5880421f0ed83df47ba7f09dd60cc12466515dc5631
primary__TH_FGA2-CG312-FGA2_-1h	primary	TH_FGA2-CG312-FGA2_-1h	TH_FGA2-CG312-FGA2	-1	T_CS_110	T_CS	110.0	109.99982259760765	109.9940439728866	-0.005778624721045844	0.005778624721045844	0.02	True	fd3404ec36fe83815887e7a1e639f61c92bd7d0c7d43580b0b9c0fed1892da18	4fa93790afa2d4863a6657b9bfc3162d9c37bbfffc1935a8d760cb41a8b6e95f
primary__TH_FGA2-CG312-FGA2_-1h	primary	TH_FGA2-CG312-FGA2_-1h	TH_FGA2-CG312-FGA2	-1	T_CS_120	T_CS	120.0	120.0000256226668	119.99672071335098	-0.0033049093158297183	0.0033049093158297183	0.02	True	cd3a576945e09ba26d11c6c20df75fa39584268550f612d9a1dc957add5b6753	427b56f25f31e962d9fdf8841392f6888c2b363398d2e8964b372df237e5076b
primary__TH_FGA2-CG312-FGA2_-1h	primary	TH_FGA2-CG312-FGA2_-1h	TH_FGA2-CG312-FGA2	-1	T_CC_240_FROM_REVERSE_QM	T_CC	240.0	-120.00002885442426	-120.00269014375519	-0.0026612893309447827	0.0026612893309447827	0.02	True	8af7af63d19b53cffc32f9eda8be8acabcdedd5642a150991c618d46afeeece1	395055baa6ff63c4d6a1f13e083f098f30826859f7e26a3393062fe0af5ec8fd
primary__TH_FGA2-CG312-FGA2_+1h	primary	TH_FGA2-CG312-FGA2_+1h	TH_FGA2-CG312-FGA2	1	T_CC_000	T_CC	0.0	8.2317896820712e-05	0.0016150476608194728	0.0015327297639942117	0.0015327297639942117	0.02	True	a6e94cfe558c5be38544a34d2a6fad98313d167e35f5e4b511ff44a3e9ca9bd2	60085956df6c317372fd38a9b4102d8bee02f7dcca475d1aa9595d13fd2a0de3
primary__TH_FGA2-CG312-FGA2_+1h	primary	TH_FGA2-CG312-FGA2_+1h	TH_FGA2-CG312-FGA2	1	T_CC_030	T_CC	30.0	30.000158540910803	30.010379187339595	0.010220646428791724	0.010220646428791724	0.02	True	bab98c0a3ea47718c84ee2523940894bf3eb8df2875321a686eefa8b41f8b782	8c2d4b06e7f881bb85941df04c31fdc46bdc05365be6970a2620a903f8c1fc1a
primary__TH_FGA2-CG312-FGA2_+1h	primary	TH_FGA2-CG312-FGA2_+1h	TH_FGA2-CG312-FGA2	1	T_CC_060	T_CC	60.0	60.0001592609087	60.004318065230834	0.004158804322116794	0.004158804322116794	0.02	True	41baeb9c356cf99a1669a39f741dfb4147717de0ce46134528141edf74e37c1d	5ff7f17bf37c0c5ef771c99c748b5a05d700ff0465e54ea9ccbfe423163d1c70
primary__TH_FGA2-CG312-FGA2_+1h	primary	TH_FGA2-CG312-FGA2_+1h	TH_FGA2-CG312-FGA2	1	T_CC_090	T_CC	90.0	90.00019699894702	90.0065576021077	0.006360603160686651	0.006360603160686651	0.02	True	dbc39b01855c642528b1b5129ecf4ae28ec9520145b3527abc86ff7044f37fe4	cf1a50c6738a8682b806af75d1f518fb957cc37cd85d894856c1fe4cb28272b0
primary__TH_FGA2-CG312-FGA2_+1h	primary	TH_FGA2-CG312-FGA2_+1h	TH_FGA2-CG312-FGA2	1	T_CC_120	T_CC	120.0	119.99983965803996	119.99825004896094	-0.001589609079019283	0.001589609079019283	0.02	True	703b1af8fd53d30a74d3f4bf3a1f53070360f76270386005e08d7e6d5c6d10b8	a135067f64627ff7df43755a4d82d6b26c34868f4f1c13a284e9f7c4f0e075ac
primary__TH_FGA2-CG312-FGA2_+1h	primary	TH_FGA2-CG312-FGA2_+1h	TH_FGA2-CG312-FGA2	1	T_CC_150	T_CC	150.0	150.00011419393934	150.00541731521335	0.005303121274010891	0.005303121274010891	0.02	True	3625c62a0da1954c05f2c25a8ce89fd780c033322f4d07af01007123ad2086d7	4b209b2c906dd8c9d2d87ed270475eff4950ff2e15c1b2ff63cafd288954d5e4
primary__TH_FGA2-CG312-FGA2_+1h	primary	TH_FGA2-CG312-FGA2_+1h	TH_FGA2-CG312-FGA2	1	T_CC_180	T_CC	180.0	-179.99987411198484	-179.99717036921086	0.002703742773974227	0.002703742773974227	0.02	True	237d0de9329d2f7154e75e1b94b8d20dc99d256df491b1962585edd08ac5d56b	0f246608f84b21b72b3b9a125b17c5e08edd1aa3540f40ce4450a2451d81488d
primary__TH_FGA2-CG312-FGA2_+1h	primary	TH_FGA2-CG312-FGA2_+1h	TH_FGA2-CG312-FGA2	1	T_CC_210	T_CC	210.0	-150.00009928563182	-150.0062888676858	-0.006189582053991671	0.006189582053991671	0.02	True	ff7ba181ddce36b5fec269c010000630a05fa87e61843c9cb6ae5b286660aa06	c75d0eea2dfa745e5158c6d77e8b071d04c19c57c5473cee0f403b7d2e1beb5b
primary__TH_FGA2-CG312-FGA2_+1h	primary	TH_FGA2-CG312-FGA2_+1h	TH_FGA2-CG312-FGA2	1	T_CC_240	T_CC	240.0	-120.00007620746388	-120.00295647907815	-0.0028802716142877216	0.0028802716142877216	0.02	True	880de9f672087b3c73f343d26033dc31c7e6d04945e3ef56427c9859c467bda9	c8b6c1bcf549d5f8f05567242b6e0bdc575297f15bab5ae1127476cadc7a0e44
primary__TH_FGA2-CG312-FGA2_+1h	primary	TH_FGA2-CG312-FGA2_+1h	TH_FGA2-CG312-FGA2	1	T_CC_270	T_CC	270.0	-89.99993474284005	-89.9949292616467	0.005005481193336436	0.005005481193336436	0.02	True	0bb8e714e59c30b159e44188b0df6faf6cdafd8794878db4b1f2197b15d282c8	f586687ece6822fd3619957f7e7dc5efc77d2825c3a5eb77bc28db6fe996c452
primary__TH_FGA2-CG312-FGA2_+1h	primary	TH_FGA2-CG312-FGA2_+1h	TH_FGA2-CG312-FGA2	1	T_CC_300	T_CC	300.0	-59.99998160172803	-60.001242155078806	-0.0012605533507894506	0.0012605533507894506	0.02	True	fc6381c1ad4b27e5f9a79cad7e8361d93f1a8d0e253a0d934cd0410aba899c01	daeeb2491a2be8e46bc41c62fbbad28dbb1cce52ccf836d7853892441d078e45
primary__TH_FGA2-CG312-FGA2_+1h	primary	TH_FGA2-CG312-FGA2_+1h	TH_FGA2-CG312-FGA2	1	T_CC_330	T_CC	330.0	-30.00016585816224	-30.01294842505952	-0.012782566897271863	0.012782566897271863	0.02	True	12d5e015638e715123552261c80c982de9108a65a82103add957bb662b8d1c03	9da0deda543eab549c1310c3eec29c91628dd048d6de94ea3b6ea848b1711f2d
primary__TH_FGA2-CG312-FGA2_+1h	primary	TH_FGA2-CG312-FGA2_+1h	TH_FGA2-CG312-FGA2	1	T_CS_000	T_CS	0.0	1.5180520262743396e-05	-0.003447441078220811	-0.0034626215984872033	0.0034626215984872033	0.02	True	b76cb71c416ae436646084247ac0799101a651a6e78ef12bdd936ed29539a181	dbd7a9d45a022a392978e9f90fe66abac213e00eb56e2d61811e96f181458a00
primary__TH_FGA2-CG312-FGA2_+1h	primary	TH_FGA2-CG312-FGA2_+1h	TH_FGA2-CG312-FGA2	1	T_CS_010	T_CS	10.0	10.000078136231716	10.000136475310116	5.8339078407243505e-05	5.8339078407243505e-05	0.02	True	93231ed042bed5c0602602d32e5c5f3d4901969d8156257c0347236c62607f21	f3b37bd7bb2f6441fdd90f3a6e50a98987847882b11d82c42fe851345511802c
primary__TH_FGA2-CG312-FGA2_+1h	primary	TH_FGA2-CG312-FGA2_+1h	TH_FGA2-CG312-FGA2	1	T_CS_020	T_CS	20.0	20.00017404591677	20.003175960161652	0.0030019142448907132	0.0030019142448907132	0.02	True	fc0fe0aaa70da2491407d7cf40549f0928ad568ab5bdce4bbe2d14d68bfcc78c	e5ff68b1559a44a685e962b184175da0b34215fbf671d62c39951561432a25fb
primary__TH_FGA2-CG312-FGA2_+1h	primary	TH_FGA2-CG312-FGA2_+1h	TH_FGA2-CG312-FGA2	1	T_CS_030	T_CS	30.0	30.00019985596987	30.005986006010016	0.005786150040137272	0.005786150040137272	0.02	True	a05c8327bb40345cb389bdc875b9059d4912df044e264f7722d2fc594a9c36dd	0d39eac7386c4a89580e126bea2e6289efc29c250c2279048b786a768be2460b
primary__TH_FGA2-CG312-FGA2_+1h	primary	TH_FGA2-CG312-FGA2_+1h	TH_FGA2-CG312-FGA2	1	T_CS_040	T_CS	40.0	40.00013511844969	40.00703277497356	0.006897656523875639	0.006897656523875639	0.02	True	1a3dc833568c912b0d2cb86bfde6f64600b04206593d34bfbb044abbbf528520	03b5d2aa510a53e5d8dab7ff52ccf09dd7043552221b9360ba4d8e15b12ebacf
primary__TH_FGA2-CG312-FGA2_+1h	primary	TH_FGA2-CG312-FGA2_+1h	TH_FGA2-CG312-FGA2	1	T_CS_050	T_CS	50.0	50.000069706040776	50.00579292184272	0.005723215801936021	0.005723215801936021	0.02	True	d5ffde1699a4340c997fb87781ff0319b604b8e83883345a0da527c51bce31d9	a9b6386a25a2e9eb4a445a0f4e2474a8d752a44041293e4f7693e73feeb03363
primary__TH_FGA2-CG312-FGA2_+1h	primary	TH_FGA2-CG312-FGA2_+1h	TH_FGA2-CG312-FGA2	1	T_CS_060	T_CS	60.0	60.00001911469256	60.00336583626068	0.003346721568107114	0.003346721568107114	0.02	True	80f6abaaca25fcd7bd9b4a96576a6529dc2aab9c92bb4dc8cb8d94382f35e1bd	41cd3a5ac8ab0c74775139a6d64991168e5681d3d8d0eba06f2978432ed4bd49
primary__TH_FGA2-CG312-FGA2_+1h	primary	TH_FGA2-CG312-FGA2_+1h	TH_FGA2-CG312-FGA2	1	T_CS_070	T_CS	70.0	69.99996549339919	70.00013110425695	0.00016561085777766493	0.00016561085777766493	0.02	True	861b37106b6bffb8af5aa0780a88e99efc6bb88ef7f40055d7a4c38fada5ead3	9549114d1ce1f74d0a68e3cbc6b676973a5791275a13f87f6bc22569110a5ee5
primary__TH_FGA2-CG312-FGA2_+1h	primary	TH_FGA2-CG312-FGA2_+1h	TH_FGA2-CG312-FGA2	1	T_CS_080	T_CS	80.0	79.99992991278366	79.99679093613929	-0.0031389766443794542	0.0031389766443794542	0.02	True	185564ab2bddfe1f6bee80c92bcc4d84c3c5217d92438a78fed413f0c2f0ee48	e80b73867825fd65d156f1a1752d477723d0fbc25ec7bf34f3b6e8efdaf03784
primary__TH_FGA2-CG312-FGA2_+1h	primary	TH_FGA2-CG312-FGA2_+1h	TH_FGA2-CG312-FGA2	1	T_CS_090	T_CS	90.0	89.99991027498892	89.99425890059356	-0.005651374395370112	0.005651374395370112	0.02	True	95090c3545e38e3050c6dfd9ee40f08d6e347c417cfbc010bffb72eed38858f5	9b93f2a0a511996fcd6d082d0eed26763d2c1cd4af885e69e583cc2056f6be37
primary__TH_FGA2-CG312-FGA2_+1h	primary	TH_FGA2-CG312-FGA2_+1h	TH_FGA2-CG312-FGA2	1	T_CS_100	T_CS	100.0	99.99973782178598	99.99303273751144	-0.006705084274528872	0.006705084274528872	0.02	True	c5e6d243501db4ba3bbd09f5ae97a9cc954f7652d24c606c3bb8196a5b512755	a77d210a8ccab54da50f18d56feb32bd70a875b0090e0aab1ac796f9c163387f
primary__TH_FGA2-CG312-FGA2_+1h	primary	TH_FGA2-CG312-FGA2_+1h	TH_FGA2-CG312-FGA2	1	T_CS_110	T_CS	110.0	109.99982259760765	109.99391481503365	-0.005907782574013254	0.005907782574013254	0.02	True	fd3404ec36fe83815887e7a1e639f61c92bd7d0c7d43580b0b9c0fed1892da18	30025cfa90cdf65d81f4ce152058a9d65bc8e8f3cf073e426042120bacbff9dc
primary__TH_FGA2-CG312-FGA2_+1h	primary	TH_FGA2-CG312-FGA2_+1h	TH_FGA2-CG312-FGA2	1	T_CS_120	T_CS	120.0	120.0000256226668	119.99662549417498	-0.003400128491819032	0.003400128491819032	0.02	True	cd3a576945e09ba26d11c6c20df75fa39584268550f612d9a1dc957add5b6753	ed228c051ad9828484d24358042998a9525746d0b164d404440ebe103557b66c
primary__TH_FGA2-CG312-FGA2_+1h	primary	TH_FGA2-CG312-FGA2_+1h	TH_FGA2-CG312-FGA2	1	T_CC_240_FROM_REVERSE_QM	T_CC	240.0	-120.00002885442426	-120.00289928473664	-0.002870430312384542	0.002870430312384542	0.02	True	8af7af63d19b53cffc32f9eda8be8acabcdedd5642a150991c618d46afeeece1	f30e747855c45c1fc313b79bd0d97a6db2810d61e2610661a229f70cc023617c
primary__TH_FGA2-CG312-FGA2_+2h	primary	TH_FGA2-CG312-FGA2_+2h	TH_FGA2-CG312-FGA2	2	T_CC_000	T_CC	0.0	8.2317896820712e-05	0.0016721442602863758	0.0015898263634710474	0.0015898263634710474	0.02	True	a6e94cfe558c5be38544a34d2a6fad98313d167e35f5e4b511ff44a3e9ca9bd2	813dd1ccaddf4c91c3f8e1b3767e9343d4c6935bda0d4cc5fcdbca23e817d774
primary__TH_FGA2-CG312-FGA2_+2h	primary	TH_FGA2-CG312-FGA2_+2h	TH_FGA2-CG312-FGA2	2	T_CC_030	T_CC	30.0	30.000158540910803	30.010456593268948	0.010298052358137966	0.010298052358137966	0.02	True	bab98c0a3ea47718c84ee2523940894bf3eb8df2875321a686eefa8b41f8b782	00bcc9e38d2b43f4a3b340e22351719c4ebbe44c58314bf881143cfd8c8aa986
primary__TH_FGA2-CG312-FGA2_+2h	primary	TH_FGA2-CG312-FGA2_+2h	TH_FGA2-CG312-FGA2	2	T_CC_060	T_CC	60.0	60.0001592609087	60.00418035664998	0.004021095741279623	0.004021095741279623	0.02	True	41baeb9c356cf99a1669a39f741dfb4147717de0ce46134528141edf74e37c1d	babfd526e017430df7fbae97ff62b0568d70e70653ce2ac994fa18bce5662d53
primary__TH_FGA2-CG312-FGA2_+2h	primary	TH_FGA2-CG312-FGA2_+2h	TH_FGA2-CG312-FGA2	2	T_CC_090	T_CC	90.0	90.00019699894702	90.00644381789544	0.00624681894842638	0.00624681894842638	0.02	True	dbc39b01855c642528b1b5129ecf4ae28ec9520145b3527abc86ff7044f37fe4	cd2b4421d77114b93ff3a0d3b832779adb0664fc6096618a0b765a6036c5d15a
primary__TH_FGA2-CG312-FGA2_+2h	primary	TH_FGA2-CG312-FGA2_+2h	TH_FGA2-CG312-FGA2	2	T_CC_120	T_CC	120.0	119.99983965803996	119.99809070395357	-0.0017489540863948605	0.0017489540863948605	0.02	True	703b1af8fd53d30a74d3f4bf3a1f53070360f76270386005e08d7e6d5c6d10b8	abb0319b7261c9a39a0340d733a358e2aaf87e91835f01bc41a311a6fe221b2e
primary__TH_FGA2-CG312-FGA2_+2h	primary	TH_FGA2-CG312-FGA2_+2h	TH_FGA2-CG312-FGA2	2	T_CC_150	T_CC	150.0	150.00011419393934	150.00566638411294	0.005552190173602867	0.005552190173602867	0.02	True	3625c62a0da1954c05f2c25a8ce89fd780c033322f4d07af01007123ad2086d7	95044659f5a9c245d26d45e3b22700b79cd80d43f05d0687e1cf41d391e7ea2f
primary__TH_FGA2-CG312-FGA2_+2h	primary	TH_FGA2-CG312-FGA2_+2h	TH_FGA2-CG312-FGA2	2	T_CC_180	T_CC	180.0	-179.99987411198484	-179.99711077783797	0.002763334146862917	0.002763334146862917	0.02	True	237d0de9329d2f7154e75e1b94b8d20dc99d256df491b1962585edd08ac5d56b	5b9159ce46e3862fd587552d0aeb5f83149ad0c75dea286606e0617b161c0420
primary__TH_FGA2-CG312-FGA2_+2h	primary	TH_FGA2-CG312-FGA2_+2h	TH_FGA2-CG312-FGA2	2	T_CC_210	T_CC	210.0	-150.00009928563182	-150.006495525821	-0.006396240189189939	0.006396240189189939	0.02	True	ff7ba181ddce36b5fec269c010000630a05fa87e61843c9cb6ae5b286660aa06	9f3cf2336034f0df548ea9266958fea5c71ae4d2e5e1f0146edba4737541da84
primary__TH_FGA2-CG312-FGA2_+2h	primary	TH_FGA2-CG312-FGA2_+2h	TH_FGA2-CG312-FGA2	2	T_CC_240	T_CC	240.0	-120.00007620746388	-120.00303756596395	-0.0029613585000731746	0.0029613585000731746	0.02	True	880de9f672087b3c73f343d26033dc31c7e6d04945e3ef56427c9859c467bda9	9bb7aa5c71326537ba853075ada6f4c137ad59a5b54b39e5f9bacb197abe3d17
primary__TH_FGA2-CG312-FGA2_+2h	primary	TH_FGA2-CG312-FGA2_+2h	TH_FGA2-CG312-FGA2	2	T_CC_270	T_CC	270.0	-89.99993474284005	-89.99491300238392	0.005021740456129464	0.005021740456129464	0.02	True	0bb8e714e59c30b159e44188b0df6faf6cdafd8794878db4b1f2197b15d282c8	8350e7544ffe4d74b5981ffb8cda12ef58206e36ba32ce0b7160d3740a91e7c1
primary__TH_FGA2-CG312-FGA2_+2h	primary	TH_FGA2-CG312-FGA2_+2h	TH_FGA2-CG312-FGA2	2	T_CC_300	T_CC	300.0	-59.99998160172803	-60.001185011182066	-0.001203409454035409	0.001203409454035409	0.02	True	fc6381c1ad4b27e5f9a79cad7e8361d93f1a8d0e253a0d934cd0410aba899c01	578b7ddd9b07b4617cf74f327e1e6d053753abdd7c5572158ec68e8a9836028d
primary__TH_FGA2-CG312-FGA2_+2h	primary	TH_FGA2-CG312-FGA2_+2h	TH_FGA2-CG312-FGA2	2	T_CC_330	T_CC	330.0	-30.00016585816224	-30.01304076978039	-0.012874911618155238	0.012874911618155238	0.02	True	12d5e015638e715123552261c80c982de9108a65a82103add957bb662b8d1c03	914906e4c3c1ad381294254067faf06f18b2f25ed34883f319a9b51bcc03d500
primary__TH_FGA2-CG312-FGA2_+2h	primary	TH_FGA2-CG312-FGA2_+2h	TH_FGA2-CG312-FGA2	2	T_CS_000	T_CS	0.0	1.5180520262743396e-05	-0.003477990520098531	-0.003493171040361176	0.003493171040361176	0.02	True	b76cb71c416ae436646084247ac0799101a651a6e78ef12bdd936ed29539a181	e46cec5d087021ed0d6ee39d3541225938764b9aae162d243150b403c0b3edd3
primary__TH_FGA2-CG312-FGA2_+2h	primary	TH_FGA2-CG312-FGA2_+2h	TH_FGA2-CG312-FGA2	2	T_CS_010	T_CS	10.0	10.000078136231716	10.000111880669607	3.374443789994075e-05	3.374443789994075e-05	0.02	True	93231ed042bed5c0602602d32e5c5f3d4901969d8156257c0347236c62607f21	11b5fc5f2617e53d52beba63e256bfa44db9f20a145a72f79b31aae443a77a93
primary__TH_FGA2-CG312-FGA2_+2h	primary	TH_FGA2-CG312-FGA2_+2h	TH_FGA2-CG312-FGA2	2	T_CS_020	T_CS	20.0	20.00017404591677	20.003197955331576	0.0030239094148214463	0.0030239094148214463	0.02	True	fc0fe0aaa70da2491407d7cf40549f0928ad568ab5bdce4bbe2d14d68bfcc78c	6bee83af5aec840c985c50ef38a80d965b2354b0559ca10ad159401491bc7b74
primary__TH_FGA2-CG312-FGA2_+2h	primary	TH_FGA2-CG312-FGA2_+2h	TH_FGA2-CG312-FGA2	2	T_CS_030	T_CS	30.0	30.00019985596987	30.006055496891463	0.005855640921595295	0.005855640921595295	0.02	True	a05c8327bb40345cb389bdc875b9059d4912df044e264f7722d2fc594a9c36dd	bf1eed6cf90d097e625dca0e2fb2a49c90aaa849ab0b3c5d02dcd6660b0695b8
primary__TH_FGA2-CG312-FGA2_+2h	primary	TH_FGA2-CG312-FGA2_+2h	TH_FGA2-CG312-FGA2	2	T_CS_040	T_CS	40.0	40.00013511844969	40.00711402753991	0.006978909090207708	0.006978909090207708	0.02	True	1a3dc833568c912b0d2cb86bfde6f64600b04206593d34bfbb044abbbf528520	27119465a1f8333a6bb0bae61d5a9544ca326e9744f23eb2284134f345559d3e
primary__TH_FGA2-CG312-FGA2_+2h	primary	TH_FGA2-CG312-FGA2_+2h	TH_FGA2-CG312-FGA2	2	T_CS_050	T_CS	50.0	50.000069706040776	50.005879255721105	0.005809549680321879	0.005809549680321879	0.02	True	d5ffde1699a4340c997fb87781ff0319b604b8e83883345a0da527c51bce31d9	6e1082ec8b3d660230500ffef7a399816549384830b3d6383b396eeb5232597f
primary__TH_FGA2-CG312-FGA2_+2h	primary	TH_FGA2-CG312-FGA2_+2h	TH_FGA2-CG312-FGA2	2	T_CS_060	T_CS	60.0	60.00001911469256	60.00337733276518	0.003358218072605723	0.003358218072605723	0.02	True	80f6abaaca25fcd7bd9b4a96576a6529dc2aab9c92bb4dc8cb8d94382f35e1bd	90634463e76dd2fe0d9525462d7163b66e73af3280695fcebceb09d95b897ac9
primary__TH_FGA2-CG312-FGA2_+2h	primary	TH_FGA2-CG312-FGA2_+2h	TH_FGA2-CG312-FGA2	2	T_CS_070	T_CS	70.0	69.99996549339919	70.00012884853258	0.00016335513339527097	0.00016335513339527097	0.02	True	861b37106b6bffb8af5aa0780a88e99efc6bb88ef7f40055d7a4c38fada5ead3	cb3976f8b4845fb995edf8385de3791106bb09c8ccc6dd67d2a8676f7e57a83d
primary__TH_FGA2-CG312-FGA2_+2h	primary	TH_FGA2-CG312-FGA2_+2h	TH_FGA2-CG312-FGA2	2	T_CS_080	T_CS	80.0	79.99992991278366	79.99677024827352	-0.003159664510121729	0.003159664510121729	0.02	True	185564ab2bddfe1f6bee80c92bcc4d84c3c5217d92438a78fed413f0c2f0ee48	7b5c2711d73ece9e03c840f0b18b571645234b2ab55d02b2e38cfc677c81bccd
primary__TH_FGA2-CG312-FGA2_+2h	primary	TH_FGA2-CG312-FGA2_+2h	TH_FGA2-CG312-FGA2	2	T_CS_090	T_CS	90.0	89.99991027498892	89.9941992111537	-0.005711063835235564	0.005711063835235564	0.02	True	95090c3545e38e3050c6dfd9ee40f08d6e347c417cfbc010bffb72eed38858f5	d1adb8c056e1cb69666f47e1a5c2b29c524d2e4db1bda8b42bbc4003382847c1
primary__TH_FGA2-CG312-FGA2_+2h	primary	TH_FGA2-CG312-FGA2_+2h	TH_FGA2-CG312-FGA2	2	T_CS_100	T_CS	100.0	99.99973782178598	99.99298752193965	-0.006750299846316921	0.006750299846316921	0.02	True	c5e6d243501db4ba3bbd09f5ae97a9cc954f7652d24c606c3bb8196a5b512755	3284a45e33e294c3f58203999c0d268acb35a3ace127529fbc661f5e82df94e2
primary__TH_FGA2-CG312-FGA2_+2h	primary	TH_FGA2-CG312-FGA2_+2h	TH_FGA2-CG312-FGA2	2	T_CS_110	T_CS	110.0	109.99982259760765	109.99385462997344	-0.005967967634205706	0.005967967634205706	0.02	True	fd3404ec36fe83815887e7a1e639f61c92bd7d0c7d43580b0b9c0fed1892da18	dbaa56d03524ec767ea1a756a6b0841d504b309a3cd8ac5f53323674aba06450
primary__TH_FGA2-CG312-FGA2_+2h	primary	TH_FGA2-CG312-FGA2_+2h	TH_FGA2-CG312-FGA2	2	T_CS_120	T_CS	120.0	120.0000256226668	119.99655766574485	-0.003467956921952009	0.003467956921952009	0.02	True	cd3a576945e09ba26d11c6c20df75fa39584268550f612d9a1dc957add5b6753	dee6eecd31834c3ff5c3bb3e51b309d4697826225e671d6acc78fce6f2843b34
primary__TH_FGA2-CG312-FGA2_+2h	primary	TH_FGA2-CG312-FGA2_+2h	TH_FGA2-CG312-FGA2	2	T_CC_240_FROM_REVERSE_QM	T_CC	240.0	-120.00002885442426	-120.00301171814313	-0.0029828637188700213	0.0029828637188700213	0.02	True	8af7af63d19b53cffc32f9eda8be8acabcdedd5642a150991c618d46afeeece1	d1e1a9281ebc1e0fabcccaea03f8edb7c1a8408da585b3c133cf57c26602fb9d
primary__TH_CG312-CG312-SG3O1_-2h	primary	TH_CG312-CG312-SG3O1_-2h	TH_CG312-CG312-SG3O1	-2	T_CC_000	T_CC	0.0	8.2317896820712e-05	0.0015894402029545663	0.0015071223061227101	0.0015071223061227101	0.02	True	a6e94cfe558c5be38544a34d2a6fad98313d167e35f5e4b511ff44a3e9ca9bd2	bc2f1a33ad4813f987b965b41f2c43811bb8a097d772b50b690354740840e8db
primary__TH_CG312-CG312-SG3O1_-2h	primary	TH_CG312-CG312-SG3O1_-2h	TH_CG312-CG312-SG3O1	-2	T_CC_030	T_CC	30.0	30.000158540910803	30.01032402712657	0.010165486215754527	0.010165486215754527	0.02	True	bab98c0a3ea47718c84ee2523940894bf3eb8df2875321a686eefa8b41f8b782	b3efdcc6cfb9be289202ae792f72fe3b32fd3b7956c09a66758224d46a42132c
primary__TH_CG312-CG312-SG3O1_-2h	primary	TH_CG312-CG312-SG3O1_-2h	TH_CG312-CG312-SG3O1	-2	T_CC_060	T_CC	60.0	60.0001592609087	60.004667471366744	0.004508210458027406	0.004508210458027406	0.02	True	41baeb9c356cf99a1669a39f741dfb4147717de0ce46134528141edf74e37c1d	d266e1d90d72b95eba5ad5b6a8ce143913b6a5f1fd5c18df9be4f478fd40225f
primary__TH_CG312-CG312-SG3O1_-2h	primary	TH_CG312-CG312-SG3O1_-2h	TH_CG312-CG312-SG3O1	-2	T_CC_090	T_CC	90.0	90.00019699894702	90.0067803810372	0.0065833820901843865	0.0065833820901843865	0.02	True	dbc39b01855c642528b1b5129ecf4ae28ec9520145b3527abc86ff7044f37fe4	df6c9a32a850843a30f05bcfd5416db5f2e1565a0d5a9f33c6b28cd8496bd97d
primary__TH_CG312-CG312-SG3O1_-2h	primary	TH_CG312-CG312-SG3O1_-2h	TH_CG312-CG312-SG3O1	-2	T_CC_120	T_CC	120.0	119.99983965803996	119.9983979931731	-0.0014416648668600374	0.0014416648668600374	0.02	True	703b1af8fd53d30a74d3f4bf3a1f53070360f76270386005e08d7e6d5c6d10b8	031b65b44e6c4fc84ba6abfde08275de466cb039ac7c75ac4cdfa3602be26979
primary__TH_CG312-CG312-SG3O1_-2h	primary	TH_CG312-CG312-SG3O1_-2h	TH_CG312-CG312-SG3O1	-2	T_CC_150	T_CC	150.0	150.00011419393934	150.005193760706	0.005079566766653443	0.005079566766653443	0.02	True	3625c62a0da1954c05f2c25a8ce89fd780c033322f4d07af01007123ad2086d7	8ffaa3d3096b0baa848b310ced510104f3b84a5e844fee3f461d3ad1d6ebeb46
primary__TH_CG312-CG312-SG3O1_-2h	primary	TH_CG312-CG312-SG3O1_-2h	TH_CG312-CG312-SG3O1	-2	T_CC_180	T_CC	180.0	-179.99987411198484	-179.99723291719206	0.002641194792772694	0.002641194792772694	0.02	True	237d0de9329d2f7154e75e1b94b8d20dc99d256df491b1962585edd08ac5d56b	2a0460d9462fbd3989dc58139d3c49ae4b63e67c7e46eb5ef7885e78e263153d
primary__TH_CG312-CG312-SG3O1_-2h	primary	TH_CG312-CG312-SG3O1_-2h	TH_CG312-CG312-SG3O1	-2	T_CC_210	T_CC	210.0	-150.00009928563182	-150.0061459149727	-0.006046629340886511	0.006046629340886511	0.02	True	ff7ba181ddce36b5fec269c010000630a05fa87e61843c9cb6ae5b286660aa06	3ac773f77a7eda514376c172a6a157cee4b41d8d126343c056e2a4e26bbf9321
primary__TH_CG312-CG312-SG3O1_-2h	primary	TH_CG312-CG312-SG3O1_-2h	TH_CG312-CG312-SG3O1	-2	T_CC_240	T_CC	240.0	-120.00007620746388	-120.00277978315476	-0.0027035756908730946	0.0027035756908730946	0.02	True	880de9f672087b3c73f343d26033dc31c7e6d04945e3ef56427c9859c467bda9	a2fc4346f8efb3cc0755d627205f5aaf4a0022e221b7bba64c8e4d3b8dcc095c
primary__TH_CG312-CG312-SG3O1_-2h	primary	TH_CG312-CG312-SG3O1_-2h	TH_CG312-CG312-SG3O1	-2	T_CC_270	T_CC	270.0	-89.99993474284005	-89.99490592922608	0.005028813613989769	0.005028813613989769	0.02	True	0bb8e714e59c30b159e44188b0df6faf6cdafd8794878db4b1f2197b15d282c8	a569d073d438f60dfa1c88c063b4c691712b2f4e4c3aeee80c96ff5138c9ed03
primary__TH_CG312-CG312-SG3O1_-2h	primary	TH_CG312-CG312-SG3O1_-2h	TH_CG312-CG312-SG3O1	-2	T_CC_300	T_CC	300.0	-59.99998160172803	-60.00145198753722	-0.001470385809199115	0.001470385809199115	0.02	True	fc6381c1ad4b27e5f9a79cad7e8361d93f1a8d0e253a0d934cd0410aba899c01	500a2791d190cc735d8564cab8781845b310d9a241361cb6934482937660c71d
primary__TH_CG312-CG312-SG3O1_-2h	primary	TH_CG312-CG312-SG3O1_-2h	TH_CG312-CG312-SG3O1	-2	T_CC_330	T_CC	330.0	-30.00016585816224	-30.012979212337445	-0.012813354175193581	0.012813354175193581	0.02	True	12d5e015638e715123552261c80c982de9108a65a82103add957bb662b8d1c03	3adb6ec36e6c1860b8734da1da54357ed6e33e2bbaab43b2a85d506beaadaa36
primary__TH_CG312-CG312-SG3O1_-2h	primary	TH_CG312-CG312-SG3O1_-2h	TH_CG312-CG312-SG3O1	-2	T_CS_000	T_CS	0.0	1.5180520262743396e-05	-0.003392379919646941	-0.0034075604399106396	0.0034075604399106396	0.02	True	b76cb71c416ae436646084247ac0799101a651a6e78ef12bdd936ed29539a181	9959e5d178ef1d3bc0d1ff8ebf31c875955be931fc6a1ddc7dc96cc194725cec
primary__TH_CG312-CG312-SG3O1_-2h	primary	TH_CG312-CG312-SG3O1_-2h	TH_CG312-CG312-SG3O1	-2	T_CS_010	T_CS	10.0	10.000078136231716	10.000165317173156	8.718094144910538e-05	8.718094144910538e-05	0.02	True	93231ed042bed5c0602602d32e5c5f3d4901969d8156257c0347236c62607f21	da348cdb93e1458b69cffd4b06ce9e0bf1ce59d03722542602bb42f596777b44
primary__TH_CG312-CG312-SG3O1_-2h	primary	TH_CG312-CG312-SG3O1_-2h	TH_CG312-CG312-SG3O1	-2	T_CS_020	T_CS	20.0	20.00017404591677	20.003155905221075	0.0029818593042989505	0.0029818593042989505	0.02	True	fc0fe0aaa70da2491407d7cf40549f0928ad568ab5bdce4bbe2d14d68bfcc78c	25405f25c5c4a968d00f5707e872cb4ba606949e0b487c6ecefc5e9343ccdf6d
primary__TH_CG312-CG312-SG3O1_-2h	primary	TH_CG312-CG312-SG3O1_-2h	TH_CG312-CG312-SG3O1	-2	T_CS_030	T_CS	30.0	30.00019985596987	30.005738930075015	0.005539074105143982	0.005539074105143982	0.02	True	a05c8327bb40345cb389bdc875b9059d4912df044e264f7722d2fc594a9c36dd	0d161fe5180754ea2a503608ecae4225fd99071b9b4beeea7eba7f781577ef82
primary__TH_CG312-CG312-SG3O1_-2h	primary	TH_CG312-CG312-SG3O1_-2h	TH_CG312-CG312-SG3O1	-2	T_CS_040	T_CS	40.0	40.00013511844969	40.00699519975238	0.006860081302704657	0.006860081302704657	0.02	True	1a3dc833568c912b0d2cb86bfde6f64600b04206593d34bfbb044abbbf528520	deeb5828c70695b6cdfa3659e0d15868d7b30ef904ac837de313ace3124653ed
primary__TH_CG312-CG312-SG3O1_-2h	primary	TH_CG312-CG312-SG3O1_-2h	TH_CG312-CG312-SG3O1	-2	T_CS_050	T_CS	50.0	50.000069706040776	50.005799773610555	0.005730067569771791	0.005730067569771791	0.02	True	d5ffde1699a4340c997fb87781ff0319b604b8e83883345a0da527c51bce31d9	550221335cca4f94a5de81dabecf5554c2cd0fd13b084d883db5bc255e4e8420
primary__TH_CG312-CG312-SG3O1_-2h	primary	TH_CG312-CG312-SG3O1_-2h	TH_CG312-CG312-SG3O1	-2	T_CS_060	T_CS	60.0	60.00001911469256	60.003373091341814	0.003353976649236756	0.003353976649236756	0.02	True	80f6abaaca25fcd7bd9b4a96576a6529dc2aab9c92bb4dc8cb8d94382f35e1bd	2377d7323b191d21eedd13d8bddcd4e40f0638a8fa566f59beedd6cd6e17991c
primary__TH_CG312-CG312-SG3O1_-2h	primary	TH_CG312-CG312-SG3O1_-2h	TH_CG312-CG312-SG3O1	-2	T_CS_070	T_CS	70.0	69.99996549339919	70.00018589002015	0.00022039662096062784	0.00022039662096062784	0.02	True	861b37106b6bffb8af5aa0780a88e99efc6bb88ef7f40055d7a4c38fada5ead3	70e39129d7394ac80e1af65bcdfe67573151f13e8567660491d47057b3c88dec
primary__TH_CG312-CG312-SG3O1_-2h	primary	TH_CG312-CG312-SG3O1_-2h	TH_CG312-CG312-SG3O1	-2	T_CS_080	T_CS	80.0	79.99992991278366	79.99684180662861	-0.0030881061550473987	0.0030881061550473987	0.02	True	185564ab2bddfe1f6bee80c92bcc4d84c3c5217d92438a78fed413f0c2f0ee48	f1aeace0fa6dc68054243ed08d371d772cbbe50ebcf1109136b4c56d1b900963
primary__TH_CG312-CG312-SG3O1_-2h	primary	TH_CG312-CG312-SG3O1_-2h	TH_CG312-CG312-SG3O1	-2	T_CS_090	T_CS	90.0	89.99991027498892	89.99427662086667	-0.005633654122249254	0.005633654122249254	0.02	True	95090c3545e38e3050c6dfd9ee40f08d6e347c417cfbc010bffb72eed38858f5	63c52a3f6e7114a24631fe88ea787645392502d0fc34bba348c70266f0a40511
primary__TH_CG312-CG312-SG3O1_-2h	primary	TH_CG312-CG312-SG3O1_-2h	TH_CG312-CG312-SG3O1	-2	T_CS_100	T_CS	100.0	99.99973782178598	99.99305710530518	-0.006680716480786941	0.006680716480786941	0.02	True	c5e6d243501db4ba3bbd09f5ae97a9cc954f7652d24c606c3bb8196a5b512755	a9baf2f7ed467f7bf3467a8659ff72ff9b6fe1a17c010bf5eb2e6b3bd925a0f0
primary__TH_CG312-CG312-SG3O1_-2h	primary	TH_CG312-CG312-SG3O1_-2h	TH_CG312-CG312-SG3O1	-2	T_CS_110	T_CS	110.0	109.99982259760765	109.9939269611641	-0.0058956364435402975	0.0058956364435402975	0.02	True	fd3404ec36fe83815887e7a1e639f61c92bd7d0c7d43580b0b9c0fed1892da18	32421b22b667760152b8d53199bf367731541cd3cf254050b7dd63c7a9869fa2
primary__TH_CG312-CG312-SG3O1_-2h	primary	TH_CG312-CG312-SG3O1_-2h	TH_CG312-CG312-SG3O1	-2	T_CS_120	T_CS	120.0	120.0000256226668	119.99664059958987	-0.003385023076930338	0.003385023076930338	0.02	True	cd3a576945e09ba26d11c6c20df75fa39584268550f612d9a1dc957add5b6753	2146b75aa477b7c690cd0c2c61d880172a3a1189551fa55823af53c82fb22730
primary__TH_CG312-CG312-SG3O1_-2h	primary	TH_CG312-CG312-SG3O1_-2h	TH_CG312-CG312-SG3O1	-2	T_CC_240_FROM_REVERSE_QM	T_CC	240.0	-120.00002885442426	-120.00273460674819	-0.002705752323947763	0.002705752323947763	0.02	True	8af7af63d19b53cffc32f9eda8be8acabcdedd5642a150991c618d46afeeece1	ff3e3466c45459e3d6104207464a738903fe8e693194609d36a8f834545fcd27
primary__TH_CG312-CG312-SG3O1_-1h	primary	TH_CG312-CG312-SG3O1_-1h	TH_CG312-CG312-SG3O1	-1	T_CC_000	T_CC	0.0	8.2317896820712e-05	0.0015748183923604267	0.001492500495544391	0.001492500495544391	0.02	True	a6e94cfe558c5be38544a34d2a6fad98313d167e35f5e4b511ff44a3e9ca9bd2	ac76bda74329c06222fdd3f028043510de9b73cdfd6abd00bd189ed27d1458ef
primary__TH_CG312-CG312-SG3O1_-1h	primary	TH_CG312-CG312-SG3O1_-1h	TH_CG312-CG312-SG3O1	-1	T_CC_030	T_CC	30.0	30.000158540910803	30.010300460618232	0.010141919707422176	0.010141919707422176	0.02	True	bab98c0a3ea47718c84ee2523940894bf3eb8df2875321a686eefa8b41f8b782	5af84a8d075223ef471e3acc19fdde7693770a34adc41f6febdfcb4c92e71914
primary__TH_CG312-CG312-SG3O1_-1h	primary	TH_CG312-CG312-SG3O1_-1h	TH_CG312-CG312-SG3O1	-1	T_CC_060	T_CC	60.0	60.0001592609087	60.00456371285767	0.004404451948971655	0.004404451948971655	0.02	True	41baeb9c356cf99a1669a39f741dfb4147717de0ce46134528141edf74e37c1d	3cf6cc1a2edf7f447bad405811276e903b97a9a86de5c7f67a4f0d78bbe9a997
primary__TH_CG312-CG312-SG3O1_-1h	primary	TH_CG312-CG312-SG3O1_-1h	TH_CG312-CG312-SG3O1	-1	T_CC_090	T_CC	90.0	90.00019699894702	90.0067406586483	0.0065436597012649145	0.0065436597012649145	0.02	True	dbc39b01855c642528b1b5129ecf4ae28ec9520145b3527abc86ff7044f37fe4	0d9a181d619146a7be9da848f3ff328e347d959c47cfcd2139dc6461526ffcf4
primary__TH_CG312-CG312-SG3O1_-1h	primary	TH_CG312-CG312-SG3O1_-1h	TH_CG312-CG312-SG3O1	-1	T_CC_120	T_CC	120.0	119.99983965803996	119.99837964941582	-0.0014600086241216559	0.0014600086241216559	0.02	True	703b1af8fd53d30a74d3f4bf3a1f53070360f76270386005e08d7e6d5c6d10b8	2f606ae929f2c0ad334d1d4233181e07ae1b3235a3b332a1c02ad7a612f048fa
primary__TH_CG312-CG312-SG3O1_-1h	primary	TH_CG312-CG312-SG3O1_-1h	TH_CG312-CG312-SG3O1	-1	T_CC_150	T_CC	150.0	150.00011419393934	150.0051836857984	0.005069491859046593	0.005069491859046593	0.02	True	3625c62a0da1954c05f2c25a8ce89fd780c033322f4d07af01007123ad2086d7	adca88220388355fcbec74612f7acfad63094ee048cd4e17f97737f1cae3a664
primary__TH_CG312-CG312-SG3O1_-1h	primary	TH_CG312-CG312-SG3O1_-1h	TH_CG312-CG312-SG3O1	-1	T_CC_180	T_CC	180.0	-179.99987411198484	-179.99724615558128	0.0026279564035576186	0.0026279564035576186	0.02	True	237d0de9329d2f7154e75e1b94b8d20dc99d256df491b1962585edd08ac5d56b	7a7053073b6b21919062530436077a376f096316a3a3b9ad94e4d236e0d3dd33
primary__TH_CG312-CG312-SG3O1_-1h	primary	TH_CG312-CG312-SG3O1_-1h	TH_CG312-CG312-SG3O1	-1	T_CC_210	T_CC	210.0	-150.00009928563182	-150.00610133693627	-0.006002051304449196	0.006002051304449196	0.02	True	ff7ba181ddce36b5fec269c010000630a05fa87e61843c9cb6ae5b286660aa06	4d01060770d6b643709215133af2924f040f89dd883e850634d47de856c17318
primary__TH_CG312-CG312-SG3O1_-1h	primary	TH_CG312-CG312-SG3O1_-1h	TH_CG312-CG312-SG3O1	-1	T_CC_240	T_CC	240.0	-120.00007620746388	-120.00281266495874	-0.002736457494847855	0.002736457494847855	0.02	True	880de9f672087b3c73f343d26033dc31c7e6d04945e3ef56427c9859c467bda9	fcb8928dbdd41dcf07304e08da0c4f43d132e4fd7c0d73b9994747ba05c34b11
primary__TH_CG312-CG312-SG3O1_-1h	primary	TH_CG312-CG312-SG3O1_-1h	TH_CG312-CG312-SG3O1	-1	T_CC_270	T_CC	270.0	-89.99993474284005	-89.99495072605201	0.004984016788057488	0.004984016788057488	0.02	True	0bb8e714e59c30b159e44188b0df6faf6cdafd8794878db4b1f2197b15d282c8	9a4c82b98f827e2a57ca2765130a70a4daae8f3bdd1d4cabd5a7e919c93f0e86
primary__TH_CG312-CG312-SG3O1_-1h	primary	TH_CG312-CG312-SG3O1_-1h	TH_CG312-CG312-SG3O1	-1	T_CC_300	T_CC	300.0	-59.99998160172803	-60.00138630546624	-0.0014047037382169947	0.0014047037382169947	0.02	True	fc6381c1ad4b27e5f9a79cad7e8361d93f1a8d0e253a0d934cd0410aba899c01	05270809f7f8d6cbcf0cc1f30d6b03258ae9ca35183f9e546a18dd02ee7374f7
primary__TH_CG312-CG312-SG3O1_-1h	primary	TH_CG312-CG312-SG3O1_-1h	TH_CG312-CG312-SG3O1	-1	T_CC_330	T_CC	330.0	-30.00016585816224	-30.012922964537335	-0.012757106375090643	0.012757106375090643	0.02	True	12d5e015638e715123552261c80c982de9108a65a82103add957bb662b8d1c03	df0fb9ade52f565e227de98c3f397e7e21b277e77cd402bf8e44531e93ddf39d
primary__TH_CG312-CG312-SG3O1_-1h	primary	TH_CG312-CG312-SG3O1_-1h	TH_CG312-CG312-SG3O1	-1	T_CS_000	T_CS	0.0	1.5180520262743396e-05	-0.003403629642242382	-0.0034188101625147738	0.0034188101625147738	0.02	True	b76cb71c416ae436646084247ac0799101a651a6e78ef12bdd936ed29539a181	0da8bf89e78d5fc7b9764f06c6251b5f50ee4604623eb284ae464313e1e4a29e
primary__TH_CG312-CG312-SG3O1_-1h	primary	TH_CG312-CG312-SG3O1_-1h	TH_CG312-CG312-SG3O1	-1	T_CS_010	T_CS	10.0	10.000078136231716	10.000133511301117	5.5375069393903686e-05	5.5375069393903686e-05	0.02	True	93231ed042bed5c0602602d32e5c5f3d4901969d8156257c0347236c62607f21	7bb08ce5e79cfb38753790e23e26671782b42b5da22137ecfcb46a8a40fe9856
primary__TH_CG312-CG312-SG3O1_-1h	primary	TH_CG312-CG312-SG3O1_-1h	TH_CG312-CG312-SG3O1	-1	T_CS_020	T_CS	20.0	20.00017404591677	20.003147161501484	0.0029731155847230184	0.0029731155847230184	0.02	True	fc0fe0aaa70da2491407d7cf40549f0928ad568ab5bdce4bbe2d14d68bfcc78c	a936e14fe6252c06d4eee2fe35e3b7ce5b8578d9618795934176acbe26f535ba
primary__TH_CG312-CG312-SG3O1_-1h	primary	TH_CG312-CG312-SG3O1_-1h	TH_CG312-CG312-SG3O1	-1	T_CS_030	T_CS	30.0	30.00019985596987	30.005828497704446	0.005628641734574558	0.005628641734574558	0.02	True	a05c8327bb40345cb389bdc875b9059d4912df044e264f7722d2fc594a9c36dd	7d1d8e2f94a54f5f81ea4fb2443958d45f2623d554bdedab8b7bf398d296d2f9
primary__TH_CG312-CG312-SG3O1_-1h	primary	TH_CG312-CG312-SG3O1_-1h	TH_CG312-CG312-SG3O1	-1	T_CS_040	T_CS	40.0	40.00013511844969	40.00697245346421	0.00683733501452366	0.00683733501452366	0.02	True	1a3dc833568c912b0d2cb86bfde6f64600b04206593d34bfbb044abbbf528520	7e94f13ebeb37a2e31c940a86ed4df28ece003b86ee49948fc0701ba73726466
primary__TH_CG312-CG312-SG3O1_-1h	primary	TH_CG312-CG312-SG3O1_-1h	TH_CG312-CG312-SG3O1	-1	T_CS_050	T_CS	50.0	50.000069706040776	50.00578462639147	0.005714920350698094	0.005714920350698094	0.02	True	d5ffde1699a4340c997fb87781ff0319b604b8e83883345a0da527c51bce31d9	984f6d5b0bc4ad9128323163bffb74a68d861b87cd34c910704f139ba7ee06c2
primary__TH_CG312-CG312-SG3O1_-1h	primary	TH_CG312-CG312-SG3O1_-1h	TH_CG312-CG312-SG3O1	-1	T_CS_060	T_CS	60.0	60.00001911469256	60.00334510850828	0.0033259938157073066	0.0033259938157073066	0.02	True	80f6abaaca25fcd7bd9b4a96576a6529dc2aab9c92bb4dc8cb8d94382f35e1bd	558417047cabd3f5ccda643384f48fed21307c4a4ab7f01965b52ef0455edb0f
primary__TH_CG312-CG312-SG3O1_-1h	primary	TH_CG312-CG312-SG3O1_-1h	TH_CG312-CG312-SG3O1	-1	T_CS_070	T_CS	70.0	69.99996549339919	70.00015632696562	0.00019083356642113358	0.00019083356642113358	0.02	True	861b37106b6bffb8af5aa0780a88e99efc6bb88ef7f40055d7a4c38fada5ead3	aafb3f16d8b9c822413e795cc902d8ef0f890f6f76987f2acdf9ab8adb6dfd90
primary__TH_CG312-CG312-SG3O1_-1h	primary	TH_CG312-CG312-SG3O1_-1h	TH_CG312-CG312-SG3O1	-1	T_CS_080	T_CS	80.0	79.99992991278366	79.99684049360305	-0.0030894191806112303	0.0030894191806112303	0.02	True	185564ab2bddfe1f6bee80c92bcc4d84c3c5217d92438a78fed413f0c2f0ee48	5aa7c8b22565a5eb41eb7065b392833544ed846f512beb9665058d3363408ecb
primary__TH_CG312-CG312-SG3O1_-1h	primary	TH_CG312-CG312-SG3O1_-1h	TH_CG312-CG312-SG3O1	-1	T_CS_090	T_CS	90.0	89.99991027498892	89.99428658103452	-0.0056236939544191955	0.0056236939544191955	0.02	True	95090c3545e38e3050c6dfd9ee40f08d6e347c417cfbc010bffb72eed38858f5	6c9ccf742b39d71c6640fc5a0ad61583bdca20adede147d9905704478b9dbec2
primary__TH_CG312-CG312-SG3O1_-1h	primary	TH_CG312-CG312-SG3O1_-1h	TH_CG312-CG312-SG3O1	-1	T_CS_100	T_CS	100.0	99.99973782178598	99.99307695480215	-0.0066608669838501555	0.0066608669838501555	0.02	True	c5e6d243501db4ba3bbd09f5ae97a9cc954f7652d24c606c3bb8196a5b512755	d5795d177b3d2522f0836ef5323d72347945d69a9ec293fe3a81e26f1a5377fa
primary__TH_CG312-CG312-SG3O1_-1h	primary	TH_CG312-CG312-SG3O1_-1h	TH_CG312-CG312-SG3O1	-1	T_CS_110	T_CS	110.0	109.99982259760765	109.9939363594269	-0.00588623818075007	0.00588623818075007	0.02	True	fd3404ec36fe83815887e7a1e639f61c92bd7d0c7d43580b0b9c0fed1892da18	f0fc76749c78ebbbd6e21d4a9ddba5b218e9b5eeeff2f4ba60e62f05fafe033e
primary__TH_CG312-CG312-SG3O1_-1h	primary	TH_CG312-CG312-SG3O1_-1h	TH_CG312-CG312-SG3O1	-1	T_CS_120	T_CS	120.0	120.0000256226668	119.9966586797782	-0.0033669428885900743	0.0033669428885900743	0.02	True	cd3a576945e09ba26d11c6c20df75fa39584268550f612d9a1dc957add5b6753	a29155dc36ed443dd4630243d488c3c15f80c1a9bec24eae67cb20da9a13020e
primary__TH_CG312-CG312-SG3O1_-1h	primary	TH_CG312-CG312-SG3O1_-1h	TH_CG312-CG312-SG3O1	-1	T_CC_240_FROM_REVERSE_QM	T_CC	240.0	-120.00002885442426	-120.00277490668408	-0.002746052259823273	0.002746052259823273	0.02	True	8af7af63d19b53cffc32f9eda8be8acabcdedd5642a150991c618d46afeeece1	ddc3288c1ea0b3c19a3c9c08ae2659f1fca3d372e1f29f09dd9fb69295a9c95c
primary__TH_CG312-CG312-SG3O1_+1h	primary	TH_CG312-CG312-SG3O1_+1h	TH_CG312-CG312-SG3O1	1	T_CC_000	T_CC	0.0	8.2317896820712e-05	0.0015718377148465938	0.0014895198180226998	0.0014895198180226998	0.02	True	a6e94cfe558c5be38544a34d2a6fad98313d167e35f5e4b511ff44a3e9ca9bd2	b1eb7e76b60f711395a8961f44bd9a722409511945aec216e02c1cebc484b40a
primary__TH_CG312-CG312-SG3O1_+1h	primary	TH_CG312-CG312-SG3O1_+1h	TH_CG312-CG312-SG3O1	1	T_CC_030	T_CC	30.0	30.000158540910803	30.010271507164976	0.010112966254183675	0.010112966254183675	0.02	True	bab98c0a3ea47718c84ee2523940894bf3eb8df2875321a686eefa8b41f8b782	7c537039466d19f3909d4ec33c97fa23fb8b360e3e053214a1a6c0948f6031f5
primary__TH_CG312-CG312-SG3O1_+1h	primary	TH_CG312-CG312-SG3O1_+1h	TH_CG312-CG312-SG3O1	1	T_CC_060	T_CC	60.0	60.0001592609087	60.0043504767985	0.004191215889790101	0.004191215889790101	0.02	True	41baeb9c356cf99a1669a39f741dfb4147717de0ce46134528141edf74e37c1d	7f2a33bdf1677faf7e3bddd1d2f21662bb67715a36fb0e776c7f14d51bd34d2d
primary__TH_CG312-CG312-SG3O1_+1h	primary	TH_CG312-CG312-SG3O1_+1h	TH_CG312-CG312-SG3O1	1	T_CC_090	T_CC	90.0	90.00019699894702	90.0065515524893	0.006354553542280428	0.006354553542280428	0.02	True	dbc39b01855c642528b1b5129ecf4ae28ec9520145b3527abc86ff7044f37fe4	3f8d851c7c41d7751842a4c4f3aca84d96b455d93ab0ada3e0259f38dc05f4c9
primary__TH_CG312-CG312-SG3O1_+1h	primary	TH_CG312-CG312-SG3O1_+1h	TH_CG312-CG312-SG3O1	1	T_CC_120	T_CC	120.0	119.99983965803996	119.9983301579494	-0.0015095000905489542	0.0015095000905489542	0.02	True	703b1af8fd53d30a74d3f4bf3a1f53070360f76270386005e08d7e6d5c6d10b8	11478ee0eb16f2fd04b76f18db4120d18aa407c554c410212b865d5da3852861
primary__TH_CG312-CG312-SG3O1_+1h	primary	TH_CG312-CG312-SG3O1_+1h	TH_CG312-CG312-SG3O1	1	T_CC_150	T_CC	150.0	150.00011419393934	150.00515993535748	0.005045741418143734	0.005045741418143734	0.02	True	3625c62a0da1954c05f2c25a8ce89fd780c033322f4d07af01007123ad2086d7	5600ece3c3db8e88d7f8bf545e22ad3db584b0ebb9cb6bb07d246434e9b8ec1b
primary__TH_CG312-CG312-SG3O1_+1h	primary	TH_CG312-CG312-SG3O1_+1h	TH_CG312-CG312-SG3O1	1	T_CC_180	T_CC	180.0	-179.99987411198484	-179.9972083639526	0.002665748032228521	0.002665748032228521	0.02	True	237d0de9329d2f7154e75e1b94b8d20dc99d256df491b1962585edd08ac5d56b	0a4af59f5930f75bee601c61852e51d73258feba849be05dc44ec5f002de19e9
primary__TH_CG312-CG312-SG3O1_+1h	primary	TH_CG312-CG312-SG3O1_+1h	TH_CG312-CG312-SG3O1	1	T_CC_210	T_CC	210.0	-150.00009928563182	-150.0060551307213	-0.005955845089488321	0.005955845089488321	0.02	True	ff7ba181ddce36b5fec269c010000630a05fa87e61843c9cb6ae5b286660aa06	233447f49d92d046457f7a766cb077e77e6cff5a2a1e330168438300e33daff4
primary__TH_CG312-CG312-SG3O1_+1h	primary	TH_CG312-CG312-SG3O1_+1h	TH_CG312-CG312-SG3O1	1	T_CC_240	T_CC	240.0	-120.00007620746388	-120.00287353406709	-0.0027973266032290667	0.0027973266032290667	0.02	True	880de9f672087b3c73f343d26033dc31c7e6d04945e3ef56427c9859c467bda9	1756cc70e267d48f1cfe2722d664a14a0c0d9971b7aed6d7c2e564662ac7fda0
primary__TH_CG312-CG312-SG3O1_+1h	primary	TH_CG312-CG312-SG3O1_+1h	TH_CG312-CG312-SG3O1	1	T_CC_270	T_CC	270.0	-89.99993474284005	-89.9949508014693	0.0049839413707672975	0.0049839413707672975	0.02	True	0bb8e714e59c30b159e44188b0df6faf6cdafd8794878db4b1f2197b15d282c8	a70d39ff05796bd73a24f19c64212a133237b01a52517910d543871e15d7b7bd
primary__TH_CG312-CG312-SG3O1_+1h	primary	TH_CG312-CG312-SG3O1_+1h	TH_CG312-CG312-SG3O1	1	T_CC_300	T_CC	300.0	-59.99998160172803	-60.00122346230101	-0.0012418605729749288	0.0012418605729749288	0.02	True	fc6381c1ad4b27e5f9a79cad7e8361d93f1a8d0e253a0d934cd0410aba899c01	039b40b79b29fb80f4319afb43112de78a8b884f6ee0846b86a54ebcbfc6aa98
primary__TH_CG312-CG312-SG3O1_+1h	primary	TH_CG312-CG312-SG3O1_+1h	TH_CG312-CG312-SG3O1	1	T_CC_330	T_CC	330.0	-30.00016585816224	-30.012781089145026	-0.012615230982788717	0.012615230982788717	0.02	True	12d5e015638e715123552261c80c982de9108a65a82103add957bb662b8d1c03	35a0f9d253020dc8c7804454aa317876989806c6df430fb8c8f9f74319b090bf
primary__TH_CG312-CG312-SG3O1_+1h	primary	TH_CG312-CG312-SG3O1_+1h	TH_CG312-CG312-SG3O1	1	T_CS_000	T_CS	0.0	1.5180520262743396e-05	-0.0033800204033607854	-0.003395200923620223	0.003395200923620223	0.02	True	b76cb71c416ae436646084247ac0799101a651a6e78ef12bdd936ed29539a181	52b9d324792fec4aa0855e2e5c5ee5a759f09fa50ac25355b394e78645dc32eb
primary__TH_CG312-CG312-SG3O1_+1h	primary	TH_CG312-CG312-SG3O1_+1h	TH_CG312-CG312-SG3O1	1	T_CS_010	T_CS	10.0	10.000078136231716	10.000138297303913	6.016107218442812e-05	6.016107218442812e-05	0.02	True	93231ed042bed5c0602602d32e5c5f3d4901969d8156257c0347236c62607f21	1174da9f3acbf24a0342c660df5a616552479cd76caafdaae666bd29207dc4f6
primary__TH_CG312-CG312-SG3O1_+1h	primary	TH_CG312-CG312-SG3O1_+1h	TH_CG312-CG312-SG3O1	1	T_CS_020	T_CS	20.0	20.00017404591677	20.003177062891865	0.0030030169751000813	0.0030030169751000813	0.02	True	fc0fe0aaa70da2491407d7cf40549f0928ad568ab5bdce4bbe2d14d68bfcc78c	ae40816dbce65b5e94f363ff5eb3421d68bb73c5ca819b55f0c494c8ca527eed
primary__TH_CG312-CG312-SG3O1_+1h	primary	TH_CG312-CG312-SG3O1_+1h	TH_CG312-CG312-SG3O1	1	T_CS_030	T_CS	30.0	30.00019985596987	30.00598801837266	0.005788162402780017	0.005788162402780017	0.02	True	a05c8327bb40345cb389bdc875b9059d4912df044e264f7722d2fc594a9c36dd	89b8b53518364315d46a924b5d433df75233c24b0f620e956a27eeb268dc9ce7
primary__TH_CG312-CG312-SG3O1_+1h	primary	TH_CG312-CG312-SG3O1_+1h	TH_CG312-CG312-SG3O1	1	T_CS_040	T_CS	40.0	40.00013511844969	40.00696935578334	0.006834237333634974	0.006834237333634974	0.02	True	1a3dc833568c912b0d2cb86bfde6f64600b04206593d34bfbb044abbbf528520	bd521f67ad328c618a2df2ca86c5c4cc2dae96f3573e9e3afb5c701a42bab3b4
primary__TH_CG312-CG312-SG3O1_+1h	primary	TH_CG312-CG312-SG3O1_+1h	TH_CG312-CG312-SG3O1	1	T_CS_050	T_CS	50.0	50.000069706040776	50.00571892331265	0.005649217271866291	0.005649217271866291	0.02	True	d5ffde1699a4340c997fb87781ff0319b604b8e83883345a0da527c51bce31d9	8ee90cf0485ccddf7f16c7ed85d3ea0704ee021c902930b4ef184b3b21dc6002
primary__TH_CG312-CG312-SG3O1_+1h	primary	TH_CG312-CG312-SG3O1_+1h	TH_CG312-CG312-SG3O1	1	T_CS_060	T_CS	60.0	60.00001911469256	60.00327677413414	0.0032576594415729687	0.0032576594415729687	0.02	True	80f6abaaca25fcd7bd9b4a96576a6529dc2aab9c92bb4dc8cb8d94382f35e1bd	9c88a617f0ee5bcc268e2baa408a8e3fe886bb851c91ff15a802e8f4b859ed7a
primary__TH_CG312-CG312-SG3O1_+1h	primary	TH_CG312-CG312-SG3O1_+1h	TH_CG312-CG312-SG3O1	1	T_CS_070	T_CS	70.0	69.99996549339919	70.00009415598339	0.0001286625841885325	0.0001286625841885325	0.02	True	861b37106b6bffb8af5aa0780a88e99efc6bb88ef7f40055d7a4c38fada5ead3	d4ec26aa87b22fb26ac4298f9716e6336543b0c9e57e6041892789fa64ff3101
primary__TH_CG312-CG312-SG3O1_+1h	primary	TH_CG312-CG312-SG3O1_+1h	TH_CG312-CG312-SG3O1	1	T_CS_080	T_CS	80.0	79.99992991278366	79.99679763021673	-0.00313228256692355	0.00313228256692355	0.02	True	185564ab2bddfe1f6bee80c92bcc4d84c3c5217d92438a78fed413f0c2f0ee48	7695a205be6857f346a382dab49b1cdeeb7b30f2aefe73e899118caf34ed07b7
primary__TH_CG312-CG312-SG3O1_+1h	primary	TH_CG312-CG312-SG3O1_+1h	TH_CG312-CG312-SG3O1	1	T_CS_090	T_CS	90.0	89.99991027498892	89.99429164771009	-0.00561862727883522	0.00561862727883522	0.02	True	95090c3545e38e3050c6dfd9ee40f08d6e347c417cfbc010bffb72eed38858f5	1e1b9b520655334e1045ae968a5d82eef4426306a1ad122a88aaa37f6866a621
primary__TH_CG312-CG312-SG3O1_+1h	primary	TH_CG312-CG312-SG3O1_+1h	TH_CG312-CG312-SG3O1	1	T_CS_100	T_CS	100.0	99.99973782178598	99.99313158459914	-0.006606237186844055	0.006606237186844055	0.02	True	c5e6d243501db4ba3bbd09f5ae97a9cc954f7652d24c606c3bb8196a5b512755	2e58c8d05f5544688bed62c930ea45ea73ca5e6ef4736a5abaeb441a286e17e6
primary__TH_CG312-CG312-SG3O1_+1h	primary	TH_CG312-CG312-SG3O1_+1h	TH_CG312-CG312-SG3O1	1	T_CS_110	T_CS	110.0	109.99982259760765	109.99399472803073	-0.0058278695769331534	0.0058278695769331534	0.02	True	fd3404ec36fe83815887e7a1e639f61c92bd7d0c7d43580b0b9c0fed1892da18	64909d6c0bb23643dfc75a8225c7492aa4ce1b3667cea2d8b7ac940f61b8b66b
primary__TH_CG312-CG312-SG3O1_+1h	primary	TH_CG312-CG312-SG3O1_+1h	TH_CG312-CG312-SG3O1	1	T_CS_120	T_CS	120.0	120.0000256226668	119.99666081011777	-0.0033648125490230996	0.0033648125490230996	0.02	True	cd3a576945e09ba26d11c6c20df75fa39584268550f612d9a1dc957add5b6753	3ffe794bc3f8888edd79a00813b7ca00be6aabeda9e1dd09dd4701c86b90f415
primary__TH_CG312-CG312-SG3O1_+1h	primary	TH_CG312-CG312-SG3O1_+1h	TH_CG312-CG312-SG3O1	1	T_CC_240_FROM_REVERSE_QM	T_CC	240.0	-120.00002885442426	-120.00282675993239	-0.002797905508145959	0.002797905508145959	0.02	True	8af7af63d19b53cffc32f9eda8be8acabcdedd5642a150991c618d46afeeece1	71e364769f1402deedadf7819d37e2261690176589e5a1924b59190e36d1114e
primary__TH_CG312-CG312-SG3O1_+2h	primary	TH_CG312-CG312-SG3O1_+2h	TH_CG312-CG312-SG3O1	2	T_CC_000	T_CC	0.0	8.2317896820712e-05	0.001579127027882818	0.001496809131054988	0.001496809131054988	0.02	True	a6e94cfe558c5be38544a34d2a6fad98313d167e35f5e4b511ff44a3e9ca9bd2	56887f52b42740cf442a440b34d068e23df1461389c7e060eb9244d3a443f6cc
primary__TH_CG312-CG312-SG3O1_+2h	primary	TH_CG312-CG312-SG3O1_+2h	TH_CG312-CG312-SG3O1	2	T_CC_030	T_CC	30.0	30.000158540910803	30.010222800600562	0.010064259689755772	0.010064259689755772	0.02	True	bab98c0a3ea47718c84ee2523940894bf3eb8df2875321a686eefa8b41f8b782	e1f0fe9e9325d3df86d2b6a22c47f4b652c9bcb712f021d20b7004f58981718c
primary__TH_CG312-CG312-SG3O1_+2h	primary	TH_CG312-CG312-SG3O1_+2h	TH_CG312-CG312-SG3O1	2	T_CC_060	T_CC	60.0	60.0001592609087	60.00422924396409	0.004069983055387638	0.004069983055387638	0.02	True	41baeb9c356cf99a1669a39f741dfb4147717de0ce46134528141edf74e37c1d	df4a86c30092078070a333695a735a29e199eb089dd600c9327b3c5586bd15ec
primary__TH_CG312-CG312-SG3O1_+2h	primary	TH_CG312-CG312-SG3O1_+2h	TH_CG312-CG312-SG3O1	2	T_CC_090	T_CC	90.0	90.00019699894702	90.00648406154356	0.0062870625965274485	0.0062870625965274485	0.02	True	dbc39b01855c642528b1b5129ecf4ae28ec9520145b3527abc86ff7044f37fe4	09b7c374c37b66f1ec9a2ffa483b45fcab2b10a273b88c2189e2a1a9c844b04f
primary__TH_CG312-CG312-SG3O1_+2h	primary	TH_CG312-CG312-SG3O1_+2h	TH_CG312-CG312-SG3O1	2	T_CC_120	T_CC	120.0	119.99983965803996	119.99831257284185	-0.0015270851981199485	0.0015270851981199485	0.02	True	703b1af8fd53d30a74d3f4bf3a1f53070360f76270386005e08d7e6d5c6d10b8	f54dd2ad0971a9277fd3eba89b7d1787002530325abd6f982b9fe65fd1da989e
primary__TH_CG312-CG312-SG3O1_+2h	primary	TH_CG312-CG312-SG3O1_+2h	TH_CG312-CG312-SG3O1	2	T_CC_150	T_CC	150.0	150.00011419393934	150.00515615144892	0.005041957509575923	0.005041957509575923	0.02	True	3625c62a0da1954c05f2c25a8ce89fd780c033322f4d07af01007123ad2086d7	c09284f25992c7d373ad6310f0324707c0ca4c4bde0d80616ee8aeb79d7896bb
primary__TH_CG312-CG312-SG3O1_+2h	primary	TH_CG312-CG312-SG3O1_+2h	TH_CG312-CG312-SG3O1	2	T_CC_180	T_CC	180.0	-179.99987411198484	-179.99720794902743	0.0026661629574107337	0.0026661629574107337	0.02	True	237d0de9329d2f7154e75e1b94b8d20dc99d256df491b1962585edd08ac5d56b	a8bb67fc35f04fe7dc7495bcea8e657d1755f2c30470333b57910fe1035ee647
primary__TH_CG312-CG312-SG3O1_+2h	primary	TH_CG312-CG312-SG3O1_+2h	TH_CG312-CG312-SG3O1	2	T_CC_210	T_CC	210.0	-150.00009928563182	-150.00602712155612	-0.005927835924296687	0.005927835924296687	0.02	True	ff7ba181ddce36b5fec269c010000630a05fa87e61843c9cb6ae5b286660aa06	e869302aa44786249bbfecbcfac5e42d320bc6d019de4143da865f0f74441dba
primary__TH_CG312-CG312-SG3O1_+2h	primary	TH_CG312-CG312-SG3O1_+2h	TH_CG312-CG312-SG3O1	2	T_CC_240	T_CC	240.0	-120.00007620746388	-120.0029245265348	-0.0028483190709209794	0.0028483190709209794	0.02	True	880de9f672087b3c73f343d26033dc31c7e6d04945e3ef56427c9859c467bda9	5e5c13dbfb390acfc0c13924a399258d9a73c96c3e4159db98690d1d49cb93c5
primary__TH_CG312-CG312-SG3O1_+2h	primary	TH_CG312-CG312-SG3O1_+2h	TH_CG312-CG312-SG3O1	2	T_CC_270	T_CC	270.0	-89.99993474284005	-89.9949466911803	0.004988051659751136	0.004988051659751136	0.02	True	0bb8e714e59c30b159e44188b0df6faf6cdafd8794878db4b1f2197b15d282c8	fa9eb6b9c4c17f67826b33a584665705fe6cfeec2ce87b91798a515f63d0a3c6
primary__TH_CG312-CG312-SG3O1_+2h	primary	TH_CG312-CG312-SG3O1_+2h	TH_CG312-CG312-SG3O1	2	T_CC_300	T_CC	300.0	-59.99998160172803	-60.00115635889262	-0.0011747571645912558	0.0011747571645912558	0.02	True	fc6381c1ad4b27e5f9a79cad7e8361d93f1a8d0e253a0d934cd0410aba899c01	8b1c600781f529b59eefa33680171bf634170ed54315da53dd7b5ae0724838ea
primary__TH_CG312-CG312-SG3O1_+2h	primary	TH_CG312-CG312-SG3O1_+2h	TH_CG312-CG312-SG3O1	2	T_CC_330	T_CC	330.0	-30.00016585816224	-30.012699568920212	-0.012533710757963945	0.012533710757963945	0.02	True	12d5e015638e715123552261c80c982de9108a65a82103add957bb662b8d1c03	dd5902269119061a8bc2f389a78506d1daf1dda456d03e2c86475cf62da8e8e8
primary__TH_CG312-CG312-SG3O1_+2h	primary	TH_CG312-CG312-SG3O1_+2h	TH_CG312-CG312-SG3O1	2	T_CS_000	T_CS	0.0	1.5180520262743396e-05	-0.003421068318478527	-0.0034362488387387202	0.0034362488387387202	0.02	True	b76cb71c416ae436646084247ac0799101a651a6e78ef12bdd936ed29539a181	2203a7f214d562e510092e139d79dd72288c5d8be75ca5b80a7d5abc23d9baf7
primary__TH_CG312-CG312-SG3O1_+2h	primary	TH_CG312-CG312-SG3O1_+2h	TH_CG312-CG312-SG3O1	2	T_CS_010	T_CS	10.0	10.000078136231716	10.000127029388393	4.8893156673557314e-05	4.8893156673557314e-05	0.02	True	93231ed042bed5c0602602d32e5c5f3d4901969d8156257c0347236c62607f21	b9eca6699d2ffa7b6d1692a49142a44dfcc7f13e15b99ed3f02847bf00826504
primary__TH_CG312-CG312-SG3O1_+2h	primary	TH_CG312-CG312-SG3O1_+2h	TH_CG312-CG312-SG3O1	2	T_CS_020	T_CS	20.0	20.00017404591677	20.00317985924241	0.003005813325643203	0.003005813325643203	0.02	True	fc0fe0aaa70da2491407d7cf40549f0928ad568ab5bdce4bbe2d14d68bfcc78c	0a0a627d843ccc537c3cdd4c0a5ad72b644c24ba6893dc9228b50522bff0e352
primary__TH_CG312-CG312-SG3O1_+2h	primary	TH_CG312-CG312-SG3O1_+2h	TH_CG312-CG312-SG3O1	2	T_CS_030	T_CS	30.0	30.00019985596987	30.006023020604413	0.005823164634534805	0.005823164634534805	0.02	True	a05c8327bb40345cb389bdc875b9059d4912df044e264f7722d2fc594a9c36dd	381baea700ef0450987894876d449f85db1dee49135ab08f1c6b0e235f0b4063
primary__TH_CG312-CG312-SG3O1_+2h	primary	TH_CG312-CG312-SG3O1_+2h	TH_CG312-CG312-SG3O1	2	T_CS_040	T_CS	40.0	40.00013511844969	40.00694233648029	0.006807218030587592	0.006807218030587592	0.02	True	1a3dc833568c912b0d2cb86bfde6f64600b04206593d34bfbb044abbbf528520	8fc59b8ae75cea91f6daecb3c53ae062968fc1d03f8eabb64ce33838e97e17d6
primary__TH_CG312-CG312-SG3O1_+2h	primary	TH_CG312-CG312-SG3O1_+2h	TH_CG312-CG312-SG3O1	2	T_CS_050	T_CS	50.0	50.000069706040776	50.00571183494705	0.005642128906288235	0.005642128906288235	0.02	True	d5ffde1699a4340c997fb87781ff0319b604b8e83883345a0da527c51bce31d9	c30e70912c49c5f72606d66b8f2fb6e018a88400d4f239ff2dcc4981d00bbfc1
primary__TH_CG312-CG312-SG3O1_+2h	primary	TH_CG312-CG312-SG3O1_+2h	TH_CG312-CG312-SG3O1	2	T_CS_060	T_CS	60.0	60.00001911469256	60.003253870165736	0.003234755473158657	0.003234755473158657	0.02	True	80f6abaaca25fcd7bd9b4a96576a6529dc2aab9c92bb4dc8cb8d94382f35e1bd	537962bf21f982e1d5d241693b52688140a0e131d425c4ad742475a3f7be3d87
primary__TH_CG312-CG312-SG3O1_+2h	primary	TH_CG312-CG312-SG3O1_+2h	TH_CG312-CG312-SG3O1	2	T_CS_070	T_CS	70.0	69.99996549339919	70.00005296037757	8.746697838546424e-05	8.746697838546424e-05	0.02	True	861b37106b6bffb8af5aa0780a88e99efc6bb88ef7f40055d7a4c38fada5ead3	1dcd9cbf2893121ed5457baa65693d7be0f66b12e22af577a7d7ca7e94d574a5
primary__TH_CG312-CG312-SG3O1_+2h	primary	TH_CG312-CG312-SG3O1_+2h	TH_CG312-CG312-SG3O1	2	T_CS_080	T_CS	80.0	79.99992991278366	79.99677298067189	-0.0031569321117785876	0.0031569321117785876	0.02	True	185564ab2bddfe1f6bee80c92bcc4d84c3c5217d92438a78fed413f0c2f0ee48	d8fbf8c68e130dbde6507170d0932d690061c2e1bb5b520fe0d5718130250ce7
primary__TH_CG312-CG312-SG3O1_+2h	primary	TH_CG312-CG312-SG3O1_+2h	TH_CG312-CG312-SG3O1	2	T_CS_090	T_CS	90.0	89.99991027498892	89.99429603016789	-0.005614244821032344	0.005614244821032344	0.02	True	95090c3545e38e3050c6dfd9ee40f08d6e347c417cfbc010bffb72eed38858f5	d6cf99fb0c5332b0051bfec93577c6716518dba5cd10ae3073e7372763b19100
primary__TH_CG312-CG312-SG3O1_+2h	primary	TH_CG312-CG312-SG3O1_+2h	TH_CG312-CG312-SG3O1	2	T_CS_100	T_CS	100.0	99.99973782178598	99.99312101916898	-0.006616802617003259	0.006616802617003259	0.02	True	c5e6d243501db4ba3bbd09f5ae97a9cc954f7652d24c606c3bb8196a5b512755	fc2d6743dd70eaa305c48eb4fd071f1fdfceb4681dcfa5a56278db780cf7dba2
primary__TH_CG312-CG312-SG3O1_+2h	primary	TH_CG312-CG312-SG3O1_+2h	TH_CG312-CG312-SG3O1	2	T_CS_110	T_CS	110.0	109.99982259760765	109.99399677107569	-0.0058258265319750535	0.0058258265319750535	0.02	True	fd3404ec36fe83815887e7a1e639f61c92bd7d0c7d43580b0b9c0fed1892da18	ed7bfccd0a537907831115f5809a633dc8ee4fab754154e1bfa93d4182c37539
primary__TH_CG312-CG312-SG3O1_+2h	primary	TH_CG312-CG312-SG3O1_+2h	TH_CG312-CG312-SG3O1	2	T_CS_120	T_CS	120.0	120.0000256226668	119.99668526397424	-0.003340358692554446	0.003340358692554446	0.02	True	cd3a576945e09ba26d11c6c20df75fa39584268550f612d9a1dc957add5b6753	59aeb6947ff64b3f73dcd0f9b39249afc2f81091dc3f37d9f37c314a01952f45
primary__TH_CG312-CG312-SG3O1_+2h	primary	TH_CG312-CG312-SG3O1_+2h	TH_CG312-CG312-SG3O1	2	T_CC_240_FROM_REVERSE_QM	T_CC	240.0	-120.00002885442426	-120.00286649377345	-0.0028376393491953422	0.0028376393491953422	0.02	True	8af7af63d19b53cffc32f9eda8be8acabcdedd5642a150991c618d46afeeece1	379c6c88e749e578ecf0ad91745b16f2a87e3b58b9a33ed9f0d6959d1a5a213d
primary__TH_FGA3-CG302-FGA3_-2h	primary	TH_FGA3-CG302-FGA3_-2h	TH_FGA3-CG302-FGA3	-2	T_CC_000	T_CC	0.0	8.2317896820712e-05	0.0015952274525774359	0.0015129095557426808	0.0015129095557426808	0.02	True	a6e94cfe558c5be38544a34d2a6fad98313d167e35f5e4b511ff44a3e9ca9bd2	85968d99b6d2275d07cd5fb1525f28dd355e08e6c71308407a3ce937dccf1df9
primary__TH_FGA3-CG302-FGA3_-2h	primary	TH_FGA3-CG302-FGA3_-2h	TH_FGA3-CG302-FGA3	-2	T_CC_030	T_CC	30.0	30.000158540910803	30.01028542496969	0.010126884058877295	0.010126884058877295	0.02	True	bab98c0a3ea47718c84ee2523940894bf3eb8df2875321a686eefa8b41f8b782	6b08d6fe3c1b5f37f2ad4743156226ee313247b547e23a5858ed1914eb28bab0
primary__TH_FGA3-CG302-FGA3_-2h	primary	TH_FGA3-CG302-FGA3_-2h	TH_FGA3-CG302-FGA3	-2	T_CC_060	T_CC	60.0	60.0001592609087	60.00428463369897	0.004125372790269921	0.004125372790269921	0.02	True	41baeb9c356cf99a1669a39f741dfb4147717de0ce46134528141edf74e37c1d	562bb7aed98e345031d3ab9b9a22a116e973b5a44d1fc74b01d7a5260189e977
primary__TH_FGA3-CG302-FGA3_-2h	primary	TH_FGA3-CG302-FGA3_-2h	TH_FGA3-CG302-FGA3	-2	T_CC_090	T_CC	90.0	90.00019699894702	90.0063171795583	0.0061201806112762824	0.0061201806112762824	0.02	True	dbc39b01855c642528b1b5129ecf4ae28ec9520145b3527abc86ff7044f37fe4	43801c7b86bc719d65e79b2f3633b4d409188e06b7c626798fe06cce28da32c4
primary__TH_FGA3-CG302-FGA3_-2h	primary	TH_FGA3-CG302-FGA3_-2h	TH_FGA3-CG302-FGA3	-2	T_CC_120	T_CC	120.0	119.99983965803996	119.99849174048555	-0.0013479175544262034	0.0013479175544262034	0.02	True	703b1af8fd53d30a74d3f4bf3a1f53070360f76270386005e08d7e6d5c6d10b8	ddf06b5a4744d232282035301757cd14a586c86b5fd9c547e008c4a0e26fd74e
primary__TH_FGA3-CG302-FGA3_-2h	primary	TH_FGA3-CG302-FGA3_-2h	TH_FGA3-CG302-FGA3	-2	T_CC_150	T_CC	150.0	150.00011419393934	150.00522563402347	0.0051114400841356655	0.0051114400841356655	0.02	True	3625c62a0da1954c05f2c25a8ce89fd780c033322f4d07af01007123ad2086d7	dddb381663c11755296e655fb3d6a47621d820e37196c8c3f43a58e52e44ab5d
primary__TH_FGA3-CG302-FGA3_-2h	primary	TH_FGA3-CG302-FGA3_-2h	TH_FGA3-CG302-FGA3	-2	T_CC_180	T_CC	180.0	-179.99987411198484	-179.99733487094892	0.002539241035918849	0.002539241035918849	0.02	True	237d0de9329d2f7154e75e1b94b8d20dc99d256df491b1962585edd08ac5d56b	0f943c8b3369f4fafa57fa5faf1a8cdf6d9ed39f72d5ed4808725f689b0a0d86
primary__TH_FGA3-CG302-FGA3_-2h	primary	TH_FGA3-CG302-FGA3_-2h	TH_FGA3-CG302-FGA3	-2	T_CC_210	T_CC	210.0	-150.00009928563182	-150.00605372777497	-0.005954442143149663	0.005954442143149663	0.02	True	ff7ba181ddce36b5fec269c010000630a05fa87e61843c9cb6ae5b286660aa06	4f30b9eb3e33783cbb14208287c88a2f4c7af23b7a6c41f925a31acfca2169eb
primary__TH_FGA3-CG302-FGA3_-2h	primary	TH_FGA3-CG302-FGA3_-2h	TH_FGA3-CG302-FGA3	-2	T_CC_240	T_CC	240.0	-120.00007620746388	-120.00277098917505	-0.0026947817111704353	0.0026947817111704353	0.02	True	880de9f672087b3c73f343d26033dc31c7e6d04945e3ef56427c9859c467bda9	bb19a1571b220499e85af720cb6baa8a37893736edb8804120a883d43b84ef9d
primary__TH_FGA3-CG302-FGA3_-2h	primary	TH_FGA3-CG302-FGA3_-2h	TH_FGA3-CG302-FGA3	-2	T_CC_270	T_CC	270.0	-89.99993474284005	-89.99526100675087	0.004673736089188196	0.004673736089188196	0.02	True	0bb8e714e59c30b159e44188b0df6faf6cdafd8794878db4b1f2197b15d282c8	a0e272ce4573e379e047525e74d58238695e72680caf75c51a8a0790a2230850
primary__TH_FGA3-CG302-FGA3_-2h	primary	TH_FGA3-CG302-FGA3_-2h	TH_FGA3-CG302-FGA3	-2	T_CC_300	T_CC	300.0	-59.99998160172803	-60.00122323797958	-0.0012416362515637047	0.0012416362515637047	0.02	True	fc6381c1ad4b27e5f9a79cad7e8361d93f1a8d0e253a0d934cd0410aba899c01	02761e0e166409fb60c41f92d2f9ccde4717b5a7e004e5e250d60fc04d0243a6
primary__TH_FGA3-CG302-FGA3_-2h	primary	TH_FGA3-CG302-FGA3_-2h	TH_FGA3-CG302-FGA3	-2	T_CC_330	T_CC	330.0	-30.00016585816224	-30.01279310078932	-0.01262724262707593	0.01262724262707593	0.02	True	12d5e015638e715123552261c80c982de9108a65a82103add957bb662b8d1c03	3181bef90ac800c6801e6d297cce0848a2e4d92103df4ad410f254956446055a
primary__TH_FGA3-CG302-FGA3_-2h	primary	TH_FGA3-CG302-FGA3_-2h	TH_FGA3-CG302-FGA3	-2	T_CS_000	T_CS	0.0	1.5180520262743396e-05	-0.0033598877812211696	-0.003375068301494366	0.003375068301494366	0.02	True	b76cb71c416ae436646084247ac0799101a651a6e78ef12bdd936ed29539a181	0e003edcb04d93056a2fe15a58ae8f703c5c840c071b02791ad1af91fb367e63
primary__TH_FGA3-CG302-FGA3_-2h	primary	TH_FGA3-CG302-FGA3_-2h	TH_FGA3-CG302-FGA3	-2	T_CS_010	T_CS	10.0	10.000078136231716	10.00020282313987	0.00012468690815126138	0.00012468690815126138	0.02	True	93231ed042bed5c0602602d32e5c5f3d4901969d8156257c0347236c62607f21	8bb46175868afecf409e5e7a338fb8888a749d6f7371813095506ef367931ce0
primary__TH_FGA3-CG302-FGA3_-2h	primary	TH_FGA3-CG302-FGA3_-2h	TH_FGA3-CG302-FGA3	-2	T_CS_020	T_CS	20.0	20.00017404591677	20.003123972167717	0.00294992625094892	0.00294992625094892	0.02	True	fc0fe0aaa70da2491407d7cf40549f0928ad568ab5bdce4bbe2d14d68bfcc78c	a620437d4376c59acf73d5ec133bbd4aeffc703437d9ecb11e198906ce778a23
primary__TH_FGA3-CG302-FGA3_-2h	primary	TH_FGA3-CG302-FGA3_-2h	TH_FGA3-CG302-FGA3	-2	T_CS_030	T_CS	30.0	30.00019985596987	30.005597547464774	0.0053976914948918875	0.0053976914948918875	0.02	True	a05c8327bb40345cb389bdc875b9059d4912df044e264f7722d2fc594a9c36dd	7c4c98f2ef16b292d2c6f330832da4c2eeb23a6b71c09ec0e0e0e26fb2246268
primary__TH_FGA3-CG302-FGA3_-2h	primary	TH_FGA3-CG302-FGA3_-2h	TH_FGA3-CG302-FGA3	-2	T_CS_040	T_CS	40.0	40.00013511844969	40.00700365394883	0.0068685354991373515	0.0068685354991373515	0.02	True	1a3dc833568c912b0d2cb86bfde6f64600b04206593d34bfbb044abbbf528520	70878fdd8f522c1966d315628d940635a91c7fd410164cdf220fe061703eb18b
primary__TH_FGA3-CG302-FGA3_-2h	primary	TH_FGA3-CG302-FGA3_-2h	TH_FGA3-CG302-FGA3	-2	T_CS_050	T_CS	50.0	50.000069706040776	50.00581724333681	0.005747537296031169	0.005747537296031169	0.02	True	d5ffde1699a4340c997fb87781ff0319b604b8e83883345a0da527c51bce31d9	c7dce4704676aaeafc19667f6047f946f58664e77275265275bbde3f15a3849e
primary__TH_FGA3-CG302-FGA3_-2h	primary	TH_FGA3-CG302-FGA3_-2h	TH_FGA3-CG302-FGA3	-2	T_CS_060	T_CS	60.0	60.00001911469256	60.00337259966874	0.003353484976173604	0.003353484976173604	0.02	True	80f6abaaca25fcd7bd9b4a96576a6529dc2aab9c92bb4dc8cb8d94382f35e1bd	8404157df429a58140d5de70ed50c2c704227cf0ef494d24b6e5d194911d4603
primary__TH_FGA3-CG302-FGA3_-2h	primary	TH_FGA3-CG302-FGA3_-2h	TH_FGA3-CG302-FGA3	-2	T_CS_070	T_CS	70.0	69.99996549339919	70.00016337538767	0.00019788198846981686	0.00019788198846981686	0.02	True	861b37106b6bffb8af5aa0780a88e99efc6bb88ef7f40055d7a4c38fada5ead3	e026ded7ed4e4eeec49930f9f4d88b44e3ad2b2b9a7f5c3e523d5a3d6feeac77
primary__TH_FGA3-CG302-FGA3_-2h	primary	TH_FGA3-CG302-FGA3_-2h	TH_FGA3-CG302-FGA3	-2	T_CS_080	T_CS	80.0	79.99992991278366	79.99679948112829	-0.0031304316553644185	0.0031304316553644185	0.02	True	185564ab2bddfe1f6bee80c92bcc4d84c3c5217d92438a78fed413f0c2f0ee48	f60a589147cfeaf381e6c22eb12d92e931bd8cee08e33091d99a77841062e68e
primary__TH_FGA3-CG302-FGA3_-2h	primary	TH_FGA3-CG302-FGA3_-2h	TH_FGA3-CG302-FGA3	-2	T_CS_090	T_CS	90.0	89.99991027498892	89.99428174503876	-0.0056285299501723784	0.0056285299501723784	0.02	True	95090c3545e38e3050c6dfd9ee40f08d6e347c417cfbc010bffb72eed38858f5	42112cb761eda824523fa4aa7259fa1c2e4bffd5552906547851594bf01f8b8d
primary__TH_FGA3-CG302-FGA3_-2h	primary	TH_FGA3-CG302-FGA3_-2h	TH_FGA3-CG302-FGA3	-2	T_CS_100	T_CS	100.0	99.99973782178598	99.9930831463443	-0.006654675441666313	0.006654675441666313	0.02	True	c5e6d243501db4ba3bbd09f5ae97a9cc954f7652d24c606c3bb8196a5b512755	cdb5a34c1237f210a3d6af0d9ac22738d5b649f89960a224d0af8723620d71d8
primary__TH_FGA3-CG302-FGA3_-2h	primary	TH_FGA3-CG302-FGA3_-2h	TH_FGA3-CG302-FGA3	-2	T_CS_110	T_CS	110.0	109.99982259760765	109.99398874394356	-0.005833853664086064	0.005833853664086064	0.02	True	fd3404ec36fe83815887e7a1e639f61c92bd7d0c7d43580b0b9c0fed1892da18	fd44a7b0423be52e8e5c6d06c6f4b60114cc248d378e7f6b01078f154b494b35
primary__TH_FGA3-CG302-FGA3_-2h	primary	TH_FGA3-CG302-FGA3_-2h	TH_FGA3-CG302-FGA3	-2	T_CS_120	T_CS	120.0	120.0000256226668	119.99670634592272	-0.003319276744093713	0.003319276744093713	0.02	True	cd3a576945e09ba26d11c6c20df75fa39584268550f612d9a1dc957add5b6753	e0968d664de550b6cfc1a9324cb6b6401dd5f388095d44eef24fa61652336e47
primary__TH_FGA3-CG302-FGA3_-2h	primary	TH_FGA3-CG302-FGA3_-2h	TH_FGA3-CG302-FGA3	-2	T_CC_240_FROM_REVERSE_QM	T_CC	240.0	-120.00002885442426	-120.0027341925999	-0.002705338175644556	0.002705338175644556	0.02	True	8af7af63d19b53cffc32f9eda8be8acabcdedd5642a150991c618d46afeeece1	db36a7b69d2510747d272e4f53c1303caa1eca1d47e150dbb7fa9c79fd3b9f54
primary__TH_FGA3-CG302-FGA3_-1h	primary	TH_FGA3-CG302-FGA3_-1h	TH_FGA3-CG302-FGA3	-1	T_CC_000	T_CC	0.0	8.2317896820712e-05	0.0015954741380047148	0.0015131562411738742	0.0015131562411738742	0.02	True	a6e94cfe558c5be38544a34d2a6fad98313d167e35f5e4b511ff44a3e9ca9bd2	7a9396aadc264c148a7b20fa6e109037a1a8993c0d15e48d482e057f24da3651
primary__TH_FGA3-CG302-FGA3_-1h	primary	TH_FGA3-CG302-FGA3_-1h	TH_FGA3-CG302-FGA3	-1	T_CC_030	T_CC	30.0	30.000158540910803	30.010283255748316	0.010124714837502324	0.010124714837502324	0.02	True	bab98c0a3ea47718c84ee2523940894bf3eb8df2875321a686eefa8b41f8b782	61455ec80d1bd19f0903b3a1d874c8fdf1b7ee0365f81d31dc268e048aacc16e
primary__TH_FGA3-CG302-FGA3_-1h	primary	TH_FGA3-CG302-FGA3_-1h	TH_FGA3-CG302-FGA3	-1	T_CC_060	T_CC	60.0	60.0001592609087	60.00437013507294	0.004210874164243705	0.004210874164243705	0.02	True	41baeb9c356cf99a1669a39f741dfb4147717de0ce46134528141edf74e37c1d	b3a22af2e5c3f6afabf0c7e1bd750c973f7bf24f12f6a768cba31252975f2292
primary__TH_FGA3-CG302-FGA3_-1h	primary	TH_FGA3-CG302-FGA3_-1h	TH_FGA3-CG302-FGA3	-1	T_CC_090	T_CC	90.0	90.00019699894702	90.00652152784536	0.006324528898346671	0.006324528898346671	0.02	True	dbc39b01855c642528b1b5129ecf4ae28ec9520145b3527abc86ff7044f37fe4	1bfa82d3b4e4eb3b1c1f42eb3962bc5c8e691d2b64cd3617774084d24a4b5e0c
primary__TH_FGA3-CG302-FGA3_-1h	primary	TH_FGA3-CG302-FGA3_-1h	TH_FGA3-CG302-FGA3	-1	T_CC_120	T_CC	120.0	119.99983965803996	119.99842195505188	-0.0014177029880784175	0.0014177029880784175	0.02	True	703b1af8fd53d30a74d3f4bf3a1f53070360f76270386005e08d7e6d5c6d10b8	91ab1848a235391f9daa763283358c9ead556c6d5effe1944d5d7f6f582b632a
primary__TH_FGA3-CG302-FGA3_-1h	primary	TH_FGA3-CG302-FGA3_-1h	TH_FGA3-CG302-FGA3	-1	T_CC_150	T_CC	150.0	150.00011419393934	150.0051959154934	0.005081721554063279	0.005081721554063279	0.02	True	3625c62a0da1954c05f2c25a8ce89fd780c033322f4d07af01007123ad2086d7	e04b88878c13d2b02495db2e67ece0b312f838c8b62337c0df444494386e8f5d
primary__TH_FGA3-CG302-FGA3_-1h	primary	TH_FGA3-CG302-FGA3_-1h	TH_FGA3-CG302-FGA3	-1	T_CC_180	T_CC	180.0	-179.99987411198484	-179.9972821069495	0.0025920050353249735	0.0025920050353249735	0.02	True	237d0de9329d2f7154e75e1b94b8d20dc99d256df491b1962585edd08ac5d56b	9c8674f171f93b28bb20342c4354d47d50de225a8bb0c8f50e2d53069da8e365
primary__TH_FGA3-CG302-FGA3_-1h	primary	TH_FGA3-CG302-FGA3_-1h	TH_FGA3-CG302-FGA3	-1	T_CC_210	T_CC	210.0	-150.00009928563182	-150.00607323170286	-0.005973946071037517	0.005973946071037517	0.02	True	ff7ba181ddce36b5fec269c010000630a05fa87e61843c9cb6ae5b286660aa06	291b18bf32b3c672596c6dc2b8133d01f52f3a44816a54642b363f12764f6cd1
primary__TH_FGA3-CG302-FGA3_-1h	primary	TH_FGA3-CG302-FGA3_-1h	TH_FGA3-CG302-FGA3	-1	T_CC_240	T_CC	240.0	-120.00007620746388	-120.0028061339598	-0.0027299264959310676	0.0027299264959310676	0.02	True	880de9f672087b3c73f343d26033dc31c7e6d04945e3ef56427c9859c467bda9	7ac1d1f73ac0ea2d66faf7bfae1fbd2213bc78b968bc3f79d9410fdb34dce2d3
primary__TH_FGA3-CG302-FGA3_-1h	primary	TH_FGA3-CG302-FGA3_-1h	TH_FGA3-CG302-FGA3	-1	T_CC_270	T_CC	270.0	-89.99993474284005	-89.9951264089096	0.004808333930441222	0.004808333930441222	0.02	True	0bb8e714e59c30b159e44188b0df6faf6cdafd8794878db4b1f2197b15d282c8	e5b683ec61cd11a00b63254fbf0d524e7bfca087aff74cfb97278fe848ac3f7b
primary__TH_FGA3-CG302-FGA3_-1h	primary	TH_FGA3-CG302-FGA3_-1h	TH_FGA3-CG302-FGA3	-1	T_CC_300	T_CC	300.0	-59.99998160172803	-60.00125271880199	-0.001271117073969208	0.001271117073969208	0.02	True	fc6381c1ad4b27e5f9a79cad7e8361d93f1a8d0e253a0d934cd0410aba899c01	0bf588ee643bd1bb98fd01d182e04f281d436a55f8dbca20981818de0f155ffd
primary__TH_FGA3-CG302-FGA3_-1h	primary	TH_FGA3-CG302-FGA3_-1h	TH_FGA3-CG302-FGA3	-1	T_CC_330	T_CC	330.0	-30.00016585816224	-30.012821110129657	-0.012655251967430559	0.012655251967430559	0.02	True	12d5e015638e715123552261c80c982de9108a65a82103add957bb662b8d1c03	7bfd4b3339b4cdc0c3955ff70d453491d47b4fc76b941e7f6e754d260839da4f
primary__TH_FGA3-CG302-FGA3_-1h	primary	TH_FGA3-CG302-FGA3_-1h	TH_FGA3-CG302-FGA3	-1	T_CS_000	T_CS	0.0	1.5180520262743396e-05	-0.0033814726137102002	-0.003396653133961536	0.003396653133961536	0.02	True	b76cb71c416ae436646084247ac0799101a651a6e78ef12bdd936ed29539a181	eac5b6e4a4436fd95c08e78409fec1e57aa1b75730a7d7f910ad1fb59b4eccec
primary__TH_FGA3-CG302-FGA3_-1h	primary	TH_FGA3-CG302-FGA3_-1h	TH_FGA3-CG302-FGA3	-1	T_CS_010	T_CS	10.0	10.000078136231716	10.000162056326237	8.392009451085869e-05	8.392009451085869e-05	0.02	True	93231ed042bed5c0602602d32e5c5f3d4901969d8156257c0347236c62607f21	34b42542fc4c146bead70b31ba9313e53da03bbd5961cd5abd3f76b551d31f4e
primary__TH_FGA3-CG302-FGA3_-1h	primary	TH_FGA3-CG302-FGA3_-1h	TH_FGA3-CG302-FGA3	-1	T_CS_020	T_CS	20.0	20.00017404591677	20.00313030601768	0.002956260100916097	0.002956260100916097	0.02	True	fc0fe0aaa70da2491407d7cf40549f0928ad568ab5bdce4bbe2d14d68bfcc78c	c11a30f9f2ca73441b9e1f6f2f7eb59a26bf90086aefac5fb157397ea6f4275f
primary__TH_FGA3-CG302-FGA3_-1h	primary	TH_FGA3-CG302-FGA3_-1h	TH_FGA3-CG302-FGA3	-1	T_CS_030	T_CS	30.0	30.00019985596987	30.005780691178032	0.005580835208149892	0.005580835208149892	0.02	True	a05c8327bb40345cb389bdc875b9059d4912df044e264f7722d2fc594a9c36dd	4a52bba8addf44d062a8dff56ede2ec9360a99da68c3dcfc0039d5822f1f0a9b
primary__TH_FGA3-CG302-FGA3_-1h	primary	TH_FGA3-CG302-FGA3_-1h	TH_FGA3-CG302-FGA3	-1	T_CS_040	T_CS	40.0	40.00013511844969	40.00698747319649	0.006852354746797573	0.006852354746797573	0.02	True	1a3dc833568c912b0d2cb86bfde6f64600b04206593d34bfbb044abbbf528520	a8e1667b6603f777ee6063ae81583289ff916691fe9d9804fdf8f875ad65eea3
primary__TH_FGA3-CG302-FGA3_-1h	primary	TH_FGA3-CG302-FGA3_-1h	TH_FGA3-CG302-FGA3	-1	T_CS_050	T_CS	50.0	50.000069706040776	50.00577540380886	0.005705697768092932	0.005705697768092932	0.02	True	d5ffde1699a4340c997fb87781ff0319b604b8e83883345a0da527c51bce31d9	74e668c5fcf57bb18616b48be12729c0390c2ae4d92877e6d1fdfb28a649a289
primary__TH_FGA3-CG302-FGA3_-1h	primary	TH_FGA3-CG302-FGA3_-1h	TH_FGA3-CG302-FGA3	-1	T_CS_060	T_CS	60.0	60.00001911469256	60.003345362139775	0.0033262474472053327	0.0033262474472053327	0.02	True	80f6abaaca25fcd7bd9b4a96576a6529dc2aab9c92bb4dc8cb8d94382f35e1bd	4b90a89df6802e85f2ab14b8ba2a8163474b167a54296e5b163500a429390af3
primary__TH_FGA3-CG302-FGA3_-1h	primary	TH_FGA3-CG302-FGA3_-1h	TH_FGA3-CG302-FGA3	-1	T_CS_070	T_CS	70.0	69.99996549339919	70.00013069839251	0.00016520499332273175	0.00016520499332273175	0.02	True	861b37106b6bffb8af5aa0780a88e99efc6bb88ef7f40055d7a4c38fada5ead3	54e4f7c87ad2510a8369258fc190e019c04f2a436ed052651df52a445fed98af
primary__TH_FGA3-CG302-FGA3_-1h	primary	TH_FGA3-CG302-FGA3_-1h	TH_FGA3-CG302-FGA3	-1	T_CS_080	T_CS	80.0	79.99992991278366	79.99680204123155	-0.0031278715521239064	0.0031278715521239064	0.02	True	185564ab2bddfe1f6bee80c92bcc4d84c3c5217d92438a78fed413f0c2f0ee48	05d062a66dbcb3f52bd990ae1520004e5c2559e41b6e17271628d652d693601c
primary__TH_FGA3-CG302-FGA3_-1h	primary	TH_FGA3-CG302-FGA3_-1h	TH_FGA3-CG302-FGA3	-1	T_CS_090	T_CS	90.0	89.99991027498892	89.99428787040011	-0.005622404588791596	0.005622404588791596	0.02	True	95090c3545e38e3050c6dfd9ee40f08d6e347c417cfbc010bffb72eed38858f5	110343c8c23e9a5842a968420629c581283960158f4c3375d6d5aa6ffea22109
primary__TH_FGA3-CG302-FGA3_-1h	primary	TH_FGA3-CG302-FGA3_-1h	TH_FGA3-CG302-FGA3	-1	T_CS_100	T_CS	100.0	99.99973782178598	99.9930983046107	-0.006639517175301535	0.006639517175301535	0.02	True	c5e6d243501db4ba3bbd09f5ae97a9cc954f7652d24c606c3bb8196a5b512755	76cc9a46c07cf9a2c71ab33798556872e9a6cef0549d55b2172b9d66595b82fa
primary__TH_FGA3-CG302-FGA3_-1h	primary	TH_FGA3-CG302-FGA3_-1h	TH_FGA3-CG302-FGA3	-1	T_CS_110	T_CS	110.0	109.99982259760765	109.9939883556324	-0.005834241975264831	0.005834241975264831	0.02	True	fd3404ec36fe83815887e7a1e639f61c92bd7d0c7d43580b0b9c0fed1892da18	6dbd4947a77e264a5cfb8828c892c3de65ecc31fd6dc1e4de7f9006fdcc02729
primary__TH_FGA3-CG302-FGA3_-1h	primary	TH_FGA3-CG302-FGA3_-1h	TH_FGA3-CG302-FGA3	-1	T_CS_120	T_CS	120.0	120.0000256226668	119.99668620199053	-0.0033394206762693557	0.0033394206762693557	0.02	True	cd3a576945e09ba26d11c6c20df75fa39584268550f612d9a1dc957add5b6753	dd83b99d0ae39056baa631d736fcf94abd7ecd692e46ef2ff523c59593ec42b9
primary__TH_FGA3-CG302-FGA3_-1h	primary	TH_FGA3-CG302-FGA3_-1h	TH_FGA3-CG302-FGA3	-1	T_CC_240_FROM_REVERSE_QM	T_CC	240.0	-120.00002885442426	-120.00278701779115	-0.0027581633668773975	0.0027581633668773975	0.02	True	8af7af63d19b53cffc32f9eda8be8acabcdedd5642a150991c618d46afeeece1	2f0fb5dfe8cb9240591dcc1ba6dfb1a5d85dda93168b1baa8158559aa73e6ee3
primary__TH_FGA3-CG302-FGA3_+1h	primary	TH_FGA3-CG302-FGA3_+1h	TH_FGA3-CG302-FGA3	1	T_CC_000	T_CC	0.0	8.2317896820712e-05	0.0015881219192113367	0.0015058040224005254	0.0015058040224005254	0.02	True	a6e94cfe558c5be38544a34d2a6fad98313d167e35f5e4b511ff44a3e9ca9bd2	ac44a3744057cd64958ae4b82164e8235f32af27f1f606d62cdaccd208a9c3f5
primary__TH_FGA3-CG302-FGA3_+1h	primary	TH_FGA3-CG302-FGA3_+1h	TH_FGA3-CG302-FGA3	1	T_CC_030	T_CC	30.0	30.000158540910803	30.010269754422144	0.010111213511351025	0.010111213511351025	0.02	True	bab98c0a3ea47718c84ee2523940894bf3eb8df2875321a686eefa8b41f8b782	f3a2ad91821d99325ea490cf857b7c6873162f04f6ef7cb58496e47d1cff9c40
primary__TH_FGA3-CG302-FGA3_+1h	primary	TH_FGA3-CG302-FGA3_+1h	TH_FGA3-CG302-FGA3	1	T_CC_060	T_CC	60.0	60.0001592609087	60.00453076177907	0.004371500870377076	0.004371500870377076	0.02	True	41baeb9c356cf99a1669a39f741dfb4147717de0ce46134528141edf74e37c1d	0d9f07565cb8a6ab78ca8ce4d8295c64d5f8a011471f9c7414c12b54b6858b9d
primary__TH_FGA3-CG302-FGA3_+1h	primary	TH_FGA3-CG302-FGA3_+1h	TH_FGA3-CG302-FGA3	1	T_CC_090	T_CC	90.0	90.00019699894702	90.00680251125934	0.006605512312319206	0.006605512312319206	0.02	True	dbc39b01855c642528b1b5129ecf4ae28ec9520145b3527abc86ff7044f37fe4	de4a7a8bdecde13cf002d8ad6ad155cf6c01c2399d34cca140cfb0fbcde1643b
primary__TH_FGA3-CG302-FGA3_+1h	primary	TH_FGA3-CG302-FGA3_+1h	TH_FGA3-CG302-FGA3	1	T_CC_120	T_CC	120.0	119.99983965803996	119.99827728292138	-0.0015623751185671608	0.0015623751185671608	0.02	True	703b1af8fd53d30a74d3f4bf3a1f53070360f76270386005e08d7e6d5c6d10b8	2ac5a20f1d5f4e9425b17294de4629162b1a13a810e579add3395446b0233b5c
primary__TH_FGA3-CG302-FGA3_+1h	primary	TH_FGA3-CG302-FGA3_+1h	TH_FGA3-CG302-FGA3	1	T_CC_150	T_CC	150.0	150.00011419393934	150.00515764858918	0.005043454649836576	0.005043454649836576	0.02	True	3625c62a0da1954c05f2c25a8ce89fd780c033322f4d07af01007123ad2086d7	da6bd923b2d8936bb02efafc6747e08987d425eb2e7e315d099783c331f9ce0f
primary__TH_FGA3-CG302-FGA3_+1h	primary	TH_FGA3-CG302-FGA3_+1h	TH_FGA3-CG302-FGA3	1	T_CC_180	T_CC	180.0	-179.99987411198484	-179.99718358113634	0.002690530848497019	0.002690530848497019	0.02	True	237d0de9329d2f7154e75e1b94b8d20dc99d256df491b1962585edd08ac5d56b	707da4dfeab421ee14fd05bdeb9d50f669f6bce9ca6dc96bc08b08df630c462a
primary__TH_FGA3-CG302-FGA3_+1h	primary	TH_FGA3-CG302-FGA3_+1h	TH_FGA3-CG302-FGA3	1	T_CC_210	T_CC	210.0	-150.00009928563182	-150.00612429945252	-0.006025013820703862	0.006025013820703862	0.02	True	ff7ba181ddce36b5fec269c010000630a05fa87e61843c9cb6ae5b286660aa06	d67164b3308a6944dedae3be81a9f7414e7bf9e84c5ceb7ae1228258e931e976
primary__TH_FGA3-CG302-FGA3_+1h	primary	TH_FGA3-CG302-FGA3_+1h	TH_FGA3-CG302-FGA3	1	T_CC_240	T_CC	240.0	-120.00007620746388	-120.00289777723953	-0.0028215697756479585	0.0028215697756479585	0.02	True	880de9f672087b3c73f343d26033dc31c7e6d04945e3ef56427c9859c467bda9	aec1be4b450f24dd23be64aebb4b2c8aa8d63a39f2e6946a73da2aea35181017
primary__TH_FGA3-CG302-FGA3_+1h	primary	TH_FGA3-CG302-FGA3_+1h	TH_FGA3-CG302-FGA3	1	T_CC_270	T_CC	270.0	-89.99993474284005	-89.99480412146376	0.005130621376281397	0.005130621376281397	0.02	True	0bb8e714e59c30b159e44188b0df6faf6cdafd8794878db4b1f2197b15d282c8	184ad5658f84a05dfe19e3ee7fcf3c797ce3280f855ed6e434ba6a2f1a2d575e
primary__TH_FGA3-CG302-FGA3_+1h	primary	TH_FGA3-CG302-FGA3_+1h	TH_FGA3-CG302-FGA3	1	T_CC_300	T_CC	300.0	-59.99998160172803	-60.00133879310844	-0.00135719138040713	0.00135719138040713	0.02	True	fc6381c1ad4b27e5f9a79cad7e8361d93f1a8d0e253a0d934cd0410aba899c01	fce5703f2e8dc3751173f721d48026be24c354b3a0577cd5af06c5a08f5e8ff6
primary__TH_FGA3-CG302-FGA3_+1h	primary	TH_FGA3-CG302-FGA3_+1h	TH_FGA3-CG302-FGA3	1	T_CC_330	T_CC	330.0	-30.00016585816224	-30.01288289128308	-0.012717033120850374	0.012717033120850374	0.02	True	12d5e015638e715123552261c80c982de9108a65a82103add957bb662b8d1c03	60aceda150740aa582d804bb9477bd7a167f99f3dd826c60f9c5b45e7ae87e25
primary__TH_FGA3-CG302-FGA3_+1h	primary	TH_FGA3-CG302-FGA3_+1h	TH_FGA3-CG302-FGA3	1	T_CS_000	T_CS	0.0	1.5180520262743396e-05	-0.003428338770051024	-0.003443519290300401	0.003443519290300401	0.02	True	b76cb71c416ae436646084247ac0799101a651a6e78ef12bdd936ed29539a181	a45f2184217f1eb97b81f61e940e7d56d798001172bd651008cac4e7b860c183
primary__TH_FGA3-CG302-FGA3_+1h	primary	TH_FGA3-CG302-FGA3_+1h	TH_FGA3-CG302-FGA3	1	T_CS_010	T_CS	10.0	10.000078136231716	10.000123113122068	4.497689036497832e-05	4.497689036497832e-05	0.02	True	93231ed042bed5c0602602d32e5c5f3d4901969d8156257c0347236c62607f21	de51e0be3063a795db176ccd24c085f76c9802efad38fdebf2cdcac10e855706
primary__TH_FGA3-CG302-FGA3_+1h	primary	TH_FGA3-CG302-FGA3_+1h	TH_FGA3-CG302-FGA3	1	T_CS_020	T_CS	20.0	20.00017404591677	20.00318514183724	0.0030110959204705523	0.0030110959204705523	0.02	True	fc0fe0aaa70da2491407d7cf40549f0928ad568ab5bdce4bbe2d14d68bfcc78c	2218928a075c6d61160f8e1e1eebf6a82dd20e2db009d11965792cbb5eb24fb1
primary__TH_FGA3-CG302-FGA3_+1h	primary	TH_FGA3-CG302-FGA3_+1h	TH_FGA3-CG302-FGA3	1	T_CS_030	T_CS	30.0	30.00019985596987	30.006013774367613	0.0058139183977345965	0.0058139183977345965	0.02	True	a05c8327bb40345cb389bdc875b9059d4912df044e264f7722d2fc594a9c36dd	f2dbc122080be3328ef7e4325a24a9b7902d29a827be17f70151f8d86157d322
primary__TH_FGA3-CG302-FGA3_+1h	primary	TH_FGA3-CG302-FGA3_+1h	TH_FGA3-CG302-FGA3	1	T_CS_040	T_CS	40.0	40.00013511844969	40.00694697298678	0.006811854537090767	0.006811854537090767	0.02	True	1a3dc833568c912b0d2cb86bfde6f64600b04206593d34bfbb044abbbf528520	4fe0b96941c4d9249a5a11af1d01fe1c1eff164834d4003b86fa6801bdd76081
primary__TH_FGA3-CG302-FGA3_+1h	primary	TH_FGA3-CG302-FGA3_+1h	TH_FGA3-CG302-FGA3	1	T_CS_050	T_CS	50.0	50.000069706040776	50.0057149620806	0.005645256039827018	0.005645256039827018	0.02	True	d5ffde1699a4340c997fb87781ff0319b604b8e83883345a0da527c51bce31d9	7168095a610b1028d8fe4f6156b4c9f6d0883271f2a6cb3f18485aa77ca9b3b2
primary__TH_FGA3-CG302-FGA3_+1h	primary	TH_FGA3-CG302-FGA3_+1h	TH_FGA3-CG302-FGA3	1	T_CS_060	T_CS	60.0	60.00001911469256	60.00327651513659	0.0032574004440277804	0.0032574004440277804	0.02	True	80f6abaaca25fcd7bd9b4a96576a6529dc2aab9c92bb4dc8cb8d94382f35e1bd	cc256b3f15e6622df713cf7a9a13ad77a3a2e2d1c6d821b769b014e3017fe578
primary__TH_FGA3-CG302-FGA3_+1h	primary	TH_FGA3-CG302-FGA3_+1h	TH_FGA3-CG302-FGA3	1	T_CS_070	T_CS	70.0	69.99996549339919	70.00011479378412	0.00014930038491911546	0.00014930038491911546	0.02	True	861b37106b6bffb8af5aa0780a88e99efc6bb88ef7f40055d7a4c38fada5ead3	b2b304425f12fd0fe111eee51cd9e9dec4a3fde001d9a136b18885c9ad9705ba
primary__TH_FGA3-CG302-FGA3_+1h	primary	TH_FGA3-CG302-FGA3_+1h	TH_FGA3-CG302-FGA3	1	T_CS_080	T_CS	80.0	79.99992991278366	79.99680873758312	-0.0031211752005333437	0.0031211752005333437	0.02	True	185564ab2bddfe1f6bee80c92bcc4d84c3c5217d92438a78fed413f0c2f0ee48	a1d37e9c5fb89e62b72c8c33a8d7617a6e57aec920b96513aea42aba5fd5128f
primary__TH_FGA3-CG302-FGA3_+1h	primary	TH_FGA3-CG302-FGA3_+1h	TH_FGA3-CG302-FGA3	1	T_CS_090	T_CS	90.0	89.99991027498892	89.99428649881646	-0.005623776172456019	0.005623776172456019	0.02	True	95090c3545e38e3050c6dfd9ee40f08d6e347c417cfbc010bffb72eed38858f5	765a9b20e55b5b96a3154962cbaa661c3f0adfab00d36283481fc0e5fb495377
primary__TH_FGA3-CG302-FGA3_+1h	primary	TH_FGA3-CG302-FGA3_+1h	TH_FGA3-CG302-FGA3	1	T_CS_100	T_CS	100.0	99.99973782178598	99.9930847737261	-0.006653048059888533	0.006653048059888533	0.02	True	c5e6d243501db4ba3bbd09f5ae97a9cc954f7652d24c606c3bb8196a5b512755	6cd409f70baeacb55ea59009bf4aa90267cf07f63272ca11d4ae6edc3943b1a6
primary__TH_FGA3-CG302-FGA3_+1h	primary	TH_FGA3-CG302-FGA3_+1h	TH_FGA3-CG302-FGA3	1	T_CS_110	T_CS	110.0	109.99982259760765	109.99396054426961	-0.005862053338034912	0.005862053338034912	0.02	True	fd3404ec36fe83815887e7a1e639f61c92bd7d0c7d43580b0b9c0fed1892da18	db6c66a2a07030749130addaa930cd07d18cde6582d455fef1fbd450585e5592
primary__TH_FGA3-CG302-FGA3_+1h	primary	TH_FGA3-CG302-FGA3_+1h	TH_FGA3-CG302-FGA3	1	T_CS_120	T_CS	120.0	120.0000256226668	119.996640020209	-0.0033856024577971766	0.0033856024577971766	0.02	True	cd3a576945e09ba26d11c6c20df75fa39584268550f612d9a1dc957add5b6753	bb9ca40b90f33e8eb5da21b852a11f532bd2b6737eb1af43deb90267073eb46d
primary__TH_FGA3-CG302-FGA3_+1h	primary	TH_FGA3-CG302-FGA3_+1h	TH_FGA3-CG302-FGA3	1	T_CC_240_FROM_REVERSE_QM	T_CC	240.0	-120.00002885442426	-120.00281671103555	-0.0027878566112917724	0.0027878566112917724	0.02	True	8af7af63d19b53cffc32f9eda8be8acabcdedd5642a150991c618d46afeeece1	53b44aad1856cbde4b39a895e25e7b152b61a413c967b90c31011644fb2a24fb
primary__TH_FGA3-CG302-FGA3_+2h	primary	TH_FGA3-CG302-FGA3_+2h	TH_FGA3-CG302-FGA3	2	T_CC_000	T_CC	0.0	8.2317896820712e-05	0.0015707434270930236	0.0014884255302831662	0.0014884255302831662	0.02	True	a6e94cfe558c5be38544a34d2a6fad98313d167e35f5e4b511ff44a3e9ca9bd2	a4ef662a972f374b034946837df7dc6f5e57c13f0c9a2f5b6eacbaac6065fd42
primary__TH_FGA3-CG302-FGA3_+2h	primary	TH_FGA3-CG302-FGA3_+2h	TH_FGA3-CG302-FGA3	2	T_CC_030	T_CC	30.0	30.000158540910803	30.010281463527363	0.010122922616574215	0.010122922616574215	0.02	True	bab98c0a3ea47718c84ee2523940894bf3eb8df2875321a686eefa8b41f8b782	fbfcbfe7e8c3dba7a730c975ffac810c3286aba273a1f840e937e3ec6edcadcb
primary__TH_FGA3-CG302-FGA3_+2h	primary	TH_FGA3-CG302-FGA3_+2h	TH_FGA3-CG302-FGA3	2	T_CC_060	T_CC	60.0	60.0001592609087	60.00462238567919	0.004463124770495597	0.004463124770495597	0.02	True	41baeb9c356cf99a1669a39f741dfb4147717de0ce46134528141edf74e37c1d	81f0cc5418178ae10bd7e895669b165d62d26d93791ee0e9e3778c9af4d78d13
primary__TH_FGA3-CG302-FGA3_+2h	primary	TH_FGA3-CG302-FGA3_+2h	TH_FGA3-CG302-FGA3	2	T_CC_090	T_CC	90.0	90.00019699894702	90.0069335933458	0.006736594398773832	0.006736594398773832	0.02	True	dbc39b01855c642528b1b5129ecf4ae28ec9520145b3527abc86ff7044f37fe4	8e989c7143e70639851a2e2b339c8366a2fd700d861d334442cd505f5b88dd92
primary__TH_FGA3-CG302-FGA3_+2h	primary	TH_FGA3-CG302-FGA3_+2h	TH_FGA3-CG302-FGA3	2	T_CC_120	T_CC	120.0	119.99983965803996	119.99819543378649	-0.0016442242534822071	0.0016442242534822071	0.02	True	703b1af8fd53d30a74d3f4bf3a1f53070360f76270386005e08d7e6d5c6d10b8	abc5aee7f7ceecc81c0d5328b102d9ffc9f0ba304d3857ffb12ae4b4539c1c1f
primary__TH_FGA3-CG302-FGA3_+2h	primary	TH_FGA3-CG302-FGA3_+2h	TH_FGA3-CG302-FGA3	2	T_CC_150	T_CC	150.0	150.00011419393934	150.00513453528836	0.005020341349023738	0.005020341349023738	0.02	True	3625c62a0da1954c05f2c25a8ce89fd780c033322f4d07af01007123ad2086d7	f725d10ffec03b83a0f918bebc0b8ac46d37ace651082526375cc688b1cff7d2
primary__TH_FGA3-CG302-FGA3_+2h	primary	TH_FGA3-CG302-FGA3_+2h	TH_FGA3-CG302-FGA3	2	T_CC_180	T_CC	180.0	-179.99987411198484	-179.99711155574659	0.0027625562382525004	0.0027625562382525004	0.02	True	237d0de9329d2f7154e75e1b94b8d20dc99d256df491b1962585edd08ac5d56b	e5df8457b16c530ba9a675c9f772640d5ef7c4a945ccfc39d9606e05265b89f7
primary__TH_FGA3-CG302-FGA3_+2h	primary	TH_FGA3-CG302-FGA3_+2h	TH_FGA3-CG302-FGA3	2	T_CC_210	T_CC	210.0	-150.00009928563182	-150.00614718965522	-0.006047904023404271	0.006047904023404271	0.02	True	ff7ba181ddce36b5fec269c010000630a05fa87e61843c9cb6ae5b286660aa06	86f2649919e5e48e2a2bfc8b709527248063283e1024a4d67d2001c72c7390cb
primary__TH_FGA3-CG302-FGA3_+2h	primary	TH_FGA3-CG302-FGA3_+2h	TH_FGA3-CG302-FGA3	2	T_CC_240	T_CC	240.0	-120.00007620746388	-120.00293267019069	-0.00285646272681106	0.00285646272681106	0.02	True	880de9f672087b3c73f343d26033dc31c7e6d04945e3ef56427c9859c467bda9	da030c54375ce738a26c7fec3172eca541bc8ce5532294423b1992ef7971d803
primary__TH_FGA3-CG302-FGA3_+2h	primary	TH_FGA3-CG302-FGA3_+2h	TH_FGA3-CG302-FGA3	2	T_CC_270	T_CC	270.0	-89.99993474284005	-89.99463410274626	0.005300640093793163	0.005300640093793163	0.02	True	0bb8e714e59c30b159e44188b0df6faf6cdafd8794878db4b1f2197b15d282c8	83e574194ef1fed05c60a31a9ae3f82bf6c5f8b1e665302e5605acc35282946e
primary__TH_FGA3-CG302-FGA3_+2h	primary	TH_FGA3-CG302-FGA3_+2h	TH_FGA3-CG302-FGA3	2	T_CC_300	T_CC	300.0	-59.99998160172803	-60.00138337782984	-0.0014017761018010333	0.0014017761018010333	0.02	True	fc6381c1ad4b27e5f9a79cad7e8361d93f1a8d0e253a0d934cd0410aba899c01	2ed589fb4c094c5ea2816d07666d1819ececbaf954f04b20367f80de0b46a51d
primary__TH_FGA3-CG302-FGA3_+2h	primary	TH_FGA3-CG302-FGA3_+2h	TH_FGA3-CG302-FGA3	2	T_CC_330	T_CC	330.0	-30.00016585816224	-30.01290030562875	-0.012734447466499432	0.012734447466499432	0.02	True	12d5e015638e715123552261c80c982de9108a65a82103add957bb662b8d1c03	005d54d8dfdcb0a75288424ebb1cdcfc1fcce42c331345aae8652642f380a8d5
primary__TH_FGA3-CG302-FGA3_+2h	primary	TH_FGA3-CG302-FGA3_+2h	TH_FGA3-CG302-FGA3	2	T_CS_000	T_CS	0.0	1.5180520262743396e-05	-0.0034404780116456374	-0.0034556585319194255	0.0034556585319194255	0.02	True	b76cb71c416ae436646084247ac0799101a651a6e78ef12bdd936ed29539a181	bd7aafffff57941b7153eb2bd26025194cad763896245bb1b5a94586d2532141
primary__TH_FGA3-CG302-FGA3_+2h	primary	TH_FGA3-CG302-FGA3_+2h	TH_FGA3-CG302-FGA3	2	T_CS_010	T_CS	10.0	10.000078136231716	10.000101514446348	2.3378214621061488e-05	2.3378214621061488e-05	0.02	True	93231ed042bed5c0602602d32e5c5f3d4901969d8156257c0347236c62607f21	d660e673df8488227685e4325bae63de6684c25cc4b4202db55b0b35c9ee97e0
primary__TH_FGA3-CG302-FGA3_+2h	primary	TH_FGA3-CG302-FGA3_+2h	TH_FGA3-CG302-FGA3	2	T_CS_020	T_CS	20.0	20.00017404591677	20.00322302413458	0.0030489782178051428	0.0030489782178051428	0.02	True	fc0fe0aaa70da2491407d7cf40549f0928ad568ab5bdce4bbe2d14d68bfcc78c	2261314b9c861c1e7dd42b345841dd81275667d56be9b4c62250f5e42e1b029c
primary__TH_FGA3-CG302-FGA3_+2h	primary	TH_FGA3-CG302-FGA3_+2h	TH_FGA3-CG302-FGA3	2	T_CS_030	T_CS	30.0	30.00019985596987	30.006104504439367	0.005904648469481799	0.005904648469481799	0.02	True	a05c8327bb40345cb389bdc875b9059d4912df044e264f7722d2fc594a9c36dd	7ce1d0009f4d5e1920bfc914250339b3a6a33536209265430eaa576322206e3e
primary__TH_FGA3-CG302-FGA3_+2h	primary	TH_FGA3-CG302-FGA3_+2h	TH_FGA3-CG302-FGA3	2	T_CS_040	T_CS	40.0	40.00013511844969	40.00693630941954	0.006801190969838444	0.006801190969838444	0.02	True	1a3dc833568c912b0d2cb86bfde6f64600b04206593d34bfbb044abbbf528520	be91ed8aa340a38dd17708cce3de3bbaf9509d9db8ff78a9f1c86946161f10a8
primary__TH_FGA3-CG302-FGA3_+2h	primary	TH_FGA3-CG302-FGA3_+2h	TH_FGA3-CG302-FGA3	2	T_CS_050	T_CS	50.0	50.000069706040776	50.005703190875096	0.005633484834334013	0.005633484834334013	0.02	True	d5ffde1699a4340c997fb87781ff0319b604b8e83883345a0da527c51bce31d9	6b9042867efdbf7d1dce4620160a21ade62e572769637c90cc90f93592f5dade
primary__TH_FGA3-CG302-FGA3_+2h	primary	TH_FGA3-CG302-FGA3_+2h	TH_FGA3-CG302-FGA3	2	T_CS_060	T_CS	60.0	60.00001911469256	60.00328374796645	0.003264633273886375	0.003264633273886375	0.02	True	80f6abaaca25fcd7bd9b4a96576a6529dc2aab9c92bb4dc8cb8d94382f35e1bd	7816417e453a552ff9ae1034caab6edacd0e069901d94a04e12f70d88cd89459
primary__TH_FGA3-CG302-FGA3_+2h	primary	TH_FGA3-CG302-FGA3_+2h	TH_FGA3-CG302-FGA3	2	T_CS_070	T_CS	70.0	69.99996549339919	70.00009985148735	0.0001343580881609796	0.0001343580881609796	0.02	True	861b37106b6bffb8af5aa0780a88e99efc6bb88ef7f40055d7a4c38fada5ead3	5817984de02b2677d7757e370d7f9b7f31557b0d645577864dce2b9e7f8d8870
primary__TH_FGA3-CG302-FGA3_+2h	primary	TH_FGA3-CG302-FGA3_+2h	TH_FGA3-CG302-FGA3	2	T_CS_080	T_CS	80.0	79.99992991278366	79.99681276602666	-0.0031171467570061395	0.0031171467570061395	0.02	True	185564ab2bddfe1f6bee80c92bcc4d84c3c5217d92438a78fed413f0c2f0ee48	7a20af2a8f26c1fc23fad905eb2cd0dc0f2b3de6f493d4cc8603c5a2ba0ec3e8
primary__TH_FGA3-CG302-FGA3_+2h	primary	TH_FGA3-CG302-FGA3_+2h	TH_FGA3-CG302-FGA3	2	T_CS_090	T_CS	90.0	89.99991027498892	89.99431265098164	-0.005597624007293689	0.005597624007293689	0.02	True	95090c3545e38e3050c6dfd9ee40f08d6e347c417cfbc010bffb72eed38858f5	680f7e94030f0e5398b1ddec26166c8837d53349d6ee39b10a24a01bd9bf8a27
primary__TH_FGA3-CG302-FGA3_+2h	primary	TH_FGA3-CG302-FGA3_+2h	TH_FGA3-CG302-FGA3	2	T_CS_100	T_CS	100.0	99.99973782178598	99.99308837861861	-0.006649443167361824	0.006649443167361824	0.02	True	c5e6d243501db4ba3bbd09f5ae97a9cc954f7652d24c606c3bb8196a5b512755	3a95b660d0982dd36335e31403ed0da27e0c00721c4abc0cacbf2b3e5bebc51d
primary__TH_FGA3-CG302-FGA3_+2h	primary	TH_FGA3-CG302-FGA3_+2h	TH_FGA3-CG302-FGA3	2	T_CS_110	T_CS	110.0	109.99982259760765	109.99394485839632	-0.005877739211314292	0.005877739211314292	0.02	True	fd3404ec36fe83815887e7a1e639f61c92bd7d0c7d43580b0b9c0fed1892da18	83ce6efa529c63b2820f728b72e77ea31bbaadbb7b3b3326dcaf4ec0192285b6
primary__TH_FGA3-CG302-FGA3_+2h	primary	TH_FGA3-CG302-FGA3_+2h	TH_FGA3-CG302-FGA3	2	T_CS_120	T_CS	120.0	120.0000256226668	119.9966059696406	-0.0034196530261851876	0.0034196530261851876	0.02	True	cd3a576945e09ba26d11c6c20df75fa39584268550f612d9a1dc957add5b6753	ee85e57da7be619426b53aabb940fc0664e1af36e140dd49626a8cc1375d3b52
primary__TH_FGA3-CG302-FGA3_+2h	primary	TH_FGA3-CG302-FGA3_+2h	TH_FGA3-CG302-FGA3	2	T_CC_240_FROM_REVERSE_QM	T_CC	240.0	-120.00002885442426	-120.00289200143904	-0.002863147014778633	0.002863147014778633	0.02	True	8af7af63d19b53cffc32f9eda8be8acabcdedd5642a150991c618d46afeeece1	45f5189fc59e91cc7806b4c6dafc540c3386f0c705bd0d9f996d7496efa5dd3e
primary__LAMBDA_CS_-2h	primary	LAMBDA_CS_-2h	LAMBDA_CS	-2	T_CC_000	T_CC	0.0	8.2317896820712e-05	0.0015102527763712402	0.0014279348795582791	0.0014279348795582791	0.02	True	a6e94cfe558c5be38544a34d2a6fad98313d167e35f5e4b511ff44a3e9ca9bd2	12c0919c9a7958ee2b07d4c35826584fcc34ade493dbc235b025871349fbff1c
primary__LAMBDA_CS_-2h	primary	LAMBDA_CS_-2h	LAMBDA_CS	-2	T_CC_030	T_CC	30.0	30.000158540910803	30.010283527703965	0.010124986793158541	0.010124986793158541	0.02	True	bab98c0a3ea47718c84ee2523940894bf3eb8df2875321a686eefa8b41f8b782	ca509e7bbc064ef1936e802f1be41cc7b52c7ec37070c01795a1f975cacf3f03
primary__LAMBDA_CS_-2h	primary	LAMBDA_CS_-2h	LAMBDA_CS	-2	T_CC_060	T_CC	60.0	60.0001592609087	60.0044622706561	0.004303009747388842	0.004303009747388842	0.02	True	41baeb9c356cf99a1669a39f741dfb4147717de0ce46134528141edf74e37c1d	91a69ae53a7ad4beb35b9b4717e72f7df550e37bb31aa8f5a32eea7f709b70ac
primary__LAMBDA_CS_-2h	primary	LAMBDA_CS_-2h	LAMBDA_CS	-2	T_CC_090	T_CC	90.0	90.00019699894702	90.00661987684505	0.0064228778980464085	0.0064228778980464085	0.02	True	dbc39b01855c642528b1b5129ecf4ae28ec9520145b3527abc86ff7044f37fe4	b9766189c76c5858a25c5726dd9bd0b7a0e380efec2971fd695efa1b997f31ee
primary__LAMBDA_CS_-2h	primary	LAMBDA_CS_-2h	LAMBDA_CS	-2	T_CC_120	T_CC	120.0	119.99983965803996	119.99833736816919	-0.0015022898707570675	0.0015022898707570675	0.02	True	703b1af8fd53d30a74d3f4bf3a1f53070360f76270386005e08d7e6d5c6d10b8	6bb583505299e2c7b1c391fdaba96776a7693ea5f9348f744d4e326ded469587
primary__LAMBDA_CS_-2h	primary	LAMBDA_CS_-2h	LAMBDA_CS	-2	T_CC_150	T_CC	150.0	150.00011419393934	150.00519213727148	0.005077943332139512	0.005077943332139512	0.02	True	3625c62a0da1954c05f2c25a8ce89fd780c033322f4d07af01007123ad2086d7	b8a347834150ea13c83d8b24240435dcb516ddfd3d3dd607ccbd921814ebbe14
primary__LAMBDA_CS_-2h	primary	LAMBDA_CS_-2h	LAMBDA_CS	-2	T_CC_180	T_CC	180.0	-179.99987411198484	-179.9972417031547	0.0026324088301237225	0.0026324088301237225	0.02	True	237d0de9329d2f7154e75e1b94b8d20dc99d256df491b1962585edd08ac5d56b	31b8f7e775663608e646a8dbf0ce1090a0e2360f8fa2d9b1b8bc31cf77c2986f
primary__LAMBDA_CS_-2h	primary	LAMBDA_CS_-2h	LAMBDA_CS	-2	T_CC_210	T_CC	210.0	-150.00009928563182	-150.0060927749537	-0.0059934893218667185	0.0059934893218667185	0.02	True	ff7ba181ddce36b5fec269c010000630a05fa87e61843c9cb6ae5b286660aa06	31b7d3458bc317362f63415731a123e0ec320cadf68321765ed6e753f5493988
primary__LAMBDA_CS_-2h	primary	LAMBDA_CS_-2h	LAMBDA_CS	-2	T_CC_240	T_CC	240.0	-120.00007620746388	-120.00285461582625	-0.0027784083623600964	0.0027784083623600964	0.02	True	880de9f672087b3c73f343d26033dc31c7e6d04945e3ef56427c9859c467bda9	50f5620e540fc2cb7cf7feaf891fe48c3c8a359d53550f8e58d81986b3957857
primary__LAMBDA_CS_-2h	primary	LAMBDA_CS_-2h	LAMBDA_CS	-2	T_CC_270	T_CC	270.0	-89.99993474284005	-89.99498904653407	0.004945696305981073	0.004945696305981073	0.02	True	0bb8e714e59c30b159e44188b0df6faf6cdafd8794878db4b1f2197b15d282c8	c13e18a3fc2b0fc48037bb312a2a36ecb728580dfb1dfe58651f2da757075625
primary__LAMBDA_CS_-2h	primary	LAMBDA_CS_-2h	LAMBDA_CS	-2	T_CC_300	T_CC	300.0	-59.99998160172803	-60.00128976509454	-0.0013081633665024128	0.0013081633665024128	0.02	True	fc6381c1ad4b27e5f9a79cad7e8361d93f1a8d0e253a0d934cd0410aba899c01	d4195e0b829497930e9d2f35c5d0aa9a13be5b7357ce8be9f581926472ce9501
primary__LAMBDA_CS_-2h	primary	LAMBDA_CS_-2h	LAMBDA_CS	-2	T_CC_330	T_CC	330.0	-30.00016585816224	-30.012870151805746	-0.01270429364350889	0.01270429364350889	0.02	True	12d5e015638e715123552261c80c982de9108a65a82103add957bb662b8d1c03	1bfd4dc56c419b8d14d37c87f10cbeeceec72c868ac48ee967bdcddb3ec47a53
primary__LAMBDA_CS_-2h	primary	LAMBDA_CS_-2h	LAMBDA_CS	-2	T_CS_000	T_CS	0.0	1.5180520262743396e-05	-0.003335230870565503	-0.0033504113908406907	0.0033504113908406907	0.02	True	b76cb71c416ae436646084247ac0799101a651a6e78ef12bdd936ed29539a181	1f031c92c40737f2d483f82b3600284ebb8f28a6148be5bebe7c21d2d4faf851
primary__LAMBDA_CS_-2h	primary	LAMBDA_CS_-2h	LAMBDA_CS	-2	T_CS_010	T_CS	10.0	10.000078136231716	9.999988104333907	-9.00318977983261e-05	9.00318977983261e-05	0.02	True	93231ed042bed5c0602602d32e5c5f3d4901969d8156257c0347236c62607f21	4ed8b8abb83118b0ef54e67b5c6f74ccc496141ddc8618b3e56b74d6f693f2fd
primary__LAMBDA_CS_-2h	primary	LAMBDA_CS_-2h	LAMBDA_CS	-2	T_CS_020	T_CS	20.0	20.00017404591677	20.002896137431662	0.002722091514897329	0.002722091514897329	0.02	True	fc0fe0aaa70da2491407d7cf40549f0928ad568ab5bdce4bbe2d14d68bfcc78c	231c1d0fba1cc3511ec2a3d94ef4bfe4c14167c84360fb4fbb5a7a4103e16168
primary__LAMBDA_CS_-2h	primary	LAMBDA_CS_-2h	LAMBDA_CS	-2	T_CS_030	T_CS	30.0	30.00019985596987	30.005582831210525	0.005382975240650012	0.005382975240650012	0.02	True	a05c8327bb40345cb389bdc875b9059d4912df044e264f7722d2fc594a9c36dd	cf93b114e609b9524e900bc09a0ada646fa486da97d3dd7e009496f86e6f1245
primary__LAMBDA_CS_-2h	primary	LAMBDA_CS_-2h	LAMBDA_CS	-2	T_CS_040	T_CS	40.0	40.00013511844969	40.006742232016975	0.006607113567270062	0.006607113567270062	0.02	True	1a3dc833568c912b0d2cb86bfde6f64600b04206593d34bfbb044abbbf528520	846f44c1aede4fb58ec13e0473232aae68275a0dfd76830a0a34ac7df390608b
primary__LAMBDA_CS_-2h	primary	LAMBDA_CS_-2h	LAMBDA_CS	-2	T_CS_050	T_CS	50.0	50.000069706040776	50.00563446038146	0.005564754340696254	0.005564754340696254	0.02	True	d5ffde1699a4340c997fb87781ff0319b604b8e83883345a0da527c51bce31d9	1eb2f47f2f5402a83208c5539c19b1b242f37286205e33c2a5b1c877a21d570b
primary__LAMBDA_CS_-2h	primary	LAMBDA_CS_-2h	LAMBDA_CS	-2	T_CS_060	T_CS	60.0	60.00001911469256	60.00331604450652	0.0032969298139562397	0.0032969298139562397	0.02	True	80f6abaaca25fcd7bd9b4a96576a6529dc2aab9c92bb4dc8cb8d94382f35e1bd	27785d0dc4680f12ad2587da0a4493375e3448596def8dfa2e06f2c9b4ac4a65
primary__LAMBDA_CS_-2h	primary	LAMBDA_CS_-2h	LAMBDA_CS	-2	T_CS_070	T_CS	70.0	69.99996549339919	70.00023169999463	0.00026620659542686553	0.00026620659542686553	0.02	True	861b37106b6bffb8af5aa0780a88e99efc6bb88ef7f40055d7a4c38fada5ead3	0d5abde9422ff77f81e939e2b02d2810f88bb012c87180be7dda59a01dbb2c95
primary__LAMBDA_CS_-2h	primary	LAMBDA_CS_-2h	LAMBDA_CS	-2	T_CS_080	T_CS	80.0	79.99992991278366	79.99701124708876	-0.0029186656948922973	0.0029186656948922973	0.02	True	185564ab2bddfe1f6bee80c92bcc4d84c3c5217d92438a78fed413f0c2f0ee48	7481013f277192dad9727dc4873b6abb781b67f10641fb3fe587c92766626482
primary__LAMBDA_CS_-2h	primary	LAMBDA_CS_-2h	LAMBDA_CS	-2	T_CS_090	T_CS	90.0	89.99991027498892	89.99455191137085	-0.005358363618086059	0.005358363618086059	0.02	True	95090c3545e38e3050c6dfd9ee40f08d6e347c417cfbc010bffb72eed38858f5	fb7eeab0c843ae396b3f4f8e029f2679882abe4b4fc7f607d57c8620c5d26605
primary__LAMBDA_CS_-2h	primary	LAMBDA_CS_-2h	LAMBDA_CS	-2	T_CS_100	T_CS	100.0	99.99973782178598	99.99336667741984	-0.006371144366141834	0.006371144366141834	0.02	True	c5e6d243501db4ba3bbd09f5ae97a9cc954f7652d24c606c3bb8196a5b512755	fd773c00d5c4ba94ae004dcbd719e8488b529b3fa934a04e45781c6397ef9fa0
primary__LAMBDA_CS_-2h	primary	LAMBDA_CS_-2h	LAMBDA_CS	-2	T_CS_110	T_CS	110.0	109.99982259760765	109.99418351491978	-0.005639082687878272	0.005639082687878272	0.02	True	fd3404ec36fe83815887e7a1e639f61c92bd7d0c7d43580b0b9c0fed1892da18	9c6779a6983a340e79966c288ef036078cb9c63c39165192021aca0d7b1367d0
primary__LAMBDA_CS_-2h	primary	LAMBDA_CS_-2h	LAMBDA_CS	-2	T_CS_120	T_CS	120.0	120.0000256226668	119.99671316892017	-0.003312453746616484	0.003312453746616484	0.02	True	cd3a576945e09ba26d11c6c20df75fa39584268550f612d9a1dc957add5b6753	aa6a9f021bd3dc0c88488fdcc73211fe52066f4993947d6ee5e395f9195a6f82
primary__LAMBDA_CS_-2h	primary	LAMBDA_CS_-2h	LAMBDA_CS	-2	T_CC_240_FROM_REVERSE_QM	T_CC	240.0	-120.00002885442426	-120.00278194371074	-0.002753089286500199	0.002753089286500199	0.02	True	8af7af63d19b53cffc32f9eda8be8acabcdedd5642a150991c618d46afeeece1	13c34d626e49365f76ce5daff395967ab97f74806cafc6b0a8845bfe5d5dc7e1
primary__LAMBDA_CS_-1h	primary	LAMBDA_CS_-1h	LAMBDA_CS	-1	T_CC_000	T_CC	0.0	8.2317896820712e-05	0.0015668416491599944	0.0014845237523388732	0.0014845237523388732	0.02	True	a6e94cfe558c5be38544a34d2a6fad98313d167e35f5e4b511ff44a3e9ca9bd2	6b16997656ecc0872ce8b69d5f655ab52a64fa7cd2a84ae5289c8ec5da5e8b1c
primary__LAMBDA_CS_-1h	primary	LAMBDA_CS_-1h	LAMBDA_CS	-1	T_CC_030	T_CC	30.0	30.000158540910803	30.010285888752712	0.010127347841915935	0.010127347841915935	0.02	True	bab98c0a3ea47718c84ee2523940894bf3eb8df2875321a686eefa8b41f8b782	7ed8d31cfc011e649ff1903e487f25a0ef07708d10ee97f3aee57ff234b16931
primary__LAMBDA_CS_-1h	primary	LAMBDA_CS_-1h	LAMBDA_CS	-1	T_CC_060	T_CC	60.0	60.0001592609087	60.00445242803324	0.004293167124529873	0.004293167124529873	0.02	True	41baeb9c356cf99a1669a39f741dfb4147717de0ce46134528141edf74e37c1d	11f4ae7e381edfa4c38696e59100c03f3d8efa5c3bab6bd6db5de265c01a3575
primary__LAMBDA_CS_-1h	primary	LAMBDA_CS_-1h	LAMBDA_CS	-1	T_CC_090	T_CC	90.0	90.00019699894702	90.00665403840195	0.006457039454915048	0.006457039454915048	0.02	True	dbc39b01855c642528b1b5129ecf4ae28ec9520145b3527abc86ff7044f37fe4	a08f08333b5f6ab0432caca2de73666a946d404c917db25ac3838ecb1a10c2ad
primary__LAMBDA_CS_-1h	primary	LAMBDA_CS_-1h	LAMBDA_CS	-1	T_CC_120	T_CC	120.0	119.99983965803996	119.99836224232361	-0.0014774157163515156	0.0014774157163515156	0.02	True	703b1af8fd53d30a74d3f4bf3a1f53070360f76270386005e08d7e6d5c6d10b8	26a0b1ce592a2746dead0cc33ee052dc3ee020e5f34926fdbe688144a9abdae7
primary__LAMBDA_CS_-1h	primary	LAMBDA_CS_-1h	LAMBDA_CS	-1	T_CC_150	T_CC	150.0	150.00011419393934	150.0051907782776	0.0050765843382691855	0.0050765843382691855	0.02	True	3625c62a0da1954c05f2c25a8ce89fd780c033322f4d07af01007123ad2086d7	e8e6e6213ebfce2e28bd1a86ff14da32be610c933917daf4343f4a4acba51dc7
primary__LAMBDA_CS_-1h	primary	LAMBDA_CS_-1h	LAMBDA_CS	-1	T_CC_180	T_CC	180.0	-179.99987411198484	-179.99722201716654	0.0026520948183019755	0.0026520948183019755	0.02	True	237d0de9329d2f7154e75e1b94b8d20dc99d256df491b1962585edd08ac5d56b	56c00d2b43738ca9ed01fa062782dc28ddc331859078878294218c5eddd1b205
primary__LAMBDA_CS_-1h	primary	LAMBDA_CS_-1h	LAMBDA_CS	-1	T_CC_210	T_CC	210.0	-150.00009928563182	-150.00608973600734	-0.005990450375520595	0.005990450375520595	0.02	True	ff7ba181ddce36b5fec269c010000630a05fa87e61843c9cb6ae5b286660aa06	6f543d07e8caaee2af6c00d51af34b6ab7ca355dc973e2350229f575a1739edf
primary__LAMBDA_CS_-1h	primary	LAMBDA_CS_-1h	LAMBDA_CS	-1	T_CC_240	T_CC	240.0	-120.00007620746388	-120.0028525459533	-0.0027763384894115006	0.0027763384894115006	0.02	True	880de9f672087b3c73f343d26033dc31c7e6d04945e3ef56427c9859c467bda9	d12ebcc81ea5ca91daa3e8aa0c2c284537d9431fd56af14d9fbb5f3ca449409e
primary__LAMBDA_CS_-1h	primary	LAMBDA_CS_-1h	LAMBDA_CS	-1	T_CC_270	T_CC	270.0	-89.99993474284005	-89.99501678881822	0.004917954021834703	0.004917954021834703	0.02	True	0bb8e714e59c30b159e44188b0df6faf6cdafd8794878db4b1f2197b15d282c8	a6120a6ed4dce113c2dd34034b879d9daa4ca8ea93561f9624e71303bb6fc97a
primary__LAMBDA_CS_-1h	primary	LAMBDA_CS_-1h	LAMBDA_CS	-1	T_CC_300	T_CC	300.0	-59.99998160172803	-60.001302546326436	-0.0013209445984045942	0.0013209445984045942	0.02	True	fc6381c1ad4b27e5f9a79cad7e8361d93f1a8d0e253a0d934cd0410aba899c01	b4dba4f3aa0593fd827ce3802c5e6611cd181748687e557067ae7fe84e02e17f
primary__LAMBDA_CS_-1h	primary	LAMBDA_CS_-1h	LAMBDA_CS	-1	T_CC_330	T_CC	330.0	-30.00016585816224	-30.012851245575238	-0.012685387413000626	0.012685387413000626	0.02	True	12d5e015638e715123552261c80c982de9108a65a82103add957bb662b8d1c03	a51c0f0656e1de278dc752c7a8438d9dc5fadb12c6f59c3947f146ea42146682
primary__LAMBDA_CS_-1h	primary	LAMBDA_CS_-1h	LAMBDA_CS	-1	T_CS_000	T_CS	0.0	1.5180520262743396e-05	-0.0033553701743533	-0.0033705506946262176	0.0033705506946262176	0.02	True	b76cb71c416ae436646084247ac0799101a651a6e78ef12bdd936ed29539a181	2e7a09b06f28af41f124b477f810ea39e3ae03993cfc4eb346d5bedd0fee09d0
primary__LAMBDA_CS_-1h	primary	LAMBDA_CS_-1h	LAMBDA_CS	-1	T_CS_010	T_CS	10.0	10.000078136231716	10.000072105899795	-6.030331917372678e-06	6.030331917372678e-06	0.02	True	93231ed042bed5c0602602d32e5c5f3d4901969d8156257c0347236c62607f21	02408cbde8348f5a41141cf2811491a142845805c9b3f0573a02064a58629208
primary__LAMBDA_CS_-1h	primary	LAMBDA_CS_-1h	LAMBDA_CS	-1	T_CS_020	T_CS	20.0	20.00017404591677	20.003023541535853	0.002849495619074105	0.002849495619074105	0.02	True	fc0fe0aaa70da2491407d7cf40549f0928ad568ab5bdce4bbe2d14d68bfcc78c	e99a5b7622326f15fadcf6cca89b61fb975f6d3c323aff6eb5fed215f7190f25
primary__LAMBDA_CS_-1h	primary	LAMBDA_CS_-1h	LAMBDA_CS	-1	T_CS_030	T_CS	30.0	30.00019985596987	30.005750842153322	0.005550986183436635	0.005550986183436635	0.02	True	a05c8327bb40345cb389bdc875b9059d4912df044e264f7722d2fc594a9c36dd	6eda9d3edd17b316db3c968960ea439a6e3c1cb84781a2727effc1ddf4489302
primary__LAMBDA_CS_-1h	primary	LAMBDA_CS_-1h	LAMBDA_CS	-1	T_CS_040	T_CS	40.0	40.00013511844969	40.00683871170163	0.0067035932519274866	0.0067035932519274866	0.02	True	1a3dc833568c912b0d2cb86bfde6f64600b04206593d34bfbb044abbbf528520	d4eb792a636876bd614be6175fcc3b7c35dbfc37f567dcffec3d5c9f479ea6c0
primary__LAMBDA_CS_-1h	primary	LAMBDA_CS_-1h	LAMBDA_CS	-1	T_CS_050	T_CS	50.0	50.000069706040776	50.00569273517322	0.005623029132436841	0.005623029132436841	0.02	True	d5ffde1699a4340c997fb87781ff0319b604b8e83883345a0da527c51bce31d9	ea8abbe66366a01ecfb9e8ecc8743b4686b2671e3e1fee9647ef43727d3022ee
primary__LAMBDA_CS_-1h	primary	LAMBDA_CS_-1h	LAMBDA_CS	-1	T_CS_060	T_CS	60.0	60.00001911469256	60.00330609067712	0.003286975984565288	0.003286975984565288	0.02	True	80f6abaaca25fcd7bd9b4a96576a6529dc2aab9c92bb4dc8cb8d94382f35e1bd	2aac84345ebf14abb2b9eeb593b7a0fb005345142ff85ee6f2f5087a7ae46fc2
primary__LAMBDA_CS_-1h	primary	LAMBDA_CS_-1h	LAMBDA_CS	-1	T_CS_070	T_CS	70.0	69.99996549339919	70.00018189445717	0.00021640105796905118	0.00021640105796905118	0.02	True	861b37106b6bffb8af5aa0780a88e99efc6bb88ef7f40055d7a4c38fada5ead3	9d41b823c5d1c24ee9102d39b3a0a8bf7bec6c857292bbfe11322915d454769d
primary__LAMBDA_CS_-1h	primary	LAMBDA_CS_-1h	LAMBDA_CS	-1	T_CS_080	T_CS	80.0	79.99992991278366	79.99690676703027	-0.0030231457533886896	0.0030231457533886896	0.02	True	185564ab2bddfe1f6bee80c92bcc4d84c3c5217d92438a78fed413f0c2f0ee48	e461fa0640bc2cc29b762f6483988ddf64d114c7460522444ef29860ed346958
primary__LAMBDA_CS_-1h	primary	LAMBDA_CS_-1h	LAMBDA_CS	-1	T_CS_090	T_CS	90.0	89.99991027498892	89.99442829019483	-0.005481984794073469	0.005481984794073469	0.02	True	95090c3545e38e3050c6dfd9ee40f08d6e347c417cfbc010bffb72eed38858f5	e83dc346b31c8e9fa18857f515b611381c05f7f057047183a48feb0ffe703604
primary__LAMBDA_CS_-1h	primary	LAMBDA_CS_-1h	LAMBDA_CS	-1	T_CS_100	T_CS	100.0	99.99973782178598	99.99321307880092	-0.006524742985050125	0.006524742985050125	0.02	True	c5e6d243501db4ba3bbd09f5ae97a9cc954f7652d24c606c3bb8196a5b512755	fd00d619618d6012a7c52965ec9b94ed93dd4cf2e23ba1118db84256dda9f79e
primary__LAMBDA_CS_-1h	primary	LAMBDA_CS_-1h	LAMBDA_CS	-1	T_CS_110	T_CS	110.0	109.99982259760765	109.99409819227915	-0.005724405328493276	0.005724405328493276	0.02	True	fd3404ec36fe83815887e7a1e639f61c92bd7d0c7d43580b0b9c0fed1892da18	296bc8a0a246e8cd3672ec686195ef4104dd943da7977cece7c89f88984798ac
primary__LAMBDA_CS_-1h	primary	LAMBDA_CS_-1h	LAMBDA_CS	-1	T_CS_120	T_CS	120.0	120.0000256226668	119.99668485879674	-0.003340763870056662	0.003340763870056662	0.02	True	cd3a576945e09ba26d11c6c20df75fa39584268550f612d9a1dc957add5b6753	a01463eed0df550aec09ec6a2ca8a891e2b13ea7f0ecf76f25a6e3e34230f77c
primary__LAMBDA_CS_-1h	primary	LAMBDA_CS_-1h	LAMBDA_CS	-1	T_CC_240_FROM_REVERSE_QM	T_CC	240.0	-120.00002885442426	-120.00281117031854	-0.0027823158942794635	0.0027823158942794635	0.02	True	8af7af63d19b53cffc32f9eda8be8acabcdedd5642a150991c618d46afeeece1	358ac76fcba7b77b570866af7daa57468a13beddfc7af3a6c98f9f1589a9f5a4
primary__LAMBDA_CS_+1h	primary	LAMBDA_CS_+1h	LAMBDA_CS	1	T_CC_000	T_CC	0.0	8.2317896820712e-05	0.0016083928863942789	0.0015260749895844583	0.0015260749895844583	0.02	True	a6e94cfe558c5be38544a34d2a6fad98313d167e35f5e4b511ff44a3e9ca9bd2	f507f4640c168bbba026a92573c89e971cd9bb5190d29591f281097c98b84ab9
primary__LAMBDA_CS_+1h	primary	LAMBDA_CS_+1h	LAMBDA_CS	1	T_CC_030	T_CC	30.0	30.000158540910803	30.010268645234255	0.010110104323445057	0.010110104323445057	0.02	True	bab98c0a3ea47718c84ee2523940894bf3eb8df2875321a686eefa8b41f8b782	e59c34a0788d38f1bae9dada006c30f79071a469cf420e7162175b8819ead296
primary__LAMBDA_CS_+1h	primary	LAMBDA_CS_+1h	LAMBDA_CS	1	T_CC_060	T_CC	60.0	60.0001592609087	60.004454164840425	0.004294903931736371	0.004294903931736371	0.02	True	41baeb9c356cf99a1669a39f741dfb4147717de0ce46134528141edf74e37c1d	ef673e3c04104366ab533b99bfd06e0f6463d2d51b8f2173bb0624d227088860
primary__LAMBDA_CS_+1h	primary	LAMBDA_CS_+1h	LAMBDA_CS	1	T_CC_090	T_CC	90.0	90.00019699894702	90.00660393202419	0.006406933077187205	0.006406933077187205	0.02	True	dbc39b01855c642528b1b5129ecf4ae28ec9520145b3527abc86ff7044f37fe4	c4179fc6ce62a76fb75f3a9789ab175367800074b482d6e635e2f7f967a88c55
primary__LAMBDA_CS_+1h	primary	LAMBDA_CS_+1h	LAMBDA_CS	1	T_CC_120	T_CC	120.0	119.99983965803996	119.99835802851918	-0.001481629520782235	0.001481629520782235	0.02	True	703b1af8fd53d30a74d3f4bf3a1f53070360f76270386005e08d7e6d5c6d10b8	a8bc43e4d2fd0662e4cb83496ea438289866dac2fac83b2f2915a9eda06ef7bc
primary__LAMBDA_CS_+1h	primary	LAMBDA_CS_+1h	LAMBDA_CS	1	T_CC_150	T_CC	150.0	150.00011419393934	150.005180290427	0.005066096487666982	0.005066096487666982	0.02	True	3625c62a0da1954c05f2c25a8ce89fd780c033322f4d07af01007123ad2086d7	f541e378f6ad90818118410eddeedd4cd789faefe8c37bddeb45a51687ce9958
primary__LAMBDA_CS_+1h	primary	LAMBDA_CS_+1h	LAMBDA_CS	1	T_CC_180	T_CC	180.0	-179.99987411198484	-179.99721204119254	0.0026620707922972997	0.0026620707922972997	0.02	True	237d0de9329d2f7154e75e1b94b8d20dc99d256df491b1962585edd08ac5d56b	d8001df70c7056d442b790d3fb1910f3707aeba8fb8fccc51130ef54a6931750
primary__LAMBDA_CS_+1h	primary	LAMBDA_CS_+1h	LAMBDA_CS	1	T_CC_210	T_CC	210.0	-150.00009928563182	-150.00608189335625	-0.005982607724433819	0.005982607724433819	0.02	True	ff7ba181ddce36b5fec269c010000630a05fa87e61843c9cb6ae5b286660aa06	a600160baf0b02746ceee4d28b9b40bbda897f4618539ad09f655af95b3dfcf6
primary__LAMBDA_CS_+1h	primary	LAMBDA_CS_+1h	LAMBDA_CS	1	T_CC_240	T_CC	240.0	-120.00007620746388	-120.00284590766104	-0.0027697001971773716	0.0027697001971773716	0.02	True	880de9f672087b3c73f343d26033dc31c7e6d04945e3ef56427c9859c467bda9	e6d1df9c6e08570c0a485d9f6e0a4ca3fb5bd96af9383b38c91c1ef72fcb49f6
primary__LAMBDA_CS_+1h	primary	LAMBDA_CS_+1h	LAMBDA_CS	1	T_CC_270	T_CC	270.0	-89.99993474284005	-89.99491689089982	0.005017851940237961	0.005017851940237961	0.02	True	0bb8e714e59c30b159e44188b0df6faf6cdafd8794878db4b1f2197b15d282c8	e04fce9ceea48655e265c5be2cb040424cac4f56105a75266ccc27c68903e40d
primary__LAMBDA_CS_+1h	primary	LAMBDA_CS_+1h	LAMBDA_CS	1	T_CC_300	T_CC	300.0	-59.99998160172803	-60.00131252322228	-0.0013309214942580638	0.0013309214942580638	0.02	True	fc6381c1ad4b27e5f9a79cad7e8361d93f1a8d0e253a0d934cd0410aba899c01	e5a2b9cbd3cf9dca633444509936e2337f8d1b0557404289e3179d5363b9842d
primary__LAMBDA_CS_+1h	primary	LAMBDA_CS_+1h	LAMBDA_CS	1	T_CC_330	T_CC	330.0	-30.00016585816224	-30.01284421666149	-0.012678358499243814	0.012678358499243814	0.02	True	12d5e015638e715123552261c80c982de9108a65a82103add957bb662b8d1c03	87cc4b6f7832563c2e63c7dc5a352997325f68186789819c5ee3f396d50cb650
primary__LAMBDA_CS_+1h	primary	LAMBDA_CS_+1h	LAMBDA_CS	1	T_CS_000	T_CS	0.0	1.5180520262743396e-05	-0.003415029862085259	-0.00343021038236202	0.00343021038236202	0.02	True	b76cb71c416ae436646084247ac0799101a651a6e78ef12bdd936ed29539a181	622136866754959563168277adfe41750f434e26f13ce97eca008499d79d3fc9
primary__LAMBDA_CS_+1h	primary	LAMBDA_CS_+1h	LAMBDA_CS	1	T_CS_010	T_CS	10.0	10.000078136231716	10.000233383892482	0.0001552476607571407	0.0001552476607571407	0.02	True	93231ed042bed5c0602602d32e5c5f3d4901969d8156257c0347236c62607f21	ff57bbeb89278368e2787d2c1964070d503e16b09d76bd21405b793847a65946
primary__LAMBDA_CS_+1h	primary	LAMBDA_CS_+1h	LAMBDA_CS	1	T_CS_020	T_CS	20.0	20.00017404591677	20.003282735094537	0.003108689177764745	0.003108689177764745	0.02	True	fc0fe0aaa70da2491407d7cf40549f0928ad568ab5bdce4bbe2d14d68bfcc78c	67c8387e3f826bea275cf44c641483ccceb4d9a6fc4aecf03151aac8f6ad96fe
primary__LAMBDA_CS_+1h	primary	LAMBDA_CS_+1h	LAMBDA_CS	1	T_CS_030	T_CS	30.0	30.00019985596987	30.006090199256025	0.0058903432861541205	0.0058903432861541205	0.02	True	a05c8327bb40345cb389bdc875b9059d4912df044e264f7722d2fc594a9c36dd	d6c939a69d82064a7790c025c5c175cba41b7e9e50790e590fbe8483de919032
primary__LAMBDA_CS_+1h	primary	LAMBDA_CS_+1h	LAMBDA_CS	1	T_CS_040	T_CS	40.0	40.00013511844969	40.00708405620082	0.006948937751133144	0.006948937751133144	0.02	True	1a3dc833568c912b0d2cb86bfde6f64600b04206593d34bfbb044abbbf528520	9044dd3135d2cfaa79dcf817116dae053295a512b496454729e2b14c52f3c894
primary__LAMBDA_CS_+1h	primary	LAMBDA_CS_+1h	LAMBDA_CS	1	T_CS_050	T_CS	50.0	50.000069706040776	50.00581916513384	0.005749459093067344	0.005749459093067344	0.02	True	d5ffde1699a4340c997fb87781ff0319b604b8e83883345a0da527c51bce31d9	6862a4a0e150ff09fc5587e02ff5739f92d84185e9837797771364dfb2af0848
primary__LAMBDA_CS_+1h	primary	LAMBDA_CS_+1h	LAMBDA_CS	1	T_CS_060	T_CS	60.0	60.00001911469256	60.003325706434325	0.003306591741761622	0.003306591741761622	0.02	True	80f6abaaca25fcd7bd9b4a96576a6529dc2aab9c92bb4dc8cb8d94382f35e1bd	79b3348a84da435bc629a9c543e4e53ea3a5c579ad66f98dfb884b9b6048e3d6
primary__LAMBDA_CS_+1h	primary	LAMBDA_CS_+1h	LAMBDA_CS	1	T_CS_070	T_CS	70.0	69.99996549339919	70.00008203391701	0.0001165405178085166	0.0001165405178085166	0.02	True	861b37106b6bffb8af5aa0780a88e99efc6bb88ef7f40055d7a4c38fada5ead3	9775f17be11657d79c9f7c9d7fd6f806a280ab744f1473ebc5022f2f363f30fb
primary__LAMBDA_CS_+1h	primary	LAMBDA_CS_+1h	LAMBDA_CS	1	T_CS_080	T_CS	80.0	79.99992991278366	79.99671004100564	-0.003219871778014749	0.003219871778014749	0.02	True	185564ab2bddfe1f6bee80c92bcc4d84c3c5217d92438a78fed413f0c2f0ee48	9042223e3562822f56f23c9ac4c8884bb519ab2190fa4a28acd192e56641b99f
primary__LAMBDA_CS_+1h	primary	LAMBDA_CS_+1h	LAMBDA_CS	1	T_CS_090	T_CS	90.0	89.99991027498892	89.99415747822337	-0.00575279676553464	0.00575279676553464	0.02	True	95090c3545e38e3050c6dfd9ee40f08d6e347c417cfbc010bffb72eed38858f5	9ff806841e826130ed052bd4e7d25bd20746194370d7fb5d487fe9af0788be33
primary__LAMBDA_CS_+1h	primary	LAMBDA_CS_+1h	LAMBDA_CS	1	T_CS_100	T_CS	100.0	99.99973782178598	99.99297264288268	-0.006765178903322067	0.006765178903322067	0.02	True	c5e6d243501db4ba3bbd09f5ae97a9cc954f7652d24c606c3bb8196a5b512755	d8ad49ceaef72547784572cac93409b580cd6fd4039b09d6454c0c78bc2a1940
primary__LAMBDA_CS_+1h	primary	LAMBDA_CS_+1h	LAMBDA_CS	1	T_CS_110	T_CS	110.0	109.99982259760765	109.99386957187367	-0.005953025733958839	0.005953025733958839	0.02	True	fd3404ec36fe83815887e7a1e639f61c92bd7d0c7d43580b0b9c0fed1892da18	060921b9ea0484456a867afc4b5b1acb79faa6959f33b5aae00be9d73c1966c3
primary__LAMBDA_CS_+1h	primary	LAMBDA_CS_+1h	LAMBDA_CS	1	T_CS_120	T_CS	120.0	120.0000256226668	119.99664193022491	-0.003383692441900621	0.003383692441900621	0.02	True	cd3a576945e09ba26d11c6c20df75fa39584268550f612d9a1dc957add5b6753	ca028b2472ed54be86bc03d93c38c4b3e1f0633af022a5912c2d7176db43912c
primary__LAMBDA_CS_+1h	primary	LAMBDA_CS_+1h	LAMBDA_CS	1	T_CC_240_FROM_REVERSE_QM	T_CC	240.0	-120.00002885442426	-120.00281445563418	-0.002785601209922106	0.002785601209922106	0.02	True	8af7af63d19b53cffc32f9eda8be8acabcdedd5642a150991c618d46afeeece1	306a3b31bf2f61a3bb85fe674dbf24853050da4086200e03a30ada311fc69db6
primary__LAMBDA_CS_+2h	primary	LAMBDA_CS_+2h	LAMBDA_CS	2	T_CC_000	T_CC	0.0	8.2317896820712e-05	0.0016240929829417954	0.0015417750861104196	0.0015417750861104196	0.02	True	a6e94cfe558c5be38544a34d2a6fad98313d167e35f5e4b511ff44a3e9ca9bd2	6acd382ba8482cbbad41608ecf8500098e1d616b23f70f905ea19cfb19f51b97
primary__LAMBDA_CS_+2h	primary	LAMBDA_CS_+2h	LAMBDA_CS	2	T_CC_030	T_CC	30.0	30.000158540910803	30.01026629409605	0.010107753185252477	0.010107753185252477	0.02	True	bab98c0a3ea47718c84ee2523940894bf3eb8df2875321a686eefa8b41f8b782	fad8c72163fa732140cd9f1498d940eafdeb6b73cd67a235b79e9b150ffa16ff
primary__LAMBDA_CS_+2h	primary	LAMBDA_CS_+2h	LAMBDA_CS	2	T_CC_060	T_CC	60.0	60.0001592609087	60.00444987911491	0.00429061820619836	0.00429061820619836	0.02	True	41baeb9c356cf99a1669a39f741dfb4147717de0ce46134528141edf74e37c1d	48ff768b8e4665cf0322f12ac31ff726bd5afe0a0a75c571c29bb0fc33912e45
primary__LAMBDA_CS_+2h	primary	LAMBDA_CS_+2h	LAMBDA_CS	2	T_CC_090	T_CC	90.0	90.00019699894702	90.00663018583334	0.006433186886340536	0.006433186886340536	0.02	True	dbc39b01855c642528b1b5129ecf4ae28ec9520145b3527abc86ff7044f37fe4	055502f0e98d094bdf932d13e9f49e1a024e5af8d809743e361fb9411cbe22d5
primary__LAMBDA_CS_+2h	primary	LAMBDA_CS_+2h	LAMBDA_CS	2	T_CC_120	T_CC	120.0	119.99983965803996	119.99834982870999	-0.0014898293299552279	0.0014898293299552279	0.02	True	703b1af8fd53d30a74d3f4bf3a1f53070360f76270386005e08d7e6d5c6d10b8	e393ecb5c1ee93ac1411dbbf02b5676bb5c54e16bdf90df2c247585932d6c95e
primary__LAMBDA_CS_+2h	primary	LAMBDA_CS_+2h	LAMBDA_CS	2	T_CC_150	T_CC	150.0	150.00011419393934	150.0051623513209	0.005048157381565943	0.005048157381565943	0.02	True	3625c62a0da1954c05f2c25a8ce89fd780c033322f4d07af01007123ad2086d7	11db31e18f5f866898b920809ead5a9b401da086ce2ca59d04a4b915e3a413d0
primary__LAMBDA_CS_+2h	primary	LAMBDA_CS_+2h	LAMBDA_CS	2	T_CC_180	T_CC	180.0	-179.99987411198484	-179.99722172013892	0.002652391845913371	0.002652391845913371	0.02	True	237d0de9329d2f7154e75e1b94b8d20dc99d256df491b1962585edd08ac5d56b	d15cdecb214a7eec571ce1eee3282900dd261e77a1b8fccc521787719bd2ee03
primary__LAMBDA_CS_+2h	primary	LAMBDA_CS_+2h	LAMBDA_CS	2	T_CC_210	T_CC	210.0	-150.00009928563182	-150.00609249226497	-0.005993206633149839	0.005993206633149839	0.02	True	ff7ba181ddce36b5fec269c010000630a05fa87e61843c9cb6ae5b286660aa06	a37d2c87dd723bd936e8d6942d6f17b4f28e3a14ba54a8962a6d3c970c33d21f
primary__LAMBDA_CS_+2h	primary	LAMBDA_CS_+2h	LAMBDA_CS	2	T_CC_240	T_CC	240.0	-120.00007620746388	-120.0028413461608	-0.0027651386969296254	0.0027651386969296254	0.02	True	880de9f672087b3c73f343d26033dc31c7e6d04945e3ef56427c9859c467bda9	6d8ff4d31679c5dcc493be37f1e6953bec4815207bfc1a5b0b26bf5bd2a39a43
primary__LAMBDA_CS_+2h	primary	LAMBDA_CS_+2h	LAMBDA_CS	2	T_CC_270	T_CC	270.0	-89.99993474284005	-89.9949519622286	0.004982780611442195	0.004982780611442195	0.02	True	0bb8e714e59c30b159e44188b0df6faf6cdafd8794878db4b1f2197b15d282c8	5f7ef7c227e186abc1b2690c1e04a384831a92debdda706768edccf43d345fb0
primary__LAMBDA_CS_+2h	primary	LAMBDA_CS_+2h	LAMBDA_CS	2	T_CC_300	T_CC	300.0	-59.99998160172803	-60.00131548918028	-0.0013338874522332844	0.0013338874522332844	0.02	True	fc6381c1ad4b27e5f9a79cad7e8361d93f1a8d0e253a0d934cd0410aba899c01	db4750e7e19c1ca6b859891d217e5a2d679ad3ccef54dcea62f7c7699dbe7192
primary__LAMBDA_CS_+2h	primary	LAMBDA_CS_+2h	LAMBDA_CS	2	T_CC_330	T_CC	330.0	-30.00016585816224	-30.01283964387738	-0.012673785715151098	0.012673785715151098	0.02	True	12d5e015638e715123552261c80c982de9108a65a82103add957bb662b8d1c03	054f1e6e73054befb2d0604d88c0c916d9962829433dc21e6b99569fabb31ba4
primary__LAMBDA_CS_+2h	primary	LAMBDA_CS_+2h	LAMBDA_CS	2	T_CS_000	T_CS	0.0	1.5180520262743396e-05	-0.003467449432394665	-0.0034826299526571347	0.0034826299526571347	0.02	True	b76cb71c416ae436646084247ac0799101a651a6e78ef12bdd936ed29539a181	8d0c1952b944943d5f0274ff18c2f32a38df0577e28ae102d1bd4f6775b0978c
primary__LAMBDA_CS_+2h	primary	LAMBDA_CS_+2h	LAMBDA_CS	2	T_CS_010	T_CS	10.0	10.000078136231716	10.00026544796461	0.0001873117329012075	0.0001873117329012075	0.02	True	93231ed042bed5c0602602d32e5c5f3d4901969d8156257c0347236c62607f21	d1046c100397bc938ab84b476cdb44722d0cef5b66ae7881a500004465988b68
primary__LAMBDA_CS_+2h	primary	LAMBDA_CS_+2h	LAMBDA_CS	2	T_CS_020	T_CS	20.0	20.00017404591677	20.003433586893156	0.003259540976387143	0.003259540976387143	0.02	True	fc0fe0aaa70da2491407d7cf40549f0928ad568ab5bdce4bbe2d14d68bfcc78c	98d7b4a826d6b50f137e0ebefdd5688ba4875f0e5cfa3dd2477bac5c8a1f540b
primary__LAMBDA_CS_+2h	primary	LAMBDA_CS_+2h	LAMBDA_CS	2	T_CS_030	T_CS	30.0	30.00019985596987	30.006247681512132	0.006047825542253804	0.006047825542253804	0.02	True	a05c8327bb40345cb389bdc875b9059d4912df044e264f7722d2fc594a9c36dd	4d18e083276ebbdcc60ae72c854434488be3f9cbbb2f5064fb6389f52e3ea039
primary__LAMBDA_CS_+2h	primary	LAMBDA_CS_+2h	LAMBDA_CS	2	T_CS_040	T_CS	40.0	40.00013511844969	40.0072093689568	0.007074250507116631	0.007074250507116631	0.02	True	1a3dc833568c912b0d2cb86bfde6f64600b04206593d34bfbb044abbbf528520	3a19f0d6ba1c66604f97d519f9e58755d8824fdc4b8a527f06d4bb501f7974eb
primary__LAMBDA_CS_+2h	primary	LAMBDA_CS_+2h	LAMBDA_CS	2	T_CS_050	T_CS	50.0	50.000069706040776	50.00589110679095	0.005821400750164685	0.005821400750164685	0.02	True	d5ffde1699a4340c997fb87781ff0319b604b8e83883345a0da527c51bce31d9	09d21b92278d0b9e747209fb0b10d246c05c31ceff5ecebc7078e4b46774b0c6
primary__LAMBDA_CS_+2h	primary	LAMBDA_CS_+2h	LAMBDA_CS	2	T_CS_060	T_CS	60.0	60.00001911469256	60.003339373018356	0.003320258325800296	0.003320258325800296	0.02	True	80f6abaaca25fcd7bd9b4a96576a6529dc2aab9c92bb4dc8cb8d94382f35e1bd	77d42873388480ad1a47fa33772a2363dbe502e4cbe654099b0ad272a7b8fe7b
primary__LAMBDA_CS_+2h	primary	LAMBDA_CS_+2h	LAMBDA_CS	2	T_CS_070	T_CS	70.0	69.99996549339919	70.00001213570259	4.66423034026775e-05	4.66423034026775e-05	0.02	True	861b37106b6bffb8af5aa0780a88e99efc6bb88ef7f40055d7a4c38fada5ead3	a3dc77b6c07fd9cf9f6f32ae7657a2c9824a6f4860cbf4b57703391a96f58982
primary__LAMBDA_CS_+2h	primary	LAMBDA_CS_+2h	LAMBDA_CS	2	T_CS_080	T_CS	80.0	79.99992991278366	79.99660482524637	-0.003325087537291438	0.003325087537291438	0.02	True	185564ab2bddfe1f6bee80c92bcc4d84c3c5217d92438a78fed413f0c2f0ee48	99f93c9cc1e4fb23b34094e7b7e77ccf225a86f6f6d72deb7bd4312a806af06b
primary__LAMBDA_CS_+2h	primary	LAMBDA_CS_+2h	LAMBDA_CS	2	T_CS_090	T_CS	90.0	89.99991027498892	89.99402455341462	-0.005885721574315994	0.005885721574315994	0.02	True	95090c3545e38e3050c6dfd9ee40f08d6e347c417cfbc010bffb72eed38858f5	eea5cca23fae21504d9eb3b7560ba36c3951fe71d723345033175520645891cf
primary__LAMBDA_CS_+2h	primary	LAMBDA_CS_+2h	LAMBDA_CS	2	T_CS_100	T_CS	100.0	99.99973782178598	99.99283217660394	-0.0069056451820301845	0.0069056451820301845	0.02	True	c5e6d243501db4ba3bbd09f5ae97a9cc954f7652d24c606c3bb8196a5b512755	cf3fe71fe04e2fc657a6ce88b83475cd55a4d8dd9803ed5948df9793581b57bc
primary__LAMBDA_CS_+2h	primary	LAMBDA_CS_+2h	LAMBDA_CS	2	T_CS_110	T_CS	110.0	109.99982259760765	109.99375367854115	-0.006068919066478884	0.006068919066478884	0.02	True	fd3404ec36fe83815887e7a1e639f61c92bd7d0c7d43580b0b9c0fed1892da18	9abf43b121f97979f9a123960d8957f3b1c132d58abe8efe0d81238486c585a8
primary__LAMBDA_CS_+2h	primary	LAMBDA_CS_+2h	LAMBDA_CS	2	T_CS_120	T_CS	120.0	120.0000256226668	119.99661590932034	-0.0034097133464570106	0.0034097133464570106	0.02	True	cd3a576945e09ba26d11c6c20df75fa39584268550f612d9a1dc957add5b6753	ad765c03a1328bacb9ddde1795ffb086ddd4cff1a311d0e46bc6d0299ad4ec9f
primary__LAMBDA_CS_+2h	primary	LAMBDA_CS_+2h	LAMBDA_CS	2	T_CC_240_FROM_REVERSE_QM	T_CC	240.0	-120.00002885442426	-120.00281174233018	-0.0027828879059370593	0.0027828879059370593	0.02	True	8af7af63d19b53cffc32f9eda8be8acabcdedd5642a150991c618d46afeeece1	29f918b464ba2630e848165af364b71c393068a57c1adc6777163c3d1f3397f2
primary__LAMBDA_CC_-2h	primary	LAMBDA_CC_-2h	LAMBDA_CC	-2	T_CC_000	T_CC	0.0	8.2317896820712e-05	0.0015985597328408803	0.0015162418360148422	0.0015162418360148422	0.02	True	a6e94cfe558c5be38544a34d2a6fad98313d167e35f5e4b511ff44a3e9ca9bd2	56af5655adc3e996adff8ff845aa9377d34be58fcceee5f963ba6935bd818733
primary__LAMBDA_CC_-2h	primary	LAMBDA_CC_-2h	LAMBDA_CC	-2	T_CC_030	T_CC	30.0	30.000158540910803	30.010229247122528	0.010070706211735114	0.010070706211735114	0.02	True	bab98c0a3ea47718c84ee2523940894bf3eb8df2875321a686eefa8b41f8b782	8a557671a28d77447b68a3f6c201e813115906cde2a3316addaa828808ef8037
primary__LAMBDA_CC_-2h	primary	LAMBDA_CC_-2h	LAMBDA_CC	-2	T_CC_060	T_CC	60.0	60.0001592609087	60.004405124708136	0.0042458637994400306	0.0042458637994400306	0.02	True	41baeb9c356cf99a1669a39f741dfb4147717de0ce46134528141edf74e37c1d	cc42e886552f8b0575527c46b1bcaf80f677633426bede52a7901027cea44501
primary__LAMBDA_CC_-2h	primary	LAMBDA_CC_-2h	LAMBDA_CC	-2	T_CC_090	T_CC	90.0	90.00019699894702	90.0066256712937	0.006428672346686426	0.006428672346686426	0.02	True	dbc39b01855c642528b1b5129ecf4ae28ec9520145b3527abc86ff7044f37fe4	ff09b59bb8693b55961170e8462f258133bd08c32c46a31c122983b8407bbc9f
primary__LAMBDA_CC_-2h	primary	LAMBDA_CC_-2h	LAMBDA_CC	-2	T_CC_120	T_CC	120.0	119.99983965803996	119.99838155858609	-0.0014580994538846426	0.0014580994538846426	0.02	True	703b1af8fd53d30a74d3f4bf3a1f53070360f76270386005e08d7e6d5c6d10b8	21e17e54acec7c2479ea2258211765e881c9bd49b2b3af89c8310f6dc648e8d5
primary__LAMBDA_CC_-2h	primary	LAMBDA_CC_-2h	LAMBDA_CC	-2	T_CC_150	T_CC	150.0	150.00011419393934	150.005192193903	0.005077999963674529	0.005077999963674529	0.02	True	3625c62a0da1954c05f2c25a8ce89fd780c033322f4d07af01007123ad2086d7	d913ebfa9beb7c3c66a20eb4d570e0698d4dea0674a11041790d9b7bac5e30c8
primary__LAMBDA_CC_-2h	primary	LAMBDA_CC_-2h	LAMBDA_CC	-2	T_CC_180	T_CC	180.0	-179.99987411198484	-179.99724536223678	0.00262874974805527	0.00262874974805527	0.02	True	237d0de9329d2f7154e75e1b94b8d20dc99d256df491b1962585edd08ac5d56b	d98e8b27d1c24244c71d2c9107e28e7830f362da170426d4d300a7521564ed81
primary__LAMBDA_CC_-2h	primary	LAMBDA_CC_-2h	LAMBDA_CC	-2	T_CC_210	T_CC	210.0	-150.00009928563182	-150.00611181708274	-0.006012531450920733	0.006012531450920733	0.02	True	ff7ba181ddce36b5fec269c010000630a05fa87e61843c9cb6ae5b286660aa06	a11d529e21110c97e23955f5e66d6795ff74cd00e3474e4198588b423543daea
primary__LAMBDA_CC_-2h	primary	LAMBDA_CC_-2h	LAMBDA_CC	-2	T_CC_240	T_CC	240.0	-120.00007620746388	-120.00285573774923	-0.002779530285351939	0.002779530285351939	0.02	True	880de9f672087b3c73f343d26033dc31c7e6d04945e3ef56427c9859c467bda9	53faf8ef3893771876c523fd877becba8bdd99a3cf02887a9796ec3884f73f86
primary__LAMBDA_CC_-2h	primary	LAMBDA_CC_-2h	LAMBDA_CC	-2	T_CC_270	T_CC	270.0	-89.99993474284005	-89.99491008372786	0.00502465911219474	0.00502465911219474	0.02	True	0bb8e714e59c30b159e44188b0df6faf6cdafd8794878db4b1f2197b15d282c8	fb5ca8590a0c966bcb4510c12d2e2af297a48b723646fcd132dd787e69366c8d
primary__LAMBDA_CC_-2h	primary	LAMBDA_CC_-2h	LAMBDA_CC	-2	T_CC_300	T_CC	300.0	-59.99998160172803	-60.001265630416306	-0.0012840286882749297	0.0012840286882749297	0.02	True	fc6381c1ad4b27e5f9a79cad7e8361d93f1a8d0e253a0d934cd0410aba899c01	f45df0365eb70337393483a8adab574aee236a22c696233e3e1347a019f6ecfb
primary__LAMBDA_CC_-2h	primary	LAMBDA_CC_-2h	LAMBDA_CC	-2	T_CC_330	T_CC	330.0	-30.00016585816224	-30.012803691889964	-0.012637833727723091	0.012637833727723091	0.02	True	12d5e015638e715123552261c80c982de9108a65a82103add957bb662b8d1c03	6321e2a16252f21773385acb8650a8776ecb2588d6d8227d3726b65c031f3c0b
primary__LAMBDA_CC_-2h	primary	LAMBDA_CC_-2h	LAMBDA_CC	-2	T_CS_000	T_CS	0.0	1.5180520262743396e-05	-0.003398815669456043	-0.003413996189721047	0.003413996189721047	0.02	True	b76cb71c416ae436646084247ac0799101a651a6e78ef12bdd936ed29539a181	328309b2b8fa854f13f165a2038a3b4871b645d8007bdf0f8aeb662c1c0fdcf3
primary__LAMBDA_CC_-2h	primary	LAMBDA_CC_-2h	LAMBDA_CC	-2	T_CS_010	T_CS	10.0	10.000078136231716	10.000151127174341	7.299094261270511e-05	7.299094261270511e-05	0.02	True	93231ed042bed5c0602602d32e5c5f3d4901969d8156257c0347236c62607f21	c5ca3b3f1d140064167f143cccaba5ee546f9084bfabad7730e82c2db16231f5
primary__LAMBDA_CC_-2h	primary	LAMBDA_CC_-2h	LAMBDA_CC	-2	T_CS_020	T_CS	20.0	20.00017404591677	20.00315860137778	0.0029845554610119507	0.0029845554610119507	0.02	True	fc0fe0aaa70da2491407d7cf40549f0928ad568ab5bdce4bbe2d14d68bfcc78c	3e92e37b18150a6d73639ffff541216e604c9f1620817f8921d458d1505930a8
primary__LAMBDA_CC_-2h	primary	LAMBDA_CC_-2h	LAMBDA_CC	-2	T_CS_030	T_CS	30.0	30.00019985596987	30.005928970014697	0.0057291140448114675	0.0057291140448114675	0.02	True	a05c8327bb40345cb389bdc875b9059d4912df044e264f7722d2fc594a9c36dd	cc35bf7e7b0656e250d3e3c482a387fe19f8b62c4d86c7453a58c899703e5ffb
primary__LAMBDA_CC_-2h	primary	LAMBDA_CC_-2h	LAMBDA_CC	-2	T_CS_040	T_CS	40.0	40.00013511844969	40.00697812846812	0.006843010018428686	0.006843010018428686	0.02	True	1a3dc833568c912b0d2cb86bfde6f64600b04206593d34bfbb044abbbf528520	f573137c1dfdc4380faba4cfca4f164e829ceb08beccfa68d846b3b7f3ecad99
primary__LAMBDA_CC_-2h	primary	LAMBDA_CC_-2h	LAMBDA_CC	-2	T_CS_050	T_CS	50.0	50.000069706040776	50.00577292562195	0.005703219581164376	0.005703219581164376	0.02	True	d5ffde1699a4340c997fb87781ff0319b604b8e83883345a0da527c51bce31d9	bd19c14caacfba43b424b3c6b654b2e63210bd11ae527b0f45c70db727a5d750
primary__LAMBDA_CC_-2h	primary	LAMBDA_CC_-2h	LAMBDA_CC	-2	T_CS_060	T_CS	60.0	60.00001911469256	60.00332135361702	0.00330223892444792	0.00330223892444792	0.02	True	80f6abaaca25fcd7bd9b4a96576a6529dc2aab9c92bb4dc8cb8d94382f35e1bd	7eb6e1647585ba099958f0b6ab58b797d3c56dc2f67aa741529df8d2c0fc6209
primary__LAMBDA_CC_-2h	primary	LAMBDA_CC_-2h	LAMBDA_CC	-2	T_CS_070	T_CS	70.0	69.99996549339919	70.00012821742702	0.00016272402783101825	0.00016272402783101825	0.02	True	861b37106b6bffb8af5aa0780a88e99efc6bb88ef7f40055d7a4c38fada5ead3	c09bed2e4edf3d5bce851d6f8ca75b89f5bec916a9bba2d79daac02fbcb8c46b
primary__LAMBDA_CC_-2h	primary	LAMBDA_CC_-2h	LAMBDA_CC	-2	T_CS_080	T_CS	80.0	79.99992991278366	79.99681785509155	-0.0031120576921068732	0.0031120576921068732	0.02	True	185564ab2bddfe1f6bee80c92bcc4d84c3c5217d92438a78fed413f0c2f0ee48	ce5da5b664684bcc16440d5ee36c90afd8c1a63637a4e5063819a27fe2d66da3
primary__LAMBDA_CC_-2h	primary	LAMBDA_CC_-2h	LAMBDA_CC	-2	T_CS_090	T_CS	90.0	89.99991027498892	89.99428438611886	-0.005625888870042672	0.005625888870042672	0.02	True	95090c3545e38e3050c6dfd9ee40f08d6e347c417cfbc010bffb72eed38858f5	bffbbb6758cc2b98c8a675608a3bdbf94d18fdc36488d623f5d544fa0c2dedb7
primary__LAMBDA_CC_-2h	primary	LAMBDA_CC_-2h	LAMBDA_CC	-2	T_CS_100	T_CS	100.0	99.99973782178598	99.99309904249111	-0.006638779294860342	0.006638779294860342	0.02	True	c5e6d243501db4ba3bbd09f5ae97a9cc954f7652d24c606c3bb8196a5b512755	52b697130ce792f92c8922ef71fa57dae76beda22416483fd883374bda3d17f1
primary__LAMBDA_CC_-2h	primary	LAMBDA_CC_-2h	LAMBDA_CC	-2	T_CS_110	T_CS	110.0	109.99982259760765	109.99397051073862	-0.005852086869026607	0.005852086869026607	0.02	True	fd3404ec36fe83815887e7a1e639f61c92bd7d0c7d43580b0b9c0fed1892da18	822a3cdee8009d2abd07ed687b5dd6417bfc2d29daf1382c0f76f9bf486f15a6
primary__LAMBDA_CC_-2h	primary	LAMBDA_CC_-2h	LAMBDA_CC	-2	T_CS_120	T_CS	120.0	120.0000256226668	119.99663594665495	-0.003389676011863685	0.003389676011863685	0.02	True	cd3a576945e09ba26d11c6c20df75fa39584268550f612d9a1dc957add5b6753	c844d6653fb952223b720df6f1243f2da3e9f6b0b00fe8a04891688d412321cc
primary__LAMBDA_CC_-2h	primary	LAMBDA_CC_-2h	LAMBDA_CC	-2	T_CC_240_FROM_REVERSE_QM	T_CC	240.0	-120.00002885442426	-120.00279649615715	-0.0027676417328734715	0.0027676417328734715	0.02	True	8af7af63d19b53cffc32f9eda8be8acabcdedd5642a150991c618d46afeeece1	442f5edd67625ccc794ca8221d54d09c0f5676c07157b072b7c5ed7cbd201fe6
primary__LAMBDA_CC_-1h	primary	LAMBDA_CC_-1h	LAMBDA_CC	-1	T_CC_000	T_CC	0.0	8.2317896820712e-05	0.0015511724743656216	0.0014688545775527473	0.0014688545775527473	0.02	True	a6e94cfe558c5be38544a34d2a6fad98313d167e35f5e4b511ff44a3e9ca9bd2	eeb847310857464a29387c332800f2ddc58d1047d38f70aacccedefb377e8d8e
primary__LAMBDA_CC_-1h	primary	LAMBDA_CC_-1h	LAMBDA_CC	-1	T_CC_030	T_CC	30.0	30.000158540910803	30.01024159983338	0.010083058922589316	0.010083058922589316	0.02	True	bab98c0a3ea47718c84ee2523940894bf3eb8df2875321a686eefa8b41f8b782	720e0402a029eb93303c8d68a8e3a5c70338bbd6c4580100208131cfef090970
primary__LAMBDA_CC_-1h	primary	LAMBDA_CC_-1h	LAMBDA_CC	-1	T_CC_060	T_CC	60.0	60.0001592609087	60.00443715616177	0.004277895253068209	0.004277895253068209	0.02	True	41baeb9c356cf99a1669a39f741dfb4147717de0ce46134528141edf74e37c1d	989117ede70cb2f693695cbd64f7d0f6700a63913f073c7e8e001a475b1264d4
primary__LAMBDA_CC_-1h	primary	LAMBDA_CC_-1h	LAMBDA_CC	-1	T_CC_090	T_CC	90.0	90.00019699894702	90.00663272415699	0.006435725209968268	0.006435725209968268	0.02	True	dbc39b01855c642528b1b5129ecf4ae28ec9520145b3527abc86ff7044f37fe4	0f9121256f6160d3135fa757d55c8fee933c10dce54e82a075ed7e1489dc656d
primary__LAMBDA_CC_-1h	primary	LAMBDA_CC_-1h	LAMBDA_CC	-1	T_CC_120	T_CC	120.0	119.99983965803996	119.99836577386736	-0.0014738841725829843	0.0014738841725829843	0.02	True	703b1af8fd53d30a74d3f4bf3a1f53070360f76270386005e08d7e6d5c6d10b8	46bf54ecd29a49a796019cc6118fd6004a8e868b9e6b6a28114473f69231b75e
primary__LAMBDA_CC_-1h	primary	LAMBDA_CC_-1h	LAMBDA_CC	-1	T_CC_150	T_CC	150.0	150.00011419393934	150.00518712889013	0.0050729349507889765	0.0050729349507889765	0.02	True	3625c62a0da1954c05f2c25a8ce89fd780c033322f4d07af01007123ad2086d7	d7be55ad3055d0d99d861cb476bce0504a0e4b3c027d1f8f7a452559dec7c6d5
primary__LAMBDA_CC_-1h	primary	LAMBDA_CC_-1h	LAMBDA_CC	-1	T_CC_180	T_CC	180.0	-179.99987411198484	-179.9972334255935	0.0026406863913450707	0.0026406863913450707	0.02	True	237d0de9329d2f7154e75e1b94b8d20dc99d256df491b1962585edd08ac5d56b	49dd726be2ceb14fa16c1957dbc04445dee6500938ee620970b2b7394339d4fc
primary__LAMBDA_CC_-1h	primary	LAMBDA_CC_-1h	LAMBDA_CC	-1	T_CC_210	T_CC	210.0	-150.00009928563182	-150.00609067673813	-0.00599139110630631	0.00599139110630631	0.02	True	ff7ba181ddce36b5fec269c010000630a05fa87e61843c9cb6ae5b286660aa06	296e0c7ed4e2d4d8e42af3b68d5f00480ac000cd47da31b7f8d9edc66ef2ba76
primary__LAMBDA_CC_-1h	primary	LAMBDA_CC_-1h	LAMBDA_CC	-1	T_CC_240	T_CC	240.0	-120.00007620746388	-120.0028405628176	-0.0027643553537188836	0.0027643553537188836	0.02	True	880de9f672087b3c73f343d26033dc31c7e6d04945e3ef56427c9859c467bda9	b30fdf936aba06e3b0a4172bfe0afefc802e40f8ac5cd8aebd1ad1f2000aa7ff
primary__LAMBDA_CC_-1h	primary	LAMBDA_CC_-1h	LAMBDA_CC	-1	T_CC_270	T_CC	270.0	-89.99993474284005	-89.99493874561534	0.004995997224710891	0.004995997224710891	0.02	True	0bb8e714e59c30b159e44188b0df6faf6cdafd8794878db4b1f2197b15d282c8	13148deea4854087278027e5048a8c11033b776f61928d14c6bbb475fc686ada
primary__LAMBDA_CC_-1h	primary	LAMBDA_CC_-1h	LAMBDA_CC	-1	T_CC_300	T_CC	300.0	-59.99998160172803	-60.001286904895835	-0.0013053031678111893	0.0013053031678111893	0.02	True	fc6381c1ad4b27e5f9a79cad7e8361d93f1a8d0e253a0d934cd0410aba899c01	b1f5c870fe9c5f8d954a7705c730441e499b533de36372f47796336aaf19dce4
primary__LAMBDA_CC_-1h	primary	LAMBDA_CC_-1h	LAMBDA_CC	-1	T_CC_330	T_CC	330.0	-30.00016585816224	-30.01282747928483	-0.012661621122589395	0.012661621122589395	0.02	True	12d5e015638e715123552261c80c982de9108a65a82103add957bb662b8d1c03	ffcada1152be02a966fc69880e6630a52efec1d66aeeff693dbffe635c4d610d
primary__LAMBDA_CC_-1h	primary	LAMBDA_CC_-1h	LAMBDA_CC	-1	T_CS_000	T_CS	0.0	1.5180520262743396e-05	-0.0033890625259891598	-0.003404243046247757	0.003404243046247757	0.02	True	b76cb71c416ae436646084247ac0799101a651a6e78ef12bdd936ed29539a181	cd05c26d3c7161c9118aea3c3b1cb407d34001cb1409d7c1e8c27696b54ff714
primary__LAMBDA_CC_-1h	primary	LAMBDA_CC_-1h	LAMBDA_CC	-1	T_CS_010	T_CS	10.0	10.000078136231716	10.000123811407043	4.5675175329051854e-05	4.5675175329051854e-05	0.02	True	93231ed042bed5c0602602d32e5c5f3d4901969d8156257c0347236c62607f21	782f7a52f63d42ef170add37ee0496571c4e9a880b64014fade1113fe7d605d2
primary__LAMBDA_CC_-1h	primary	LAMBDA_CC_-1h	LAMBDA_CC	-1	T_CS_020	T_CS	20.0	20.00017404591677	20.00314659912335	0.0029725532065754123	0.0029725532065754123	0.02	True	fc0fe0aaa70da2491407d7cf40549f0928ad568ab5bdce4bbe2d14d68bfcc78c	ffa9d631e5567d3e64acdba92eb10201e5e285c3d123e3863151fa9892e3946a
primary__LAMBDA_CC_-1h	primary	LAMBDA_CC_-1h	LAMBDA_CC	-1	T_CS_030	T_CS	30.0	30.00019985596987	30.00591417023109	0.005714314261211939	0.005714314261211939	0.02	True	a05c8327bb40345cb389bdc875b9059d4912df044e264f7722d2fc594a9c36dd	ce54d4a208cb3562bdfc05fa911dc873b4708d10fa617e34374d24b1ea6a4660
primary__LAMBDA_CC_-1h	primary	LAMBDA_CC_-1h	LAMBDA_CC	-1	T_CS_040	T_CS	40.0	40.00013511844969	40.00696687682447	0.0068317583747727895	0.0068317583747727895	0.02	True	1a3dc833568c912b0d2cb86bfde6f64600b04206593d34bfbb044abbbf528520	4d7f09669b2710463ae0aaeb24c9d82b7f8036a929b63d4717b18d5c53e96e01
primary__LAMBDA_CC_-1h	primary	LAMBDA_CC_-1h	LAMBDA_CC	-1	T_CS_050	T_CS	50.0	50.000069706040776	50.00577104590626	0.005701339865481714	0.005701339865481714	0.02	True	d5ffde1699a4340c997fb87781ff0319b604b8e83883345a0da527c51bce31d9	b10151bb05c397aa1a2ab40deba8c4dfd6d2d66c4748ddb146f5ac791067fe9b
primary__LAMBDA_CC_-1h	primary	LAMBDA_CC_-1h	LAMBDA_CC	-1	T_CS_060	T_CS	60.0	60.00001911469256	60.00331141696071	0.003292302268164349	0.003292302268164349	0.02	True	80f6abaaca25fcd7bd9b4a96576a6529dc2aab9c92bb4dc8cb8d94382f35e1bd	ad113816f652dcfd0fce4a5cc6c81fd8aac0b5902cf35cf7ae2e866b70f17b2e
primary__LAMBDA_CC_-1h	primary	LAMBDA_CC_-1h	LAMBDA_CC	-1	T_CS_070	T_CS	70.0	69.99996549339919	70.00012232367388	0.0001568302747045891	0.0001568302747045891	0.02	True	861b37106b6bffb8af5aa0780a88e99efc6bb88ef7f40055d7a4c38fada5ead3	281367c26e0c0616f24a2473171bfeac6a21e31a38c982bb793699b83da28785
primary__LAMBDA_CC_-1h	primary	LAMBDA_CC_-1h	LAMBDA_CC	-1	T_CS_080	T_CS	80.0	79.99992991278366	79.99682412196263	-0.0031057908210243568	0.0031057908210243568	0.02	True	185564ab2bddfe1f6bee80c92bcc4d84c3c5217d92438a78fed413f0c2f0ee48	8f8f99252cf0d9e20e155d463e3c86299d73ca4068a0e5d2c41e8faaa48c73c9
primary__LAMBDA_CC_-1h	primary	LAMBDA_CC_-1h	LAMBDA_CC	-1	T_CS_090	T_CS	90.0	89.99991027498892	89.99429538649447	-0.005614888494449133	0.005614888494449133	0.02	True	95090c3545e38e3050c6dfd9ee40f08d6e347c417cfbc010bffb72eed38858f5	3e12501bd9c7342b5e13e05c40f402cee8d66d6c3b6f32e7fbb306bc0a407b03
primary__LAMBDA_CC_-1h	primary	LAMBDA_CC_-1h	LAMBDA_CC	-1	T_CS_100	T_CS	100.0	99.99973782178598	99.99308547115078	-0.006652350635192761	0.006652350635192761	0.02	True	c5e6d243501db4ba3bbd09f5ae97a9cc954f7652d24c606c3bb8196a5b512755	574d55414b77a1063c31c2dc4f13c27856c3000d5e53594eae31422091de481d
primary__LAMBDA_CC_-1h	primary	LAMBDA_CC_-1h	LAMBDA_CC	-1	T_CS_110	T_CS	110.0	109.99982259760765	109.9939734914882	-0.0058491061194558824	0.0058491061194558824	0.02	True	fd3404ec36fe83815887e7a1e639f61c92bd7d0c7d43580b0b9c0fed1892da18	e9803b5fc625a2654c67c484e418815ba65a1172013c7ff7664bae1b8f279add
primary__LAMBDA_CC_-1h	primary	LAMBDA_CC_-1h	LAMBDA_CC	-1	T_CS_120	T_CS	120.0	120.0000256226668	119.99664508426498	-0.0033805384018137374	0.0033805384018137374	0.02	True	cd3a576945e09ba26d11c6c20df75fa39584268550f612d9a1dc957add5b6753	7673748149d2b38f7a08208792a677cd2d5e34338dda1651eb334bd08bd53544
primary__LAMBDA_CC_-1h	primary	LAMBDA_CC_-1h	LAMBDA_CC	-1	T_CC_240_FROM_REVERSE_QM	T_CC	240.0	-120.00002885442426	-120.0028137013954	-0.002784846971138677	0.002784846971138677	0.02	True	8af7af63d19b53cffc32f9eda8be8acabcdedd5642a150991c618d46afeeece1	3aa9319b9a278e5ecb8c546ecadf83b396178ed9343c0422fe685ed384df0936
primary__LAMBDA_CC_+1h	primary	LAMBDA_CC_+1h	LAMBDA_CC	1	T_CC_000	T_CC	0.0	8.2317896820712e-05	0.001563901020081234	0.0014815831232510845	0.0014815831232510845	0.02	True	a6e94cfe558c5be38544a34d2a6fad98313d167e35f5e4b511ff44a3e9ca9bd2	0b12fb976f50aac31b586653d80cd63ff85b99d1a6975a2782daacc9b8cb13a9
primary__LAMBDA_CC_+1h	primary	LAMBDA_CC_+1h	LAMBDA_CC	1	T_CC_030	T_CC	30.0	30.000158540910803	30.01030047169659	0.010141930785778186	0.010141930785778186	0.02	True	bab98c0a3ea47718c84ee2523940894bf3eb8df2875321a686eefa8b41f8b782	b78eb34a27f32859048ec864d72e86649ce9ba92ca60e0708f888df1ed71fa96
primary__LAMBDA_CC_+1h	primary	LAMBDA_CC_+1h	LAMBDA_CC	1	T_CC_060	T_CC	60.0	60.0001592609087	60.00446678790325	0.004307526994551836	0.004307526994551836	0.02	True	41baeb9c356cf99a1669a39f741dfb4147717de0ce46134528141edf74e37c1d	5b748a7679edadbfeb2ef8d4cec385113dde00a94379c7885ae3d22060ee753d
primary__LAMBDA_CC_+1h	primary	LAMBDA_CC_+1h	LAMBDA_CC	1	T_CC_090	T_CC	90.0	90.00019699894702	90.00664007057034	0.006443071623323249	0.006443071623323249	0.02	True	dbc39b01855c642528b1b5129ecf4ae28ec9520145b3527abc86ff7044f37fe4	fd538cd6c8ec2c36439344f711d2a20dd98f575e9603578b8476ff327786aeec
primary__LAMBDA_CC_+1h	primary	LAMBDA_CC_+1h	LAMBDA_CC	1	T_CC_120	T_CC	120.0	119.99983965803996	119.99835511775383	-0.001484540286128322	0.001484540286128322	0.02	True	703b1af8fd53d30a74d3f4bf3a1f53070360f76270386005e08d7e6d5c6d10b8	379af29f95e0f0f264d8e4d7b82c1412740b9d980dcb83afa95d63820c23746b
primary__LAMBDA_CC_+1h	primary	LAMBDA_CC_+1h	LAMBDA_CC	1	T_CC_150	T_CC	150.0	150.00011419393934	150.00517851264556	0.0050643187062178185	0.0050643187062178185	0.02	True	3625c62a0da1954c05f2c25a8ce89fd780c033322f4d07af01007123ad2086d7	e2c71619468bd61ee0cb7d006b9c2cbf472755f8bb481d42dbd0d4b4083fffd5
primary__LAMBDA_CC_+1h	primary	LAMBDA_CC_+1h	LAMBDA_CC	1	T_CC_180	T_CC	180.0	-179.99987411198484	-179.99722441198594	0.0026496999988978587	0.0026496999988978587	0.02	True	237d0de9329d2f7154e75e1b94b8d20dc99d256df491b1962585edd08ac5d56b	114e27e361a01cdb14bc3dc4509146edc9f392071e6b72c5d4b3b7890fb810f0
primary__LAMBDA_CC_+1h	primary	LAMBDA_CC_+1h	LAMBDA_CC	1	T_CC_210	T_CC	210.0	-150.00009928563182	-150.00607361783776	-0.005974332205937571	0.005974332205937571	0.02	True	ff7ba181ddce36b5fec269c010000630a05fa87e61843c9cb6ae5b286660aa06	cf6f660adc34695eddeb4fee8099db80f60843900ef3a181c417fb9d7c0f58f9
primary__LAMBDA_CC_+1h	primary	LAMBDA_CC_+1h	LAMBDA_CC	1	T_CC_240	T_CC	240.0	-120.00007620746388	-120.00286198569395	-0.002785778230077085	0.002785778230077085	0.02	True	880de9f672087b3c73f343d26033dc31c7e6d04945e3ef56427c9859c467bda9	0525f2d97f9cf4b138c8913e0a0659b189f58f0db1227f20bf96ed68618f836a
primary__LAMBDA_CC_+1h	primary	LAMBDA_CC_+1h	LAMBDA_CC	1	T_CC_270	T_CC	270.0	-89.99993474284005	-89.99497121801777	0.004963524822301224	0.004963524822301224	0.02	True	0bb8e714e59c30b159e44188b0df6faf6cdafd8794878db4b1f2197b15d282c8	b33726c5861964f48c903129ef5dbb51446cc48fd7213f1ba610d1cbf9890e92
primary__LAMBDA_CC_+1h	primary	LAMBDA_CC_+1h	LAMBDA_CC	1	T_CC_300	T_CC	300.0	-59.99998160172803	-60.001319260532654	-0.001337658804629882	0.001337658804629882	0.02	True	fc6381c1ad4b27e5f9a79cad7e8361d93f1a8d0e253a0d934cd0410aba899c01	5f22cb7b42054921d79dda32c9763a1062b39e2a69ec1a7617c91f4ee5c73b68
primary__LAMBDA_CC_+1h	primary	LAMBDA_CC_+1h	LAMBDA_CC	1	T_CC_330	T_CC	330.0	-30.00016585816224	-30.012880600150254	-0.01271474198802025	0.01271474198802025	0.02	True	12d5e015638e715123552261c80c982de9108a65a82103add957bb662b8d1c03	f684ee3b12a55717ae0f3cdfd3b98855759792375f37bcb84f3f0caa4f1f8c4c
primary__LAMBDA_CC_+1h	primary	LAMBDA_CC_+1h	LAMBDA_CC	1	T_CS_000	T_CS	0.0	1.5180520262743396e-05	-0.003390085943573923	-0.0034052664638295482	0.0034052664638295482	0.02	True	b76cb71c416ae436646084247ac0799101a651a6e78ef12bdd936ed29539a181	a9cebe7e3c7b1e2fa8aa030b3243feb2494d8c846634584e52fed62c79871aff
primary__LAMBDA_CC_+1h	primary	LAMBDA_CC_+1h	LAMBDA_CC	1	T_CS_010	T_CS	10.0	10.000078136231716	10.00014112160374	6.298537201132604e-05	6.298537201132604e-05	0.02	True	93231ed042bed5c0602602d32e5c5f3d4901969d8156257c0347236c62607f21	5903a019e9875a7de4788fe3562c12007afbe85facb95fb6f9c9c4ea2c534ef7
primary__LAMBDA_CC_+1h	primary	LAMBDA_CC_+1h	LAMBDA_CC	1	T_CS_020	T_CS	20.0	20.00017404591677	20.003146332790248	0.002972286873472285	0.002972286873472285	0.02	True	fc0fe0aaa70da2491407d7cf40549f0928ad568ab5bdce4bbe2d14d68bfcc78c	48d478325c7cf2a3b2cf967f111dddf96ff3d089e77aee07e3ae7371dfdd11e5
primary__LAMBDA_CC_+1h	primary	LAMBDA_CC_+1h	LAMBDA_CC	1	T_CS_030	T_CS	30.0	30.00019985596987	30.00589049826997	0.0056906423000953055	0.0056906423000953055	0.02	True	a05c8327bb40345cb389bdc875b9059d4912df044e264f7722d2fc594a9c36dd	d0859548dac9b11618c7d73d5bd1f0e63a385da7cfb89e1a6503c2ef87ade478
primary__LAMBDA_CC_+1h	primary	LAMBDA_CC_+1h	LAMBDA_CC	1	T_CS_040	T_CS	40.0	40.00013511844969	40.00696890718317	0.0068337887334735115	0.0068337887334735115	0.02	True	1a3dc833568c912b0d2cb86bfde6f64600b04206593d34bfbb044abbbf528520	e6813eb5264fcf1562261941ef5c337f57770857fa3592a5310d4710bd25dfbc
primary__LAMBDA_CC_+1h	primary	LAMBDA_CC_+1h	LAMBDA_CC	1	T_CS_050	T_CS	50.0	50.000069706040776	50.00576047253251	0.005690766491738941	0.005690766491738941	0.02	True	d5ffde1699a4340c997fb87781ff0319b604b8e83883345a0da527c51bce31d9	441ac025f6c9c023d267c36a98dfe8b3777a7dc8d847372cb094b0a31f15efa8
primary__LAMBDA_CC_+1h	primary	LAMBDA_CC_+1h	LAMBDA_CC	1	T_CS_060	T_CS	60.0	60.00001911469256	60.003315434861086	0.0032963201685163313	0.0032963201685163313	0.02	True	80f6abaaca25fcd7bd9b4a96576a6529dc2aab9c92bb4dc8cb8d94382f35e1bd	ab715ab8afbe57b7acaf847cf205c5dc01e9e64711d135f88e68770beadd1d7f
primary__LAMBDA_CC_+1h	primary	LAMBDA_CC_+1h	LAMBDA_CC	1	T_CS_070	T_CS	70.0	69.99996549339919	70.0001114941948	0.00014600079560977974	0.00014600079560977974	0.02	True	861b37106b6bffb8af5aa0780a88e99efc6bb88ef7f40055d7a4c38fada5ead3	547fd809604f38dbb680cf384c97a9093cf842b2fbda16a60158c455e18f7537
primary__LAMBDA_CC_+1h	primary	LAMBDA_CC_+1h	LAMBDA_CC	1	T_CS_080	T_CS	80.0	79.99992991278366	79.99681516605558	-0.0031147467280732144	0.0031147467280732144	0.02	True	185564ab2bddfe1f6bee80c92bcc4d84c3c5217d92438a78fed413f0c2f0ee48	2f194a7182d6619d047526b419b687a864e9e78b42f212b28f7148f9aef2a5eb
primary__LAMBDA_CC_+1h	primary	LAMBDA_CC_+1h	LAMBDA_CC	1	T_CS_090	T_CS	90.0	89.99991027498892	89.99429968709973	-0.005610587889179897	0.005610587889179897	0.02	True	95090c3545e38e3050c6dfd9ee40f08d6e347c417cfbc010bffb72eed38858f5	a049c8df7d44a32662e1a644eec2cd7df706598bed5a006275cdc48550efaa1d
primary__LAMBDA_CC_+1h	primary	LAMBDA_CC_+1h	LAMBDA_CC	1	T_CS_100	T_CS	100.0	99.99973782178598	99.99311756286524	-0.006620258920747801	0.006620258920747801	0.02	True	c5e6d243501db4ba3bbd09f5ae97a9cc954f7652d24c606c3bb8196a5b512755	70575d397b086276c6302da3bd0fb0fff2b54c3e2eaeae7672c4767c25bfb5ef
primary__LAMBDA_CC_+1h	primary	LAMBDA_CC_+1h	LAMBDA_CC	1	T_CS_110	T_CS	110.0	109.99982259760765	109.99398186596314	-0.0058407316445254764	0.0058407316445254764	0.02	True	fd3404ec36fe83815887e7a1e639f61c92bd7d0c7d43580b0b9c0fed1892da18	b7511dde1e74f9521ac3a3c2d192bf36927b225e02066d54dcb37cc799d1be0c
primary__LAMBDA_CC_+1h	primary	LAMBDA_CC_+1h	LAMBDA_CC	1	T_CS_120	T_CS	120.0	120.0000256226668	119.99667309735496	-0.003352525311839827	0.003352525311839827	0.02	True	cd3a576945e09ba26d11c6c20df75fa39584268550f612d9a1dc957add5b6753	1567b2f46d7f8bec44783625a42922ab352afdf936f6f0ee987b3731ee388d57
primary__LAMBDA_CC_+1h	primary	LAMBDA_CC_+1h	LAMBDA_CC	1	T_CC_240_FROM_REVERSE_QM	T_CC	240.0	-120.00002885442426	-120.00282742335203	-0.002798568927772749	0.002798568927772749	0.02	True	8af7af63d19b53cffc32f9eda8be8acabcdedd5642a150991c618d46afeeece1	aa05e0faf319c0080a03b37e5da89df4daeaba36c20448109c9f4fcbb1b0adbb
primary__LAMBDA_CC_+2h	primary	LAMBDA_CC_+2h	LAMBDA_CC	2	T_CC_000	T_CC	0.0	8.2317896820712e-05	0.0015665292364271837	0.0014842113396014156	0.0014842113396014156	0.02	True	a6e94cfe558c5be38544a34d2a6fad98313d167e35f5e4b511ff44a3e9ca9bd2	bddef6ae4861348c3cb2b203dcfb6a2d7b364ec9b5b05d3157db733ad538269d
primary__LAMBDA_CC_+2h	primary	LAMBDA_CC_+2h	LAMBDA_CC	2	T_CC_030	T_CC	30.0	30.000158540910803	30.01032094880821	0.010162407897411185	0.010162407897411185	0.02	True	bab98c0a3ea47718c84ee2523940894bf3eb8df2875321a686eefa8b41f8b782	dee26963220168ab0a20645a821f64b5ba9796f76d1e030f98c296986ac9c4b7
primary__LAMBDA_CC_+2h	primary	LAMBDA_CC_+2h	LAMBDA_CC	2	T_CC_060	T_CC	60.0	60.0001592609087	60.00448654795834	0.004327287049648021	0.004327287049648021	0.02	True	41baeb9c356cf99a1669a39f741dfb4147717de0ce46134528141edf74e37c1d	727dcd45710515d638a4071f1d1ba72070da82f27d9be68efe7749e3b9c0bef6
primary__LAMBDA_CC_+2h	primary	LAMBDA_CC_+2h	LAMBDA_CC	2	T_CC_090	T_CC	90.0	90.00019699894702	90.00666691691133	0.006469917964295746	0.006469917964295746	0.02	True	dbc39b01855c642528b1b5129ecf4ae28ec9520145b3527abc86ff7044f37fe4	e577a60511b494a16d8faa7c6cda6347ae797b72c702c01fe20791adba646738
primary__LAMBDA_CC_+2h	primary	LAMBDA_CC_+2h	LAMBDA_CC	2	T_CC_120	T_CC	120.0	119.99983965803996	119.9983470659978	-0.0014925920421546834	0.0014925920421546834	0.02	True	703b1af8fd53d30a74d3f4bf3a1f53070360f76270386005e08d7e6d5c6d10b8	f512beb3e6021b5c6267914be867c450b6600c0330521abd817774b1e782e72b
primary__LAMBDA_CC_+2h	primary	LAMBDA_CC_+2h	LAMBDA_CC	2	T_CC_150	T_CC	150.0	150.00011419393934	150.0051917621863	0.005077568246974806	0.005077568246974806	0.02	True	3625c62a0da1954c05f2c25a8ce89fd780c033322f4d07af01007123ad2086d7	52a1ee88896e1f76c8f65a708542294bca8b6b5dcd83d4f0c45499a30fb5bae1
primary__LAMBDA_CC_+2h	primary	LAMBDA_CC_+2h	LAMBDA_CC	2	T_CC_180	T_CC	180.0	-179.99987411198484	-179.99723578212058	0.002638329864254274	0.002638329864254274	0.02	True	237d0de9329d2f7154e75e1b94b8d20dc99d256df491b1962585edd08ac5d56b	5ac2c5e7291b4e0b5fdb1f1eab2a9487e59985dcea18ef4be5613653a304bc42
primary__LAMBDA_CC_+2h	primary	LAMBDA_CC_+2h	LAMBDA_CC	2	T_CC_210	T_CC	210.0	-150.00009928563182	-150.0060792140504	-0.005979928418582858	0.005979928418582858	0.02	True	ff7ba181ddce36b5fec269c010000630a05fa87e61843c9cb6ae5b286660aa06	26ea5c15f9caca6836fc4e3b1cca13c18ae0c2b856117da765811b78f191af6f
primary__LAMBDA_CC_+2h	primary	LAMBDA_CC_+2h	LAMBDA_CC	2	T_CC_240	T_CC	240.0	-120.00007620746388	-120.00285680190284	-0.002780594438945627	0.002780594438945627	0.02	True	880de9f672087b3c73f343d26033dc31c7e6d04945e3ef56427c9859c467bda9	6a08598ed74ab205397c3336640f2ed8479da18d45ab2f24f16f54c68aa55902
primary__LAMBDA_CC_+2h	primary	LAMBDA_CC_+2h	LAMBDA_CC	2	T_CC_270	T_CC	270.0	-89.99993474284005	-89.99495594719353	0.004978795646536582	0.004978795646536582	0.02	True	0bb8e714e59c30b159e44188b0df6faf6cdafd8794878db4b1f2197b15d282c8	9e25a9446ffdaacee011eaa2d24dab9d12c22f508123343501efaa3b3c4e6c5e
primary__LAMBDA_CC_+2h	primary	LAMBDA_CC_+2h	LAMBDA_CC	2	T_CC_300	T_CC	300.0	-59.99998160172803	-60.00133335467239	-0.001351752944344753	0.001351752944344753	0.02	True	fc6381c1ad4b27e5f9a79cad7e8361d93f1a8d0e253a0d934cd0410aba899c01	2fc186e2c57d45acab45389e93557e2f0e0d40e9930dc5bb29c13edfb77fb322
primary__LAMBDA_CC_+2h	primary	LAMBDA_CC_+2h	LAMBDA_CC	2	T_CC_330	T_CC	330.0	-30.00016585816224	-30.01289767402513	-0.012731815862878193	0.012731815862878193	0.02	True	12d5e015638e715123552261c80c982de9108a65a82103add957bb662b8d1c03	35c5064ec29ffe2c315da6c073a21ffc406886875e4ab773b9ffd8c4145ba586
primary__LAMBDA_CC_+2h	primary	LAMBDA_CC_+2h	LAMBDA_CC	2	T_CS_000	T_CS	0.0	1.5180520262743396e-05	-0.003396895639567847	-0.0034120761598330773	0.0034120761598330773	0.02	True	b76cb71c416ae436646084247ac0799101a651a6e78ef12bdd936ed29539a181	f37bea30bc5dd43116c170b43199f2e7b971d9dd6c9a16b3f68baad52d824075
primary__LAMBDA_CC_+2h	primary	LAMBDA_CC_+2h	LAMBDA_CC	2	T_CS_010	T_CS	10.0	10.000078136231716	10.00014795667928	6.982044754977323e-05	6.982044754977323e-05	0.02	True	93231ed042bed5c0602602d32e5c5f3d4901969d8156257c0347236c62607f21	e340b6898c3dde8b4d032d44e76bdf73b02cb5c20401e611e837313933aa3c60
primary__LAMBDA_CC_+2h	primary	LAMBDA_CC_+2h	LAMBDA_CC	2	T_CS_020	T_CS	20.0	20.00017404591677	20.00316671276584	0.0029926668490816155	0.0029926668490816155	0.02	True	fc0fe0aaa70da2491407d7cf40549f0928ad568ab5bdce4bbe2d14d68bfcc78c	4a7d5c19bd9b293fdbcf815162b296562d626d76782ab9ef75eba4680d399cb5
primary__LAMBDA_CC_+2h	primary	LAMBDA_CC_+2h	LAMBDA_CC	2	T_CS_030	T_CS	30.0	30.00019985596987	30.0058800688711	0.005680212901239656	0.005680212901239656	0.02	True	a05c8327bb40345cb389bdc875b9059d4912df044e264f7722d2fc594a9c36dd	b022fc7799914b02c57d496e5cc3cf38beda5920189de37763ec052dd3326893
primary__LAMBDA_CC_+2h	primary	LAMBDA_CC_+2h	LAMBDA_CC	2	T_CS_040	T_CS	40.0	40.00013511844969	40.006971841825205	0.006836723375499787	0.006836723375499787	0.02	True	1a3dc833568c912b0d2cb86bfde6f64600b04206593d34bfbb044abbbf528520	76465794cee20ac411500b28d43988a325b3f539831b25fc09b2e4c1cbf3e6d4
primary__LAMBDA_CC_+2h	primary	LAMBDA_CC_+2h	LAMBDA_CC	2	T_CS_050	T_CS	50.0	50.000069706040776	50.005757724864004	0.005688018823235552	0.005688018823235552	0.02	True	d5ffde1699a4340c997fb87781ff0319b604b8e83883345a0da527c51bce31d9	11da19abb5a885522fd0114b8dbf460ae5175e972bda8ede6bffad6a30a4e22a
primary__LAMBDA_CC_+2h	primary	LAMBDA_CC_+2h	LAMBDA_CC	2	T_CS_060	T_CS	60.0	60.00001911469256	60.003304551232574	0.003285436540011233	0.003285436540011233	0.02	True	80f6abaaca25fcd7bd9b4a96576a6529dc2aab9c92bb4dc8cb8d94382f35e1bd	697278baa29cf7884152d85223dcd055900768df762015071ea6ac205d2f02a9
primary__LAMBDA_CC_+2h	primary	LAMBDA_CC_+2h	LAMBDA_CC	2	T_CS_070	T_CS	70.0	69.99996549339919	70.00011292604407	0.000147432644894252	0.000147432644894252	0.02	True	861b37106b6bffb8af5aa0780a88e99efc6bb88ef7f40055d7a4c38fada5ead3	57059f7fb1c96c914924dce2d0f3c50c1adb5207ed906f9fa38b1582d98d9b3b
primary__LAMBDA_CC_+2h	primary	LAMBDA_CC_+2h	LAMBDA_CC	2	T_CS_080	T_CS	80.0	79.99992991278366	79.99681724605949	-0.0031126667241778705	0.0031126667241778705	0.02	True	185564ab2bddfe1f6bee80c92bcc4d84c3c5217d92438a78fed413f0c2f0ee48	f04da31ce565e946cc2a4e80499875954e88976b370180eb716900622e0262f7
primary__LAMBDA_CC_+2h	primary	LAMBDA_CC_+2h	LAMBDA_CC	2	T_CS_090	T_CS	90.0	89.99991027498892	89.994299754733	-0.005610520255913798	0.005610520255913798	0.02	True	95090c3545e38e3050c6dfd9ee40f08d6e347c417cfbc010bffb72eed38858f5	9031167eb02f92482532adc3bbb19cd292959d7dac26216e294d1b1118554814
primary__LAMBDA_CC_+2h	primary	LAMBDA_CC_+2h	LAMBDA_CC	2	T_CS_100	T_CS	100.0	99.99973782178598	99.99311879125231	-0.006619030533670411	0.006619030533670411	0.02	True	c5e6d243501db4ba3bbd09f5ae97a9cc954f7652d24c606c3bb8196a5b512755	e31e86be45babd655e764c6eb4201dc5c01246d7053d390d7b16be98c89a66a2
primary__LAMBDA_CC_+2h	primary	LAMBDA_CC_+2h	LAMBDA_CC	2	T_CS_110	T_CS	110.0	109.99982259760765	109.99396932301602	-0.0058532745916295426	0.0058532745916295426	0.02	True	fd3404ec36fe83815887e7a1e639f61c92bd7d0c7d43580b0b9c0fed1892da18	ce48ea351d4a346825f8af52fda71c7d6dba2b7ec89c11d430d39df67795aa8d
primary__LAMBDA_CC_+2h	primary	LAMBDA_CC_+2h	LAMBDA_CC	2	T_CS_120	T_CS	120.0	120.0000256226668	119.99665011654211	-0.003375506124683625	0.003375506124683625	0.02	True	cd3a576945e09ba26d11c6c20df75fa39584268550f612d9a1dc957add5b6753	0e4ea4dba426da94a6a090acf7adc645e8cdde578cdf2cdc69e0d1563fbefd16
primary__LAMBDA_CC_+2h	primary	LAMBDA_CC_+2h	LAMBDA_CC	2	T_CC_240_FROM_REVERSE_QM	T_CC	240.0	-120.00002885442426	-120.00280860130387	-0.0027797468796109115	0.0027797468796109115	0.02	True	8af7af63d19b53cffc32f9eda8be8acabcdedd5642a150991c618d46afeeece1	10174d979c3b75a3de0e9ec9c031e8166d55962f247469b1d96800beb35f8cf4
tight_audit__BASE	tight_audit	BASE		0	T_CC_000	T_CC	0.0	8.2317896820712e-05	0.0015849801619085527	0.0015026622650964327	0.0015026622650964327	0.02	True	a6e94cfe558c5be38544a34d2a6fad98313d167e35f5e4b511ff44a3e9ca9bd2	9409263e5d5fb403e8a3e7afa998a15440f8d11e622c2306b4ccce88f431a4f9
tight_audit__BASE	tight_audit	BASE		0	T_CC_030	T_CC	30.0	30.000158540910803	30.010276991828064	0.010118450917275368	0.010118450917275368	0.02	True	bab98c0a3ea47718c84ee2523940894bf3eb8df2875321a686eefa8b41f8b782	b48259b07ebbf930cd7924d7fa993ee80ddbff66dc425deaf3c5cd84921d09a8
tight_audit__BASE	tight_audit	BASE		0	T_CC_060	T_CC	60.0	60.0001592609087	60.00445163950992	0.004292378601206792	0.004292378601206792	0.02	True	41baeb9c356cf99a1669a39f741dfb4147717de0ce46134528141edf74e37c1d	759d605e5195271abfe081b50e1937949fbcb218551d05efa7235c6d5874f4fd
tight_audit__BASE	tight_audit	BASE		0	T_CC_090	T_CC	90.0	90.00019699894702	90.00665539859716	0.00645839965014261	0.00645839965014261	0.02	True	dbc39b01855c642528b1b5129ecf4ae28ec9520145b3527abc86ff7044f37fe4	3dba3e78b10013482e00fa7b9fb86001550d822b20cd436905067171e6634382
tight_audit__BASE	tight_audit	BASE		0	T_CC_120	T_CC	120.0	119.99983965803996	119.99834984450388	-0.0014898135360681408	0.0014898135360681408	0.02	True	703b1af8fd53d30a74d3f4bf3a1f53070360f76270386005e08d7e6d5c6d10b8	82fc9804dec434ed4cc80ff96501773ed38be7368100b47f4dae899cf2c6c2b5
tight_audit__BASE	tight_audit	BASE		0	T_CC_150	T_CC	150.0	150.00011419393934	150.00518004159338	0.005065847654037725	0.005065847654037725	0.02	True	3625c62a0da1954c05f2c25a8ce89fd780c033322f4d07af01007123ad2086d7	51a7c23601593c648bad9bde6bb38188ac3d4089abde4ee53c98208e97f53c0b
tight_audit__BASE	tight_audit	BASE		0	T_CC_180	T_CC	180.0	-179.99987411198484	-179.99722871557705	0.002645396407785938	0.002645396407785938	0.02	True	237d0de9329d2f7154e75e1b94b8d20dc99d256df491b1962585edd08ac5d56b	69662174b3257ad216b92b48c6889b0335b98f031f593a64a3f504457c756120
tight_audit__BASE	tight_audit	BASE		0	T_CC_210	T_CC	210.0	-150.00009928563182	-150.00608874182868	-0.005989456196857645	0.005989456196857645	0.02	True	ff7ba181ddce36b5fec269c010000630a05fa87e61843c9cb6ae5b286660aa06	a3a81c977db2dfe880f6e6c6a54cb8f39a0aed10ab3c6560231024d6f3685de8
tight_audit__BASE	tight_audit	BASE		0	T_CC_240	T_CC	240.0	-120.00007620746388	-120.00284726105654	-0.002771053592653061	0.002771053592653061	0.02	True	880de9f672087b3c73f343d26033dc31c7e6d04945e3ef56427c9859c467bda9	e2da8a5826dea5ad6f894b1c43a34c29fb5375469a97fb39ab37d2d713aa781a
tight_audit__BASE	tight_audit	BASE		0	T_CC_270	T_CC	270.0	-89.99993474284005	-89.99494389043248	0.004990852407559032	0.004990852407559032	0.02	True	0bb8e714e59c30b159e44188b0df6faf6cdafd8794878db4b1f2197b15d282c8	4eb9579641ed2ebd488b4c0dc9858a793153fbf24d1911f0657dc8e7e3e567aa
tight_audit__BASE	tight_audit	BASE		0	T_CC_300	T_CC	300.0	-59.99998160172803	-60.001301693031046	-0.0013200913030004813	0.0013200913030004813	0.02	True	fc6381c1ad4b27e5f9a79cad7e8361d93f1a8d0e253a0d934cd0410aba899c01	eaf6226f65692b9e88a7d12cc41614a7343481cb11af5e9018c4c21898323f5b
tight_audit__BASE	tight_audit	BASE		0	T_CC_330	T_CC	330.0	-30.00016585816224	-30.012845458563138	-0.012679600400900881	0.012679600400900881	0.02	True	12d5e015638e715123552261c80c982de9108a65a82103add957bb662b8d1c03	bfb81c276ef1357459d4b26365af8fa74ee1a765928b9b789268688a803fb3b7
tight_audit__BASE	tight_audit	BASE		0	T_CS_000	T_CS	0.0	1.5180520262743396e-05	-0.003402034826791463	-0.0034172153470422018	0.0034172153470422018	0.02	True	b76cb71c416ae436646084247ac0799101a651a6e78ef12bdd936ed29539a181	82c7bc69c2c6390c385c1b1c5f7c00f6a965d8a22685d7d242227a2df81989d0
tight_audit__BASE	tight_audit	BASE		0	T_CS_010	T_CS	10.0	10.000078136231716	10.000140343918833	6.220768710818447e-05	6.220768710818447e-05	0.02	True	93231ed042bed5c0602602d32e5c5f3d4901969d8156257c0347236c62607f21	b3b61615ec7b99d60b0d9e572dfa8170f9b3a25e70bee648873b66cad113d49f
tight_audit__BASE	tight_audit	BASE		0	T_CS_020	T_CS	20.0	20.00017404591677	20.00315723074939	0.002983184832629604	0.002983184832629604	0.02	True	fc0fe0aaa70da2491407d7cf40549f0928ad568ab5bdce4bbe2d14d68bfcc78c	6004b5da08acda90efdf00c0da51eea77a9a66b1e5e9ac723bbea3c7f77220fe
tight_audit__BASE	tight_audit	BASE		0	T_CS_030	T_CS	30.0	30.00019985596987	30.005908967202068	0.005709111232192754	0.005709111232192754	0.02	True	a05c8327bb40345cb389bdc875b9059d4912df044e264f7722d2fc594a9c36dd	73fcac2fd6dc794e9fff3794ac3729363b8c456a0aee7e3f82a1c179de0a6de7
tight_audit__BASE	tight_audit	BASE		0	T_CS_040	T_CS	40.0	40.00013511844969	40.006967200894216	0.0068320824445322614	0.0068320824445322614	0.02	True	1a3dc833568c912b0d2cb86bfde6f64600b04206593d34bfbb044abbbf528520	995190f9d70702d1d037b8b6a0c9f75be42bf00d8c8fcfc36fc97d9fc8d34a8c
tight_audit__BASE	tight_audit	BASE		0	T_CS_050	T_CS	50.0	50.000069706040776	50.00575364194821	0.00568393590742744	0.00568393590742744	0.02	True	d5ffde1699a4340c997fb87781ff0319b604b8e83883345a0da527c51bce31d9	572df393d303791a422c09acdfa1e2450e0b58d8fcc223316b50e49b7ebdd09c
tight_audit__BASE	tight_audit	BASE		0	T_CS_060	T_CS	60.0	60.00001911469256	60.00331423569957	0.0032951210069995795	0.0032951210069995795	0.02	True	80f6abaaca25fcd7bd9b4a96576a6529dc2aab9c92bb4dc8cb8d94382f35e1bd	caae242188dbce32cf99169aaaa734c704c16c1375f3337ec5176d59da25a699
tight_audit__BASE	tight_audit	BASE		0	T_CS_070	T_CS	70.0	69.99996549339919	70.00011845810342	0.00015296470422754282	0.00015296470422754282	0.02	True	861b37106b6bffb8af5aa0780a88e99efc6bb88ef7f40055d7a4c38fada5ead3	3e50a020617b0f7cf1f252151d3c2a8e769f02de85b89b43913a0fb939f76b15
tight_audit__BASE	tight_audit	BASE		0	T_CS_080	T_CS	80.0	79.99992991278366	79.99681471140947	-0.003115201374185972	0.003115201374185972	0.02	True	185564ab2bddfe1f6bee80c92bcc4d84c3c5217d92438a78fed413f0c2f0ee48	8903f94d18917b67665833058f5628a5dca43e5bef4a93f3fc92e82d0069a5ae
tight_audit__BASE	tight_audit	BASE		0	T_CS_090	T_CS	90.0	89.99991027498892	89.994293231163	-0.005617043825907331	0.005617043825907331	0.02	True	95090c3545e38e3050c6dfd9ee40f08d6e347c417cfbc010bffb72eed38858f5	48dd86e9d3591e5a5288d82dcd7ba8dc3433087d91338b610e405ef4b4923ac5
tight_audit__BASE	tight_audit	BASE		0	T_CS_100	T_CS	100.0	99.99973782178598	99.99309746890681	-0.006640352879173861	0.006640352879173861	0.02	True	c5e6d243501db4ba3bbd09f5ae97a9cc954f7652d24c606c3bb8196a5b512755	63b060bb1e56f0deee54031c1868a18fec04967746e17d8a80941ae87d7b65ce
tight_audit__BASE	tight_audit	BASE		0	T_CS_110	T_CS	110.0	109.99982259760765	109.99396981681996	-0.005852780787677148	0.005852780787677148	0.02	True	fd3404ec36fe83815887e7a1e639f61c92bd7d0c7d43580b0b9c0fed1892da18	de1f6cc324b3812a4979394f0cc3d44d0e9852e48130257f93b19cf86554e988
tight_audit__BASE	tight_audit	BASE		0	T_CS_120	T_CS	120.0	120.0000256226668	119.99666110585923	-0.003364516807550899	0.003364516807550899	0.02	True	cd3a576945e09ba26d11c6c20df75fa39584268550f612d9a1dc957add5b6753	385c093d1902bca7c87576781320b5e1688449d0de9075f53bc06af1a6c791e7
tight_audit__BASE	tight_audit	BASE		0	T_CC_240_FROM_REVERSE_QM	T_CC	240.0	-120.00002885442426	-120.00279905299507	-0.002770198570829052	0.002770198570829052	0.02	True	8af7af63d19b53cffc32f9eda8be8acabcdedd5642a150991c618d46afeeece1	c5c5a76f92abf4b331a8a14b75a78c7067d95cef4fbdceb5bf454c2627537dd9
tight_audit__R_OG2P1-SG3O1_-1h	tight_audit	R_OG2P1-SG3O1_-1h	R_OG2P1-SG3O1	-1	T_CC_000	T_CC	0.0	8.2317896820712e-05	0.0015539239086714658	0.0014716060118473706	0.0014716060118473706	0.02	True	a6e94cfe558c5be38544a34d2a6fad98313d167e35f5e4b511ff44a3e9ca9bd2	39830bbb376cac6cfdcc58634a7e6721b566e618db6e38a08365544d686e6714
tight_audit__R_OG2P1-SG3O1_-1h	tight_audit	R_OG2P1-SG3O1_-1h	R_OG2P1-SG3O1	-1	T_CC_030	T_CC	30.0	30.000158540910803	30.010268086837407	0.010109545926610508	0.010109545926610508	0.02	True	bab98c0a3ea47718c84ee2523940894bf3eb8df2875321a686eefa8b41f8b782	e4f22e8f9c6ceab5df3995632b3473bf19ad621ae440ce8d34bcec191f78a1f4
tight_audit__R_OG2P1-SG3O1_-1h	tight_audit	R_OG2P1-SG3O1_-1h	R_OG2P1-SG3O1	-1	T_CC_060	T_CC	60.0	60.0001592609087	60.00443927128105	0.0042800103723550365	0.0042800103723550365	0.02	True	41baeb9c356cf99a1669a39f741dfb4147717de0ce46134528141edf74e37c1d	d10580d2cfb8aa4777127b2e8774be731eab4f798956559312fafee4735a2a26
tight_audit__R_OG2P1-SG3O1_-1h	tight_audit	R_OG2P1-SG3O1_-1h	R_OG2P1-SG3O1	-1	T_CC_090	T_CC	90.0	90.00019699894702	90.00661488207973	0.006417883132712632	0.006417883132712632	0.02	True	dbc39b01855c642528b1b5129ecf4ae28ec9520145b3527abc86ff7044f37fe4	771a169a150e85f82bbd649408e2bb5d346ef5a232088f4c4fed7a850c0af3b0
tight_audit__R_OG2P1-SG3O1_-1h	tight_audit	R_OG2P1-SG3O1_-1h	R_OG2P1-SG3O1	-1	T_CC_120	T_CC	120.0	119.99983965803996	119.99832532284417	-0.0015143351957931372	0.0015143351957931372	0.02	True	703b1af8fd53d30a74d3f4bf3a1f53070360f76270386005e08d7e6d5c6d10b8	1b57322b5cff58a1180411db107fdcfeef71b22eae7da4d9f680981817d49cf2
tight_audit__R_OG2P1-SG3O1_-1h	tight_audit	R_OG2P1-SG3O1_-1h	R_OG2P1-SG3O1	-1	T_CC_150	T_CC	150.0	150.00011419393934	150.0051766279069	0.005062433967566449	0.005062433967566449	0.02	True	3625c62a0da1954c05f2c25a8ce89fd780c033322f4d07af01007123ad2086d7	c19091e2211c0fcfcf6c0fc8c0c09f308bf58483e43a22a703dd68570da05519
tight_audit__R_OG2P1-SG3O1_-1h	tight_audit	R_OG2P1-SG3O1_-1h	R_OG2P1-SG3O1	-1	T_CC_180	T_CC	180.0	-179.99987411198484	-179.9972244849787	0.0026496270061500127	0.0026496270061500127	0.02	True	237d0de9329d2f7154e75e1b94b8d20dc99d256df491b1962585edd08ac5d56b	ce7d2b277f802b04622fa41d51615e158b2fe623c42bc49af9378165d73377d3
tight_audit__R_OG2P1-SG3O1_-1h	tight_audit	R_OG2P1-SG3O1_-1h	R_OG2P1-SG3O1	-1	T_CC_210	T_CC	210.0	-150.00009928563182	-150.00608756704494	-0.005988281413124241	0.005988281413124241	0.02	True	ff7ba181ddce36b5fec269c010000630a05fa87e61843c9cb6ae5b286660aa06	70fdf443e151b0588028ce017ee598b7c64b40c4656860c7a9efdbeb029ed4ee
tight_audit__R_OG2P1-SG3O1_-1h	tight_audit	R_OG2P1-SG3O1_-1h	R_OG2P1-SG3O1	-1	T_CC_240	T_CC	240.0	-120.00007620746388	-120.00284465809258	-0.002768450628707342	0.002768450628707342	0.02	True	880de9f672087b3c73f343d26033dc31c7e6d04945e3ef56427c9859c467bda9	07a52b828224a65fc2d4755077585a327f1f8bb4ec79f915bbcf0e71b06a2d1f
tight_audit__R_OG2P1-SG3O1_-1h	tight_audit	R_OG2P1-SG3O1_-1h	R_OG2P1-SG3O1	-1	T_CC_270	T_CC	270.0	-89.99993474284005	-89.99492312153208	0.005011621307971836	0.005011621307971836	0.02	True	0bb8e714e59c30b159e44188b0df6faf6cdafd8794878db4b1f2197b15d282c8	456ecf368d456ef807cf02b206a98dd29421eaf7c6e457f73848885344195de3
tight_audit__R_OG2P1-SG3O1_-1h	tight_audit	R_OG2P1-SG3O1_-1h	R_OG2P1-SG3O1	-1	T_CC_300	T_CC	300.0	-59.99998160172803	-60.00129559124406	-0.001313989516035008	0.001313989516035008	0.02	True	fc6381c1ad4b27e5f9a79cad7e8361d93f1a8d0e253a0d934cd0410aba899c01	d64e03fb3eed6d6391b3a89f52899daed17c2917eeb615ad844e103c135a5a60
tight_audit__R_OG2P1-SG3O1_-1h	tight_audit	R_OG2P1-SG3O1_-1h	R_OG2P1-SG3O1	-1	T_CC_330	T_CC	330.0	-30.00016585816224	-30.012837113386794	-0.012671255224546485	0.012671255224546485	0.02	True	12d5e015638e715123552261c80c982de9108a65a82103add957bb662b8d1c03	6b1269e841adf379e20ea5ca39c0eff4946a4fcaa4854fa5e5148528bfba38cb
tight_audit__R_OG2P1-SG3O1_-1h	tight_audit	R_OG2P1-SG3O1_-1h	R_OG2P1-SG3O1	-1	T_CS_000	T_CS	0.0	1.5180520262743396e-05	-0.0033944904815704966	-0.0034096710018332033	0.0034096710018332033	0.02	True	b76cb71c416ae436646084247ac0799101a651a6e78ef12bdd936ed29539a181	8b4b51f943c42cdb7dfe52900c5c48d3880742ed5afb6e56b43ae5931767fb76
tight_audit__R_OG2P1-SG3O1_-1h	tight_audit	R_OG2P1-SG3O1_-1h	R_OG2P1-SG3O1	-1	T_CS_010	T_CS	10.0	10.000078136231716	10.00017037104204	9.223481032449854e-05	9.223481032449854e-05	0.02	True	93231ed042bed5c0602602d32e5c5f3d4901969d8156257c0347236c62607f21	7608b07a8870ecbebef945dc9b7040e9a66aad4246dc529e7d7550fd3ef028fb
tight_audit__R_OG2P1-SG3O1_-1h	tight_audit	R_OG2P1-SG3O1_-1h	R_OG2P1-SG3O1	-1	T_CS_020	T_CS	20.0	20.00017404591677	20.003209783475224	0.00303573755846287	0.00303573755846287	0.02	True	fc0fe0aaa70da2491407d7cf40549f0928ad568ab5bdce4bbe2d14d68bfcc78c	e4cb3146ea7388900fc110ddd273765bc7bc3d8cd9a063778c639ea4bb6a5d34
tight_audit__R_OG2P1-SG3O1_-1h	tight_audit	R_OG2P1-SG3O1_-1h	R_OG2P1-SG3O1	-1	T_CS_030	T_CS	30.0	30.00019985596987	30.005977951110754	0.005778095140897221	0.005778095140897221	0.02	True	a05c8327bb40345cb389bdc875b9059d4912df044e264f7722d2fc594a9c36dd	173137c6f2cbc241f21edfc33f5c01c0a3469a25586b6d257eed601e0d19f292
tight_audit__R_OG2P1-SG3O1_-1h	tight_audit	R_OG2P1-SG3O1_-1h	R_OG2P1-SG3O1	-1	T_CS_040	T_CS	40.0	40.00013511844969	40.006976486891624	0.006841368441939721	0.006841368441939721	0.02	True	1a3dc833568c912b0d2cb86bfde6f64600b04206593d34bfbb044abbbf528520	672240b053d02456596fb56dd362340de86b4e01bc7571432ca903b8ab583ec8
tight_audit__R_OG2P1-SG3O1_-1h	tight_audit	R_OG2P1-SG3O1_-1h	R_OG2P1-SG3O1	-1	T_CS_050	T_CS	50.0	50.000069706040776	50.0057443500338	0.00567464399301798	0.00567464399301798	0.02	True	d5ffde1699a4340c997fb87781ff0319b604b8e83883345a0da527c51bce31d9	8c71051e5ab6e7e19efcb7606dc059273972ed137a8371f9893962c5172fe2a3
tight_audit__R_OG2P1-SG3O1_-1h	tight_audit	R_OG2P1-SG3O1_-1h	R_OG2P1-SG3O1	-1	T_CS_060	T_CS	60.0	60.00001911469256	60.00329201722488	0.0032729025323305905	0.0032729025323305905	0.02	True	80f6abaaca25fcd7bd9b4a96576a6529dc2aab9c92bb4dc8cb8d94382f35e1bd	52c901068c51218708f98001b223b1734095c83f94e8d72541773fd85cff94bc
tight_audit__R_OG2P1-SG3O1_-1h	tight_audit	R_OG2P1-SG3O1_-1h	R_OG2P1-SG3O1	-1	T_CS_070	T_CS	70.0	69.99996549339919	70.00009282300152	0.00012732960232142432	0.00012732960232142432	0.02	True	861b37106b6bffb8af5aa0780a88e99efc6bb88ef7f40055d7a4c38fada5ead3	abe196d1d3afb0001ff0e33b37f52813dce0472499c10a402249c5b7e6950ee4
tight_audit__R_OG2P1-SG3O1_-1h	tight_audit	R_OG2P1-SG3O1_-1h	R_OG2P1-SG3O1	-1	T_CS_080	T_CS	80.0	79.99992991278366	79.99678011025621	-0.0031498025274458996	0.0031498025274458996	0.02	True	185564ab2bddfe1f6bee80c92bcc4d84c3c5217d92438a78fed413f0c2f0ee48	2a432c48a5144599cfee7e50d6bb2df7ff50c090912be876d9cf4bb518e507c9
tight_audit__R_OG2P1-SG3O1_-1h	tight_audit	R_OG2P1-SG3O1_-1h	R_OG2P1-SG3O1	-1	T_CS_090	T_CS	90.0	89.99991027498892	89.99425812825406	-0.005652146734860253	0.005652146734860253	0.02	True	95090c3545e38e3050c6dfd9ee40f08d6e347c417cfbc010bffb72eed38858f5	84a4488c5208558cdd9101edf0b0837308897ea7c66068d8461af8b29548b7ee
tight_audit__R_OG2P1-SG3O1_-1h	tight_audit	R_OG2P1-SG3O1_-1h	R_OG2P1-SG3O1	-1	T_CS_100	T_CS	100.0	99.99973782178598	99.99306516496648	-0.006672656819489475	0.006672656819489475	0.02	True	c5e6d243501db4ba3bbd09f5ae97a9cc954f7652d24c606c3bb8196a5b512755	0e96ef21d96c9c2d61b1b275107880746043deef5b1203b6f84604459209ca6e
tight_audit__R_OG2P1-SG3O1_-1h	tight_audit	R_OG2P1-SG3O1_-1h	R_OG2P1-SG3O1	-1	T_CS_110	T_CS	110.0	109.99982259760765	109.99395721657763	-0.005865381030019989	0.005865381030019989	0.02	True	fd3404ec36fe83815887e7a1e639f61c92bd7d0c7d43580b0b9c0fed1892da18	36b50311b58bb888a7faa6e5e15202b47bfe9c0fa9d2ec2ea2e456d6fa7399c1
tight_audit__R_OG2P1-SG3O1_-1h	tight_audit	R_OG2P1-SG3O1_-1h	R_OG2P1-SG3O1	-1	T_CS_120	T_CS	120.0	120.0000256226668	119.9966692725728	-0.0033563500940090307	0.0033563500940090307	0.02	True	cd3a576945e09ba26d11c6c20df75fa39584268550f612d9a1dc957add5b6753	c9cca0e4c798ee3f63c4ae4e2633c09a570c649a2e6ed1be441b40a184f7f818
tight_audit__R_OG2P1-SG3O1_-1h	tight_audit	R_OG2P1-SG3O1_-1h	R_OG2P1-SG3O1	-1	T_CC_240_FROM_REVERSE_QM	T_CC	240.0	-120.00002885442426	-120.00279528136444	-0.002766426940183919	0.002766426940183919	0.02	True	8af7af63d19b53cffc32f9eda8be8acabcdedd5642a150991c618d46afeeece1	4f5b2753736b396e91d5678a0a83131a46752fb7333eb3e18498fb66a9f11936
tight_audit__R_OG2P1-SG3O1_+1h	tight_audit	R_OG2P1-SG3O1_+1h	R_OG2P1-SG3O1	1	T_CC_000	T_CC	0.0	8.2317896820712e-05	0.0016178755911262874	0.0015355576942965854	0.0015355576942965854	0.02	True	a6e94cfe558c5be38544a34d2a6fad98313d167e35f5e4b511ff44a3e9ca9bd2	7dab6fade22bf1a0d82c4fe28a6af4e7fb5d34bf9f94034aa3a529290654ab84
tight_audit__R_OG2P1-SG3O1_+1h	tight_audit	R_OG2P1-SG3O1_+1h	R_OG2P1-SG3O1	1	T_CC_030	T_CC	30.0	30.000158540910803	30.01028746063189	0.010128919721097418	0.010128919721097418	0.02	True	bab98c0a3ea47718c84ee2523940894bf3eb8df2875321a686eefa8b41f8b782	541a61f58899ab1fd60cfd153959f6093e2f25185a28d2df585e0a7822384a11
tight_audit__R_OG2P1-SG3O1_+1h	tight_audit	R_OG2P1-SG3O1_+1h	R_OG2P1-SG3O1	1	T_CC_060	T_CC	60.0	60.0001592609087	60.0044656375723	0.00430637666360667	0.00430637666360667	0.02	True	41baeb9c356cf99a1669a39f741dfb4147717de0ce46134528141edf74e37c1d	79c36fcb487f2bf51583607ccfdcabaaae0109b96ae3b01f5acda7c619384329
tight_audit__R_OG2P1-SG3O1_+1h	tight_audit	R_OG2P1-SG3O1_+1h	R_OG2P1-SG3O1	1	T_CC_090	T_CC	90.0	90.00019699894702	90.00668360483829	0.006486605891268482	0.006486605891268482	0.02	True	dbc39b01855c642528b1b5129ecf4ae28ec9520145b3527abc86ff7044f37fe4	1cd76a35242790306d1942f0d81a2bfdd08cb7c7cbbd0caebbda87bd327464a4
tight_audit__R_OG2P1-SG3O1_+1h	tight_audit	R_OG2P1-SG3O1_+1h	R_OG2P1-SG3O1	1	T_CC_120	T_CC	120.0	119.99983965803996	119.99837743567885	-0.0014622223611127083	0.0014622223611127083	0.02	True	703b1af8fd53d30a74d3f4bf3a1f53070360f76270386005e08d7e6d5c6d10b8	91bf56cfe616aab4f39e8ada66c64a15d83a1f4b154f3f1340ec6a8ebaf08a60
tight_audit__R_OG2P1-SG3O1_+1h	tight_audit	R_OG2P1-SG3O1_+1h	R_OG2P1-SG3O1	1	T_CC_150	T_CC	150.0	150.00011419393934	150.0051885908676	0.005074396928250735	0.005074396928250735	0.02	True	3625c62a0da1954c05f2c25a8ce89fd780c033322f4d07af01007123ad2086d7	e1cb5a83e104826ae24767f85f3fd0bf8b8c76d7066c3631d58d99859b626b12
tight_audit__R_OG2P1-SG3O1_+1h	tight_audit	R_OG2P1-SG3O1_+1h	R_OG2P1-SG3O1	1	T_CC_180	T_CC	180.0	-179.99987411198484	-179.99723046584307	0.0026436461417631563	0.0026436461417631563	0.02	True	237d0de9329d2f7154e75e1b94b8d20dc99d256df491b1962585edd08ac5d56b	1eda41f6d7e3d47cf6d515b01f97ad923e5b6eb22d2d4faa73cd63846c5f3eb9
tight_audit__R_OG2P1-SG3O1_+1h	tight_audit	R_OG2P1-SG3O1_+1h	R_OG2P1-SG3O1	1	T_CC_210	T_CC	210.0	-150.00009928563182	-150.00608820583437	-0.005988920202554482	0.005988920202554482	0.02	True	ff7ba181ddce36b5fec269c010000630a05fa87e61843c9cb6ae5b286660aa06	bde947ff1cbc7d5495ccac65a1f67ca881e1cd9c2fbe7b0c3259b4b26023febf
tight_audit__R_OG2P1-SG3O1_+1h	tight_audit	R_OG2P1-SG3O1_+1h	R_OG2P1-SG3O1	1	T_CC_240	T_CC	240.0	-120.00007620746388	-120.00285085481624	-0.002774647352367765	0.002774647352367765	0.02	True	880de9f672087b3c73f343d26033dc31c7e6d04945e3ef56427c9859c467bda9	b3c32c919b670089abd2a1d3fd1c95397ab95c5f959db6fdbba59f8a69f5e050
tight_audit__R_OG2P1-SG3O1_+1h	tight_audit	R_OG2P1-SG3O1_+1h	R_OG2P1-SG3O1	1	T_CC_270	T_CC	270.0	-89.99993474284005	-89.99496853883052	0.00496620400951997	0.00496620400951997	0.02	True	0bb8e714e59c30b159e44188b0df6faf6cdafd8794878db4b1f2197b15d282c8	bab2ba1cea14c8eb69ce5e34db516b2deae316d60c9ff41e75c3ff676365e406
tight_audit__R_OG2P1-SG3O1_+1h	tight_audit	R_OG2P1-SG3O1_+1h	R_OG2P1-SG3O1	1	T_CC_300	T_CC	300.0	-59.99998160172803	-60.00130879910593	-0.0013271973778898882	0.0013271973778898882	0.02	True	fc6381c1ad4b27e5f9a79cad7e8361d93f1a8d0e253a0d934cd0410aba899c01	4f0298d1bb104c0689a7b60a5160acae0ca82b29a8de60f8375a080884ed89eb
tight_audit__R_OG2P1-SG3O1_+1h	tight_audit	R_OG2P1-SG3O1_+1h	R_OG2P1-SG3O1	1	T_CC_330	T_CC	330.0	-30.00016585816224	-30.012854012559142	-0.012688154396897744	0.012688154396897744	0.02	True	12d5e015638e715123552261c80c982de9108a65a82103add957bb662b8d1c03	787442d2f89d51e76e01159be975e8fc3856c8f26d33785dfdf9fbeb660a5d45
tight_audit__R_OG2P1-SG3O1_+1h	tight_audit	R_OG2P1-SG3O1_+1h	R_OG2P1-SG3O1	1	T_CS_000	T_CS	0.0	1.5180520262743396e-05	-0.003406329758920176	-0.003421510279196127	0.003421510279196127	0.02	True	b76cb71c416ae436646084247ac0799101a651a6e78ef12bdd936ed29539a181	a8f2fa5f7b9effd2752d263ecee123af762365ff91edc4546b92bb5e0b27a73a
tight_audit__R_OG2P1-SG3O1_+1h	tight_audit	R_OG2P1-SG3O1_+1h	R_OG2P1-SG3O1	1	T_CS_010	T_CS	10.0	10.000078136231716	10.000111410017093	3.327378539097481e-05	3.327378539097481e-05	0.02	True	93231ed042bed5c0602602d32e5c5f3d4901969d8156257c0347236c62607f21	b6409c826335d5756355ebef0c06d3359174c3eccd211ca09a3b9dc1e097745d
tight_audit__R_OG2P1-SG3O1_+1h	tight_audit	R_OG2P1-SG3O1_+1h	R_OG2P1-SG3O1	1	T_CS_020	T_CS	20.0	20.00017404591677	20.003101839923087	0.002927794006325257	0.002927794006325257	0.02	True	fc0fe0aaa70da2491407d7cf40549f0928ad568ab5bdce4bbe2d14d68bfcc78c	06eb30fe817562202efb7b8c91352e6aa5a85102167e896694330b46756f01f8
tight_audit__R_OG2P1-SG3O1_+1h	tight_audit	R_OG2P1-SG3O1_+1h	R_OG2P1-SG3O1	1	T_CS_030	T_CS	30.0	30.00019985596987	30.00583622173073	0.005636365760864237	0.005636365760864237	0.02	True	a05c8327bb40345cb389bdc875b9059d4912df044e264f7722d2fc594a9c36dd	e16e6f4a8665c30732b2e09b1e061ebcf6845e13267c8ba37bfcc55126f04d06
tight_audit__R_OG2P1-SG3O1_+1h	tight_audit	R_OG2P1-SG3O1_+1h	R_OG2P1-SG3O1	1	T_CS_040	T_CS	40.0	40.00013511844969	40.00695960511568	0.006824486666005214	0.006824486666005214	0.02	True	1a3dc833568c912b0d2cb86bfde6f64600b04206593d34bfbb044abbbf528520	2b14cdc5187ddeb1227b972725e9ff0aeb5132903cd2c8d6ff960e527d5f6016
tight_audit__R_OG2P1-SG3O1_+1h	tight_audit	R_OG2P1-SG3O1_+1h	R_OG2P1-SG3O1	1	T_CS_050	T_CS	50.0	50.000069706040776	50.00575816779214	0.005688461751361729	0.005688461751361729	0.02	True	d5ffde1699a4340c997fb87781ff0319b604b8e83883345a0da527c51bce31d9	179d1d8b462ae9f9467067cc7e871755c0dca8fb8558e500ce395039b9a1dcf0
tight_audit__R_OG2P1-SG3O1_+1h	tight_audit	R_OG2P1-SG3O1_+1h	R_OG2P1-SG3O1	1	T_CS_060	T_CS	60.0	60.00001911469256	60.00333459937081	0.0033154846782394998	0.0033154846782394998	0.02	True	80f6abaaca25fcd7bd9b4a96576a6529dc2aab9c92bb4dc8cb8d94382f35e1bd	34f7d3dfb5462f94e349ea7fb3f22a7ee5ac8ded789ce68dd5c4de99f475c728
tight_audit__R_OG2P1-SG3O1_+1h	tight_audit	R_OG2P1-SG3O1_+1h	R_OG2P1-SG3O1	1	T_CS_070	T_CS	70.0	69.99996549339919	70.0001495632499	0.00018406985071806048	0.00018406985071806048	0.02	True	861b37106b6bffb8af5aa0780a88e99efc6bb88ef7f40055d7a4c38fada5ead3	275a3b5e611246e2fa3dceb8d8e27ee35f07ebfb6e17b7ca848093b079564bc1
tight_audit__R_OG2P1-SG3O1_+1h	tight_audit	R_OG2P1-SG3O1_+1h	R_OG2P1-SG3O1	1	T_CS_080	T_CS	80.0	79.99992991278366	79.99684833314754	-0.0030815796361025605	0.0030815796361025605	0.02	True	185564ab2bddfe1f6bee80c92bcc4d84c3c5217d92438a78fed413f0c2f0ee48	f700963fdd2a24e9f27173b91ee48b31b5e4af72f8e485c42de1a33c06f334b4
tight_audit__R_OG2P1-SG3O1_+1h	tight_audit	R_OG2P1-SG3O1_+1h	R_OG2P1-SG3O1	1	T_CS_090	T_CS	90.0	89.99991027498892	89.99433178296194	-0.00557849202698435	0.00557849202698435	0.02	True	95090c3545e38e3050c6dfd9ee40f08d6e347c417cfbc010bffb72eed38858f5	fcd2afe4b40d7fc04611829b81af177bc4ece1de03dd545021321a4fd4e94508
tight_audit__R_OG2P1-SG3O1_+1h	tight_audit	R_OG2P1-SG3O1_+1h	R_OG2P1-SG3O1	1	T_CS_100	T_CS	100.0	99.99973782178598	99.99312777021355	-0.006610051572437214	0.006610051572437214	0.02	True	c5e6d243501db4ba3bbd09f5ae97a9cc954f7652d24c606c3bb8196a5b512755	75bfc13d69aed154c96d602181be691bed8422d0acbc2c6de14f6f6149b94607
tight_audit__R_OG2P1-SG3O1_+1h	tight_audit	R_OG2P1-SG3O1_+1h	R_OG2P1-SG3O1	1	T_CS_110	T_CS	110.0	109.99982259760765	109.99398657345539	-0.005836024152245045	0.005836024152245045	0.02	True	fd3404ec36fe83815887e7a1e639f61c92bd7d0c7d43580b0b9c0fed1892da18	5e29098abaa39f0d9a102c5030e6d5e9f7f195732f3014d1c024ca7ad2982f48
tight_audit__R_OG2P1-SG3O1_+1h	tight_audit	R_OG2P1-SG3O1_+1h	R_OG2P1-SG3O1	1	T_CS_120	T_CS	120.0	120.0000256226668	119.99665548916096	-0.003370133505825379	0.003370133505825379	0.02	True	cd3a576945e09ba26d11c6c20df75fa39584268550f612d9a1dc957add5b6753	a9fc36e0faecbe07c6d0da962841cddad449e6cb8c8d3e2ec6215ad4890574f8
tight_audit__R_OG2P1-SG3O1_+1h	tight_audit	R_OG2P1-SG3O1_+1h	R_OG2P1-SG3O1	1	T_CC_240_FROM_REVERSE_QM	T_CC	240.0	-120.00002885442426	-120.00280476474008	-0.002775910315818919	0.002775910315818919	0.02	True	8af7af63d19b53cffc32f9eda8be8acabcdedd5642a150991c618d46afeeece1	da642566bcb60bea925458db335bf8a5793016bdcee902c24649721b963ab6c0
tight_audit__R_CG312-SG3O1_-1h	tight_audit	R_CG312-SG3O1_-1h	R_CG312-SG3O1	-1	T_CC_000	T_CC	0.0	8.2317896820712e-05	0.0016124069868747061	0.0015300890900675768	0.0015300890900675768	0.02	True	a6e94cfe558c5be38544a34d2a6fad98313d167e35f5e4b511ff44a3e9ca9bd2	c613e37ae802bef85985d93b05737296e0cc1fef553798a80d2b05dbc48ceae9
tight_audit__R_CG312-SG3O1_-1h	tight_audit	R_CG312-SG3O1_-1h	R_CG312-SG3O1	-1	T_CC_030	T_CC	30.0	30.000158540910803	30.010272044045596	0.010113503134789426	0.010113503134789426	0.02	True	bab98c0a3ea47718c84ee2523940894bf3eb8df2875321a686eefa8b41f8b782	6b2cb3101ff1608a468d5f5890072696e6090daa00aca792878ed6f2522dde68
tight_audit__R_CG312-SG3O1_-1h	tight_audit	R_CG312-SG3O1_-1h	R_CG312-SG3O1	-1	T_CC_060	T_CC	60.0	60.0001592609087	60.00440316229283	0.004243901384143101	0.004243901384143101	0.02	True	41baeb9c356cf99a1669a39f741dfb4147717de0ce46134528141edf74e37c1d	2affd49953b2c68c4d36f1aec18ac61659ef495122f24fe935c1e8b593688326
tight_audit__R_CG312-SG3O1_-1h	tight_audit	R_CG312-SG3O1_-1h	R_CG312-SG3O1	-1	T_CC_090	T_CC	90.0	90.00019699894702	90.00661832772913	0.006421328782096225	0.006421328782096225	0.02	True	dbc39b01855c642528b1b5129ecf4ae28ec9520145b3527abc86ff7044f37fe4	932ba6fb49e623f91c04f7df1103f99ec2ebe2adf787d54822a7e96da6dd2223
tight_audit__R_CG312-SG3O1_-1h	tight_audit	R_CG312-SG3O1_-1h	R_CG312-SG3O1	-1	T_CC_120	T_CC	120.0	119.99983965803996	119.99838034834679	-0.0014593096931889704	0.0014593096931889704	0.02	True	703b1af8fd53d30a74d3f4bf3a1f53070360f76270386005e08d7e6d5c6d10b8	e18369aa5b021d822e57f8db421c9986535c9d802c76dab2279a5bc1e4d1cf2a
tight_audit__R_CG312-SG3O1_-1h	tight_audit	R_CG312-SG3O1_-1h	R_CG312-SG3O1	-1	T_CC_150	T_CC	150.0	150.00011419393934	150.00516047842567	0.005046284486326158	0.005046284486326158	0.02	True	3625c62a0da1954c05f2c25a8ce89fd780c033322f4d07af01007123ad2086d7	21b88ce87d556ecaeafed2a924ede7f0fab2af9b532dd965fa419eea0eb8414e
tight_audit__R_CG312-SG3O1_-1h	tight_audit	R_CG312-SG3O1_-1h	R_CG312-SG3O1	-1	T_CC_180	T_CC	180.0	-179.99987411198484	-179.99722411040676	0.0026500015780754893	0.0026500015780754893	0.02	True	237d0de9329d2f7154e75e1b94b8d20dc99d256df491b1962585edd08ac5d56b	71c721db01c7fd5949bc33f5683307e0f46cbe2d834404b58abe7b49514817bc
tight_audit__R_CG312-SG3O1_-1h	tight_audit	R_CG312-SG3O1_-1h	R_CG312-SG3O1	-1	T_CC_210	T_CC	210.0	-150.00009928563182	-150.00606936417088	-0.005970078539064616	0.005970078539064616	0.02	True	ff7ba181ddce36b5fec269c010000630a05fa87e61843c9cb6ae5b286660aa06	21333a7d8b0a58e348dce279b271c3c6363b879b1855b3e739c321a003cf8ad2
tight_audit__R_CG312-SG3O1_-1h	tight_audit	R_CG312-SG3O1_-1h	R_CG312-SG3O1	-1	T_CC_240	T_CC	240.0	-120.00007620746388	-120.00286033556867	-0.0027841281047926714	0.0027841281047926714	0.02	True	880de9f672087b3c73f343d26033dc31c7e6d04945e3ef56427c9859c467bda9	d175fa44a83ade6e4ac34d8f8959fefb605a94d6c6d421564702990ced8c0576
tight_audit__R_CG312-SG3O1_-1h	tight_audit	R_CG312-SG3O1_-1h	R_CG312-SG3O1	-1	T_CC_270	T_CC	270.0	-89.99993474284005	-89.99489915535187	0.0050355874881802265	0.0050355874881802265	0.02	True	0bb8e714e59c30b159e44188b0df6faf6cdafd8794878db4b1f2197b15d282c8	d142e5b470bd92928ceb79859f504bb08bd8c49997f447d151abdfa6827ef8f7
tight_audit__R_CG312-SG3O1_-1h	tight_audit	R_CG312-SG3O1_-1h	R_CG312-SG3O1	-1	T_CC_300	T_CC	300.0	-59.99998160172803	-60.00129079571722	-0.0013091939891864968	0.0013091939891864968	0.02	True	fc6381c1ad4b27e5f9a79cad7e8361d93f1a8d0e253a0d934cd0410aba899c01	61756d979e46ea0b37cfa7cebb5b22e80d823fdd20a54e43c4a14e89acfcd1a7
tight_audit__R_CG312-SG3O1_-1h	tight_audit	R_CG312-SG3O1_-1h	R_CG312-SG3O1	-1	T_CC_330	T_CC	330.0	-30.00016585816224	-30.012837304973864	-0.012671446811623355	0.012671446811623355	0.02	True	12d5e015638e715123552261c80c982de9108a65a82103add957bb662b8d1c03	df0b8e4c73c7afadf585e770483963d8deffc82853b0fc3d7bc3000530aac8d4
tight_audit__R_CG312-SG3O1_-1h	tight_audit	R_CG312-SG3O1_-1h	R_CG312-SG3O1	-1	T_CS_000	T_CS	0.0	1.5180520262743396e-05	-0.0034240490600591627	-0.0034392295803229445	0.0034392295803229445	0.02	True	b76cb71c416ae436646084247ac0799101a651a6e78ef12bdd936ed29539a181	0adc2a758193f4017e7a2dd1892be74b135f857652082640bf249315b5d90953
tight_audit__R_CG312-SG3O1_-1h	tight_audit	R_CG312-SG3O1_-1h	R_CG312-SG3O1	-1	T_CS_010	T_CS	10.0	10.000078136231716	10.00015864658065	8.051034893696851e-05	8.051034893696851e-05	0.02	True	93231ed042bed5c0602602d32e5c5f3d4901969d8156257c0347236c62607f21	8138f98bbdc87eef8247f18e5c78026d03e47843128f0f7a144a9c9ed7f10226
tight_audit__R_CG312-SG3O1_-1h	tight_audit	R_CG312-SG3O1_-1h	R_CG312-SG3O1	-1	T_CS_020	T_CS	20.0	20.00017404591677	20.003211921570983	0.003037875654229083	0.003037875654229083	0.02	True	fc0fe0aaa70da2491407d7cf40549f0928ad568ab5bdce4bbe2d14d68bfcc78c	9d5adb98433abfba9966a91e7d69626933b8b6dc2b11eb3b03bf0131b0b0038d
tight_audit__R_CG312-SG3O1_-1h	tight_audit	R_CG312-SG3O1_-1h	R_CG312-SG3O1	-1	T_CS_030	T_CS	30.0	30.00019985596987	30.006021865311187	0.005822009341329704	0.005822009341329704	0.02	True	a05c8327bb40345cb389bdc875b9059d4912df044e264f7722d2fc594a9c36dd	5da5db5116588f6694b44bf3f899b0fa07dad9b25e62dfb3f370fa0479afd6de
tight_audit__R_CG312-SG3O1_-1h	tight_audit	R_CG312-SG3O1_-1h	R_CG312-SG3O1	-1	T_CS_040	T_CS	40.0	40.00013511844969	40.007010382217445	0.006875263767767592	0.006875263767767592	0.02	True	1a3dc833568c912b0d2cb86bfde6f64600b04206593d34bfbb044abbbf528520	b54940c7e1be1bac9ff828c8ac46c0ccb9dfa646d557e046be5a25a1e35c5248
tight_audit__R_CG312-SG3O1_-1h	tight_audit	R_CG312-SG3O1_-1h	R_CG312-SG3O1	-1	T_CS_050	T_CS	50.0	50.000069706040776	50.00577119437072	0.005701488329947324	0.005701488329947324	0.02	True	d5ffde1699a4340c997fb87781ff0319b604b8e83883345a0da527c51bce31d9	ec30a3a714da2a7f3485943549266cb4427217cdf15fa57096a4af8ee0885aa4
tight_audit__R_CG312-SG3O1_-1h	tight_audit	R_CG312-SG3O1_-1h	R_CG312-SG3O1	-1	T_CS_060	T_CS	60.0	60.00001911469256	60.00330817249621	0.0032890578036415263	0.0032890578036415263	0.02	True	80f6abaaca25fcd7bd9b4a96576a6529dc2aab9c92bb4dc8cb8d94382f35e1bd	ad822d5ff854a440db314b645b7dacc0005a9254a92259da501cea76c341f9a4
tight_audit__R_CG312-SG3O1_-1h	tight_audit	R_CG312-SG3O1_-1h	R_CG312-SG3O1	-1	T_CS_070	T_CS	70.0	69.99996549339919	70.00009571105608	0.00013021765687426523	0.00013021765687426523	0.02	True	861b37106b6bffb8af5aa0780a88e99efc6bb88ef7f40055d7a4c38fada5ead3	38cec66c2d1baecdbd00c76e7c363811a3c3a1d49a09147b3fae1926253465a4
tight_audit__R_CG312-SG3O1_-1h	tight_audit	R_CG312-SG3O1_-1h	R_CG312-SG3O1	-1	T_CS_080	T_CS	80.0	79.99992991278366	79.99677402885895	-0.0031558839247054493	0.0031558839247054493	0.02	True	185564ab2bddfe1f6bee80c92bcc4d84c3c5217d92438a78fed413f0c2f0ee48	54ad013727aad3709057c6fd0610eb006d317302f088a551b995b2fb5cfaca89
tight_audit__R_CG312-SG3O1_-1h	tight_audit	R_CG312-SG3O1_-1h	R_CG312-SG3O1	-1	T_CS_090	T_CS	90.0	89.99991027498892	89.9942431522243	-0.005667122764634769	0.005667122764634769	0.02	True	95090c3545e38e3050c6dfd9ee40f08d6e347c417cfbc010bffb72eed38858f5	a62d23f55bd218ea4b2616eee15ebffa9076ad560ed4c9872ad11155ac3d21a0
tight_audit__R_CG312-SG3O1_-1h	tight_audit	R_CG312-SG3O1_-1h	R_CG312-SG3O1	-1	T_CS_100	T_CS	100.0	99.99973782178598	99.99304265142757	-0.0066951703583981725	0.0066951703583981725	0.02	True	c5e6d243501db4ba3bbd09f5ae97a9cc954f7652d24c606c3bb8196a5b512755	b061ee35afb4a995cb78fd44d944922fe20e74c075ad9c4ac9e9f5c242a35db4
tight_audit__R_CG312-SG3O1_-1h	tight_audit	R_CG312-SG3O1_-1h	R_CG312-SG3O1	-1	T_CS_110	T_CS	110.0	109.99982259760765	109.99392594544086	-0.00589665216676849	0.00589665216676849	0.02	True	fd3404ec36fe83815887e7a1e639f61c92bd7d0c7d43580b0b9c0fed1892da18	6fbdaec04a68fb1e17ad15acbcd610e6caa74caaea5ad61661da8255e0d3e10a
tight_audit__R_CG312-SG3O1_-1h	tight_audit	R_CG312-SG3O1_-1h	R_CG312-SG3O1	-1	T_CS_120	T_CS	120.0	120.0000256226668	119.99664365420313	-0.0033819684636569036	0.0033819684636569036	0.02	True	cd3a576945e09ba26d11c6c20df75fa39584268550f612d9a1dc957add5b6753	4b8058cbe673225a8d043abe007308f0995d8ad9be843e51adfa5f94a27fdc5c
tight_audit__R_CG312-SG3O1_-1h	tight_audit	R_CG312-SG3O1_-1h	R_CG312-SG3O1	-1	T_CC_240_FROM_REVERSE_QM	T_CC	240.0	-120.00002885442426	-120.00281410086134	-0.002785246437099431	0.002785246437099431	0.02	True	8af7af63d19b53cffc32f9eda8be8acabcdedd5642a150991c618d46afeeece1	bfba07f617f21f2b6e3966677f7b652f5e5a243f066dbaece44a7307f8737450
tight_audit__R_CG312-SG3O1_+1h	tight_audit	R_CG312-SG3O1_+1h	R_CG312-SG3O1	1	T_CC_000	T_CC	0.0	8.2317896820712e-05	0.0015607489809010687	0.0014784310840809667	0.0014784310840809667	0.02	True	a6e94cfe558c5be38544a34d2a6fad98313d167e35f5e4b511ff44a3e9ca9bd2	e3848a57eab611eb4ca18b03854b893f6e2ed62d0207af197595a369a1cb1c46
tight_audit__R_CG312-SG3O1_+1h	tight_audit	R_CG312-SG3O1_+1h	R_CG312-SG3O1	1	T_CC_030	T_CC	30.0	30.000158540910803	30.010282649168854	0.01012410825805432	0.01012410825805432	0.02	True	bab98c0a3ea47718c84ee2523940894bf3eb8df2875321a686eefa8b41f8b782	505f621f199d32e20bb6ccdf52faf390b850fbc067ed733ac5d8f490802670d7
tight_audit__R_CG312-SG3O1_+1h	tight_audit	R_CG312-SG3O1_+1h	R_CG312-SG3O1	1	T_CC_060	T_CC	60.0	60.0001592609087	60.00450030979474	0.00434104888603315	0.00434104888603315	0.02	True	41baeb9c356cf99a1669a39f741dfb4147717de0ce46134528141edf74e37c1d	abf8b07b9842920e6b38ea5eb8b9ac1f70feed347999a074cba72803ec3a345d
tight_audit__R_CG312-SG3O1_+1h	tight_audit	R_CG312-SG3O1_+1h	R_CG312-SG3O1	1	T_CC_090	T_CC	90.0	90.00019699894702	90.006686907033	0.006489908085995921	0.006489908085995921	0.02	True	dbc39b01855c642528b1b5129ecf4ae28ec9520145b3527abc86ff7044f37fe4	3fc2c35c6f64420d8f13ffe9a1f91182e2c37c0c9d677a7cfcda0e385f6ed730
tight_audit__R_CG312-SG3O1_+1h	tight_audit	R_CG312-SG3O1_+1h	R_CG312-SG3O1	1	T_CC_120	T_CC	120.0	119.99983965803996	119.99832140773432	-0.0015182503056507812	0.0015182503056507812	0.02	True	703b1af8fd53d30a74d3f4bf3a1f53070360f76270386005e08d7e6d5c6d10b8	ae5af7f8732bc6626a721438c44eade1fb3b8563479655e3344428ccad8a833d
tight_audit__R_CG312-SG3O1_+1h	tight_audit	R_CG312-SG3O1_+1h	R_CG312-SG3O1	1	T_CC_150	T_CC	150.0	150.00011419393934	150.0052041422342	0.00508994829485232	0.00508994829485232	0.02	True	3625c62a0da1954c05f2c25a8ce89fd780c033322f4d07af01007123ad2086d7	a910ced256b976bdaa3d330195b7c8e7682329b9260d355d0e1f2bc97426488d
tight_audit__R_CG312-SG3O1_+1h	tight_audit	R_CG312-SG3O1_+1h	R_CG312-SG3O1	1	T_CC_180	T_CC	180.0	-179.99987411198484	-179.99723231475062	0.002641797234218757	0.002641797234218757	0.02	True	237d0de9329d2f7154e75e1b94b8d20dc99d256df491b1962585edd08ac5d56b	a52c24c010d84beaf54e28b8283a084819dd5e9fc5572159c1abbd2c12734345
tight_audit__R_CG312-SG3O1_+1h	tight_audit	R_CG312-SG3O1_+1h	R_CG312-SG3O1	1	T_CC_210	T_CC	210.0	-150.00009928563182	-150.00610348664398	-0.006004201012160593	0.006004201012160593	0.02	True	ff7ba181ddce36b5fec269c010000630a05fa87e61843c9cb6ae5b286660aa06	eb91a12c578207e4cccf330e931c7c14648d9c56bb4fd7532e2302bbc07105ad
tight_audit__R_CG312-SG3O1_+1h	tight_audit	R_CG312-SG3O1_+1h	R_CG312-SG3O1	1	T_CC_240	T_CC	240.0	-120.00007620746388	-120.00283279231701	-0.0027565848531310166	0.0027565848531310166	0.02	True	880de9f672087b3c73f343d26033dc31c7e6d04945e3ef56427c9859c467bda9	3c158d17f1bf1477d51741ae8851ca56615e16603efeddd26de40abadd24737c
tight_audit__R_CG312-SG3O1_+1h	tight_audit	R_CG312-SG3O1_+1h	R_CG312-SG3O1	1	T_CC_270	T_CC	270.0	-89.99993474284005	-89.99499069751424	0.004944045325828483	0.004944045325828483	0.02	True	0bb8e714e59c30b159e44188b0df6faf6cdafd8794878db4b1f2197b15d282c8	bd5e51b071922775e223642f5053934b71c38454ba244d83cf91b2848d29574a
tight_audit__R_CG312-SG3O1_+1h	tight_audit	R_CG312-SG3O1_+1h	R_CG312-SG3O1	1	T_CC_300	T_CC	300.0	-59.99998160172803	-60.001314143967335	-0.0013325422393108965	0.0013325422393108965	0.02	True	fc6381c1ad4b27e5f9a79cad7e8361d93f1a8d0e253a0d934cd0410aba899c01	ed03f3a1a563a5f8e71e3f99396dbf624e41759696c12166a7a8a7d6aca99043
tight_audit__R_CG312-SG3O1_+1h	tight_audit	R_CG312-SG3O1_+1h	R_CG312-SG3O1	1	T_CC_330	T_CC	330.0	-30.00016585816224	-30.012852648157004	-0.012686789994774017	0.012686789994774017	0.02	True	12d5e015638e715123552261c80c982de9108a65a82103add957bb662b8d1c03	1e32edf5af84a4aef709679939da2de8d2bc985a9151131d87bed28a3e47e5ae
tight_audit__R_CG312-SG3O1_+1h	tight_audit	R_CG312-SG3O1_+1h	R_CG312-SG3O1	1	T_CS_000	T_CS	0.0	1.5180520262743396e-05	-0.003374626449585153	-0.003389806969835263	0.003389806969835263	0.02	True	b76cb71c416ae436646084247ac0799101a651a6e78ef12bdd936ed29539a181	0c8ae779b14b782d3d74dd9a2d2954a4f0462f8d5c45a47bc99ff11da3d568b2
tight_audit__R_CG312-SG3O1_+1h	tight_audit	R_CG312-SG3O1_+1h	R_CG312-SG3O1	1	T_CS_010	T_CS	10.0	10.000078136231716	10.000124637660482	4.650142875561869e-05	4.650142875561869e-05	0.02	True	93231ed042bed5c0602602d32e5c5f3d4901969d8156257c0347236c62607f21	4b4a280e174f32e9b1ecf8c4a775778500f6f94c7c1e0580483d815d9f434be9
tight_audit__R_CG312-SG3O1_+1h	tight_audit	R_CG312-SG3O1_+1h	R_CG312-SG3O1	1	T_CS_020	T_CS	20.0	20.00017404591677	20.003102166604222	0.00292812068744297	0.00292812068744297	0.02	True	fc0fe0aaa70da2491407d7cf40549f0928ad568ab5bdce4bbe2d14d68bfcc78c	4913aa249c546fb2c4ea88ad4ba29786a9a6d106ac1b3de519a58f541f84cba8
tight_audit__R_CG312-SG3O1_+1h	tight_audit	R_CG312-SG3O1_+1h	R_CG312-SG3O1	1	T_CS_030	T_CS	30.0	30.00019985596987	30.005792259589864	0.005592403619999686	0.005592403619999686	0.02	True	a05c8327bb40345cb389bdc875b9059d4912df044e264f7722d2fc594a9c36dd	7de3c30c7e855cb46796a39fb111f4875bf5d59463e8ded7621337a7c3bdc8b0
tight_audit__R_CG312-SG3O1_+1h	tight_audit	R_CG312-SG3O1_+1h	R_CG312-SG3O1	1	T_CS_040	T_CS	40.0	40.00013511844969	40.006924404924824	0.006789286475139988	0.006789286475139988	0.02	True	1a3dc833568c912b0d2cb86bfde6f64600b04206593d34bfbb044abbbf528520	bf4119c11a97a97c92463233fe83da6da058103d1de9947786bcca162c9f44d6
tight_audit__R_CG312-SG3O1_+1h	tight_audit	R_CG312-SG3O1_+1h	R_CG312-SG3O1	1	T_CS_050	T_CS	50.0	50.000069706040776	50.00573420221366	0.005664496172869349	0.005664496172869349	0.02	True	d5ffde1699a4340c997fb87781ff0319b604b8e83883345a0da527c51bce31d9	8be2fdb6785b62933bcedb0260766e3359b2f52d761dc0abed7100dca2d7deeb
tight_audit__R_CG312-SG3O1_+1h	tight_audit	R_CG312-SG3O1_+1h	R_CG312-SG3O1	1	T_CS_060	T_CS	60.0	60.00001911469256	60.00331708065344	0.0032979659608827205	0.0032979659608827205	0.02	True	80f6abaaca25fcd7bd9b4a96576a6529dc2aab9c92bb4dc8cb8d94382f35e1bd	a98a2e63e4ab43410090603957abe0533ddf402736fd86ab16649acde8253112
tight_audit__R_CG312-SG3O1_+1h	tight_audit	R_CG312-SG3O1_+1h	R_CG312-SG3O1	1	T_CS_070	T_CS	70.0	69.99996549339919	70.00014385941597	0.00017836601676890496	0.00017836601676890496	0.02	True	861b37106b6bffb8af5aa0780a88e99efc6bb88ef7f40055d7a4c38fada5ead3	2df27886a08b1d2e7ae14a36c8b36dd880c05d53a770c9bd1facc8b23e2d7711
tight_audit__R_CG312-SG3O1_+1h	tight_audit	R_CG312-SG3O1_+1h	R_CG312-SG3O1	1	T_CS_080	T_CS	80.0	79.99992991278366	79.99685294156231	-0.0030769712213327693	0.0030769712213327693	0.02	True	185564ab2bddfe1f6bee80c92bcc4d84c3c5217d92438a78fed413f0c2f0ee48	7f9c168364e8d5a1835e9e1020720a34516bea910330a924def205f56ce4ca66
tight_audit__R_CG312-SG3O1_+1h	tight_audit	R_CG312-SG3O1_+1h	R_CG312-SG3O1	1	T_CS_090	T_CS	90.0	89.99991027498892	89.99434486942887	-0.005565405560048475	0.005565405560048475	0.02	True	95090c3545e38e3050c6dfd9ee40f08d6e347c417cfbc010bffb72eed38858f5	53866aa6b07e8882e279d46d01d6fcf72f8dce1c1d69ae75bd0b95b7ad32e429
tight_audit__R_CG312-SG3O1_+1h	tight_audit	R_CG312-SG3O1_+1h	R_CG312-SG3O1	1	T_CS_100	T_CS	100.0	99.99973782178598	99.99315203223743	-0.006585789548552157	0.006585789548552157	0.02	True	c5e6d243501db4ba3bbd09f5ae97a9cc954f7652d24c606c3bb8196a5b512755	0de0d1cf1d9ee9ed41e2b737db2a7927f4361436f0f74afb1358530f7bc86685
tight_audit__R_CG312-SG3O1_+1h	tight_audit	R_CG312-SG3O1_+1h	R_CG312-SG3O1	1	T_CS_110	T_CS	110.0	109.99982259760765	109.99401667443679	-0.005805923170839833	0.005805923170839833	0.02	True	fd3404ec36fe83815887e7a1e639f61c92bd7d0c7d43580b0b9c0fed1892da18	0aca6c62f8baaafd1ec4c72c5140a97ee071899d84d73ea0386024a8e88087a5
tight_audit__R_CG312-SG3O1_+1h	tight_audit	R_CG312-SG3O1_+1h	R_CG312-SG3O1	1	T_CS_120	T_CS	120.0	120.0000256226668	119.99668318022377	-0.0033424424430279487	0.0033424424430279487	0.02	True	cd3a576945e09ba26d11c6c20df75fa39584268550f612d9a1dc957add5b6753	8315974c963448dc7f6a52cfe4df455d6c120d75c61db6401f3397a9b6b2f74d
tight_audit__R_CG312-SG3O1_+1h	tight_audit	R_CG312-SG3O1_+1h	R_CG312-SG3O1	1	T_CC_240_FROM_REVERSE_QM	T_CC	240.0	-120.00002885442426	-120.00278544129101	-0.0027565868667522864	0.0027565868667522864	0.02	True	8af7af63d19b53cffc32f9eda8be8acabcdedd5642a150991c618d46afeeece1	be4fcfae6142f3125eea3e63c48c8ecbf9cccf5c91a46187d4201cf2ad4e10bf
tight_audit__R_CG312-CG312_-1h	tight_audit	R_CG312-CG312_-1h	R_CG312-CG312	-1	T_CC_000	T_CC	0.0	8.2317896820712e-05	0.0015599797782453548	0.0014776618814380527	0.0014776618814380527	0.02	True	a6e94cfe558c5be38544a34d2a6fad98313d167e35f5e4b511ff44a3e9ca9bd2	6ece217f7f7137d0993bbd4919f14cb120bc7b84badcefb91aec3228ca91d557
tight_audit__R_CG312-CG312_-1h	tight_audit	R_CG312-CG312_-1h	R_CG312-CG312	-1	T_CC_030	T_CC	30.0	30.000158540910803	30.01037917917319	0.010220638262381954	0.010220638262381954	0.02	True	bab98c0a3ea47718c84ee2523940894bf3eb8df2875321a686eefa8b41f8b782	97b354b58545daf052016f067565e9c14ba9b5f518c3db69ea0d12dd33ab3769
tight_audit__R_CG312-CG312_-1h	tight_audit	R_CG312-CG312_-1h	R_CG312-CG312	-1	T_CC_060	T_CC	60.0	60.0001592609087	60.00441235720601	0.004253096297304637	0.004253096297304637	0.02	True	41baeb9c356cf99a1669a39f741dfb4147717de0ce46134528141edf74e37c1d	f2a84834d30014a285469b1b6d1f544fd6d00704adfb7acaab7c6bb8e5225362
tight_audit__R_CG312-CG312_-1h	tight_audit	R_CG312-CG312_-1h	R_CG312-CG312	-1	T_CC_090	T_CC	90.0	90.00019699894702	90.00657754218317	0.006380543236161884	0.006380543236161884	0.02	True	dbc39b01855c642528b1b5129ecf4ae28ec9520145b3527abc86ff7044f37fe4	2c505ab0c1cef00c865ded7eaf4aff853d634b8a6695827d202d4685e2ca6cf1
tight_audit__R_CG312-CG312_-1h	tight_audit	R_CG312-CG312_-1h	R_CG312-CG312	-1	T_CC_120	T_CC	120.0	119.99983965803996	119.99830417365638	-0.0015354843835666543	0.0015354843835666543	0.02	True	703b1af8fd53d30a74d3f4bf3a1f53070360f76270386005e08d7e6d5c6d10b8	3b046f9031849e27303e60caab956e9e1625f2953aac2d79a85920a12404e40c
tight_audit__R_CG312-CG312_-1h	tight_audit	R_CG312-CG312_-1h	R_CG312-CG312	-1	T_CC_150	T_CC	150.0	150.00011419393934	150.00527214230647	0.005157948367127574	0.005157948367127574	0.02	True	3625c62a0da1954c05f2c25a8ce89fd780c033322f4d07af01007123ad2086d7	df9e792bbdbf1f61a9aaf6a4ac0804f578a84ac0c44a57ae171a203d80c209b3
tight_audit__R_CG312-CG312_-1h	tight_audit	R_CG312-CG312_-1h	R_CG312-CG312	-1	T_CC_180	T_CC	180.0	-179.99987411198484	-179.99720019077267	0.002673921212164032	0.002673921212164032	0.02	True	237d0de9329d2f7154e75e1b94b8d20dc99d256df491b1962585edd08ac5d56b	efdc304771ab370376ff14be04503b10d9f13092b9b0117609909522dd2663cb
tight_audit__R_CG312-CG312_-1h	tight_audit	R_CG312-CG312_-1h	R_CG312-CG312	-1	T_CC_210	T_CC	210.0	-150.00009928563182	-150.00618474526638	-0.006085459634562085	0.006085459634562085	0.02	True	ff7ba181ddce36b5fec269c010000630a05fa87e61843c9cb6ae5b286660aa06	10c7432f4c53f6e71e0fe47f26dba304129c702d8de39f5ddbbb72739d930ae0
tight_audit__R_CG312-CG312_-1h	tight_audit	R_CG312-CG312_-1h	R_CG312-CG312	-1	T_CC_240	T_CC	240.0	-120.00007620746388	-120.00291195840143	-0.0028357509375496193	0.0028357509375496193	0.02	True	880de9f672087b3c73f343d26033dc31c7e6d04945e3ef56427c9859c467bda9	9c32614c95b35262ffee8637e498818fc73b8d9e6ad6ee8297fe27ae8a07cd11
tight_audit__R_CG312-CG312_-1h	tight_audit	R_CG312-CG312_-1h	R_CG312-CG312	-1	T_CC_270	T_CC	270.0	-89.99993474284005	-89.99480207495813	0.00513266788192368	0.00513266788192368	0.02	True	0bb8e714e59c30b159e44188b0df6faf6cdafd8794878db4b1f2197b15d282c8	c629d5df42a124e4b7939471405abf0048e97146ac751b7332d408521a7262b3
tight_audit__R_CG312-CG312_-1h	tight_audit	R_CG312-CG312_-1h	R_CG312-CG312	-1	T_CC_300	T_CC	300.0	-59.99998160172803	-60.00129242746454	-0.0013108257365104237	0.0013108257365104237	0.02	True	fc6381c1ad4b27e5f9a79cad7e8361d93f1a8d0e253a0d934cd0410aba899c01	0c2de0c14d7295ac9cad309e555ec1ea071d0e6e4933bc94d4c2beed76c903a7
tight_audit__R_CG312-CG312_-1h	tight_audit	R_CG312-CG312_-1h	R_CG312-CG312	-1	T_CC_330	T_CC	330.0	-30.00016585816224	-30.012961909354985	-0.012796051192736968	0.012796051192736968	0.02	True	12d5e015638e715123552261c80c982de9108a65a82103add957bb662b8d1c03	937a2c4f48450a694b32079c2e63665f590dbd5cc1c340b056bfb65ac038933e
tight_audit__R_CG312-CG312_-1h	tight_audit	R_CG312-CG312_-1h	R_CG312-CG312	-1	T_CS_000	T_CS	0.0	1.5180520262743396e-05	-0.003452731973231505	-0.0034679124935053096	0.0034679124935053096	0.02	True	b76cb71c416ae436646084247ac0799101a651a6e78ef12bdd936ed29539a181	06ce2565e8890ef233890b8b795d8828899d81477391435c0732268fb0ca7f0e
tight_audit__R_CG312-CG312_-1h	tight_audit	R_CG312-CG312_-1h	R_CG312-CG312	-1	T_CS_010	T_CS	10.0	10.000078136231716	10.000085741989421	7.605757701867333e-06	7.605757701867333e-06	0.02	True	93231ed042bed5c0602602d32e5c5f3d4901969d8156257c0347236c62607f21	4d470e7b055271e09d9ae93cfa1b5ec87c6825337423e31bb52f46fe1e519973
tight_audit__R_CG312-CG312_-1h	tight_audit	R_CG312-CG312_-1h	R_CG312-CG312	-1	T_CS_020	T_CS	20.0	20.00017404591677	20.00312521911489	0.0029511731981131106	0.0029511731981131106	0.02	True	fc0fe0aaa70da2491407d7cf40549f0928ad568ab5bdce4bbe2d14d68bfcc78c	a5f175a9631f49f6e49bc61332c40806ee8a2f25cbbf7bc782af6db276fdb46c
tight_audit__R_CG312-CG312_-1h	tight_audit	R_CG312-CG312_-1h	R_CG312-CG312	-1	T_CS_030	T_CS	30.0	30.00019985596987	30.005999847265127	0.005799991295248219	0.005799991295248219	0.02	True	a05c8327bb40345cb389bdc875b9059d4912df044e264f7722d2fc594a9c36dd	9afb5353176c0fd1a917825788d01a8bb3152e5d0d95a64617b8276a7ede6967
tight_audit__R_CG312-CG312_-1h	tight_audit	R_CG312-CG312_-1h	R_CG312-CG312	-1	T_CS_040	T_CS	40.0	40.00013511844969	40.00702288366088	0.0068877652111893894	0.0068877652111893894	0.02	True	1a3dc833568c912b0d2cb86bfde6f64600b04206593d34bfbb044abbbf528520	2562473bc3a2dbc1179979c94d7bb35e26e89a91711abfa1f1dec3593032eda8
tight_audit__R_CG312-CG312_-1h	tight_audit	R_CG312-CG312_-1h	R_CG312-CG312	-1	T_CS_050	T_CS	50.0	50.000069706040776	50.00579678700755	0.005727080966778431	0.005727080966778431	0.02	True	d5ffde1699a4340c997fb87781ff0319b604b8e83883345a0da527c51bce31d9	dcd3b1dda3362bc7cc9efab8cbda17bb805491e00521b3a5ee5ec00455305c73
tight_audit__R_CG312-CG312_-1h	tight_audit	R_CG312-CG312_-1h	R_CG312-CG312	-1	T_CS_060	T_CS	60.0	60.00001911469256	60.00333972011655	0.0033206054239940386	0.0033206054239940386	0.02	True	80f6abaaca25fcd7bd9b4a96576a6529dc2aab9c92bb4dc8cb8d94382f35e1bd	99da0ed7297d25f6df5c83a19f282698772b814a90052168418ed2d30751e713
tight_audit__R_CG312-CG312_-1h	tight_audit	R_CG312-CG312_-1h	R_CG312-CG312	-1	T_CS_070	T_CS	70.0	69.99996549339919	70.00012463863538	0.0001591452361822121	0.0001591452361822121	0.02	True	861b37106b6bffb8af5aa0780a88e99efc6bb88ef7f40055d7a4c38fada5ead3	81e4fd9aed528bd451e1d1ea3065c4e48c70742f38a0e08f8b1438acb2bb89d3
tight_audit__R_CG312-CG312_-1h	tight_audit	R_CG312-CG312_-1h	R_CG312-CG312	-1	T_CS_080	T_CS	80.0	79.99992991278366	79.99680804144016	-0.003121871343495286	0.003121871343495286	0.02	True	185564ab2bddfe1f6bee80c92bcc4d84c3c5217d92438a78fed413f0c2f0ee48	05f434a0c14c59a451456e12fc1a11031f11f4d5e32953dfa79b85fc55e7f6a4
tight_audit__R_CG312-CG312_-1h	tight_audit	R_CG312-CG312_-1h	R_CG312-CG312	-1	T_CS_090	T_CS	90.0	89.99991027498892	89.99428234012181	-0.005627934867106887	0.005627934867106887	0.02	True	95090c3545e38e3050c6dfd9ee40f08d6e347c417cfbc010bffb72eed38858f5	a1e63177c17a55d3a0c44efa0d787d73d4b3648d803491b71a308214cad38c12
tight_audit__R_CG312-CG312_-1h	tight_audit	R_CG312-CG312_-1h	R_CG312-CG312	-1	T_CS_100	T_CS	100.0	99.99973782178598	99.99307920479964	-0.006658616986328525	0.006658616986328525	0.02	True	c5e6d243501db4ba3bbd09f5ae97a9cc954f7652d24c606c3bb8196a5b512755	d3dc8a21d1e61d9515e41faaab6553cfbe7ffc08720ef773a79c6492c9c0162f
tight_audit__R_CG312-CG312_-1h	tight_audit	R_CG312-CG312_-1h	R_CG312-CG312	-1	T_CS_110	T_CS	110.0	109.99982259760765	109.9939351923573	-0.005887405250348365	0.005887405250348365	0.02	True	fd3404ec36fe83815887e7a1e639f61c92bd7d0c7d43580b0b9c0fed1892da18	7a7ba3b3de165a46cf4162e040ab79a04cccef2906cb37e5adf92dc5b72fd686
tight_audit__R_CG312-CG312_-1h	tight_audit	R_CG312-CG312_-1h	R_CG312-CG312	-1	T_CS_120	T_CS	120.0	120.0000256226668	119.9966113808912	-0.0034142417756015675	0.0034142417756015675	0.02	True	cd3a576945e09ba26d11c6c20df75fa39584268550f612d9a1dc957add5b6753	1b62fced170c914ed0fe82ba1656b91f7811ca99a1fe7e73d87fbc38cfb8d2dd
tight_audit__R_CG312-CG312_-1h	tight_audit	R_CG312-CG312_-1h	R_CG312-CG312	-1	T_CC_240_FROM_REVERSE_QM	T_CC	240.0	-120.00002885442426	-120.00286649650965	-0.0028376420854101525	0.0028376420854101525	0.02	True	8af7af63d19b53cffc32f9eda8be8acabcdedd5642a150991c618d46afeeece1	c58d38b0810e8536e8542a4f3f194b4c9c51ad42a98e466d4745c17e85cb5c43
tight_audit__R_CG312-CG312_+1h	tight_audit	R_CG312-CG312_+1h	R_CG312-CG312	1	T_CC_000	T_CC	0.0	8.2317896820712e-05	0.0016044468261061547	0.0015221289292810525	0.0015221289292810525	0.02	True	a6e94cfe558c5be38544a34d2a6fad98313d167e35f5e4b511ff44a3e9ca9bd2	4f3ec46d4f58a96fa62c0e2e3ef4c155e84850a977bfffda88e563941ac8c5b3
tight_audit__R_CG312-CG312_+1h	tight_audit	R_CG312-CG312_+1h	R_CG312-CG312	1	T_CC_030	T_CC	30.0	30.000158540910803	30.010175058921572	0.010016518010758091	0.010016518010758091	0.02	True	bab98c0a3ea47718c84ee2523940894bf3eb8df2875321a686eefa8b41f8b782	51a23f66bc2d0344c1cc7e7df0cb40ea28990a668fd899ea0713f08b22e7497f
tight_audit__R_CG312-CG312_+1h	tight_audit	R_CG312-CG312_+1h	R_CG312-CG312	1	T_CC_060	T_CC	60.0	60.0001592609087	60.004489750773445	0.004330489864742049	0.004330489864742049	0.02	True	41baeb9c356cf99a1669a39f741dfb4147717de0ce46134528141edf74e37c1d	2dc66c4124522d65fdb8473feaf368969a6a365bdf94c5ca755c110a0a4d47ac
tight_audit__R_CG312-CG312_+1h	tight_audit	R_CG312-CG312_+1h	R_CG312-CG312	1	T_CC_090	T_CC	90.0	90.00019699894702	90.0067208524476	0.006523853500596033	0.006523853500596033	0.02	True	dbc39b01855c642528b1b5129ecf4ae28ec9520145b3527abc86ff7044f37fe4	dda0d1f4d33532d818fb219c6989edd20893f1d112a8fc765f4e7066712245a1
tight_audit__R_CG312-CG312_+1h	tight_audit	R_CG312-CG312_+1h	R_CG312-CG312	1	T_CC_120	T_CC	120.0	119.99983965803996	119.99839245395603	-0.0014472040839450528	0.0014472040839450528	0.02	True	703b1af8fd53d30a74d3f4bf3a1f53070360f76270386005e08d7e6d5c6d10b8	2eaead621c47af3fd5b959003ba0fcb5064dcc49c6800a17b2818be46794bc0e
tight_audit__R_CG312-CG312_+1h	tight_audit	R_CG312-CG312_+1h	R_CG312-CG312	1	T_CC_150	T_CC	150.0	150.00011419393934	150.00509040328532	0.004976209345983307	0.004976209345983307	0.02	True	3625c62a0da1954c05f2c25a8ce89fd780c033322f4d07af01007123ad2086d7	57d4d833cf178dd98ab6fbb392f10f464fce2d15e38e4922cf2f0f36e9ff857b
tight_audit__R_CG312-CG312_+1h	tight_audit	R_CG312-CG312_+1h	R_CG312-CG312	1	T_CC_180	T_CC	180.0	-179.99987411198484	-179.99725161999413	0.0026224919907065214	0.0026224919907065214	0.02	True	237d0de9329d2f7154e75e1b94b8d20dc99d256df491b1962585edd08ac5d56b	09f71757dd78ee1454107e511efe8583164b15e8a91c132d707a0603b41c9d67
tight_audit__R_CG312-CG312_+1h	tight_audit	R_CG312-CG312_+1h	R_CG312-CG312	1	T_CC_210	T_CC	210.0	-150.00009928563182	-150.00599260668199	-0.005893321050166378	0.005893321050166378	0.02	True	ff7ba181ddce36b5fec269c010000630a05fa87e61843c9cb6ae5b286660aa06	4033199ccba90e3213738a38d099d44d350de5c008fe28e12cc9598205a3e9c0
tight_audit__R_CG312-CG312_+1h	tight_audit	R_CG312-CG312_+1h	R_CG312-CG312	1	T_CC_240	T_CC	240.0	-120.00007620746388	-120.00278294997482	-0.0027067425109521537	0.0027067425109521537	0.02	True	880de9f672087b3c73f343d26033dc31c7e6d04945e3ef56427c9859c467bda9	1293e3a4e0a922b19700f4c792cd36fefb19a7c46ef2b0186a69810045d66323
tight_audit__R_CG312-CG312_+1h	tight_audit	R_CG312-CG312_+1h	R_CG312-CG312	1	T_CC_270	T_CC	270.0	-89.99993474284005	-89.99509245295611	0.004842289883924877	0.004842289883924877	0.02	True	0bb8e714e59c30b159e44188b0df6faf6cdafd8794878db4b1f2197b15d282c8	d2a152cd3343ff41cd29edf957af599df301b8d6ea46168b7ec24248620eb179
tight_audit__R_CG312-CG312_+1h	tight_audit	R_CG312-CG312_+1h	R_CG312-CG312	1	T_CC_300	T_CC	300.0	-59.99998160172803	-60.00131235603399	-0.0013307543059681848	0.0013307543059681848	0.02	True	fc6381c1ad4b27e5f9a79cad7e8361d93f1a8d0e253a0d934cd0410aba899c01	85611ee73ebaaaaa63d72e94542dae6128cdefad30cf5e8e93b121d03365928a
tight_audit__R_CG312-CG312_+1h	tight_audit	R_CG312-CG312_+1h	R_CG312-CG312	1	T_CC_330	T_CC	330.0	-30.00016585816224	-30.012728718931456	-0.012562860769207873	0.012562860769207873	0.02	True	12d5e015638e715123552261c80c982de9108a65a82103add957bb662b8d1c03	99ade6b42d9af826841827f641287f9edf7bc0d3e1b4b685bc258557cde3fc2b
tight_audit__R_CG312-CG312_+1h	tight_audit	R_CG312-CG312_+1h	R_CG312-CG312	1	T_CS_000	T_CS	0.0	1.5180520262743396e-05	-0.0033480339090881687	-0.003363214429356276	0.003363214429356276	0.02	True	b76cb71c416ae436646084247ac0799101a651a6e78ef12bdd936ed29539a181	61d58af3ced5186db2080b7cd0a510e052a4e6630d55f7399f95c60f3675a079
tight_audit__R_CG312-CG312_+1h	tight_audit	R_CG312-CG312_+1h	R_CG312-CG312	1	T_CS_010	T_CS	10.0	10.000078136231716	10.000195692635614	0.00011755640389310429	0.00011755640389310429	0.02	True	93231ed042bed5c0602602d32e5c5f3d4901969d8156257c0347236c62607f21	b78ed3981744823795800c6e0a14c1472c74c5fbd02707f882408ec99e5ac12a
tight_audit__R_CG312-CG312_+1h	tight_audit	R_CG312-CG312_+1h	R_CG312-CG312	1	T_CS_020	T_CS	20.0	20.00017404591677	20.00318508003246	0.00301103411570125	0.00301103411570125	0.02	True	fc0fe0aaa70da2491407d7cf40549f0928ad568ab5bdce4bbe2d14d68bfcc78c	a03e89a137de9834f3a37196e76f0f9e83080f2c61ff3ed393d5b42144b8643c
tight_audit__R_CG312-CG312_+1h	tight_audit	R_CG312-CG312_+1h	R_CG312-CG312	1	T_CS_030	T_CS	30.0	30.00019985596987	30.00581973971653	0.005619883746646792	0.005619883746646792	0.02	True	a05c8327bb40345cb389bdc875b9059d4912df044e264f7722d2fc594a9c36dd	bee5a5a49b5a7820cfffd3334903e1cd01fd9d1423a2a898c0f60c2c35c9438e
tight_audit__R_CG312-CG312_+1h	tight_audit	R_CG312-CG312_+1h	R_CG312-CG312	1	T_CS_040	T_CS	40.0	40.00013511844969	40.006911499979175	0.006776381529476794	0.006776381529476794	0.02	True	1a3dc833568c912b0d2cb86bfde6f64600b04206593d34bfbb044abbbf528520	3fbf3abbbd2920e52f1e32c643d0ee31b5221c258f2dc509df4b02573ddfde3e
tight_audit__R_CG312-CG312_+1h	tight_audit	R_CG312-CG312_+1h	R_CG312-CG312	1	T_CS_050	T_CS	50.0	50.000069706040776	50.005708200460646	0.005638494419883955	0.005638494419883955	0.02	True	d5ffde1699a4340c997fb87781ff0319b604b8e83883345a0da527c51bce31d9	a87c5d6d2e08bf093c83b92aa8a7b2d5a29fedf43d771067e7491944c40ba24c
tight_audit__R_CG312-CG312_+1h	tight_audit	R_CG312-CG312_+1h	R_CG312-CG312	1	T_CS_060	T_CS	60.0	60.00001911469256	60.003285582692826	0.0032664680002767454	0.0032664680002767454	0.02	True	80f6abaaca25fcd7bd9b4a96576a6529dc2aab9c92bb4dc8cb8d94382f35e1bd	7e7ad2a16508001467bd0ce7400c48bf539e2e435b431785e79196dcda689f9f
tight_audit__R_CG312-CG312_+1h	tight_audit	R_CG312-CG312_+1h	R_CG312-CG312	1	T_CS_070	T_CS	70.0	69.99996549339919	70.00011310475821	0.00014761135901153466	0.00014761135901153466	0.02	True	861b37106b6bffb8af5aa0780a88e99efc6bb88ef7f40055d7a4c38fada5ead3	aad5fdc63ec7e071cdc7d1aefe634ee649f4a8d4b5922ec03926dbedcc3be262
tight_audit__R_CG312-CG312_+1h	tight_audit	R_CG312-CG312_+1h	R_CG312-CG312	1	T_CS_080	T_CS	80.0	79.99992991278366	79.99681932239879	-0.0031105903848640537	0.0031105903848640537	0.02	True	185564ab2bddfe1f6bee80c92bcc4d84c3c5217d92438a78fed413f0c2f0ee48	c887f9a00da04622abfdc2dddf0bec7157db022c821e116872277a227189fe5a
tight_audit__R_CG312-CG312_+1h	tight_audit	R_CG312-CG312_+1h	R_CG312-CG312	1	T_CS_090	T_CS	90.0	89.99991027498892	89.99430218766763	-0.005608087321292032	0.005608087321292032	0.02	True	95090c3545e38e3050c6dfd9ee40f08d6e347c417cfbc010bffb72eed38858f5	71ef46297ccbde3d1fcfbd2247c0c9d6ddc89f9588432d2c8e01befa6d5bea7a
tight_audit__R_CG312-CG312_+1h	tight_audit	R_CG312-CG312_+1h	R_CG312-CG312	1	T_CS_100	T_CS	100.0	99.99973782178598	99.99311626906955	-0.006621552716438828	0.006621552716438828	0.02	True	c5e6d243501db4ba3bbd09f5ae97a9cc954f7652d24c606c3bb8196a5b512755	d425aa3d96c134026a86a4cc9e7894130c7ff3ed6844bda7aed6e0b846fde725
tight_audit__R_CG312-CG312_+1h	tight_audit	R_CG312-CG312_+1h	R_CG312-CG312	1	T_CS_110	T_CS	110.0	109.99982259760765	109.99400504865532	-0.005817548952336438	0.005817548952336438	0.02	True	fd3404ec36fe83815887e7a1e639f61c92bd7d0c7d43580b0b9c0fed1892da18	9a0ebd97c850c7f5864fcc8ffd0af18969182e12dcd4d37d66e8b4ef14e2e866
tight_audit__R_CG312-CG312_+1h	tight_audit	R_CG312-CG312_+1h	R_CG312-CG312	1	T_CS_120	T_CS	120.0	120.0000256226668	119.9967129340552	-0.0033126886116008336	0.0033126886116008336	0.02	True	cd3a576945e09ba26d11c6c20df75fa39584268550f612d9a1dc957add5b6753	8c72509f4f9bc247e3200874c9a4d3fbad8bb9ec21d4ff672d7c884f2430c9bc
tight_audit__R_CG312-CG312_+1h	tight_audit	R_CG312-CG312_+1h	R_CG312-CG312	1	T_CC_240_FROM_REVERSE_QM	T_CC	240.0	-120.00002885442426	-120.00273137414284	-0.0027025197185821526	0.0027025197185821526	0.02	True	8af7af63d19b53cffc32f9eda8be8acabcdedd5642a150991c618d46afeeece1	aed3c0ae80c9183a239636d8868f8bed10ac16249fb09e48805931a8b864dbf0
tight_audit__R_CG302-CG312_-1h	tight_audit	R_CG302-CG312_-1h	R_CG302-CG312	-1	T_CC_000	T_CC	0.0	8.2317896820712e-05	0.0015627400166009532	0.0014804221197834977	0.0014804221197834977	0.02	True	a6e94cfe558c5be38544a34d2a6fad98313d167e35f5e4b511ff44a3e9ca9bd2	6e5a836974ac2b88d8e17b2fa80357f00a51236e42cb5a1ab40d2973501fa969
tight_audit__R_CG302-CG312_-1h	tight_audit	R_CG302-CG312_-1h	R_CG302-CG312	-1	T_CC_030	T_CC	30.0	30.000158540910803	30.010283024602295	0.010124483691498654	0.010124483691498654	0.02	True	bab98c0a3ea47718c84ee2523940894bf3eb8df2875321a686eefa8b41f8b782	84953575ce7b6479b6a912aac8391f60d935b05a89372f547215fae86a44c065
tight_audit__R_CG302-CG312_-1h	tight_audit	R_CG302-CG312_-1h	R_CG302-CG312	-1	T_CC_060	T_CC	60.0	60.0001592609087	60.004494514727604	0.004335253818908313	0.004335253818908313	0.02	True	41baeb9c356cf99a1669a39f741dfb4147717de0ce46134528141edf74e37c1d	a495723a1ca55cfa2b8cacfd5b8bbac867c4f42f51509b44e2fe3895f4c46489
tight_audit__R_CG302-CG312_-1h	tight_audit	R_CG302-CG312_-1h	R_CG302-CG312	-1	T_CC_090	T_CC	90.0	90.00019699894702	90.0067490718105	0.006552072863485137	0.006552072863485137	0.02	True	dbc39b01855c642528b1b5129ecf4ae28ec9520145b3527abc86ff7044f37fe4	91a5208dfc064c6efb033d3863c762eb1f5fec3f4a12e505e33e04617b354d5d
tight_audit__R_CG302-CG312_-1h	tight_audit	R_CG302-CG312_-1h	R_CG302-CG312	-1	T_CC_120	T_CC	120.0	119.99983965803996	119.99828542097629	-0.0015542370636580927	0.0015542370636580927	0.02	True	703b1af8fd53d30a74d3f4bf3a1f53070360f76270386005e08d7e6d5c6d10b8	3e8801fb967ad4cd89aefe52e7448761ad6b669b67addc5686b7e1d6ef8e1a5a
tight_audit__R_CG302-CG312_-1h	tight_audit	R_CG302-CG312_-1h	R_CG302-CG312	-1	T_CC_150	T_CC	150.0	150.00011419393934	150.0051820522539	0.0050678583145611356	0.0050678583145611356	0.02	True	3625c62a0da1954c05f2c25a8ce89fd780c033322f4d07af01007123ad2086d7	5aa70fa47552b2fef9a37185b5cd32a7b049ff94a1524e2721cf0fb75fb21700
tight_audit__R_CG302-CG312_-1h	tight_audit	R_CG302-CG312_-1h	R_CG302-CG312	-1	T_CC_180	T_CC	180.0	-179.99987411198484	-179.99718834723694	0.0026857647478948365	0.0026857647478948365	0.02	True	237d0de9329d2f7154e75e1b94b8d20dc99d256df491b1962585edd08ac5d56b	c73aed9b1a7a38a8d2f5ad6707ad9adc4fc87af3a87ef8c27e47431e9022c981
tight_audit__R_CG302-CG312_-1h	tight_audit	R_CG302-CG312_-1h	R_CG302-CG312	-1	T_CC_210	T_CC	210.0	-150.00009928563182	-150.0061040871426	-0.006004801510783864	0.006004801510783864	0.02	True	ff7ba181ddce36b5fec269c010000630a05fa87e61843c9cb6ae5b286660aa06	05aac56ca2fe3e5ac2dd5f8dbfa10326d3565edbc69a4ec1aebf236c1d25cb5f
tight_audit__R_CG302-CG312_-1h	tight_audit	R_CG302-CG312_-1h	R_CG302-CG312	-1	T_CC_240	T_CC	240.0	-120.00007620746388	-120.00287434253748	-0.002798135073589947	0.002798135073589947	0.02	True	880de9f672087b3c73f343d26033dc31c7e6d04945e3ef56427c9859c467bda9	cfaf354c34a76f1302ea990a5fb6bc327fcfe77e3b0fdbe675638513f072a5b1
tight_audit__R_CG302-CG312_-1h	tight_audit	R_CG302-CG312_-1h	R_CG302-CG312	-1	T_CC_270	T_CC	270.0	-89.99993474284005	-89.99484949760303	0.005085245237012259	0.005085245237012259	0.02	True	0bb8e714e59c30b159e44188b0df6faf6cdafd8794878db4b1f2197b15d282c8	7bf2b5b28a12900ffebcc54bd37693d4fbb80d453c527d967decb69aa6ce9769
tight_audit__R_CG302-CG312_-1h	tight_audit	R_CG302-CG312_-1h	R_CG302-CG312	-1	T_CC_300	T_CC	300.0	-59.99998160172803	-60.00131944348848	-0.0013378417604599235	0.0013378417604599235	0.02	True	fc6381c1ad4b27e5f9a79cad7e8361d93f1a8d0e253a0d934cd0410aba899c01	d6b267f6dfe83e72537e5c9ff6a3bd1ba15e1f8d986dbb255adfea060be946a4
tight_audit__R_CG302-CG312_-1h	tight_audit	R_CG302-CG312_-1h	R_CG302-CG312	-1	T_CC_330	T_CC	330.0	-30.00016585816224	-30.012866746103143	-0.012700887940894745	0.012700887940894745	0.02	True	12d5e015638e715123552261c80c982de9108a65a82103add957bb662b8d1c03	f01535f362c9347d4be3fa59118e1de7d998104b5ee752d80e68e24c68450ac9
tight_audit__R_CG302-CG312_-1h	tight_audit	R_CG302-CG312_-1h	R_CG302-CG312	-1	T_CS_000	T_CS	0.0	1.5180520262743396e-05	-0.0034152708347405577	-0.003430451355001196	0.003430451355001196	0.02	True	b76cb71c416ae436646084247ac0799101a651a6e78ef12bdd936ed29539a181	bec209bc14168482e5576825290448fab8d4f270a5aa1cd6df6dc9ee0ba6bd9a
tight_audit__R_CG302-CG312_-1h	tight_audit	R_CG302-CG312_-1h	R_CG302-CG312	-1	T_CS_010	T_CS	10.0	10.000078136231716	10.000129892839013	5.175660729150877e-05	5.175660729150877e-05	0.02	True	93231ed042bed5c0602602d32e5c5f3d4901969d8156257c0347236c62607f21	a03e48daf55291c3c1df419f84cdfd05484ff137f2c34666d0bdb155c0350a03
tight_audit__R_CG302-CG312_-1h	tight_audit	R_CG302-CG312_-1h	R_CG302-CG312	-1	T_CS_020	T_CS	20.0	20.00017404591677	20.003175985910964	0.003001939994192071	0.003001939994192071	0.02	True	fc0fe0aaa70da2491407d7cf40549f0928ad568ab5bdce4bbe2d14d68bfcc78c	1bf3abf8ab3f2760d93ac80ffa5106b303434edd44a46bf98029c7aa5f28cec6
tight_audit__R_CG302-CG312_-1h	tight_audit	R_CG302-CG312_-1h	R_CG302-CG312	-1	T_CS_030	T_CS	30.0	30.00019985596987	30.005988423811633	0.00578856784176196	0.00578856784176196	0.02	True	a05c8327bb40345cb389bdc875b9059d4912df044e264f7722d2fc594a9c36dd	5c8fa2c20d364757eac3c9c3e9708fb19698ef797f5284389a9a1cad8fd5dbd5
tight_audit__R_CG302-CG312_-1h	tight_audit	R_CG302-CG312_-1h	R_CG302-CG312	-1	T_CS_040	T_CS	40.0	40.00013511844969	40.00695367138643	0.006818552936749711	0.006818552936749711	0.02	True	1a3dc833568c912b0d2cb86bfde6f64600b04206593d34bfbb044abbbf528520	092d81dd62d6b75a002183bd39daae460c502dae08ad4559c1a24688a1a86754
tight_audit__R_CG302-CG312_-1h	tight_audit	R_CG302-CG312_-1h	R_CG302-CG312	-1	T_CS_050	T_CS	50.0	50.000069706040776	50.005731116722565	0.005661410681796042	0.005661410681796042	0.02	True	d5ffde1699a4340c997fb87781ff0319b604b8e83883345a0da527c51bce31d9	cea735d1d63b46b5d327d59053bde152f150a73a6c998db52f98f6d9ce661880
tight_audit__R_CG302-CG312_-1h	tight_audit	R_CG302-CG312_-1h	R_CG302-CG312	-1	T_CS_060	T_CS	60.0	60.00001911469256	60.00329526872879	0.003276154036228718	0.003276154036228718	0.02	True	80f6abaaca25fcd7bd9b4a96576a6529dc2aab9c92bb4dc8cb8d94382f35e1bd	303ae682ef6d91fda496f3c0393f939daed1356c640f69092c274d0287cf7f9c
tight_audit__R_CG302-CG312_-1h	tight_audit	R_CG302-CG312_-1h	R_CG302-CG312	-1	T_CS_070	T_CS	70.0	69.99996549339919	70.00011102007093	0.0001455266717584891	0.0001455266717584891	0.02	True	861b37106b6bffb8af5aa0780a88e99efc6bb88ef7f40055d7a4c38fada5ead3	4064f2f74e87fd7b855d87c7b87fed9bc18e4b65c9e3051cd1de472a3c324f1b
tight_audit__R_CG302-CG312_-1h	tight_audit	R_CG302-CG312_-1h	R_CG302-CG312	-1	T_CS_080	T_CS	80.0	79.99992991278366	79.99681181976182	-0.0031180930218397407	0.0031180930218397407	0.02	True	185564ab2bddfe1f6bee80c92bcc4d84c3c5217d92438a78fed413f0c2f0ee48	d5698fb69005e39bf8bbec59d13174ba8b4c71a1a4aeb260c59e9fb60e2965c4
tight_audit__R_CG302-CG312_-1h	tight_audit	R_CG302-CG312_-1h	R_CG302-CG312	-1	T_CS_090	T_CS	90.0	89.99991027498892	89.99429568886251	-0.005614586126398535	0.005614586126398535	0.02	True	95090c3545e38e3050c6dfd9ee40f08d6e347c417cfbc010bffb72eed38858f5	7e9871025fa6bb2aebdd05be92c8736e9bab0ff5ad8290b4747bf25ab7cc6ed8
tight_audit__R_CG302-CG312_-1h	tight_audit	R_CG302-CG312_-1h	R_CG302-CG312	-1	T_CS_100	T_CS	100.0	99.99973782178598	99.99309420711202	-0.006643614673976117	0.006643614673976117	0.02	True	c5e6d243501db4ba3bbd09f5ae97a9cc954f7652d24c606c3bb8196a5b512755	ab899ff1e56d9ed0167d6520188fa59b618149d2694ec5be2b239ad177945dd9
tight_audit__R_CG302-CG312_-1h	tight_audit	R_CG302-CG312_-1h	R_CG302-CG312	-1	T_CS_110	T_CS	110.0	109.99982259760765	109.99396405363888	-0.005858543968770391	0.005858543968770391	0.02	True	fd3404ec36fe83815887e7a1e639f61c92bd7d0c7d43580b0b9c0fed1892da18	adba86c40a940af8b2077bcfae8de232d82bcaea9a56822da77aaca7bb2107cb
tight_audit__R_CG302-CG312_-1h	tight_audit	R_CG302-CG312_-1h	R_CG302-CG312	-1	T_CS_120	T_CS	120.0	120.0000256226668	119.99664852860302	-0.0033770940637793956	0.0033770940637793956	0.02	True	cd3a576945e09ba26d11c6c20df75fa39584268550f612d9a1dc957add5b6753	f652175cd45a269af3a090b18da4efa16549440250ced422b2418433f27f66ad
tight_audit__R_CG302-CG312_-1h	tight_audit	R_CG302-CG312_-1h	R_CG302-CG312	-1	T_CC_240_FROM_REVERSE_QM	T_CC	240.0	-120.00002885442426	-120.00282847907242	-0.00279962464816208	0.00279962464816208	0.02	True	8af7af63d19b53cffc32f9eda8be8acabcdedd5642a150991c618d46afeeece1	5f4a9208aadf682cc195619089d324076be5fd4d8c4909dcdf7cc8d049ab8f5a
tight_audit__R_CG302-CG312_+1h	tight_audit	R_CG302-CG312_+1h	R_CG302-CG312	1	T_CC_000	T_CC	0.0	8.2317896820712e-05	0.0016081802693940367	0.0015258623725742382	0.0015258623725742382	0.02	True	a6e94cfe558c5be38544a34d2a6fad98313d167e35f5e4b511ff44a3e9ca9bd2	8f6a433d2ca2c0a08f720e2c7f7aeaa3f57251fa8b2d7fbe8fee3c8317bab5dd
tight_audit__R_CG302-CG312_+1h	tight_audit	R_CG302-CG312_+1h	R_CG302-CG312	1	T_CC_030	T_CC	30.0	30.000158540910803	30.010271395813344	0.010112854902530444	0.010112854902530444	0.02	True	bab98c0a3ea47718c84ee2523940894bf3eb8df2875321a686eefa8b41f8b782	94a6cfaf873b6f7b761881d2c25dd689562176c62ec7dd8e5ef5d3d9184c26a0
tight_audit__R_CG302-CG312_+1h	tight_audit	R_CG302-CG312_+1h	R_CG302-CG312	1	T_CC_060	T_CC	60.0	60.0001592609087	60.00441065794036	0.0042513970316520044	0.0042513970316520044	0.02	True	41baeb9c356cf99a1669a39f741dfb4147717de0ce46134528141edf74e37c1d	9160b7e2fb6610fd9719b7d9d16a94d9535467334295b0d5a49e9f13ff96948f
tight_audit__R_CG302-CG312_+1h	tight_audit	R_CG302-CG312_+1h	R_CG302-CG312	1	T_CC_090	T_CC	90.0	90.00019699894702	90.00654833000289	0.006351331055867604	0.006351331055867604	0.02	True	dbc39b01855c642528b1b5129ecf4ae28ec9520145b3527abc86ff7044f37fe4	8394edf51e8e52fdafeebae6d6226adea7a02d528901ec9072e7afe0422d1a4f
tight_audit__R_CG302-CG312_+1h	tight_audit	R_CG302-CG312_+1h	R_CG302-CG312	1	T_CC_120	T_CC	120.0	119.99983965803996	119.99841697448625	-0.0014226835536987892	0.0014226835536987892	0.02	True	703b1af8fd53d30a74d3f4bf3a1f53070360f76270386005e08d7e6d5c6d10b8	34569a55a096fa0c2cd1bd93efada7e62a3164efb4f0341f7c520e41326bc237
tight_audit__R_CG302-CG312_+1h	tight_audit	R_CG302-CG312_+1h	R_CG302-CG312	1	T_CC_150	T_CC	150.0	150.00011419393934	150.00518156596948	0.005067372030140405	0.005067372030140405	0.02	True	3625c62a0da1954c05f2c25a8ce89fd780c033322f4d07af01007123ad2086d7	664a1b1c0383a4b8c30ef421ddbf774275f05c037001bc5914d124bda3f0af6f
tight_audit__R_CG302-CG312_+1h	tight_audit	R_CG302-CG312_+1h	R_CG302-CG312	1	T_CC_180	T_CC	180.0	-179.99987411198484	-179.99726695511416	0.0026071568706811377	0.0026071568706811377	0.02	True	237d0de9329d2f7154e75e1b94b8d20dc99d256df491b1962585edd08ac5d56b	38d409192c4fa24f6438065be9112458310fb0a0edcd7f10ce4fc710b2fc308b
tight_audit__R_CG302-CG312_+1h	tight_audit	R_CG302-CG312_+1h	R_CG302-CG312	1	T_CC_210	T_CC	210.0	-150.00009928563182	-150.0060695763208	-0.005970290688992463	0.005970290688992463	0.02	True	ff7ba181ddce36b5fec269c010000630a05fa87e61843c9cb6ae5b286660aa06	2de85dcdbaaaf8b3fefb1874a75aa8418ec5ec0f245795f50e18f78ee84f1d07
tight_audit__R_CG302-CG312_+1h	tight_audit	R_CG302-CG312_+1h	R_CG302-CG312	1	T_CC_240	T_CC	240.0	-120.00007620746388	-120.00281809500952	-0.0027418875456532987	0.0027418875456532987	0.02	True	880de9f672087b3c73f343d26033dc31c7e6d04945e3ef56427c9859c467bda9	f4fe8b3132a4c70d0c44e7778d77b6f10d3fecf2596109377e048f57af3ee1c9
tight_audit__R_CG302-CG312_+1h	tight_audit	R_CG302-CG312_+1h	R_CG302-CG312	1	T_CC_270	T_CC	270.0	-89.99993474284005	-89.9950456434462	0.00488909939383575	0.00488909939383575	0.02	True	0bb8e714e59c30b159e44188b0df6faf6cdafd8794878db4b1f2197b15d282c8	80e45f0abf855873b23a9039344706889bfd454bedade48ba2ba6d1ef4e5e616
tight_audit__R_CG302-CG312_+1h	tight_audit	R_CG302-CG312_+1h	R_CG302-CG312	1	T_CC_300	T_CC	300.0	-59.99998160172803	-60.00128530944834	-0.001303707720296643	0.001303707720296643	0.02	True	fc6381c1ad4b27e5f9a79cad7e8361d93f1a8d0e253a0d934cd0410aba899c01	40c0573e201ad1b848541a26384e9d339667a9a41e5df2ce8d6fdde311cc8b7b
tight_audit__R_CG302-CG312_+1h	tight_audit	R_CG302-CG312_+1h	R_CG302-CG312	1	T_CC_330	T_CC	330.0	-30.00016585816224	-30.012825371138465	-0.012659512976227916	0.012659512976227916	0.02	True	12d5e015638e715123552261c80c982de9108a65a82103add957bb662b8d1c03	9ee8ad42f7cd028d9fec7b7ac2a8ba838bfa2a8b61a2d81786adbf61661bd940
tight_audit__R_CG302-CG312_+1h	tight_audit	R_CG302-CG312_+1h	R_CG302-CG312	1	T_CS_000	T_CS	0.0	1.5180520262743396e-05	-0.003385851650083952	-0.0034010321703590307	0.0034010321703590307	0.02	True	b76cb71c416ae436646084247ac0799101a651a6e78ef12bdd936ed29539a181	043563b010e755a9308e6ad5b1fb60ba6636deb14b3576e9f735a678ee0b4eb2
tight_audit__R_CG302-CG312_+1h	tight_audit	R_CG302-CG312_+1h	R_CG302-CG312	1	T_CS_010	T_CS	10.0	10.000078136231716	10.000151748336764	7.361210504086557e-05	7.361210504086557e-05	0.02	True	93231ed042bed5c0602602d32e5c5f3d4901969d8156257c0347236c62607f21	6237599ebca6b98b0a75e0aadcd4c03f0c52b6a1785505b3bba03c9abf5c4ac4
tight_audit__R_CG302-CG312_+1h	tight_audit	R_CG302-CG312_+1h	R_CG302-CG312	1	T_CS_020	T_CS	20.0	20.00017404591677	20.003140331580727	0.0029662856639447455	0.0029662856639447455	0.02	True	fc0fe0aaa70da2491407d7cf40549f0928ad568ab5bdce4bbe2d14d68bfcc78c	bf2c0c1e3eed7a393d0abb33689ac5a8a8a1cba224bccb6cd6f4182a7b8395ee
tight_audit__R_CG302-CG312_+1h	tight_audit	R_CG302-CG312_+1h	R_CG302-CG312	1	T_CS_030	T_CS	30.0	30.00019985596987	30.00581098834076	0.005611132370887617	0.005611132370887617	0.02	True	a05c8327bb40345cb389bdc875b9059d4912df044e264f7722d2fc594a9c36dd	2d496d6e0f816b864dbd6c45aa61a4d949b68cfe196f1028fa9652d56b2fd667
tight_audit__R_CG302-CG312_+1h	tight_audit	R_CG302-CG312_+1h	R_CG302-CG312	1	T_CS_040	T_CS	40.0	40.00013511844969	40.00697867805017	0.006843559600469007	0.006843559600469007	0.02	True	1a3dc833568c912b0d2cb86bfde6f64600b04206593d34bfbb044abbbf528520	ef3146c8725845172cfaafcd36677a68ce06efccd0ded3873b64be286ad5e5c5
tight_audit__R_CG302-CG312_+1h	tight_audit	R_CG302-CG312_+1h	R_CG302-CG312	1	T_CS_050	T_CS	50.0	50.000069706040776	50.00577449878003	0.00570479273926594	0.00570479273926594	0.02	True	d5ffde1699a4340c997fb87781ff0319b604b8e83883345a0da527c51bce31d9	bae1bd869cbc261bfd37a594584914b51c656fb794c9df35c5d5eb04bc76c211
tight_audit__R_CG302-CG312_+1h	tight_audit	R_CG302-CG312_+1h	R_CG302-CG312	1	T_CS_060	T_CS	60.0	60.00001911469256	60.003331205799924	0.0033120911073751813	0.0033120911073751813	0.02	True	80f6abaaca25fcd7bd9b4a96576a6529dc2aab9c92bb4dc8cb8d94382f35e1bd	a946cbfbf29d842c61620c62f39235156edc3b8a0e6cacec7748aaf955962aca
tight_audit__R_CG302-CG312_+1h	tight_audit	R_CG302-CG312_+1h	R_CG302-CG312	1	T_CS_070	T_CS	70.0	69.99996549339919	70.00012971261847	0.00016421921930032113	0.00016421921930032113	0.02	True	861b37106b6bffb8af5aa0780a88e99efc6bb88ef7f40055d7a4c38fada5ead3	255f212d15e8bb4c502f05cbe652543c8f1609f3a2c73727641ae6177c3e54ee
tight_audit__R_CG302-CG312_+1h	tight_audit	R_CG302-CG312_+1h	R_CG302-CG312	1	T_CS_080	T_CS	80.0	79.99992991278366	79.99681590777283	-0.003114005010843357	0.003114005010843357	0.02	True	185564ab2bddfe1f6bee80c92bcc4d84c3c5217d92438a78fed413f0c2f0ee48	423f95f3c902e5eefeb7abc1c78d20489826cb75265a4bec8b2bf9f0fb0b7138
tight_audit__R_CG302-CG312_+1h	tight_audit	R_CG302-CG312_+1h	R_CG302-CG312	1	T_CS_090	T_CS	90.0	89.99991027498892	89.99429150042319	-0.005618774565732565	0.005618774565732565	0.02	True	95090c3545e38e3050c6dfd9ee40f08d6e347c417cfbc010bffb72eed38858f5	cbfc5b661acca75297790369b8cea6a0088398a92d7c6700d90b8d0043ae5e46
tight_audit__R_CG302-CG312_+1h	tight_audit	R_CG302-CG312_+1h	R_CG302-CG312	1	T_CS_100	T_CS	100.0	99.99973782178598	99.99309862394696	-0.00663919783903566	0.00663919783903566	0.02	True	c5e6d243501db4ba3bbd09f5ae97a9cc954f7652d24c606c3bb8196a5b512755	ec757914003cfb93c2efda265d2cff049b15e5b1e49e790d4bef08bcd9c1282c
tight_audit__R_CG302-CG312_+1h	tight_audit	R_CG302-CG312_+1h	R_CG302-CG312	1	T_CS_110	T_CS	110.0	109.99982259760765	109.99398269569146	-0.005839901916203871	0.005839901916203871	0.02	True	fd3404ec36fe83815887e7a1e639f61c92bd7d0c7d43580b0b9c0fed1892da18	b2c79515e30e9bac5821f77ca03d0919601b54501d61f5eb2ba3df8dd2c8e33f
tight_audit__R_CG302-CG312_+1h	tight_audit	R_CG302-CG312_+1h	R_CG302-CG312	1	T_CS_120	T_CS	120.0	120.0000256226668	119.99667715204113	-0.0033484706256672325	0.0033484706256672325	0.02	True	cd3a576945e09ba26d11c6c20df75fa39584268550f612d9a1dc957add5b6753	cd91084532f40efe80d07374eacb21a296f63dacf0c6b59a287c2ddc9d969da9
tight_audit__R_CG302-CG312_+1h	tight_audit	R_CG302-CG312_+1h	R_CG302-CG312	1	T_CC_240_FROM_REVERSE_QM	T_CC	240.0	-120.00002885442426	-120.00277013236514	-0.0027412779408848564	0.0027412779408848564	0.02	True	8af7af63d19b53cffc32f9eda8be8acabcdedd5642a150991c618d46afeeece1	bdc94d3be6bd2adb1cfaa53711515761eb7de4621e1357a20d8056aeac140ef2
tight_audit__TH_OG2P1-SG3O1-OG2P1_-1h	tight_audit	TH_OG2P1-SG3O1-OG2P1_-1h	TH_OG2P1-SG3O1-OG2P1	-1	T_CC_000	T_CC	0.0	8.2317896820712e-05	0.001485694790072428	0.0014033768932506518	0.0014033768932506518	0.02	True	a6e94cfe558c5be38544a34d2a6fad98313d167e35f5e4b511ff44a3e9ca9bd2	e6ac088ef83e6f045d02e1acdb5c1e2e222d98b01641e06fc5838ea244955f67
tight_audit__TH_OG2P1-SG3O1-OG2P1_-1h	tight_audit	TH_OG2P1-SG3O1-OG2P1_-1h	TH_OG2P1-SG3O1-OG2P1	-1	T_CC_030	T_CC	30.0	30.000158540910803	30.010280320311008	0.010121779400208197	0.010121779400208197	0.02	True	bab98c0a3ea47718c84ee2523940894bf3eb8df2875321a686eefa8b41f8b782	68e8130c0ebac68017fbd7dde59ecfa8aee3f05c1f9de02ba96b83eff7ac5681
tight_audit__TH_OG2P1-SG3O1-OG2P1_-1h	tight_audit	TH_OG2P1-SG3O1-OG2P1_-1h	TH_OG2P1-SG3O1-OG2P1	-1	T_CC_060	T_CC	60.0	60.0001592609087	60.00450976100176	0.004350500093067922	0.004350500093067922	0.02	True	41baeb9c356cf99a1669a39f741dfb4147717de0ce46134528141edf74e37c1d	3c7052052beb95ffa1f4217b4f0e36c3717f2bec4e0abdc5ab8bf904ce863f1e
tight_audit__TH_OG2P1-SG3O1-OG2P1_-1h	tight_audit	TH_OG2P1-SG3O1-OG2P1_-1h	TH_OG2P1-SG3O1-OG2P1	-1	T_CC_090	T_CC	90.0	90.00019699894702	90.00659097005224	0.006393971105239871	0.006393971105239871	0.02	True	dbc39b01855c642528b1b5129ecf4ae28ec9520145b3527abc86ff7044f37fe4	d0099c36be86fe642b8056c389e1637c7e771db987a3a4c2d8d7159d3d29d48e
tight_audit__TH_OG2P1-SG3O1-OG2P1_-1h	tight_audit	TH_OG2P1-SG3O1-OG2P1_-1h	TH_OG2P1-SG3O1-OG2P1	-1	T_CC_120	T_CC	120.0	119.99983965803996	119.99826445978843	-0.0015751982515439522	0.0015751982515439522	0.02	True	703b1af8fd53d30a74d3f4bf3a1f53070360f76270386005e08d7e6d5c6d10b8	b00a89ffb14b60aca8c264f359ded2e5905c46f21162897130191f3bfc886451
tight_audit__TH_OG2P1-SG3O1-OG2P1_-1h	tight_audit	TH_OG2P1-SG3O1-OG2P1_-1h	TH_OG2P1-SG3O1-OG2P1	-1	T_CC_150	T_CC	150.0	150.00011419393934	150.00523940526168	0.005125211322337009	0.005125211322337009	0.02	True	3625c62a0da1954c05f2c25a8ce89fd780c033322f4d07af01007123ad2086d7	f51a34211a665d4c6efff6647e5d3fd5fc0ec19ade0cd1abf5e06355dee50bea
tight_audit__TH_OG2P1-SG3O1-OG2P1_-1h	tight_audit	TH_OG2P1-SG3O1-OG2P1_-1h	TH_OG2P1-SG3O1-OG2P1	-1	T_CC_180	T_CC	180.0	-179.99987411198484	-179.99721851654013	0.0026555954447076147	0.0026555954447076147	0.02	True	237d0de9329d2f7154e75e1b94b8d20dc99d256df491b1962585edd08ac5d56b	5fec55687a300d708d7a4de6a0271e742b49c54aa357b5400495120b1aa0c2a8
tight_audit__TH_OG2P1-SG3O1-OG2P1_-1h	tight_audit	TH_OG2P1-SG3O1-OG2P1_-1h	TH_OG2P1-SG3O1-OG2P1	-1	T_CC_210	T_CC	210.0	-150.00009928563182	-150.00613789504416	-0.006038609412343021	0.006038609412343021	0.02	True	ff7ba181ddce36b5fec269c010000630a05fa87e61843c9cb6ae5b286660aa06	3ed2657ebeba95791aa677c58b75ddcdd1e064248f54f06af7110f0e879da77f
tight_audit__TH_OG2P1-SG3O1-OG2P1_-1h	tight_audit	TH_OG2P1-SG3O1-OG2P1_-1h	TH_OG2P1-SG3O1-OG2P1	-1	T_CC_240	T_CC	240.0	-120.00007620746388	-120.00283526328879	-0.002759055824924417	0.002759055824924417	0.02	True	880de9f672087b3c73f343d26033dc31c7e6d04945e3ef56427c9859c467bda9	60a4a9e311bc52925dc9be1fd5983488b7a90ad9b270a33e171b310ce28946ac
tight_audit__TH_OG2P1-SG3O1-OG2P1_-1h	tight_audit	TH_OG2P1-SG3O1-OG2P1_-1h	TH_OG2P1-SG3O1-OG2P1	-1	T_CC_270	T_CC	270.0	-89.99993474284005	-89.99493257510687	0.005002167733181295	0.005002167733181295	0.02	True	0bb8e714e59c30b159e44188b0df6faf6cdafd8794878db4b1f2197b15d282c8	ffc238804c4737148f62c743f46e2017d447fc73c5dd903c8c14f14d12d2dcd7
tight_audit__TH_OG2P1-SG3O1-OG2P1_-1h	tight_audit	TH_OG2P1-SG3O1-OG2P1_-1h	TH_OG2P1-SG3O1-OG2P1	-1	T_CC_300	T_CC	300.0	-59.99998160172803	-60.00131269502873	-0.001331093300706243	0.001331093300706243	0.02	True	fc6381c1ad4b27e5f9a79cad7e8361d93f1a8d0e253a0d934cd0410aba899c01	0cf13aed6dc03286233b83381a641b8523e8153db9207851a8b647ab87af272d
tight_audit__TH_OG2P1-SG3O1-OG2P1_-1h	tight_audit	TH_OG2P1-SG3O1-OG2P1_-1h	TH_OG2P1-SG3O1-OG2P1	-1	T_CC_330	T_CC	330.0	-30.00016585816224	-30.012827084666988	-0.012661226504746992	0.012661226504746992	0.02	True	12d5e015638e715123552261c80c982de9108a65a82103add957bb662b8d1c03	e55caaba5d5db974f9a6c553322fd8811beb2e1072ca7e6670fdca91540ebccf
tight_audit__TH_OG2P1-SG3O1-OG2P1_-1h	tight_audit	TH_OG2P1-SG3O1-OG2P1_-1h	TH_OG2P1-SG3O1-OG2P1	-1	T_CS_000	T_CS	0.0	1.5180520262743396e-05	-0.0033518802255826504	-0.0033670607458589075	0.0033670607458589075	0.02	True	b76cb71c416ae436646084247ac0799101a651a6e78ef12bdd936ed29539a181	429bcf59a8a627ac18cd5477acb9be74207af73bba41ffb7661c502aad946a99
tight_audit__TH_OG2P1-SG3O1-OG2P1_-1h	tight_audit	TH_OG2P1-SG3O1-OG2P1_-1h	TH_OG2P1-SG3O1-OG2P1	-1	T_CS_010	T_CS	10.0	10.000078136231716	10.000096076916808	1.794068509752833e-05	1.794068509752833e-05	0.02	True	93231ed042bed5c0602602d32e5c5f3d4901969d8156257c0347236c62607f21	0180f7f53a6721e363258d7576974dbcd014d90e039491637c770fc61d57eeb9
tight_audit__TH_OG2P1-SG3O1-OG2P1_-1h	tight_audit	TH_OG2P1-SG3O1-OG2P1_-1h	TH_OG2P1-SG3O1-OG2P1	-1	T_CS_020	T_CS	20.0	20.00017404591677	20.00304994818391	0.0028759022671351886	0.0028759022671351886	0.02	True	fc0fe0aaa70da2491407d7cf40549f0928ad568ab5bdce4bbe2d14d68bfcc78c	532475f4fd15901fbaf081f50a3bafa05e38acc3649f3503428fc0128eddb756
tight_audit__TH_OG2P1-SG3O1-OG2P1_-1h	tight_audit	TH_OG2P1-SG3O1-OG2P1_-1h	TH_OG2P1-SG3O1-OG2P1	-1	T_CS_030	T_CS	30.0	30.00019985596987	30.005773582421163	0.0055737264513027185	0.0055737264513027185	0.02	True	a05c8327bb40345cb389bdc875b9059d4912df044e264f7722d2fc594a9c36dd	2e3966d87dc1fee2c73370dba47d3dd5c6e5d89ed99da1acc024c14389b5dba0
tight_audit__TH_OG2P1-SG3O1-OG2P1_-1h	tight_audit	TH_OG2P1-SG3O1-OG2P1_-1h	TH_OG2P1-SG3O1-OG2P1	-1	T_CS_040	T_CS	40.0	40.00013511844969	40.006837283440184	0.006702164990485926	0.006702164990485926	0.02	True	1a3dc833568c912b0d2cb86bfde6f64600b04206593d34bfbb044abbbf528520	09161555ac7d98e32ac7f9dcf23c800994fdec5159a2082e3558aadc7e40d75a
tight_audit__TH_OG2P1-SG3O1-OG2P1_-1h	tight_audit	TH_OG2P1-SG3O1-OG2P1_-1h	TH_OG2P1-SG3O1-OG2P1	-1	T_CS_050	T_CS	50.0	50.000069706040776	50.005662704794155	0.005592998753371603	0.005592998753371603	0.02	True	d5ffde1699a4340c997fb87781ff0319b604b8e83883345a0da527c51bce31d9	c804fd3a108e68553bc8e53d7b7f5d95b2d7336046e04b06ddf03a780f80364b
tight_audit__TH_OG2P1-SG3O1-OG2P1_-1h	tight_audit	TH_OG2P1-SG3O1-OG2P1_-1h	TH_OG2P1-SG3O1-OG2P1	-1	T_CS_060	T_CS	60.0	60.00001911469256	60.003273355832214	0.0032542411396434545	0.0032542411396434545	0.02	True	80f6abaaca25fcd7bd9b4a96576a6529dc2aab9c92bb4dc8cb8d94382f35e1bd	555dc618531bee0413b48cbc9fc6888f1e5e422bbbde06b42a45ea03a7d30de8
tight_audit__TH_OG2P1-SG3O1-OG2P1_-1h	tight_audit	TH_OG2P1-SG3O1-OG2P1_-1h	TH_OG2P1-SG3O1-OG2P1	-1	T_CS_070	T_CS	70.0	69.99996549339919	70.00013346669527	0.00016797329607243228	0.00016797329607243228	0.02	True	861b37106b6bffb8af5aa0780a88e99efc6bb88ef7f40055d7a4c38fada5ead3	ac867b5b523527360155a16a754491fa9371de6f8b56530b464dc78d0af50c39
tight_audit__TH_OG2P1-SG3O1-OG2P1_-1h	tight_audit	TH_OG2P1-SG3O1-OG2P1_-1h	TH_OG2P1-SG3O1-OG2P1	-1	T_CS_080	T_CS	80.0	79.99992991278366	79.99688723889321	-0.003042673890433889	0.003042673890433889	0.02	True	185564ab2bddfe1f6bee80c92bcc4d84c3c5217d92438a78fed413f0c2f0ee48	c55aa68d999bde885de952a18c58f9c7cfb20989282eb8fd59cf8b71a5da4e6a
tight_audit__TH_OG2P1-SG3O1-OG2P1_-1h	tight_audit	TH_OG2P1-SG3O1-OG2P1_-1h	TH_OG2P1-SG3O1-OG2P1	-1	T_CS_090	T_CS	90.0	89.99991027498892	89.99442222301191	-0.005488051977010855	0.005488051977010855	0.02	True	95090c3545e38e3050c6dfd9ee40f08d6e347c417cfbc010bffb72eed38858f5	dab2be781906fdc951b86788531450e23b33f1ccd00f5c0c523091f824a38578
tight_audit__TH_OG2P1-SG3O1-OG2P1_-1h	tight_audit	TH_OG2P1-SG3O1-OG2P1_-1h	TH_OG2P1-SG3O1-OG2P1	-1	T_CS_100	T_CS	100.0	99.99973782178598	99.993250228735	-0.006487593050991336	0.006487593050991336	0.02	True	c5e6d243501db4ba3bbd09f5ae97a9cc954f7652d24c606c3bb8196a5b512755	d79c4e92bc4b437e874ba42647d8c63b6fa3cd4b67196b3235c71c01df9e23c7
tight_audit__TH_OG2P1-SG3O1-OG2P1_-1h	tight_audit	TH_OG2P1-SG3O1-OG2P1_-1h	TH_OG2P1-SG3O1-OG2P1	-1	T_CS_110	T_CS	110.0	109.99982259760765	109.99409634138256	-0.005726256225102588	0.005726256225102588	0.02	True	fd3404ec36fe83815887e7a1e639f61c92bd7d0c7d43580b0b9c0fed1892da18	78e9fbf8887776bb5f22595e9b5ebbba3fa6d5944dc8ca30ab541946aac49650
tight_audit__TH_OG2P1-SG3O1-OG2P1_-1h	tight_audit	TH_OG2P1-SG3O1-OG2P1_-1h	TH_OG2P1-SG3O1-OG2P1	-1	T_CS_120	T_CS	120.0	120.0000256226668	119.99671095509363	-0.0033146675731643427	0.0033146675731643427	0.02	True	cd3a576945e09ba26d11c6c20df75fa39584268550f612d9a1dc957add5b6753	af1a34fee840a76c88979ebe74ed44608366161eac80f2ac3c5afd5f4d7f62e4
tight_audit__TH_OG2P1-SG3O1-OG2P1_-1h	tight_audit	TH_OG2P1-SG3O1-OG2P1_-1h	TH_OG2P1-SG3O1-OG2P1	-1	T_CC_240_FROM_REVERSE_QM	T_CC	240.0	-120.00002885442426	-120.00278840384085	-0.002759549416595064	0.002759549416595064	0.02	True	8af7af63d19b53cffc32f9eda8be8acabcdedd5642a150991c618d46afeeece1	7b8bcedf8529dd232781b329a70ad4962bf982e3baa8517f96b4398ea08c12c6
tight_audit__TH_OG2P1-SG3O1-OG2P1_+1h	tight_audit	TH_OG2P1-SG3O1-OG2P1_+1h	TH_OG2P1-SG3O1-OG2P1	1	T_CC_000	T_CC	0.0	8.2317896820712e-05	0.0016767479598549916	0.0015944300630224006	0.0015944300630224006	0.02	True	a6e94cfe558c5be38544a34d2a6fad98313d167e35f5e4b511ff44a3e9ca9bd2	1c1bc89a41f4a3f200ed21e0e2ed08a034f7dff774c0a1cd39b762b3bb80e45d
tight_audit__TH_OG2P1-SG3O1-OG2P1_+1h	tight_audit	TH_OG2P1-SG3O1-OG2P1_+1h	TH_OG2P1-SG3O1-OG2P1	1	T_CC_030	T_CC	30.0	30.000158540910803	30.010275543984303	0.010117003073503383	0.010117003073503383	0.02	True	bab98c0a3ea47718c84ee2523940894bf3eb8df2875321a686eefa8b41f8b782	f4714a7b07a3f2d236da1342b9ee535d6973a2f96d90b97c938c146ce1383cba
tight_audit__TH_OG2P1-SG3O1-OG2P1_+1h	tight_audit	TH_OG2P1-SG3O1-OG2P1_+1h	TH_OG2P1-SG3O1-OG2P1	1	T_CC_060	T_CC	60.0	60.0001592609087	60.004392972145325	0.004233711236622639	0.004233711236622639	0.02	True	41baeb9c356cf99a1669a39f741dfb4147717de0ce46134528141edf74e37c1d	4f8ea1dfc468652e3bf3542543d1819d23d81c012630de0ce5629eb9dbfd83fa
tight_audit__TH_OG2P1-SG3O1-OG2P1_+1h	tight_audit	TH_OG2P1-SG3O1-OG2P1_+1h	TH_OG2P1-SG3O1-OG2P1	1	T_CC_090	T_CC	90.0	90.00019699894702	90.00670603794882	0.0065090390017985555	0.0065090390017985555	0.02	True	dbc39b01855c642528b1b5129ecf4ae28ec9520145b3527abc86ff7044f37fe4	8140637e08b4e465819a8bb76a90dda8620678a85f2a03d913b4b9d68de43b3c
tight_audit__TH_OG2P1-SG3O1-OG2P1_+1h	tight_audit	TH_OG2P1-SG3O1-OG2P1_+1h	TH_OG2P1-SG3O1-OG2P1	1	T_CC_120	T_CC	120.0	119.99983965803996	119.99843671419809	-0.0014029438418674545	0.0014029438418674545	0.02	True	703b1af8fd53d30a74d3f4bf3a1f53070360f76270386005e08d7e6d5c6d10b8	a6ac2cae787d9474898f82ccb25c9cd86050bd01b2b4494b33ee37b34feb17f7
tight_audit__TH_OG2P1-SG3O1-OG2P1_+1h	tight_audit	TH_OG2P1-SG3O1-OG2P1_+1h	TH_OG2P1-SG3O1-OG2P1	1	T_CC_150	T_CC	150.0	150.00011419393934	150.00512221896227	0.005008025022931406	0.005008025022931406	0.02	True	3625c62a0da1954c05f2c25a8ce89fd780c033322f4d07af01007123ad2086d7	b228063363fb5073d1c4e0b068547bf74b24515eb47bf8a01e1138e3fa622ecb
tight_audit__TH_OG2P1-SG3O1-OG2P1_+1h	tight_audit	TH_OG2P1-SG3O1-OG2P1_+1h	TH_OG2P1-SG3O1-OG2P1	1	T_CC_180	T_CC	180.0	-179.99987411198484	-179.99723215986901	0.0026419521158231873	0.0026419521158231873	0.02	True	237d0de9329d2f7154e75e1b94b8d20dc99d256df491b1962585edd08ac5d56b	28e5b50fd3ecf39b712d154d1266f776a99c1bc8ad21725f04734fd17f28b48f
tight_audit__TH_OG2P1-SG3O1-OG2P1_+1h	tight_audit	TH_OG2P1-SG3O1-OG2P1_+1h	TH_OG2P1-SG3O1-OG2P1	1	T_CC_210	T_CC	210.0	-150.00009928563182	-150.0060342042834	-0.005934918651576027	0.005934918651576027	0.02	True	ff7ba181ddce36b5fec269c010000630a05fa87e61843c9cb6ae5b286660aa06	b148eef4048f323f6bebcc468eeaaae91650143e61243779ab10896c974f9729
tight_audit__TH_OG2P1-SG3O1-OG2P1_+1h	tight_audit	TH_OG2P1-SG3O1-OG2P1_+1h	TH_OG2P1-SG3O1-OG2P1	1	T_CC_240	T_CC	240.0	-120.00007620746388	-120.0028567586962	-0.0027805512323197945	0.0027805512323197945	0.02	True	880de9f672087b3c73f343d26033dc31c7e6d04945e3ef56427c9859c467bda9	43864d2d398e5ef28cd658a2582bbd9878b41ef70f00879b16e3a25cb63ace47
tight_audit__TH_OG2P1-SG3O1-OG2P1_+1h	tight_audit	TH_OG2P1-SG3O1-OG2P1_+1h	TH_OG2P1-SG3O1-OG2P1	1	T_CC_270	T_CC	270.0	-89.99993474284005	-89.994963301284	0.004971441556051559	0.004971441556051559	0.02	True	0bb8e714e59c30b159e44188b0df6faf6cdafd8794878db4b1f2197b15d282c8	998662ead3d23dca325bf310b3208585790416392fd898249162bfcd4a927be2
tight_audit__TH_OG2P1-SG3O1-OG2P1_+1h	tight_audit	TH_OG2P1-SG3O1-OG2P1_+1h	TH_OG2P1-SG3O1-OG2P1	1	T_CC_300	T_CC	300.0	-59.99998160172803	-60.00129110906021	-0.001309507332166504	0.001309507332166504	0.02	True	fc6381c1ad4b27e5f9a79cad7e8361d93f1a8d0e253a0d934cd0410aba899c01	9d825b90faa4b0145c25a9963f234532b0cd7f19676b3e1b26fd0c091de48709
tight_audit__TH_OG2P1-SG3O1-OG2P1_+1h	tight_audit	TH_OG2P1-SG3O1-OG2P1_+1h	TH_OG2P1-SG3O1-OG2P1	1	T_CC_330	T_CC	330.0	-30.00016585816224	-30.012860210728682	-0.01269435256642737	0.01269435256642737	0.02	True	12d5e015638e715123552261c80c982de9108a65a82103add957bb662b8d1c03	3bb5b6510a3fb73a734a45705af4431363afaa972be96184b3bbdc65cff8493b
tight_audit__TH_OG2P1-SG3O1-OG2P1_+1h	tight_audit	TH_OG2P1-SG3O1-OG2P1_+1h	TH_OG2P1-SG3O1-OG2P1	1	T_CS_000	T_CS	0.0	1.5180520262743396e-05	-0.0034485334120291354	-0.003463713932291057	0.003463713932291057	0.02	True	b76cb71c416ae436646084247ac0799101a651a6e78ef12bdd936ed29539a181	0903f95288d7acc650ba87d39cf793dbf51c61f9be9e467fc3405a7c72ef0a12
tight_audit__TH_OG2P1-SG3O1-OG2P1_+1h	tight_audit	TH_OG2P1-SG3O1-OG2P1_+1h	TH_OG2P1-SG3O1-OG2P1	1	T_CS_010	T_CS	10.0	10.000078136231716	10.0001886905247	0.00011055429297357477	0.00011055429297357477	0.02	True	93231ed042bed5c0602602d32e5c5f3d4901969d8156257c0347236c62607f21	247f235ab7772842d9d7f8edf3cba43971c1938e7a1116cf6986238989ac0a96
tight_audit__TH_OG2P1-SG3O1-OG2P1_+1h	tight_audit	TH_OG2P1-SG3O1-OG2P1_+1h	TH_OG2P1-SG3O1-OG2P1	1	T_CS_020	T_CS	20.0	20.00017404591677	20.003266182393666	0.0030921364769085358	0.0030921364769085358	0.02	True	fc0fe0aaa70da2491407d7cf40549f0928ad568ab5bdce4bbe2d14d68bfcc78c	31277eac1aeeccb3f8b695f4857b91e1f380c10e9bd4d8b4d42ee49342476760
tight_audit__TH_OG2P1-SG3O1-OG2P1_+1h	tight_audit	TH_OG2P1-SG3O1-OG2P1_+1h	TH_OG2P1-SG3O1-OG2P1	1	T_CS_030	T_CS	30.0	30.00019985596987	30.00605488436169	0.005855028391806627	0.005855028391806627	0.02	True	a05c8327bb40345cb389bdc875b9059d4912df044e264f7722d2fc594a9c36dd	2206fbccd4526c5c511890233907e91f2459ef5fdcc8e7632e0a1c06efe61595
tight_audit__TH_OG2P1-SG3O1-OG2P1_+1h	tight_audit	TH_OG2P1-SG3O1-OG2P1_+1h	TH_OG2P1-SG3O1-OG2P1	1	T_CS_040	T_CS	40.0	40.00013511844969	40.00710055715651	0.006965438706828309	0.006965438706828309	0.02	True	1a3dc833568c912b0d2cb86bfde6f64600b04206593d34bfbb044abbbf528520	3a9716563f831fc5d422710ee00842b7dcefa3df02a80a9325a390921ca509d2
tight_audit__TH_OG2P1-SG3O1-OG2P1_+1h	tight_audit	TH_OG2P1-SG3O1-OG2P1_+1h	TH_OG2P1-SG3O1-OG2P1	1	T_CS_050	T_CS	50.0	50.000069706040776	50.005842787452586	0.005773081411803105	0.005773081411803105	0.02	True	d5ffde1699a4340c997fb87781ff0319b604b8e83883345a0da527c51bce31d9	a4c9856cf64d5916113d0420c8eb44af2b5685f91b713e3445561f7ba6981608
tight_audit__TH_OG2P1-SG3O1-OG2P1_+1h	tight_audit	TH_OG2P1-SG3O1-OG2P1_+1h	TH_OG2P1-SG3O1-OG2P1	1	T_CS_060	T_CS	60.0	60.00001911469256	60.00335177505739	0.003332660364833373	0.003332660364833373	0.02	True	80f6abaaca25fcd7bd9b4a96576a6529dc2aab9c92bb4dc8cb8d94382f35e1bd	b71787e2df4fab0f4c73485bbed2f99fe5700442f8507a9fc7fcc7d5b3794ccd
tight_audit__TH_OG2P1-SG3O1-OG2P1_+1h	tight_audit	TH_OG2P1-SG3O1-OG2P1_+1h	TH_OG2P1-SG3O1-OG2P1	1	T_CS_070	T_CS	70.0	69.99996549339919	70.00010466809076	0.00013917469158286622	0.00013917469158286622	0.02	True	861b37106b6bffb8af5aa0780a88e99efc6bb88ef7f40055d7a4c38fada5ead3	618f71dde14b0a6442e09840b2cfd5e5b2c2325cd4b78996c48397133f144384
tight_audit__TH_OG2P1-SG3O1-OG2P1_+1h	tight_audit	TH_OG2P1-SG3O1-OG2P1_+1h	TH_OG2P1-SG3O1-OG2P1	1	T_CS_080	T_CS	80.0	79.99992991278366	79.99673487476396	-0.0031950380196974493	0.0031950380196974493	0.02	True	185564ab2bddfe1f6bee80c92bcc4d84c3c5217d92438a78fed413f0c2f0ee48	48c5b9dfe3778eb0dcb1774ad5f3917ec3395ea915af691a0d21b6cded244ed3
tight_audit__TH_OG2P1-SG3O1-OG2P1_+1h	tight_audit	TH_OG2P1-SG3O1-OG2P1_+1h	TH_OG2P1-SG3O1-OG2P1	1	T_CS_090	T_CS	90.0	89.99991027498892	89.99415903065355	-0.005751244335385763	0.005751244335385763	0.02	True	95090c3545e38e3050c6dfd9ee40f08d6e347c417cfbc010bffb72eed38858f5	f3e54bc0f05d519c1ba66e2307c8268803bb362b83a45239bffc7698eb548aa5
tight_audit__TH_OG2P1-SG3O1-OG2P1_+1h	tight_audit	TH_OG2P1-SG3O1-OG2P1_+1h	TH_OG2P1-SG3O1-OG2P1	1	T_CS_100	T_CS	100.0	99.99973782178598	99.99294029321084	-0.006797528575134493	0.006797528575134493	0.02	True	c5e6d243501db4ba3bbd09f5ae97a9cc954f7652d24c606c3bb8196a5b512755	6de8168401e4e7585611ccf7a1f58dee05ff2ca7d40069098bc36fa8da906d63
tight_audit__TH_OG2P1-SG3O1-OG2P1_+1h	tight_audit	TH_OG2P1-SG3O1-OG2P1_+1h	TH_OG2P1-SG3O1-OG2P1	1	T_CS_110	T_CS	110.0	109.99982259760765	109.99384516414153	-0.005977433466114235	0.005977433466114235	0.02	True	fd3404ec36fe83815887e7a1e639f61c92bd7d0c7d43580b0b9c0fed1892da18	844e1a9320d5278f38d63ad46c769c483f0bf35cc684f31fc20544a176d1510c
tight_audit__TH_OG2P1-SG3O1-OG2P1_+1h	tight_audit	TH_OG2P1-SG3O1-OG2P1_+1h	TH_OG2P1-SG3O1-OG2P1	1	T_CS_120	T_CS	120.0	120.0000256226668	119.99661260901188	-0.00341301365492086	0.00341301365492086	0.02	True	cd3a576945e09ba26d11c6c20df75fa39584268550f612d9a1dc957add5b6753	74dec8c6766782dbb0061a60e917b61253e75aff77c86171bee966744d105c31
tight_audit__TH_OG2P1-SG3O1-OG2P1_+1h	tight_audit	TH_OG2P1-SG3O1-OG2P1_+1h	TH_OG2P1-SG3O1-OG2P1	1	T_CC_240_FROM_REVERSE_QM	T_CC	240.0	-120.00002885442426	-120.00281116661075	-0.002782312186496938	0.002782312186496938	0.02	True	8af7af63d19b53cffc32f9eda8be8acabcdedd5642a150991c618d46afeeece1	2ab7c2474c2749d6f62cc9e0d5cd53f790d9d6c39a67eb41bce5efe3c593b236
tight_audit__TH_FGA2-CG312-FGA2_-1h	tight_audit	TH_FGA2-CG312-FGA2_-1h	TH_FGA2-CG312-FGA2	-1	T_CC_000	T_CC	0.0	8.2317896820712e-05	0.0015450271852440473	0.0014627092884325066	0.0014627092884325066	0.02	True	a6e94cfe558c5be38544a34d2a6fad98313d167e35f5e4b511ff44a3e9ca9bd2	df52564d6a03bc6edcb2b3d047e66a5da419e5a15cc39414ce5875aff4d6c8a4
tight_audit__TH_FGA2-CG312-FGA2_-1h	tight_audit	TH_FGA2-CG312-FGA2_-1h	TH_FGA2-CG312-FGA2	-1	T_CC_030	T_CC	30.0	30.000158540910803	30.010191076040336	0.01003253512953961	0.01003253512953961	0.02	True	bab98c0a3ea47718c84ee2523940894bf3eb8df2875321a686eefa8b41f8b782	d3bd4ceccd129e844de62ab2627e48fdff519bc2a7dfafc42ab579e9c0f3ef9b
tight_audit__TH_FGA2-CG312-FGA2_-1h	tight_audit	TH_FGA2-CG312-FGA2_-1h	TH_FGA2-CG312-FGA2	-1	T_CC_060	T_CC	60.0	60.0001592609087	60.004588452306194	0.00442919139749165	0.00442919139749165	0.02	True	41baeb9c356cf99a1669a39f741dfb4147717de0ce46134528141edf74e37c1d	072d949fb85195643688f7bd69592c0a5725aeb7553aebede34c0e9fe418db62
tight_audit__TH_FGA2-CG312-FGA2_-1h	tight_audit	TH_FGA2-CG312-FGA2_-1h	TH_FGA2-CG312-FGA2	-1	T_CC_090	T_CC	90.0	90.00019699894702	90.00673858498115	0.006541586034131797	0.006541586034131797	0.02	True	dbc39b01855c642528b1b5129ecf4ae28ec9520145b3527abc86ff7044f37fe4	7dc67e941d400ea01620339a6bf49872e345fb20f45446324c5bcdd017fd4000
tight_audit__TH_FGA2-CG312-FGA2_-1h	tight_audit	TH_FGA2-CG312-FGA2_-1h	TH_FGA2-CG312-FGA2	-1	T_CC_120	T_CC	120.0	119.99983965803996	119.99846708885349	-0.0013725691864578948	0.0013725691864578948	0.02	True	703b1af8fd53d30a74d3f4bf3a1f53070360f76270386005e08d7e6d5c6d10b8	4bc4b5b8d58fd43936eb288c88bfb927a0403da723b46679b611863e2ea076d6
tight_audit__TH_FGA2-CG312-FGA2_-1h	tight_audit	TH_FGA2-CG312-FGA2_-1h	TH_FGA2-CG312-FGA2	-1	T_CC_150	T_CC	150.0	150.00011419393934	150.0049388329192	0.004824638979869178	0.004824638979869178	0.02	True	3625c62a0da1954c05f2c25a8ce89fd780c033322f4d07af01007123ad2086d7	7d16a6243e720826112e9b60a7f148fe6a22223eaffb579ee90c1402674a3494
tight_audit__TH_FGA2-CG312-FGA2_-1h	tight_audit	TH_FGA2-CG312-FGA2_-1h	TH_FGA2-CG312-FGA2	-1	T_CC_180	T_CC	180.0	-179.99987411198484	-179.99729661419371	0.002577497791122596	0.002577497791122596	0.02	True	237d0de9329d2f7154e75e1b94b8d20dc99d256df491b1962585edd08ac5d56b	4ec15fa1a4ce180b3f1f13f9b3f13f3db5e7d23fc482d56b005fbb378968e549
tight_audit__TH_FGA2-CG312-FGA2_-1h	tight_audit	TH_FGA2-CG312-FGA2_-1h	TH_FGA2-CG312-FGA2	-1	T_CC_210	T_CC	210.0	-150.00009928563182	-150.00587792246574	-0.005778636833923656	0.005778636833923656	0.02	True	ff7ba181ddce36b5fec269c010000630a05fa87e61843c9cb6ae5b286660aa06	b5e63b35128bfc621a819ba158bb842b5fccd23a8fc7e625c68512a1bf1b33c7
tight_audit__TH_FGA2-CG312-FGA2_-1h	tight_audit	TH_FGA2-CG312-FGA2_-1h	TH_FGA2-CG312-FGA2	-1	T_CC_240	T_CC	240.0	-120.00007620746388	-120.00273551043897	-0.0026593029750756614	0.0026593029750756614	0.02	True	880de9f672087b3c73f343d26033dc31c7e6d04945e3ef56427c9859c467bda9	c18b38c69c22f59c22135620613498b37476589df608d2f8865c686f908058dc
tight_audit__TH_FGA2-CG312-FGA2_-1h	tight_audit	TH_FGA2-CG312-FGA2_-1h	TH_FGA2-CG312-FGA2	-1	T_CC_270	T_CC	270.0	-89.99993474284005	-89.99498181720399	0.0049529256360756335	0.0049529256360756335	0.02	True	0bb8e714e59c30b159e44188b0df6faf6cdafd8794878db4b1f2197b15d282c8	f9c1809d1d4fc84f40caac6adc66b155f7fa2c579b4055c6ddad52036b9fb8bb
tight_audit__TH_FGA2-CG312-FGA2_-1h	tight_audit	TH_FGA2-CG312-FGA2_-1h	TH_FGA2-CG312-FGA2	-1	T_CC_300	T_CC	300.0	-59.99998160172803	-60.00136079270403	-0.0013791909759959253	0.0013791909759959253	0.02	True	fc6381c1ad4b27e5f9a79cad7e8361d93f1a8d0e253a0d934cd0410aba899c01	1592dec9c8aa3cb8799d806348ccdac22d55dc40fcff48cc5179fad3e3621ae5
tight_audit__TH_FGA2-CG312-FGA2_-1h	tight_audit	TH_FGA2-CG312-FGA2_-1h	TH_FGA2-CG312-FGA2	-1	T_CC_330	T_CC	330.0	-30.00016585816224	-30.01274389360271	-0.012578035440469648	0.012578035440469648	0.02	True	12d5e015638e715123552261c80c982de9108a65a82103add957bb662b8d1c03	2441cade7cb1772979cfddced3cbd71e339fc1ebd37fa6f8909de967b43c1b4f
tight_audit__TH_FGA2-CG312-FGA2_-1h	tight_audit	TH_FGA2-CG312-FGA2_-1h	TH_FGA2-CG312-FGA2	-1	T_CS_000	T_CS	0.0	1.5180520262743396e-05	-0.0033554501507352084	-0.0033706306709859746	0.0033706306709859746	0.02	True	b76cb71c416ae436646084247ac0799101a651a6e78ef12bdd936ed29539a181	1012de50aad14ecd8024a3f178ee627fadf6b60e23402dc11bc5d4c0cb580004
tight_audit__TH_FGA2-CG312-FGA2_-1h	tight_audit	TH_FGA2-CG312-FGA2_-1h	TH_FGA2-CG312-FGA2	-1	T_CS_010	T_CS	10.0	10.000078136231716	10.000155058529742	7.692229803524242e-05	7.692229803524242e-05	0.02	True	93231ed042bed5c0602602d32e5c5f3d4901969d8156257c0347236c62607f21	37c0bcc54c132285030a5523474c6ecf1010696a7cd1fb4076dcf2311e4c9dca
tight_audit__TH_FGA2-CG312-FGA2_-1h	tight_audit	TH_FGA2-CG312-FGA2_-1h	TH_FGA2-CG312-FGA2	-1	T_CS_020	T_CS	20.0	20.00017404591677	20.003138563534204	0.0029645176174426524	0.0029645176174426524	0.02	True	fc0fe0aaa70da2491407d7cf40549f0928ad568ab5bdce4bbe2d14d68bfcc78c	092b6d68238b05257ce58a38e64c5db200d95502733120aa509209519870fc98
tight_audit__TH_FGA2-CG312-FGA2_-1h	tight_audit	TH_FGA2-CG312-FGA2_-1h	TH_FGA2-CG312-FGA2	-1	T_CS_030	T_CS	30.0	30.00019985596987	30.00583624736214	0.005636391392272344	0.005636391392272344	0.02	True	a05c8327bb40345cb389bdc875b9059d4912df044e264f7722d2fc594a9c36dd	2bec97c208db1245420a992f84e75846ae1d266df79bf59dff9cf7d5e6a83234
tight_audit__TH_FGA2-CG312-FGA2_-1h	tight_audit	TH_FGA2-CG312-FGA2_-1h	TH_FGA2-CG312-FGA2	-1	T_CS_040	T_CS	40.0	40.00013511844969	40.00689477530892	0.006759656859230745	0.006759656859230745	0.02	True	1a3dc833568c912b0d2cb86bfde6f64600b04206593d34bfbb044abbbf528520	b9e432d7815a84b5dd529c38bfcd30326ea90274117635972c6a78121ec1075c
tight_audit__TH_FGA2-CG312-FGA2_-1h	tight_audit	TH_FGA2-CG312-FGA2_-1h	TH_FGA2-CG312-FGA2	-1	T_CS_050	T_CS	50.0	50.000069706040776	50.005696147358016	0.0056264413172470995	0.0056264413172470995	0.02	True	d5ffde1699a4340c997fb87781ff0319b604b8e83883345a0da527c51bce31d9	d38d6a9fb857c828b8070e49623f3726eace94961a3c08896c5670a9884992d9
tight_audit__TH_FGA2-CG312-FGA2_-1h	tight_audit	TH_FGA2-CG312-FGA2_-1h	TH_FGA2-CG312-FGA2	-1	T_CS_060	T_CS	60.0	60.00001911469256	60.003279663678185	0.0032605489856223357	0.0032605489856223357	0.02	True	80f6abaaca25fcd7bd9b4a96576a6529dc2aab9c92bb4dc8cb8d94382f35e1bd	6d800dd23135d995db5e59fb8fcfff721eedc6b5573e51d0ad7fffecc825bc9f
tight_audit__TH_FGA2-CG312-FGA2_-1h	tight_audit	TH_FGA2-CG312-FGA2_-1h	TH_FGA2-CG312-FGA2	-1	T_CS_070	T_CS	70.0	69.99996549339919	70.00011541888445	0.00014992548526038263	0.00014992548526038263	0.02	True	861b37106b6bffb8af5aa0780a88e99efc6bb88ef7f40055d7a4c38fada5ead3	c99f15577c00b973e41ca17a6f436129a5ee060f1ead2b0a4f8483f97f5b1d51
tight_audit__TH_FGA2-CG312-FGA2_-1h	tight_audit	TH_FGA2-CG312-FGA2_-1h	TH_FGA2-CG312-FGA2	-1	T_CS_080	T_CS	80.0	79.99992991278366	79.99683494360342	-0.0030949691802391044	0.0030949691802391044	0.02	True	185564ab2bddfe1f6bee80c92bcc4d84c3c5217d92438a78fed413f0c2f0ee48	e49d6963a64418b1a08de3e254df9cd07d643e342e7ee20a0c4eade643340674
tight_audit__TH_FGA2-CG312-FGA2_-1h	tight_audit	TH_FGA2-CG312-FGA2_-1h	TH_FGA2-CG312-FGA2	-1	T_CS_090	T_CS	90.0	89.99991027498892	89.99433575359825	-0.005574521390656173	0.005574521390656173	0.02	True	95090c3545e38e3050c6dfd9ee40f08d6e347c417cfbc010bffb72eed38858f5	5f7230e2f54fd541e05633d40173053d0bb5b7b39c57d36ed0a9de17ef44ed44
tight_audit__TH_FGA2-CG312-FGA2_-1h	tight_audit	TH_FGA2-CG312-FGA2_-1h	TH_FGA2-CG312-FGA2	-1	T_CS_100	T_CS	100.0	99.99973782178598	99.99315506403123	-0.006582757754756585	0.006582757754756585	0.02	True	c5e6d243501db4ba3bbd09f5ae97a9cc954f7652d24c606c3bb8196a5b512755	b62426bf735ba1d219a9cb6df32a9e4b6f49a27197cf83c91b5e21e9ad69e419
tight_audit__TH_FGA2-CG312-FGA2_-1h	tight_audit	TH_FGA2-CG312-FGA2_-1h	TH_FGA2-CG312-FGA2	-1	T_CS_110	T_CS	110.0	109.99982259760765	109.99403713347262	-0.005785464135044549	0.005785464135044549	0.02	True	fd3404ec36fe83815887e7a1e639f61c92bd7d0c7d43580b0b9c0fed1892da18	f6e70bc658383a83fa59840caa23be97a275bda9f28563181992f1ee8ad186ac
tight_audit__TH_FGA2-CG312-FGA2_-1h	tight_audit	TH_FGA2-CG312-FGA2_-1h	TH_FGA2-CG312-FGA2	-1	T_CS_120	T_CS	120.0	120.0000256226668	119.99671349362421	-0.0033121290425697225	0.0033121290425697225	0.02	True	cd3a576945e09ba26d11c6c20df75fa39584268550f612d9a1dc957add5b6753	4087c5dca79331d4d74c23dfc425b8e39d1b5deb8433d4527a89b3e8bf871457
tight_audit__TH_FGA2-CG312-FGA2_-1h	tight_audit	TH_FGA2-CG312-FGA2_-1h	TH_FGA2-CG312-FGA2	-1	T_CC_240_FROM_REVERSE_QM	T_CC	240.0	-120.00002885442426	-120.00268961062446	-0.0026607562002141094	0.0026607562002141094	0.02	True	8af7af63d19b53cffc32f9eda8be8acabcdedd5642a150991c618d46afeeece1	52f32729dca0cde1f9ba44feedc89f1feaa87f74ed8605c0cbc359e4f07ae37a
tight_audit__TH_FGA2-CG312-FGA2_+1h	tight_audit	TH_FGA2-CG312-FGA2_+1h	TH_FGA2-CG312-FGA2	1	T_CC_000	T_CC	0.0	8.2317896820712e-05	0.001622298004484659	0.0015399801076512176	0.0015399801076512176	0.02	True	a6e94cfe558c5be38544a34d2a6fad98313d167e35f5e4b511ff44a3e9ca9bd2	0f54331a228f781862367f0b7a57631416ca5c53b3f69d4b099c552078cdaabb
tight_audit__TH_FGA2-CG312-FGA2_+1h	tight_audit	TH_FGA2-CG312-FGA2_+1h	TH_FGA2-CG312-FGA2	1	T_CC_030	T_CC	30.0	30.000158540910803	30.010365401564986	0.010206860654193406	0.010206860654193406	0.02	True	bab98c0a3ea47718c84ee2523940894bf3eb8df2875321a686eefa8b41f8b782	6a5518278ea47afac2a342b260e382962328a33b09f833bfd48511e83d593c3d
tight_audit__TH_FGA2-CG312-FGA2_+1h	tight_audit	TH_FGA2-CG312-FGA2_+1h	TH_FGA2-CG312-FGA2	1	T_CC_060	T_CC	60.0	60.0001592609087	60.004315078773764	0.0041558178650689115	0.0041558178650689115	0.02	True	41baeb9c356cf99a1669a39f741dfb4147717de0ce46134528141edf74e37c1d	57bdb12d1f6df675093030c316ba1d66b184b29e8f46b1c57cbb6f74e29fd191
tight_audit__TH_FGA2-CG312-FGA2_+1h	tight_audit	TH_FGA2-CG312-FGA2_+1h	TH_FGA2-CG312-FGA2	1	T_CC_090	T_CC	90.0	90.00019699894702	90.00655159039358	0.006354591446552149	0.006354591446552149	0.02	True	dbc39b01855c642528b1b5129ecf4ae28ec9520145b3527abc86ff7044f37fe4	ea6a5bba3d91f96edb3e94080e5d34b7f499565384ae1e4bf2c9d45c0706d841
tight_audit__TH_FGA2-CG312-FGA2_+1h	tight_audit	TH_FGA2-CG312-FGA2_+1h	TH_FGA2-CG312-FGA2	1	T_CC_120	T_CC	120.0	119.99983965803996	119.9982303398071	-0.0016093182328518196	0.0016093182328518196	0.02	True	703b1af8fd53d30a74d3f4bf3a1f53070360f76270386005e08d7e6d5c6d10b8	05965d4c0af68a8e5647ab5b1f175b8c21fd2d3125b50e29bf49aa393c129aec
tight_audit__TH_FGA2-CG312-FGA2_+1h	tight_audit	TH_FGA2-CG312-FGA2_+1h	TH_FGA2-CG312-FGA2	1	T_CC_150	T_CC	150.0	150.00011419393934	150.00543240411776	0.005318210178415939	0.005318210178415939	0.02	True	3625c62a0da1954c05f2c25a8ce89fd780c033322f4d07af01007123ad2086d7	41ed6e5922ec6763212b2500382fdeee9ac4c01ab0bb39dfa30e23db4038c979
tight_audit__TH_FGA2-CG312-FGA2_+1h	tight_audit	TH_FGA2-CG312-FGA2_+1h	TH_FGA2-CG312-FGA2	1	T_CC_180	T_CC	180.0	-179.99987411198484	-179.99715961051467	0.002714501470165942	0.002714501470165942	0.02	True	237d0de9329d2f7154e75e1b94b8d20dc99d256df491b1962585edd08ac5d56b	b3e19ea722adfb4c013dea7e92e6440685632e80170f323eb14ed980e62b2c28
tight_audit__TH_FGA2-CG312-FGA2_+1h	tight_audit	TH_FGA2-CG312-FGA2_+1h	TH_FGA2-CG312-FGA2	1	T_CC_210	T_CC	210.0	-150.00009928563182	-150.00629745382756	-0.006198168195737708	0.006198168195737708	0.02	True	ff7ba181ddce36b5fec269c010000630a05fa87e61843c9cb6ae5b286660aa06	128d26ff0a301377de8b863dfd09c477a0d24f2d212731945b8f0459eb3f590e
tight_audit__TH_FGA2-CG312-FGA2_+1h	tight_audit	TH_FGA2-CG312-FGA2_+1h	TH_FGA2-CG312-FGA2	1	T_CC_240	T_CC	240.0	-120.00007620746388	-120.00295098992666	-0.0028747824627828322	0.0028747824627828322	0.02	True	880de9f672087b3c73f343d26033dc31c7e6d04945e3ef56427c9859c467bda9	6499f7fef7fcddcf5c61828f3d018dc4bd27b846329bfea75a84f86ca3f994b0
tight_audit__TH_FGA2-CG312-FGA2_+1h	tight_audit	TH_FGA2-CG312-FGA2_+1h	TH_FGA2-CG312-FGA2	1	T_CC_270	T_CC	270.0	-89.99993474284005	-89.99492076431264	0.005013978527415475	0.005013978527415475	0.02	True	0bb8e714e59c30b159e44188b0df6faf6cdafd8794878db4b1f2197b15d282c8	c3fac953b2fec838c33b6bac99ac013f622a36fb1f2ac58bdda7c6e608ce6013
tight_audit__TH_FGA2-CG312-FGA2_+1h	tight_audit	TH_FGA2-CG312-FGA2_+1h	TH_FGA2-CG312-FGA2	1	T_CC_300	T_CC	300.0	-59.99998160172803	-60.0012443084904	-0.0012627067623611765	0.0012627067623611765	0.02	True	fc6381c1ad4b27e5f9a79cad7e8361d93f1a8d0e253a0d934cd0410aba899c01	649e937d5af0ffce64de57deedab17618217e40a4219a36e47e2559c512fd243
tight_audit__TH_FGA2-CG312-FGA2_+1h	tight_audit	TH_FGA2-CG312-FGA2_+1h	TH_FGA2-CG312-FGA2	1	T_CC_330	T_CC	330.0	-30.00016585816224	-30.01294415185233	-0.01277829369007577	0.01277829369007577	0.02	True	12d5e015638e715123552261c80c982de9108a65a82103add957bb662b8d1c03	a943bdb32535dd4d99378871497607b507d3cfe66243f0b649a749eca674c1c9
tight_audit__TH_FGA2-CG312-FGA2_+1h	tight_audit	TH_FGA2-CG312-FGA2_+1h	TH_FGA2-CG312-FGA2	1	T_CS_000	T_CS	0.0	1.5180520262743396e-05	-0.0034446823799130885	-0.0034598629001720838	0.0034598629001720838	0.02	True	b76cb71c416ae436646084247ac0799101a651a6e78ef12bdd936ed29539a181	01a472f44059dd568744cfbd7e75f388ec90ebf574f3d1b006ccc387f15ed9fa
tight_audit__TH_FGA2-CG312-FGA2_+1h	tight_audit	TH_FGA2-CG312-FGA2_+1h	TH_FGA2-CG312-FGA2	1	T_CS_010	T_CS	10.0	10.000078136231716	10.000127232663136	4.909643141104425e-05	4.909643141104425e-05	0.02	True	93231ed042bed5c0602602d32e5c5f3d4901969d8156257c0347236c62607f21	4cd4583df878c9b173ec2ae9411920107a8013a4d3b2db3187f4859323da7175
tight_audit__TH_FGA2-CG312-FGA2_+1h	tight_audit	TH_FGA2-CG312-FGA2_+1h	TH_FGA2-CG312-FGA2	1	T_CS_020	T_CS	20.0	20.00017404591677	20.003171393917448	0.002997348000690181	0.002997348000690181	0.02	True	fc0fe0aaa70da2491407d7cf40549f0928ad568ab5bdce4bbe2d14d68bfcc78c	ead060938b27ccf0d2478dd2bba1669ba1ac424b311bcf7234a394295d833b49
tight_audit__TH_FGA2-CG312-FGA2_+1h	tight_audit	TH_FGA2-CG312-FGA2_+1h	TH_FGA2-CG312-FGA2	1	T_CS_030	T_CS	30.0	30.00019985596987	30.0059813756598	0.005781519689918468	0.005781519689918468	0.02	True	a05c8327bb40345cb389bdc875b9059d4912df044e264f7722d2fc594a9c36dd	765380c1827b4f640c723b659a03dc6c153f981d07dcb49a1845ccf54e20c42e
tight_audit__TH_FGA2-CG312-FGA2_+1h	tight_audit	TH_FGA2-CG312-FGA2_+1h	TH_FGA2-CG312-FGA2	1	T_CS_040	T_CS	40.0	40.00013511844969	40.00703981477429	0.006904696324596671	0.006904696324596671	0.02	True	1a3dc833568c912b0d2cb86bfde6f64600b04206593d34bfbb044abbbf528520	8379673cf2931aa723bee08fd90d502c726aef96417e7526949796bea7f2ba4f
tight_audit__TH_FGA2-CG312-FGA2_+1h	tight_audit	TH_FGA2-CG312-FGA2_+1h	TH_FGA2-CG312-FGA2	1	T_CS_050	T_CS	50.0	50.000069706040776	50.00580913263212	0.0057394265913330855	0.0057394265913330855	0.02	True	d5ffde1699a4340c997fb87781ff0319b604b8e83883345a0da527c51bce31d9	3443e2184c1b7cfb1e7599cf8e9b9a06b905fa0e67ec81c47c0c3a8531b32e61
tight_audit__TH_FGA2-CG312-FGA2_+1h	tight_audit	TH_FGA2-CG312-FGA2_+1h	TH_FGA2-CG312-FGA2	1	T_CS_060	T_CS	60.0	60.00001911469256	60.003346934509516	0.003327819816945521	0.003327819816945521	0.02	True	80f6abaaca25fcd7bd9b4a96576a6529dc2aab9c92bb4dc8cb8d94382f35e1bd	ca139de08e11d6c090c0612e729e884802bd7bc9a27bf3b95debd5afa5dfa8c6
tight_audit__TH_FGA2-CG312-FGA2_+1h	tight_audit	TH_FGA2-CG312-FGA2_+1h	TH_FGA2-CG312-FGA2	1	T_CS_070	T_CS	70.0	69.99996549339919	70.00012561336264	0.00016011996345355328	0.00016011996345355328	0.02	True	861b37106b6bffb8af5aa0780a88e99efc6bb88ef7f40055d7a4c38fada5ead3	a1adb7c5614aa41240a7641d95f769c15699cdd86c371448a55e383e31f5688e
tight_audit__TH_FGA2-CG312-FGA2_+1h	tight_audit	TH_FGA2-CG312-FGA2_+1h	TH_FGA2-CG312-FGA2	1	T_CS_080	T_CS	80.0	79.99992991278366	79.99679348015569	-0.0031364326279685883	0.0031364326279685883	0.02	True	185564ab2bddfe1f6bee80c92bcc4d84c3c5217d92438a78fed413f0c2f0ee48	2f78306c2d048a76b29134c5623195d7b1977fe6e2354eb8db16cadeb4a7fb95
tight_audit__TH_FGA2-CG312-FGA2_+1h	tight_audit	TH_FGA2-CG312-FGA2_+1h	TH_FGA2-CG312-FGA2	1	T_CS_090	T_CS	90.0	89.99991027498892	89.99425174398915	-0.005658530999767208	0.005658530999767208	0.02	True	95090c3545e38e3050c6dfd9ee40f08d6e347c417cfbc010bffb72eed38858f5	3e00781ac5e3ed86d4953e3977f74404859ee2c5cc57ed6bacf02e8834263260
tight_audit__TH_FGA2-CG312-FGA2_+1h	tight_audit	TH_FGA2-CG312-FGA2_+1h	TH_FGA2-CG312-FGA2	1	T_CS_100	T_CS	100.0	99.99973782178598	99.99303828055494	-0.0066995412310575375	0.0066995412310575375	0.02	True	c5e6d243501db4ba3bbd09f5ae97a9cc954f7652d24c606c3bb8196a5b512755	697ceefdae5690fa3b3778ca6e16728e4055146d9232dae89be9ac595036181f
tight_audit__TH_FGA2-CG312-FGA2_+1h	tight_audit	TH_FGA2-CG312-FGA2_+1h	TH_FGA2-CG312-FGA2	1	T_CS_110	T_CS	110.0	109.99982259760765	109.99390975754739	-0.005912840060261715	0.005912840060261715	0.02	True	fd3404ec36fe83815887e7a1e639f61c92bd7d0c7d43580b0b9c0fed1892da18	408289595bf4e030733823e798f2ce775a00828a0d1db668ec7928876d2fe79e
tight_audit__TH_FGA2-CG312-FGA2_+1h	tight_audit	TH_FGA2-CG312-FGA2_+1h	TH_FGA2-CG312-FGA2	1	T_CS_120	T_CS	120.0	120.0000256226668	119.99661386056549	-0.0034117621013081134	0.0034117621013081134	0.02	True	cd3a576945e09ba26d11c6c20df75fa39584268550f612d9a1dc957add5b6753	6f90c8859eeb4269870b5580716432142a9418b633d75c345bd5c496f9b9799c
tight_audit__TH_FGA2-CG312-FGA2_+1h	tight_audit	TH_FGA2-CG312-FGA2_+1h	TH_FGA2-CG312-FGA2	1	T_CC_240_FROM_REVERSE_QM	T_CC	240.0	-120.00002885442426	-120.0029042513389	-0.002875396914646444	0.002875396914646444	0.02	True	8af7af63d19b53cffc32f9eda8be8acabcdedd5642a150991c618d46afeeece1	e88674e5d12b03375ffcb3d446162d20c4c46a1270607aab6180ad1e2b9fcb97
tight_audit__TH_CG312-CG312-SG3O1_-1h	tight_audit	TH_CG312-CG312-SG3O1_-1h	TH_CG312-CG312-SG3O1	-1	T_CC_000	T_CC	0.0	8.2317896820712e-05	0.0015843429078178646	0.0015020250110069355	0.0015020250110069355	0.02	True	a6e94cfe558c5be38544a34d2a6fad98313d167e35f5e4b511ff44a3e9ca9bd2	6e81f7f193f67586735954bd328d1c602beb6418e3e54978992406a88b6761be
tight_audit__TH_CG312-CG312-SG3O1_-1h	tight_audit	TH_CG312-CG312-SG3O1_-1h	TH_CG312-CG312-SG3O1	-1	T_CC_030	T_CC	30.0	30.000158540910803	30.010304126424124	0.010145585513328115	0.010145585513328115	0.02	True	bab98c0a3ea47718c84ee2523940894bf3eb8df2875321a686eefa8b41f8b782	a07f355f731ce273809564223bc8b34dc41ceb9b76f3224fe109d3f604132026
tight_audit__TH_CG312-CG312-SG3O1_-1h	tight_audit	TH_CG312-CG312-SG3O1_-1h	TH_CG312-CG312-SG3O1	-1	T_CC_060	T_CC	60.0	60.0001592609087	60.004559813477805	0.004400552569109095	0.004400552569109095	0.02	True	41baeb9c356cf99a1669a39f741dfb4147717de0ce46134528141edf74e37c1d	7bd8bd241795de38bbe3deb80abf28ab88eeaa5268be4ee9c566d6e3c1411e0b
tight_audit__TH_CG312-CG312-SG3O1_-1h	tight_audit	TH_CG312-CG312-SG3O1_-1h	TH_CG312-CG312-SG3O1	-1	T_CC_090	T_CC	90.0	90.00019699894702	90.00673562304837	0.006538624101352752	0.006538624101352752	0.02	True	dbc39b01855c642528b1b5129ecf4ae28ec9520145b3527abc86ff7044f37fe4	14d2d714d87f2b96a2e52638dceb35fa31288382209cbfffa21e2b91fcfe642f
tight_audit__TH_CG312-CG312-SG3O1_-1h	tight_audit	TH_CG312-CG312-SG3O1_-1h	TH_CG312-CG312-SG3O1	-1	T_CC_120	T_CC	120.0	119.99983965803996	119.99837300165424	-0.0014666563857304027	0.0014666563857304027	0.02	True	703b1af8fd53d30a74d3f4bf3a1f53070360f76270386005e08d7e6d5c6d10b8	7bb9105657c9232b4705eeaae0905596224972d1ff38eccec40df7f16368bf56
tight_audit__TH_CG312-CG312-SG3O1_-1h	tight_audit	TH_CG312-CG312-SG3O1_-1h	TH_CG312-CG312-SG3O1	-1	T_CC_150	T_CC	150.0	150.00011419393934	150.00519123045643	0.005077036517093347	0.005077036517093347	0.02	True	3625c62a0da1954c05f2c25a8ce89fd780c033322f4d07af01007123ad2086d7	dea21c1bd75734ac4dc344ba7cf2255de0317eeb3407539732f5bef278282663
tight_audit__TH_CG312-CG312-SG3O1_-1h	tight_audit	TH_CG312-CG312-SG3O1_-1h	TH_CG312-CG312-SG3O1	-1	T_CC_180	T_CC	180.0	-179.99987411198484	-179.9972357657988	0.002638346186046192	0.002638346186046192	0.02	True	237d0de9329d2f7154e75e1b94b8d20dc99d256df491b1962585edd08ac5d56b	5a9c9d0050bcbb72e2d2f9e00d6bd4309866553842ae47419ecaa480b08e652f
tight_audit__TH_CG312-CG312-SG3O1_-1h	tight_audit	TH_CG312-CG312-SG3O1_-1h	TH_CG312-CG312-SG3O1	-1	T_CC_210	T_CC	210.0	-150.00009928563182	-150.00611396078295	-0.006014675151135407	0.006014675151135407	0.02	True	ff7ba181ddce36b5fec269c010000630a05fa87e61843c9cb6ae5b286660aa06	b9c883ba2324cd733a9b0523eb6bb1d80cacb195ca2f950ffabb15d22f6b6603
tight_audit__TH_CG312-CG312-SG3O1_-1h	tight_audit	TH_CG312-CG312-SG3O1_-1h	TH_CG312-CG312-SG3O1	-1	T_CC_240	T_CC	240.0	-120.00007620746388	-120.00281363815391	-0.002737430690046949	0.002737430690046949	0.02	True	880de9f672087b3c73f343d26033dc31c7e6d04945e3ef56427c9859c467bda9	7b0e0e50eadfec27f7ec304da2836105e4cde8c495c1287ca9b2c6fd33e753a1
tight_audit__TH_CG312-CG312-SG3O1_-1h	tight_audit	TH_CG312-CG312-SG3O1_-1h	TH_CG312-CG312-SG3O1	-1	T_CC_270	T_CC	270.0	-89.99993474284005	-89.99494823040422	0.004986512435834811	0.004986512435834811	0.02	True	0bb8e714e59c30b159e44188b0df6faf6cdafd8794878db4b1f2197b15d282c8	8095c6ae2afa93c56f81cbd5b0c935585c2fe46c7b628c66930cb0377e4bd5d6
tight_audit__TH_CG312-CG312-SG3O1_-1h	tight_audit	TH_CG312-CG312-SG3O1_-1h	TH_CG312-CG312-SG3O1	-1	T_CC_300	T_CC	300.0	-59.99998160172803	-60.001376062329626	-0.0013944606016025318	0.0013944606016025318	0.02	True	fc6381c1ad4b27e5f9a79cad7e8361d93f1a8d0e253a0d934cd0410aba899c01	813a74c9b96a1c09147ccda6e07f7fab6efa67eb0d90f6c8f7989c360e844175
tight_audit__TH_CG312-CG312-SG3O1_-1h	tight_audit	TH_CG312-CG312-SG3O1_-1h	TH_CG312-CG312-SG3O1	-1	T_CC_330	T_CC	330.0	-30.00016585816224	-30.012913064713825	-0.012747206551580348	0.012747206551580348	0.02	True	12d5e015638e715123552261c80c982de9108a65a82103add957bb662b8d1c03	fb0eeb57ea936ace6ae8df711ecada5560d955bda9f9418f2da60d4ceb2ecd00
tight_audit__TH_CG312-CG312-SG3O1_-1h	tight_audit	TH_CG312-CG312-SG3O1_-1h	TH_CG312-CG312-SG3O1	-1	T_CS_000	T_CS	0.0	1.5180520262743396e-05	-0.0033988769679738685	-0.003414057488242861	0.003414057488242861	0.02	True	b76cb71c416ae436646084247ac0799101a651a6e78ef12bdd936ed29539a181	c60a60a5062684a059062581fd7e8ba61b3a13fd2df411e862e389722e1481ec
tight_audit__TH_CG312-CG312-SG3O1_-1h	tight_audit	TH_CG312-CG312-SG3O1_-1h	TH_CG312-CG312-SG3O1	-1	T_CS_010	T_CS	10.0	10.000078136231716	10.000147912454668	6.977622294357388e-05	6.977622294357388e-05	0.02	True	93231ed042bed5c0602602d32e5c5f3d4901969d8156257c0347236c62607f21	37eb28703c1f4902526b97cd55331ab525b793e150fd0dedf5c91e5ddf24b799
tight_audit__TH_CG312-CG312-SG3O1_-1h	tight_audit	TH_CG312-CG312-SG3O1_-1h	TH_CG312-CG312-SG3O1	-1	T_CS_020	T_CS	20.0	20.00017404591677	20.00315165566806	0.002977609751297905	0.002977609751297905	0.02	True	fc0fe0aaa70da2491407d7cf40549f0928ad568ab5bdce4bbe2d14d68bfcc78c	cf0e0d4daba24f1bcf84c211c79cb32c4d61c26eb01ff2e86c975aad5988e8cd
tight_audit__TH_CG312-CG312-SG3O1_-1h	tight_audit	TH_CG312-CG312-SG3O1_-1h	TH_CG312-CG312-SG3O1	-1	T_CS_030	T_CS	30.0	30.00019985596987	30.005830083402873	0.005630227433016444	0.005630227433016444	0.02	True	a05c8327bb40345cb389bdc875b9059d4912df044e264f7722d2fc594a9c36dd	a665ba390c86f754377f9bb63f762e0dcefacf3e4e66d2c058ca2ecc738e9170
tight_audit__TH_CG312-CG312-SG3O1_-1h	tight_audit	TH_CG312-CG312-SG3O1_-1h	TH_CG312-CG312-SG3O1	-1	T_CS_040	T_CS	40.0	40.00013511844969	40.00697459839825	0.006839479948553162	0.006839479948553162	0.02	True	1a3dc833568c912b0d2cb86bfde6f64600b04206593d34bfbb044abbbf528520	1fd52f7636630313e074f82ecd86049aefc1d59d0c4efe58fd961e99a78144b6
tight_audit__TH_CG312-CG312-SG3O1_-1h	tight_audit	TH_CG312-CG312-SG3O1_-1h	TH_CG312-CG312-SG3O1	-1	T_CS_050	T_CS	50.0	50.000069706040776	50.005778151321145	0.005708445280362184	0.005708445280362184	0.02	True	d5ffde1699a4340c997fb87781ff0319b604b8e83883345a0da527c51bce31d9	cbdde542242f2a7884e3a6211a3d1be4fb84b029847fe79ae849079913900147
tight_audit__TH_CG312-CG312-SG3O1_-1h	tight_audit	TH_CG312-CG312-SG3O1_-1h	TH_CG312-CG312-SG3O1	-1	T_CS_060	T_CS	60.0	60.00001911469256	60.00334611423285	0.0033269995402918084	0.0033269995402918084	0.02	True	80f6abaaca25fcd7bd9b4a96576a6529dc2aab9c92bb4dc8cb8d94382f35e1bd	2e95637cc74d2a9c377df6f69cf6e03e6f9daf007f1b04f8d080157c9969c86e
tight_audit__TH_CG312-CG312-SG3O1_-1h	tight_audit	TH_CG312-CG312-SG3O1_-1h	TH_CG312-CG312-SG3O1	-1	T_CS_070	T_CS	70.0	69.99996549339919	70.00015184456757	0.00018635116839504917	0.00018635116839504917	0.02	True	861b37106b6bffb8af5aa0780a88e99efc6bb88ef7f40055d7a4c38fada5ead3	e332d9d4ff574b9f6d3885514a4f9d6a17d57e9678556d9f431f097ab897761f
tight_audit__TH_CG312-CG312-SG3O1_-1h	tight_audit	TH_CG312-CG312-SG3O1_-1h	TH_CG312-CG312-SG3O1	-1	T_CS_080	T_CS	80.0	79.99992991278366	79.99682930427346	-0.003100608510180791	0.003100608510180791	0.02	True	185564ab2bddfe1f6bee80c92bcc4d84c3c5217d92438a78fed413f0c2f0ee48	ac920ac09e933dd93d51b5e45f6dd229ca116ac7caa95efb43c72891096bb4a3
tight_audit__TH_CG312-CG312-SG3O1_-1h	tight_audit	TH_CG312-CG312-SG3O1_-1h	TH_CG312-CG312-SG3O1	-1	T_CS_090	T_CS	90.0	89.99991027498892	89.99428792325642	-0.005622351732483821	0.005622351732483821	0.02	True	95090c3545e38e3050c6dfd9ee40f08d6e347c417cfbc010bffb72eed38858f5	c9db1aeef03fe820dbdb9d182f426223892a9c27c14639e7190cfca259008c7b
tight_audit__TH_CG312-CG312-SG3O1_-1h	tight_audit	TH_CG312-CG312-SG3O1_-1h	TH_CG312-CG312-SG3O1	-1	T_CS_100	T_CS	100.0	99.99973782178598	99.99307913459907	-0.0066586871869276365	0.0066586871869276365	0.02	True	c5e6d243501db4ba3bbd09f5ae97a9cc954f7652d24c606c3bb8196a5b512755	0ae9cc1c9d12cc8767340ad31971af4ba574114bce8327cf1851ec5db013bbf4
tight_audit__TH_CG312-CG312-SG3O1_-1h	tight_audit	TH_CG312-CG312-SG3O1_-1h	TH_CG312-CG312-SG3O1	-1	T_CS_110	T_CS	110.0	109.99982259760765	109.99395332846254	-0.005869269145108547	0.005869269145108547	0.02	True	fd3404ec36fe83815887e7a1e639f61c92bd7d0c7d43580b0b9c0fed1892da18	2353ce7fc4407d126500107c2cd91f4df8995324c9a137205428a0ef717351c5
tight_audit__TH_CG312-CG312-SG3O1_-1h	tight_audit	TH_CG312-CG312-SG3O1_-1h	TH_CG312-CG312-SG3O1	-1	T_CS_120	T_CS	120.0	120.0000256226668	119.9966508873357	-0.003374735331078682	0.003374735331078682	0.02	True	cd3a576945e09ba26d11c6c20df75fa39584268550f612d9a1dc957add5b6753	0637e9906ab560f33b180c0f24c605581cede3279ab5d559cf742af7c964905d
tight_audit__TH_CG312-CG312-SG3O1_-1h	tight_audit	TH_CG312-CG312-SG3O1_-1h	TH_CG312-CG312-SG3O1	-1	T_CC_240_FROM_REVERSE_QM	T_CC	240.0	-120.00002885442426	-120.00276664223206	-0.0027377878078027607	0.0027377878078027607	0.02	True	8af7af63d19b53cffc32f9eda8be8acabcdedd5642a150991c618d46afeeece1	07cd4ad6b993f4b4b0bfa22a12a6c3065fed4d97ff8bc529625bba86e6200324
tight_audit__TH_CG312-CG312-SG3O1_+1h	tight_audit	TH_CG312-CG312-SG3O1_+1h	TH_CG312-CG312-SG3O1	1	T_CC_000	T_CC	0.0	8.2317896820712e-05	0.0015822873270929876	0.001499969430284409	0.001499969430284409	0.02	True	a6e94cfe558c5be38544a34d2a6fad98313d167e35f5e4b511ff44a3e9ca9bd2	ee4e22de025ba9930c88448027975783aee03b0ef396112ed90f971e96a7ab1a
tight_audit__TH_CG312-CG312-SG3O1_+1h	tight_audit	TH_CG312-CG312-SG3O1_+1h	TH_CG312-CG312-SG3O1	1	T_CC_030	T_CC	30.0	30.000158540910803	30.010250931768244	0.010092390857437294	0.010092390857437294	0.02	True	bab98c0a3ea47718c84ee2523940894bf3eb8df2875321a686eefa8b41f8b782	60059f0a37e6d0e5aa0ab29963791cce40b70d2f595b0ffc7716cd9d9eb9434d
tight_audit__TH_CG312-CG312-SG3O1_+1h	tight_audit	TH_CG312-CG312-SG3O1_+1h	TH_CG312-CG312-SG3O1	1	T_CC_060	T_CC	60.0	60.0001592609087	60.004344500142956	0.004185239234260507	0.004185239234260507	0.02	True	41baeb9c356cf99a1669a39f741dfb4147717de0ce46134528141edf74e37c1d	8d238cfd04237c31f68e1f1e113c8894019bb63bd11f383d4fc00713d5e60ab1
tight_audit__TH_CG312-CG312-SG3O1_+1h	tight_audit	TH_CG312-CG312-SG3O1_+1h	TH_CG312-CG312-SG3O1	1	T_CC_090	T_CC	90.0	90.00019699894702	90.00656370971042	0.006366710763415995	0.006366710763415995	0.02	True	dbc39b01855c642528b1b5129ecf4ae28ec9520145b3527abc86ff7044f37fe4	feeb956cdbf65132149b97da2ab4520d42a430f10bfad47a48af7601c64281a8
tight_audit__TH_CG312-CG312-SG3O1_+1h	tight_audit	TH_CG312-CG312-SG3O1_+1h	TH_CG312-CG312-SG3O1	1	T_CC_120	T_CC	120.0	119.99983965803996	119.99832813150967	-0.0015115265302938496	0.0015115265302938496	0.02	True	703b1af8fd53d30a74d3f4bf3a1f53070360f76270386005e08d7e6d5c6d10b8	ed606c8590887d192c9f357ec54495b9e913674f6c61ffd1e49c4a853d8e4061
tight_audit__TH_CG312-CG312-SG3O1_+1h	tight_audit	TH_CG312-CG312-SG3O1_+1h	TH_CG312-CG312-SG3O1	1	T_CC_150	T_CC	150.0	150.00011419393934	150.00517195049963	0.005057756560290727	0.005057756560290727	0.02	True	3625c62a0da1954c05f2c25a8ce89fd780c033322f4d07af01007123ad2086d7	251d83147f22df09efe4994e061cf1a113c760e382c67166e300b27c4b976a34
tight_audit__TH_CG312-CG312-SG3O1_+1h	tight_audit	TH_CG312-CG312-SG3O1_+1h	TH_CG312-CG312-SG3O1	1	T_CC_180	T_CC	180.0	-179.99987411198484	-179.9972159930372	0.0026581189476360123	0.0026581189476360123	0.02	True	237d0de9329d2f7154e75e1b94b8d20dc99d256df491b1962585edd08ac5d56b	bcdc73e78be7f91c64c0ff9f39b163e4444598ab7a2518c30abbba3269b78b3f
tight_audit__TH_CG312-CG312-SG3O1_+1h	tight_audit	TH_CG312-CG312-SG3O1_+1h	TH_CG312-CG312-SG3O1	1	T_CC_210	T_CC	210.0	-150.00009928563182	-150.00605981431914	-0.005960528687324995	0.005960528687324995	0.02	True	ff7ba181ddce36b5fec269c010000630a05fa87e61843c9cb6ae5b286660aa06	01dbf0df7c364dd2d7086607b1bdf01ad60467cdf729963035667a9c4bf4da17
tight_audit__TH_CG312-CG312-SG3O1_+1h	tight_audit	TH_CG312-CG312-SG3O1_+1h	TH_CG312-CG312-SG3O1	1	T_CC_240	T_CC	240.0	-120.00007620746388	-120.00287943763995	-0.0028032301760845257	0.0028032301760845257	0.02	True	880de9f672087b3c73f343d26033dc31c7e6d04945e3ef56427c9859c467bda9	dcbe0b09642a964423fd95c9df894267f0674aa975bd9cf4d5497254acc6e673
tight_audit__TH_CG312-CG312-SG3O1_+1h	tight_audit	TH_CG312-CG312-SG3O1_+1h	TH_CG312-CG312-SG3O1	1	T_CC_270	T_CC	270.0	-89.99993474284005	-89.99494646487739	0.004988277962667098	0.004988277962667098	0.02	True	0bb8e714e59c30b159e44188b0df6faf6cdafd8794878db4b1f2197b15d282c8	8deb5b3e8c0cd9323ac2a6a973faee68212809369e6ced5d4befd645bc593768
tight_audit__TH_CG312-CG312-SG3O1_+1h	tight_audit	TH_CG312-CG312-SG3O1_+1h	TH_CG312-CG312-SG3O1	1	T_CC_300	T_CC	300.0	-59.99998160172803	-60.001228018743625	-0.0012464170155794818	0.0012464170155794818	0.02	True	fc6381c1ad4b27e5f9a79cad7e8361d93f1a8d0e253a0d934cd0410aba899c01	56085014834b60776c5c44dd47ae7c55774091a722e996b982d55720f04db529
tight_audit__TH_CG312-CG312-SG3O1_+1h	tight_audit	TH_CG312-CG312-SG3O1_+1h	TH_CG312-CG312-SG3O1	1	T_CC_330	T_CC	330.0	-30.00016585816224	-30.01277708054636	-0.012611222384123266	0.012611222384123266	0.02	True	12d5e015638e715123552261c80c982de9108a65a82103add957bb662b8d1c03	b1f1a4ad218ddea6476f27bb941e24b509629836cf9a11bb4bf60ad63a72e35b
tight_audit__TH_CG312-CG312-SG3O1_+1h	tight_audit	TH_CG312-CG312-SG3O1_+1h	TH_CG312-CG312-SG3O1	1	T_CS_000	T_CS	0.0	1.5180520262743396e-05	-0.003400855779379713	-0.003416036299654479	0.003416036299654479	0.02	True	b76cb71c416ae436646084247ac0799101a651a6e78ef12bdd936ed29539a181	fb350ee34bbe34db5531409ee668d458acf8cfbf184b5234d3e6de31ebf21651
tight_audit__TH_CG312-CG312-SG3O1_+1h	tight_audit	TH_CG312-CG312-SG3O1_+1h	TH_CG312-CG312-SG3O1	1	T_CS_010	T_CS	10.0	10.000078136231716	10.000133447935744	5.5311704016958174e-05	5.5311704016958174e-05	0.02	True	93231ed042bed5c0602602d32e5c5f3d4901969d8156257c0347236c62607f21	587d03950b995b1ee1ec6ecc6212069eed5b57849457e91b7e0df37aa372b08d
tight_audit__TH_CG312-CG312-SG3O1_+1h	tight_audit	TH_CG312-CG312-SG3O1_+1h	TH_CG312-CG312-SG3O1	1	T_CS_020	T_CS	20.0	20.00017404591677	20.003160980912433	0.002986934995675483	0.002986934995675483	0.02	True	fc0fe0aaa70da2491407d7cf40549f0928ad568ab5bdce4bbe2d14d68bfcc78c	179683020c9ef2d9609584bafec2cbc6a77f70ede7bd2a04b1e2584165312f25
tight_audit__TH_CG312-CG312-SG3O1_+1h	tight_audit	TH_CG312-CG312-SG3O1_+1h	TH_CG312-CG312-SG3O1	1	T_CS_030	T_CS	30.0	30.00019985596987	30.005981971651874	0.005782115681995492	0.005782115681995492	0.02	True	a05c8327bb40345cb389bdc875b9059d4912df044e264f7722d2fc594a9c36dd	bb1537ffd4d94eb1ee9a37f568864fa564457cd47c3ee152d9b19d620ce26c87
tight_audit__TH_CG312-CG312-SG3O1_+1h	tight_audit	TH_CG312-CG312-SG3O1_+1h	TH_CG312-CG312-SG3O1	1	T_CS_040	T_CS	40.0	40.00013511844969	40.00695744742946	0.006822328979751546	0.006822328979751546	0.02	True	1a3dc833568c912b0d2cb86bfde6f64600b04206593d34bfbb044abbbf528520	0b35333070b3bfd19fc41cb8a39b2bfef206031bbdec1c1573ec5741d781ee53
tight_audit__TH_CG312-CG312-SG3O1_+1h	tight_audit	TH_CG312-CG312-SG3O1_+1h	TH_CG312-CG312-SG3O1	1	T_CS_050	T_CS	50.0	50.000069706040776	50.00572645727523	0.005656751234454305	0.005656751234454305	0.02	True	d5ffde1699a4340c997fb87781ff0319b604b8e83883345a0da527c51bce31d9	c58dd2c6b335d61a08ce74ba7f806ff5d5a57925e0064bbe663d04b261255d2a
tight_audit__TH_CG312-CG312-SG3O1_+1h	tight_audit	TH_CG312-CG312-SG3O1_+1h	TH_CG312-CG312-SG3O1	1	T_CS_060	T_CS	60.0	60.00001911469256	60.003279561246195	0.00326044655363944	0.00326044655363944	0.02	True	80f6abaaca25fcd7bd9b4a96576a6529dc2aab9c92bb4dc8cb8d94382f35e1bd	20993a475951e100a7c35d14a36840bcb9607720b5b3cf7dafd5b507d9385782
tight_audit__TH_CG312-CG312-SG3O1_+1h	tight_audit	TH_CG312-CG312-SG3O1_+1h	TH_CG312-CG312-SG3O1	1	T_CS_070	T_CS	70.0	69.99996549339919	70.00008865436352	0.00012316096433551138	0.00012316096433551138	0.02	True	861b37106b6bffb8af5aa0780a88e99efc6bb88ef7f40055d7a4c38fada5ead3	cd9d48ad2b056dc8c71c705a4a3d39c1b088d086e18023874e5665da2d51bec3
tight_audit__TH_CG312-CG312-SG3O1_+1h	tight_audit	TH_CG312-CG312-SG3O1_+1h	TH_CG312-CG312-SG3O1	1	T_CS_080	T_CS	80.0	79.99992991278366	79.99679863392977	-0.003131278853885533	0.003131278853885533	0.02	True	185564ab2bddfe1f6bee80c92bcc4d84c3c5217d92438a78fed413f0c2f0ee48	c76ebb3a524ab4f31572e5e644bf2c2d800d5a6574c2e5d3744ead575a1363f0
tight_audit__TH_CG312-CG312-SG3O1_+1h	tight_audit	TH_CG312-CG312-SG3O1_+1h	TH_CG312-CG312-SG3O1	1	T_CS_090	T_CS	90.0	89.99991027498892	89.99429874301377	-0.005611531975148409	0.005611531975148409	0.02	True	95090c3545e38e3050c6dfd9ee40f08d6e347c417cfbc010bffb72eed38858f5	c536a050026bad71399c9a1f5edbcb8fa31ccc98b1e6d717ed30ca3b4158ab7b
tight_audit__TH_CG312-CG312-SG3O1_+1h	tight_audit	TH_CG312-CG312-SG3O1_+1h	TH_CG312-CG312-SG3O1	1	T_CS_100	T_CS	100.0	99.99973782178598	99.9931131277225	-0.006624694063475545	0.006624694063475545	0.02	True	c5e6d243501db4ba3bbd09f5ae97a9cc954f7652d24c606c3bb8196a5b512755	efdeec39e58594c8199a409cad5ea22ea5acda013d49e87c5796b8ab8abd9788
tight_audit__TH_CG312-CG312-SG3O1_+1h	tight_audit	TH_CG312-CG312-SG3O1_+1h	TH_CG312-CG312-SG3O1	1	T_CS_110	T_CS	110.0	109.99982259760765	109.99399169934975	-0.005830898257897843	0.005830898257897843	0.02	True	fd3404ec36fe83815887e7a1e639f61c92bd7d0c7d43580b0b9c0fed1892da18	e82d5647076785d3499b6788101f670fe7b0f8afcc6bf5a7216cd5047cbe5731
tight_audit__TH_CG312-CG312-SG3O1_+1h	tight_audit	TH_CG312-CG312-SG3O1_+1h	TH_CG312-CG312-SG3O1	1	T_CS_120	T_CS	120.0	120.0000256226668	119.99667328112375	-0.0033523415430636305	0.0033523415430636305	0.02	True	cd3a576945e09ba26d11c6c20df75fa39584268550f612d9a1dc957add5b6753	0d81815edfb646622a6d2cc157a04929eb455e91dd6f102adcd68e5f71a8405b
tight_audit__TH_CG312-CG312-SG3O1_+1h	tight_audit	TH_CG312-CG312-SG3O1_+1h	TH_CG312-CG312-SG3O1	1	T_CC_240_FROM_REVERSE_QM	T_CC	240.0	-120.00002885442426	-120.00283207767094	-0.0028032232467012363	0.0028032232467012363	0.02	True	8af7af63d19b53cffc32f9eda8be8acabcdedd5642a150991c618d46afeeece1	ab351c66826b73ee6b001b0eb797dc7e552550e6b13a3a79123054abecdaad4d
tight_audit__TH_FGA3-CG302-FGA3_-1h	tight_audit	TH_FGA3-CG302-FGA3_-1h	TH_FGA3-CG302-FGA3	-1	T_CC_000	T_CC	0.0	8.2317896820712e-05	0.0015857513600830123	0.0015034334632559876	0.0015034334632559876	0.02	True	a6e94cfe558c5be38544a34d2a6fad98313d167e35f5e4b511ff44a3e9ca9bd2	7fc54909f3024cbc1584aa1d2566c5eebe49a49c5d1c6faae6d148b6efc864b6
tight_audit__TH_FGA3-CG302-FGA3_-1h	tight_audit	TH_FGA3-CG302-FGA3_-1h	TH_FGA3-CG302-FGA3	-1	T_CC_030	T_CC	30.0	30.000158540910803	30.010280852111034	0.010122311200234435	0.010122311200234435	0.02	True	bab98c0a3ea47718c84ee2523940894bf3eb8df2875321a686eefa8b41f8b782	c98afc8b7d89232a1e0a7760cebcfb31cc1f7537ad2837237c1d8f9d34f46d84
tight_audit__TH_FGA3-CG302-FGA3_-1h	tight_audit	TH_FGA3-CG302-FGA3_-1h	TH_FGA3-CG302-FGA3	-1	T_CC_060	T_CC	60.0	60.0001592609087	60.00436952788749	0.004210266978788013	0.004210266978788013	0.02	True	41baeb9c356cf99a1669a39f741dfb4147717de0ce46134528141edf74e37c1d	4574b1a19ee426a773f08f34f02be54fc96791bd930b5586cf976541cfe3fdf0
tight_audit__TH_FGA3-CG302-FGA3_-1h	tight_audit	TH_FGA3-CG302-FGA3_-1h	TH_FGA3-CG302-FGA3	-1	T_CC_090	T_CC	90.0	90.00019699894702	90.00648964533647	0.0062926463894541484	0.0062926463894541484	0.02	True	dbc39b01855c642528b1b5129ecf4ae28ec9520145b3527abc86ff7044f37fe4	b56d18dcbfb5b5c4a814aab649ab793dbc48aafeebffc8bf9856aa215837f882
tight_audit__TH_FGA3-CG302-FGA3_-1h	tight_audit	TH_FGA3-CG302-FGA3_-1h	TH_FGA3-CG302-FGA3	-1	T_CC_120	T_CC	120.0	119.99983965803996	119.99842231545355	-0.001417342586421455	0.001417342586421455	0.02	True	703b1af8fd53d30a74d3f4bf3a1f53070360f76270386005e08d7e6d5c6d10b8	9a2082d415fbfbbb2ed21432f9fb613c093b6d69a2a0344e96911ae7e792b61e
tight_audit__TH_FGA3-CG302-FGA3_-1h	tight_audit	TH_FGA3-CG302-FGA3_-1h	TH_FGA3-CG302-FGA3	-1	T_CC_150	T_CC	150.0	150.00011419393934	150.00520436812357	0.00509017418423241	0.00509017418423241	0.02	True	3625c62a0da1954c05f2c25a8ce89fd780c033322f4d07af01007123ad2086d7	53dd19009a9ce5edb34b81efdbd3af7d6929892debe5fa19b46ca3e102fc82fc
tight_audit__TH_FGA3-CG302-FGA3_-1h	tight_audit	TH_FGA3-CG302-FGA3_-1h	TH_FGA3-CG302-FGA3	-1	T_CC_180	T_CC	180.0	-179.99987411198484	-179.99729249918767	0.0025816127971722835	0.0025816127971722835	0.02	True	237d0de9329d2f7154e75e1b94b8d20dc99d256df491b1962585edd08ac5d56b	737269c348f0ee8812fc27c87c5b49cd4f837ba530a2ad08ef3b92bb646c8016
tight_audit__TH_FGA3-CG302-FGA3_-1h	tight_audit	TH_FGA3-CG302-FGA3_-1h	TH_FGA3-CG302-FGA3	-1	T_CC_210	T_CC	210.0	-150.00009928563182	-150.00605976876201	-0.005960483130195371	0.005960483130195371	0.02	True	ff7ba181ddce36b5fec269c010000630a05fa87e61843c9cb6ae5b286660aa06	2d45e148c29590a55905c34656389cb07656c303c751270d96910b09a6fba198
tight_audit__TH_FGA3-CG302-FGA3_-1h	tight_audit	TH_FGA3-CG302-FGA3_-1h	TH_FGA3-CG302-FGA3	-1	T_CC_240	T_CC	240.0	-120.00007620746388	-120.0028103056419	-0.002734098178024169	0.002734098178024169	0.02	True	880de9f672087b3c73f343d26033dc31c7e6d04945e3ef56427c9859c467bda9	864b5432da3ac4d900ddadcdead9f245bb3c2ce771cd2f9923f17fd71210f8c3
tight_audit__TH_FGA3-CG302-FGA3_-1h	tight_audit	TH_FGA3-CG302-FGA3_-1h	TH_FGA3-CG302-FGA3	-1	T_CC_270	T_CC	270.0	-89.99993474284005	-89.99509995871396	0.004834784126103386	0.004834784126103386	0.02	True	0bb8e714e59c30b159e44188b0df6faf6cdafd8794878db4b1f2197b15d282c8	4d02a4423a1b3a7b507d4d926bd004b345a6c4bfacb2a42165e57794fb415dd7
tight_audit__TH_FGA3-CG302-FGA3_-1h	tight_audit	TH_FGA3-CG302-FGA3_-1h	TH_FGA3-CG302-FGA3	-1	T_CC_300	T_CC	300.0	-59.99998160172803	-60.00126185445703	-0.0012802527290034504	0.0012802527290034504	0.02	True	fc6381c1ad4b27e5f9a79cad7e8361d93f1a8d0e253a0d934cd0410aba899c01	fc9b132fb8086456405fac814d99d0a7c8c794ab0c2d74147c553bf113a0bdcb
tight_audit__TH_FGA3-CG302-FGA3_-1h	tight_audit	TH_FGA3-CG302-FGA3_-1h	TH_FGA3-CG302-FGA3	-1	T_CC_330	T_CC	330.0	-30.00016585816224	-30.01282012529635	-0.012654267134109887	0.012654267134109887	0.02	True	12d5e015638e715123552261c80c982de9108a65a82103add957bb662b8d1c03	2182a6a8ae62eb4ca0a34a95afe436e16827e1d49d00ed869b3376ea5e4ed5be
tight_audit__TH_FGA3-CG302-FGA3_-1h	tight_audit	TH_FGA3-CG302-FGA3_-1h	TH_FGA3-CG302-FGA3	-1	T_CS_000	T_CS	0.0	1.5180520262743396e-05	-0.003376439126031334	-0.003391619646293975	0.003391619646293975	0.02	True	b76cb71c416ae436646084247ac0799101a651a6e78ef12bdd936ed29539a181	16c749aa2be42ffc309db4c06aeadbe540fdec0e7a467f3ca08dc78308c9c688
tight_audit__TH_FGA3-CG302-FGA3_-1h	tight_audit	TH_FGA3-CG302-FGA3_-1h	TH_FGA3-CG302-FGA3	-1	T_CS_010	T_CS	10.0	10.000078136231716	10.000160255619736	8.211938802560326e-05	8.211938802560326e-05	0.02	True	93231ed042bed5c0602602d32e5c5f3d4901969d8156257c0347236c62607f21	fc84c8436e4b8257dbf5b5c6a4034805bb39b16c636f8edba6e7ce6388ae56b6
tight_audit__TH_FGA3-CG302-FGA3_-1h	tight_audit	TH_FGA3-CG302-FGA3_-1h	TH_FGA3-CG302-FGA3	-1	T_CS_020	T_CS	20.0	20.00017404591677	20.003135190860075	0.002961144943299132	0.002961144943299132	0.02	True	fc0fe0aaa70da2491407d7cf40549f0928ad568ab5bdce4bbe2d14d68bfcc78c	8c8304af38703e13da07cd5a35e586a17e6aae9ac0ff7ab8e84e388adcb36850
tight_audit__TH_FGA3-CG302-FGA3_-1h	tight_audit	TH_FGA3-CG302-FGA3_-1h	TH_FGA3-CG302-FGA3	-1	T_CS_030	T_CS	30.0	30.00019985596987	30.005782542904253	0.005582686934388903	0.005582686934388903	0.02	True	a05c8327bb40345cb389bdc875b9059d4912df044e264f7722d2fc594a9c36dd	b7092fdd10553a97d6d68a3235247e35450793d1392e8331da36b6d6eedd5c01
tight_audit__TH_FGA3-CG302-FGA3_-1h	tight_audit	TH_FGA3-CG302-FGA3_-1h	TH_FGA3-CG302-FGA3	-1	T_CS_040	T_CS	40.0	40.00013511844969	40.00698773573883	0.006852617289155205	0.006852617289155205	0.02	True	1a3dc833568c912b0d2cb86bfde6f64600b04206593d34bfbb044abbbf528520	c5bc19c95fcf77a6b1e012a8f8048d3164530e86547096a0206f7ce63c6854c5
tight_audit__TH_FGA3-CG302-FGA3_-1h	tight_audit	TH_FGA3-CG302-FGA3_-1h	TH_FGA3-CG302-FGA3	-1	T_CS_050	T_CS	50.0	50.000069706040776	50.00578375214438	0.005714046103605597	0.005714046103605597	0.02	True	d5ffde1699a4340c997fb87781ff0319b604b8e83883345a0da527c51bce31d9	33a4af74a0abfdd5c49252d025875e6dbe5f742d7a15a9aba218f8aacbc82fb4
tight_audit__TH_FGA3-CG302-FGA3_-1h	tight_audit	TH_FGA3-CG302-FGA3_-1h	TH_FGA3-CG302-FGA3	-1	T_CS_060	T_CS	60.0	60.00001911469256	60.00333793934302	0.0033188246504494145	0.0033188246504494145	0.02	True	80f6abaaca25fcd7bd9b4a96576a6529dc2aab9c92bb4dc8cb8d94382f35e1bd	1ec1f074d1fc08a91c5796baf8ff3718f2ced877ddc474c8e2697e7ad09623d9
tight_audit__TH_FGA3-CG302-FGA3_-1h	tight_audit	TH_FGA3-CG302-FGA3_-1h	TH_FGA3-CG302-FGA3	-1	T_CS_070	T_CS	70.0	69.99996549339919	70.0001312513787	0.00016575797951645654	0.00016575797951645654	0.02	True	861b37106b6bffb8af5aa0780a88e99efc6bb88ef7f40055d7a4c38fada5ead3	7145f1e59d3c4fad6a44c02dbe0ded441240349ddf4be7c7304568d276de62ce
tight_audit__TH_FGA3-CG302-FGA3_-1h	tight_audit	TH_FGA3-CG302-FGA3_-1h	TH_FGA3-CG302-FGA3	-1	T_CS_080	T_CS	80.0	79.99992991278366	79.99681014955326	-0.0031197632304156286	0.0031197632304156286	0.02	True	185564ab2bddfe1f6bee80c92bcc4d84c3c5217d92438a78fed413f0c2f0ee48	7f3816b809f93cabab157abff776a14c10cf8fd4333a2575fb48ad65d232dd88
tight_audit__TH_FGA3-CG302-FGA3_-1h	tight_audit	TH_FGA3-CG302-FGA3_-1h	TH_FGA3-CG302-FGA3	-1	T_CS_090	T_CS	90.0	89.99991027498892	89.99428297494661	-0.00562730004230616	0.00562730004230616	0.02	True	95090c3545e38e3050c6dfd9ee40f08d6e347c417cfbc010bffb72eed38858f5	b8ac540c934c96f19a34b55dd0e3f66c18a98a5839f962f23a8470594d2f4b4c
tight_audit__TH_FGA3-CG302-FGA3_-1h	tight_audit	TH_FGA3-CG302-FGA3_-1h	TH_FGA3-CG302-FGA3	-1	T_CS_100	T_CS	100.0	99.99973782178598	99.99309344751022	-0.0066443742757655855	0.0066443742757655855	0.02	True	c5e6d243501db4ba3bbd09f5ae97a9cc954f7652d24c606c3bb8196a5b512755	cf0a87670c6c3a677dbae2824a69e2265b0f71f70484225ba17baf9bd0c0e64b
tight_audit__TH_FGA3-CG302-FGA3_-1h	tight_audit	TH_FGA3-CG302-FGA3_-1h	TH_FGA3-CG302-FGA3	-1	T_CS_110	T_CS	110.0	109.99982259760765	109.99398541194925	-0.005837185658378985	0.005837185658378985	0.02	True	fd3404ec36fe83815887e7a1e639f61c92bd7d0c7d43580b0b9c0fed1892da18	e973afbd3969c3d91bf334e581f8c02ad3618f858bea20f6c9ca2b6bca46fd02
tight_audit__TH_FGA3-CG302-FGA3_-1h	tight_audit	TH_FGA3-CG302-FGA3_-1h	TH_FGA3-CG302-FGA3	-1	T_CS_120	T_CS	120.0	120.0000256226668	119.99668498616201	-0.003340636504788108	0.003340636504788108	0.02	True	cd3a576945e09ba26d11c6c20df75fa39584268550f612d9a1dc957add5b6753	b1a5438672f2a6f393852b5bc618edc7ab11bc5c1f1b46fe899537f8c633dc2d
tight_audit__TH_FGA3-CG302-FGA3_-1h	tight_audit	TH_FGA3-CG302-FGA3_-1h	TH_FGA3-CG302-FGA3	-1	T_CC_240_FROM_REVERSE_QM	T_CC	240.0	-120.00002885442426	-120.00276477534945	-0.0027359209252040273	0.0027359209252040273	0.02	True	8af7af63d19b53cffc32f9eda8be8acabcdedd5642a150991c618d46afeeece1	dff291018c83b26c869629e19bf5f3d5c36aea4fd3ae4139b66ca37c9aee8584
tight_audit__TH_FGA3-CG302-FGA3_+1h	tight_audit	TH_FGA3-CG302-FGA3_+1h	TH_FGA3-CG302-FGA3	1	T_CC_000	T_CC	0.0	8.2317896820712e-05	0.0015803576700581306	0.001498039773224491	0.001498039773224491	0.02	True	a6e94cfe558c5be38544a34d2a6fad98313d167e35f5e4b511ff44a3e9ca9bd2	39772ae294da9d1286f7aba7e35507c1b193863042ce53140dd4bcfd5afa5ac4
tight_audit__TH_FGA3-CG302-FGA3_+1h	tight_audit	TH_FGA3-CG302-FGA3_+1h	TH_FGA3-CG302-FGA3	1	T_CC_030	T_CC	30.0	30.000158540910803	30.010276046439408	0.010117505528597803	0.010117505528597803	0.02	True	bab98c0a3ea47718c84ee2523940894bf3eb8df2875321a686eefa8b41f8b782	43031e97c8de21a72cc7c7ed047c3b5632b7e9ad3c6545432b189585f37ef3aa
tight_audit__TH_FGA3-CG302-FGA3_+1h	tight_audit	TH_FGA3-CG302-FGA3_+1h	TH_FGA3-CG302-FGA3	1	T_CC_060	T_CC	60.0	60.0001592609087	60.00453484313711	0.0043755822284197166	0.0043755822284197166	0.02	True	41baeb9c356cf99a1669a39f741dfb4147717de0ce46134528141edf74e37c1d	59efec87893a62aeb6edb6991d5221fedcde6cf07436907a0500966d8b194d6f
tight_audit__TH_FGA3-CG302-FGA3_+1h	tight_audit	TH_FGA3-CG302-FGA3_+1h	TH_FGA3-CG302-FGA3	1	T_CC_090	T_CC	90.0	90.00019699894702	90.00680387036263	0.006606871415613114	0.006606871415613114	0.02	True	dbc39b01855c642528b1b5129ecf4ae28ec9520145b3527abc86ff7044f37fe4	df358e3a2b280091149ab87007078bf2594a0d705da2b537b1caada276b1f6c7
tight_audit__TH_FGA3-CG302-FGA3_+1h	tight_audit	TH_FGA3-CG302-FGA3_+1h	TH_FGA3-CG302-FGA3	1	T_CC_120	T_CC	120.0	119.99983965803996	119.99827316063526	-0.0015664974046956104	0.0015664974046956104	0.02	True	703b1af8fd53d30a74d3f4bf3a1f53070360f76270386005e08d7e6d5c6d10b8	5b626729471656b003e61277a95e2ee0315a760f329be015be3b4d3738e127e4
tight_audit__TH_FGA3-CG302-FGA3_+1h	tight_audit	TH_FGA3-CG302-FGA3_+1h	TH_FGA3-CG302-FGA3	1	T_CC_150	T_CC	150.0	150.00011419393934	150.00515791041883	0.005043716479491422	0.005043716479491422	0.02	True	3625c62a0da1954c05f2c25a8ce89fd780c033322f4d07af01007123ad2086d7	0019b7ee1bdb8f567f7055b66e284e77cbee98f13bbe3781b5a954867f518c20
tight_audit__TH_FGA3-CG302-FGA3_+1h	tight_audit	TH_FGA3-CG302-FGA3_+1h	TH_FGA3-CG302-FGA3	1	T_CC_180	T_CC	180.0	-179.99987411198484	-179.99715777965582	0.0027163323290153585	0.0027163323290153585	0.02	True	237d0de9329d2f7154e75e1b94b8d20dc99d256df491b1962585edd08ac5d56b	7ff7c6c411194433b5e79dee37b1b92e5304343bcc7ba20f9a01b2530fb8b4d1
tight_audit__TH_FGA3-CG302-FGA3_+1h	tight_audit	TH_FGA3-CG302-FGA3_+1h	TH_FGA3-CG302-FGA3	1	T_CC_210	T_CC	210.0	-150.00009928563182	-150.0061129042245	-0.0060136185926751295	0.0060136185926751295	0.02	True	ff7ba181ddce36b5fec269c010000630a05fa87e61843c9cb6ae5b286660aa06	fc0f70c72b2f9d6db48ec0f4ad7476f7c4c186997c6862cc7ec563444306b532
tight_audit__TH_FGA3-CG302-FGA3_+1h	tight_audit	TH_FGA3-CG302-FGA3_+1h	TH_FGA3-CG302-FGA3	1	T_CC_240	T_CC	240.0	-120.00007620746388	-120.00288226538598	-0.0028060579221005355	0.0028060579221005355	0.02	True	880de9f672087b3c73f343d26033dc31c7e6d04945e3ef56427c9859c467bda9	0c89c520fa112977414dbc883b88403f4f381f50f9047490adb06ccc6766ad29
tight_audit__TH_FGA3-CG302-FGA3_+1h	tight_audit	TH_FGA3-CG302-FGA3_+1h	TH_FGA3-CG302-FGA3	1	T_CC_270	T_CC	270.0	-89.99993474284005	-89.99479326473117	0.0051414781088965356	0.0051414781088965356	0.02	True	0bb8e714e59c30b159e44188b0df6faf6cdafd8794878db4b1f2197b15d282c8	1926e635f30237c0530aaaa9672e519301a5414064758c50b3df41ea8972e781
tight_audit__TH_FGA3-CG302-FGA3_+1h	tight_audit	TH_FGA3-CG302-FGA3_+1h	TH_FGA3-CG302-FGA3	1	T_CC_300	T_CC	300.0	-59.99998160172803	-60.001341976128366	-0.0013603744003489737	0.0013603744003489737	0.02	True	fc6381c1ad4b27e5f9a79cad7e8361d93f1a8d0e253a0d934cd0410aba899c01	bba896e548524ee13d0b6a97f5737fc02def5606355e2ee743f2a1f44253f79f
tight_audit__TH_FGA3-CG302-FGA3_+1h	tight_audit	TH_FGA3-CG302-FGA3_+1h	TH_FGA3-CG302-FGA3	1	T_CC_330	T_CC	330.0	-30.00016585816224	-30.012872234382165	-0.012706376219909998	0.012706376219909998	0.02	True	12d5e015638e715123552261c80c982de9108a65a82103add957bb662b8d1c03	e857c31c3b7aad51b18ed3b2e18bc9923c396915acd8e7172900cea605042f75
tight_audit__TH_FGA3-CG302-FGA3_+1h	tight_audit	TH_FGA3-CG302-FGA3_+1h	TH_FGA3-CG302-FGA3	1	T_CS_000	T_CS	0.0	1.5180520262743396e-05	-0.003423206072841113	-0.0034383865931033597	0.0034383865931033597	0.02	True	b76cb71c416ae436646084247ac0799101a651a6e78ef12bdd936ed29539a181	2c4bbb5668690f3a43bbf45c4bcc729637f368d707794873c1225fab00de017d
tight_audit__TH_FGA3-CG302-FGA3_+1h	tight_audit	TH_FGA3-CG302-FGA3_+1h	TH_FGA3-CG302-FGA3	1	T_CS_010	T_CS	10.0	10.000078136231716	10.000124510307764	4.63740760494602e-05	4.63740760494602e-05	0.02	True	93231ed042bed5c0602602d32e5c5f3d4901969d8156257c0347236c62607f21	13ec90e364777474f8364b1bae11f8a7405ae7f4b2f425d692dce56367d2e1d8
tight_audit__TH_FGA3-CG302-FGA3_+1h	tight_audit	TH_FGA3-CG302-FGA3_+1h	TH_FGA3-CG302-FGA3	1	T_CS_020	T_CS	20.0	20.00017404591677	20.003182384556347	0.0030083386395745038	0.0030083386395745038	0.02	True	fc0fe0aaa70da2491407d7cf40549f0928ad568ab5bdce4bbe2d14d68bfcc78c	991baf138f38c60d51a66dca3cbeea56304b59cdc8bcd355529ce7c9d02fd784
tight_audit__TH_FGA3-CG302-FGA3_+1h	tight_audit	TH_FGA3-CG302-FGA3_+1h	TH_FGA3-CG302-FGA3	1	T_CS_030	T_CS	30.0	30.00019985596987	30.006008513836868	0.005808657866992917	0.005808657866992917	0.02	True	a05c8327bb40345cb389bdc875b9059d4912df044e264f7722d2fc594a9c36dd	82b083e794b85db82e36f60cb48fb1481915ecd8a45af0cc82e5809e75cc0a1b
tight_audit__TH_FGA3-CG302-FGA3_+1h	tight_audit	TH_FGA3-CG302-FGA3_+1h	TH_FGA3-CG302-FGA3	1	T_CS_040	T_CS	40.0	40.00013511844969	40.00694824835843	0.006813129908721294	0.006813129908721294	0.02	True	1a3dc833568c912b0d2cb86bfde6f64600b04206593d34bfbb044abbbf528520	b78416a22354bf72501b07f5bc47535efa098b69379e8f34a888a0b024f193b8
tight_audit__TH_FGA3-CG302-FGA3_+1h	tight_audit	TH_FGA3-CG302-FGA3_+1h	TH_FGA3-CG302-FGA3	1	T_CS_050	T_CS	50.0	50.000069706040776	50.00572254278247	0.005652836741688816	0.005652836741688816	0.02	True	d5ffde1699a4340c997fb87781ff0319b604b8e83883345a0da527c51bce31d9	bb2de58a4eca84e1f51b5845420de13e8fed4f8810e5b77adbb3e3dbda3f62c2
tight_audit__TH_FGA3-CG302-FGA3_+1h	tight_audit	TH_FGA3-CG302-FGA3_+1h	TH_FGA3-CG302-FGA3	1	T_CS_060	T_CS	60.0	60.00001911469256	60.00328714902699	0.0032680343344395624	0.0032680343344395624	0.02	True	80f6abaaca25fcd7bd9b4a96576a6529dc2aab9c92bb4dc8cb8d94382f35e1bd	45c5524acad7e876de8398b3244c5298a4b176f9738c88bfc1f48577d638b501
tight_audit__TH_FGA3-CG302-FGA3_+1h	tight_audit	TH_FGA3-CG302-FGA3_+1h	TH_FGA3-CG302-FGA3	1	T_CS_070	T_CS	70.0	69.99996549339919	70.0001093901539	0.0001438967547073844	0.0001438967547073844	0.02	True	861b37106b6bffb8af5aa0780a88e99efc6bb88ef7f40055d7a4c38fada5ead3	d1d8d4f8c4abca9b8729a038721a18a5a71599842e3035d5f7d1014bd43d9176
tight_audit__TH_FGA3-CG302-FGA3_+1h	tight_audit	TH_FGA3-CG302-FGA3_+1h	TH_FGA3-CG302-FGA3	1	T_CS_080	T_CS	80.0	79.99992991278366	79.99681711720774	-0.0031127955759302495	0.0031127955759302495	0.02	True	185564ab2bddfe1f6bee80c92bcc4d84c3c5217d92438a78fed413f0c2f0ee48	26b56a5516cc1ccab260a0ebf5c019155b603ae390303296bc99c106551efd25
tight_audit__TH_FGA3-CG302-FGA3_+1h	tight_audit	TH_FGA3-CG302-FGA3_+1h	TH_FGA3-CG302-FGA3	1	T_CS_090	T_CS	90.0	89.99991027498892	89.99430256696031	-0.0056077080286058845	0.0056077080286058845	0.02	True	95090c3545e38e3050c6dfd9ee40f08d6e347c417cfbc010bffb72eed38858f5	60d0c3963788fc99301d69edfcc20aa9b9558ab7ab0625109bd1ff134efb58c7
tight_audit__TH_FGA3-CG302-FGA3_+1h	tight_audit	TH_FGA3-CG302-FGA3_+1h	TH_FGA3-CG302-FGA3	1	T_CS_100	T_CS	100.0	99.99973782178598	99.99309953598531	-0.006638285800676158	0.006638285800676158	0.02	True	c5e6d243501db4ba3bbd09f5ae97a9cc954f7652d24c606c3bb8196a5b512755	47beb56854f316d500758064bd41c786b17f547498c972545560337d2df5eb57
tight_audit__TH_FGA3-CG302-FGA3_+1h	tight_audit	TH_FGA3-CG302-FGA3_+1h	TH_FGA3-CG302-FGA3	1	T_CS_110	T_CS	110.0	109.99982259760765	109.99395798376527	-0.005864613842391009	0.005864613842391009	0.02	True	fd3404ec36fe83815887e7a1e639f61c92bd7d0c7d43580b0b9c0fed1892da18	7b4dbd1918a3ecf411a6b96f95923b88de3c3f10909e651da2ce2a55acb4a4b2
tight_audit__TH_FGA3-CG302-FGA3_+1h	tight_audit	TH_FGA3-CG302-FGA3_+1h	TH_FGA3-CG302-FGA3	1	T_CS_120	T_CS	120.0	120.0000256226668	119.99664054521648	-0.003385077450332119	0.003385077450332119	0.02	True	cd3a576945e09ba26d11c6c20df75fa39584268550f612d9a1dc957add5b6753	ab1733c574b04296eec5a71cf0125a8cf65f0a5998a93c0bd8cf11c4a92a76f0
tight_audit__TH_FGA3-CG302-FGA3_+1h	tight_audit	TH_FGA3-CG302-FGA3_+1h	TH_FGA3-CG302-FGA3	1	T_CC_240_FROM_REVERSE_QM	T_CC	240.0	-120.00002885442426	-120.00283533611987	-0.0028064816956145933	0.0028064816956145933	0.02	True	8af7af63d19b53cffc32f9eda8be8acabcdedd5642a150991c618d46afeeece1	9879b2093de12e498ab458d9f21b8af2987a2e6c7595f9baec643e2d554d0340
tight_audit__LAMBDA_CS_-1h	tight_audit	LAMBDA_CS_-1h	LAMBDA_CS	-1	T_CC_000	T_CC	0.0	8.2317896820712e-05	0.001557350634727313	0.0014750327379147166	0.0014750327379147166	0.02	True	a6e94cfe558c5be38544a34d2a6fad98313d167e35f5e4b511ff44a3e9ca9bd2	0b211b8207916a8ca05ddb8f2831b4d62ce9e8d29ae12be3f8c90cb0fd99ddcc
tight_audit__LAMBDA_CS_-1h	tight_audit	LAMBDA_CS_-1h	LAMBDA_CS	-1	T_CC_030	T_CC	30.0	30.000158540910803	30.01028307438529	0.010124533474481723	0.010124533474481723	0.02	True	bab98c0a3ea47718c84ee2523940894bf3eb8df2875321a686eefa8b41f8b782	8c7b88768da633d78e15723ae31a4d711aed91e5ac76e868111ac588e45f62b1
tight_audit__LAMBDA_CS_-1h	tight_audit	LAMBDA_CS_-1h	LAMBDA_CS	-1	T_CC_060	T_CC	60.0	60.0001592609087	60.004455841071405	0.004296580162701957	0.004296580162701957	0.02	True	41baeb9c356cf99a1669a39f741dfb4147717de0ce46134528141edf74e37c1d	10e6a6b054514a0c20fc4f59ceb256e9b824da0df2c0d08849cf376f15b7e53a
tight_audit__LAMBDA_CS_-1h	tight_audit	LAMBDA_CS_-1h	LAMBDA_CS	-1	T_CC_090	T_CC	90.0	90.00019699894702	90.00665942563369	0.006462426686653089	0.006462426686653089	0.02	True	dbc39b01855c642528b1b5129ecf4ae28ec9520145b3527abc86ff7044f37fe4	a79cd3ddb278ab4fc997dd8ea6a86b1761173a01bdc35c78f592747a3c6a83ed
tight_audit__LAMBDA_CS_-1h	tight_audit	LAMBDA_CS_-1h	LAMBDA_CS	-1	T_CC_120	T_CC	120.0	119.99983965803996	119.99833916646786	-0.0015004915721021916	0.0015004915721021916	0.02	True	703b1af8fd53d30a74d3f4bf3a1f53070360f76270386005e08d7e6d5c6d10b8	6701a62877e532838e9a1f5857803496ec52827ef07c341ab33d53911707482a
tight_audit__LAMBDA_CS_-1h	tight_audit	LAMBDA_CS_-1h	LAMBDA_CS	-1	T_CC_150	T_CC	150.0	150.00011419393934	150.00518633610073	0.005072142161395732	0.005072142161395732	0.02	True	3625c62a0da1954c05f2c25a8ce89fd780c033322f4d07af01007123ad2086d7	20624fd113bc282aa72a5aee6b0c0ad8aaa8a29f67bf9b1c9361c76638c38b72
tight_audit__LAMBDA_CS_-1h	tight_audit	LAMBDA_CS_-1h	LAMBDA_CS	-1	T_CC_180	T_CC	180.0	-179.99987411198484	-179.99722841826335	0.002645693721490261	0.002645693721490261	0.02	True	237d0de9329d2f7154e75e1b94b8d20dc99d256df491b1962585edd08ac5d56b	91f5c2618df6d06597dee1494beaf8385e78d475d691600c95b98fc447ea72a4
tight_audit__LAMBDA_CS_-1h	tight_audit	LAMBDA_CS_-1h	LAMBDA_CS	-1	T_CC_210	T_CC	210.0	-150.00009928563182	-150.00608763620698	-0.0059883505751656685	0.0059883505751656685	0.02	True	ff7ba181ddce36b5fec269c010000630a05fa87e61843c9cb6ae5b286660aa06	a68e7d0ebb3468148de437ef6f3d64792fa66b350a7c5b5dcfcc7041b8be4dc8
tight_audit__LAMBDA_CS_-1h	tight_audit	LAMBDA_CS_-1h	LAMBDA_CS	-1	T_CC_240	T_CC	240.0	-120.00007620746388	-120.00284266733864	-0.0027664598747492164	0.0027664598747492164	0.02	True	880de9f672087b3c73f343d26033dc31c7e6d04945e3ef56427c9859c467bda9	07762281fa7ab5740e2ca60fb8947428b347eb7006982cb9fee921e42609bed2
tight_audit__LAMBDA_CS_-1h	tight_audit	LAMBDA_CS_-1h	LAMBDA_CS	-1	T_CC_270	T_CC	270.0	-89.99993474284005	-89.99496282111936	0.004971921720709815	0.004971921720709815	0.02	True	0bb8e714e59c30b159e44188b0df6faf6cdafd8794878db4b1f2197b15d282c8	b2e88071f3ede89bb30a60625e21772cc08c7ee961a98a628d47441331434b98
tight_audit__LAMBDA_CS_-1h	tight_audit	LAMBDA_CS_-1h	LAMBDA_CS	-1	T_CC_300	T_CC	300.0	-59.99998160172803	-60.00129293087191	-0.001311329143874218	0.001311329143874218	0.02	True	fc6381c1ad4b27e5f9a79cad7e8361d93f1a8d0e253a0d934cd0410aba899c01	89f8bec69da6470fadd6fbd76841d5b02fbcd241bf75f0d6f578c91e1c50ae35
tight_audit__LAMBDA_CS_-1h	tight_audit	LAMBDA_CS_-1h	LAMBDA_CS	-1	T_CC_330	T_CC	330.0	-30.00016585816224	-30.01285327677635	-0.012687418614120816	0.012687418614120816	0.02	True	12d5e015638e715123552261c80c982de9108a65a82103add957bb662b8d1c03	ad8353d7ff2b0c46e02b7a4d7a8f32d6cde14ea8fec81c98b36e07c5db8f9da6
tight_audit__LAMBDA_CS_-1h	tight_audit	LAMBDA_CS_-1h	LAMBDA_CS	-1	T_CS_000	T_CS	0.0	1.5180520262743396e-05	-0.0033686481156042425	-0.0033838286358616187	0.0033838286358616187	0.02	True	b76cb71c416ae436646084247ac0799101a651a6e78ef12bdd936ed29539a181	e5c870befe36d89ac904e2fe31bffa172f1d5eee03cfd3c370337913a9f0d1bf
tight_audit__LAMBDA_CS_-1h	tight_audit	LAMBDA_CS_-1h	LAMBDA_CS	-1	T_CS_010	T_CS	10.0	10.000078136231716	10.000070957375849	-7.17885586709599e-06	7.17885586709599e-06	0.02	True	93231ed042bed5c0602602d32e5c5f3d4901969d8156257c0347236c62607f21	2ed121e6211125f43c00482b942460bc5c1a18e9c2c9e322ad423b9a833c9a9b
tight_audit__LAMBDA_CS_-1h	tight_audit	LAMBDA_CS_-1h	LAMBDA_CS	-1	T_CS_020	T_CS	20.0	20.00017404591677	20.0030204101151	0.0028463641983194066	0.0028463641983194066	0.02	True	fc0fe0aaa70da2491407d7cf40549f0928ad568ab5bdce4bbe2d14d68bfcc78c	e71a2eb4386bc1bd5cc97d46d8f9668dedba9d750558fb42fe7d94fee97f0b11
tight_audit__LAMBDA_CS_-1h	tight_audit	LAMBDA_CS_-1h	LAMBDA_CS	-1	T_CS_030	T_CS	30.0	30.00019985596987	30.005747134956145	0.005547278986284709	0.005547278986284709	0.02	True	a05c8327bb40345cb389bdc875b9059d4912df044e264f7722d2fc594a9c36dd	12405373f2d69687de56812612f4b27a86a73664a1a24917e299cab024c5f27d
tight_audit__LAMBDA_CS_-1h	tight_audit	LAMBDA_CS_-1h	LAMBDA_CS	-1	T_CS_040	T_CS	40.0	40.00013511844969	40.00684930312873	0.006714184679026403	0.006714184679026403	0.02	True	1a3dc833568c912b0d2cb86bfde6f64600b04206593d34bfbb044abbbf528520	103c558df8ea488294b03cc3cc8285173a511f71d6b8ec6f673aeb544dfe9496
tight_audit__LAMBDA_CS_-1h	tight_audit	LAMBDA_CS_-1h	LAMBDA_CS	-1	T_CS_050	T_CS	50.0	50.000069706040776	50.00568594523052	0.00561623918974874	0.00561623918974874	0.02	True	d5ffde1699a4340c997fb87781ff0319b604b8e83883345a0da527c51bce31d9	ceb027239b3db5b707a45a889b2429765b9f5c199471c962a1b1504efd005ed7
tight_audit__LAMBDA_CS_-1h	tight_audit	LAMBDA_CS_-1h	LAMBDA_CS	-1	T_CS_060	T_CS	60.0	60.00001911469256	60.00330601406977	0.00328689937720128	0.00328689937720128	0.02	True	80f6abaaca25fcd7bd9b4a96576a6529dc2aab9c92bb4dc8cb8d94382f35e1bd	99c6ac2647041da5bb06176717698d99895ee1b5c70c4305ff9f6c171d1fb308
tight_audit__LAMBDA_CS_-1h	tight_audit	LAMBDA_CS_-1h	LAMBDA_CS	-1	T_CS_070	T_CS	70.0	69.99996549339919	70.00017385308891	0.00020835968973642593	0.00020835968973642593	0.02	True	861b37106b6bffb8af5aa0780a88e99efc6bb88ef7f40055d7a4c38fada5ead3	9a4721c697fbcc34b470111b6e5b17afee0f11ee41048e3f4196b3220472dff1
tight_audit__LAMBDA_CS_-1h	tight_audit	LAMBDA_CS_-1h	LAMBDA_CS	-1	T_CS_080	T_CS	80.0	79.99992991278366	79.99691653171658	-0.0030133810670918137	0.0030133810670918137	0.02	True	185564ab2bddfe1f6bee80c92bcc4d84c3c5217d92438a78fed413f0c2f0ee48	4b427eeea73b21515e7951d144da9a7a50be04d313541a406cf6891882ac177b
tight_audit__LAMBDA_CS_-1h	tight_audit	LAMBDA_CS_-1h	LAMBDA_CS	-1	T_CS_090	T_CS	90.0	89.99991027498892	89.99442503639409	-0.0054852385948152005	0.0054852385948152005	0.02	True	95090c3545e38e3050c6dfd9ee40f08d6e347c417cfbc010bffb72eed38858f5	a9690fde8d819d74c0f948a1a81d8df117e02845fb165996884275119ff26939
tight_audit__LAMBDA_CS_-1h	tight_audit	LAMBDA_CS_-1h	LAMBDA_CS	-1	T_CS_100	T_CS	100.0	99.99973782178598	99.99323292699388	-0.006504894792101368	0.006504894792101368	0.02	True	c5e6d243501db4ba3bbd09f5ae97a9cc954f7652d24c606c3bb8196a5b512755	e0a376c2cb297057c526979f9af519b832c230ece94741d5fc6f4e0c4d4e26ef
tight_audit__LAMBDA_CS_-1h	tight_audit	LAMBDA_CS_-1h	LAMBDA_CS	-1	T_CS_110	T_CS	110.0	109.99982259760765	109.99407426543897	-0.005748332168678871	0.005748332168678871	0.02	True	fd3404ec36fe83815887e7a1e639f61c92bd7d0c7d43580b0b9c0fed1892da18	bd6d1258305c13358546df4f87166a48cf0e34d67fb0e9c00763bbb1bb31c7e5
tight_audit__LAMBDA_CS_-1h	tight_audit	LAMBDA_CS_-1h	LAMBDA_CS	-1	T_CS_120	T_CS	120.0	120.0000256226668	119.9966940803531	-0.0033315423137025846	0.0033315423137025846	0.02	True	cd3a576945e09ba26d11c6c20df75fa39584268550f612d9a1dc957add5b6753	c8408406cc47a04075696aeaec2bc8b1c4f386f0291489cdbe5853b7a77667aa
tight_audit__LAMBDA_CS_-1h	tight_audit	LAMBDA_CS_-1h	LAMBDA_CS	-1	T_CC_240_FROM_REVERSE_QM	T_CC	240.0	-120.00002885442426	-120.0027961975534	-0.0027673431291361794	0.0027673431291361794	0.02	True	8af7af63d19b53cffc32f9eda8be8acabcdedd5642a150991c618d46afeeece1	f6f836db6c24c9a6918470cde99344a83f78267582ff189c3fcd5f856746b9a9
tight_audit__LAMBDA_CS_+1h	tight_audit	LAMBDA_CS_+1h	LAMBDA_CS	1	T_CC_000	T_CC	0.0	8.2317896820712e-05	0.001611587424249151	0.0015292695274240486	0.0015292695274240486	0.02	True	a6e94cfe558c5be38544a34d2a6fad98313d167e35f5e4b511ff44a3e9ca9bd2	0bcfa9e7017cfdd985ac9752dc3ad911bcb0ed04596888435875de8bb02d2e8d
tight_audit__LAMBDA_CS_+1h	tight_audit	LAMBDA_CS_+1h	LAMBDA_CS	1	T_CC_030	T_CC	30.0	30.000158540910803	30.010271588962354	0.010113048051550777	0.010113048051550777	0.02	True	bab98c0a3ea47718c84ee2523940894bf3eb8df2875321a686eefa8b41f8b782	f9253562b5dd721292898a8167219545758d7b542b8ea83f199ff6a4a06e4b23
tight_audit__LAMBDA_CS_+1h	tight_audit	LAMBDA_CS_+1h	LAMBDA_CS	1	T_CC_060	T_CC	60.0	60.0001592609087	60.004451773485926	0.004292512577222851	0.004292512577222851	0.02	True	41baeb9c356cf99a1669a39f741dfb4147717de0ce46134528141edf74e37c1d	b3b142bf71fda7bec5508dde60f6f46c17c0df666bb24543585b0c183c33abad
tight_audit__LAMBDA_CS_+1h	tight_audit	LAMBDA_CS_+1h	LAMBDA_CS	1	T_CC_090	T_CC	90.0	90.00019699894702	90.00664426418317	0.006447265236147359	0.006447265236147359	0.02	True	dbc39b01855c642528b1b5129ecf4ae28ec9520145b3527abc86ff7044f37fe4	ef4bfe7ef5831a9446aa61d2ffd22aa99759d1e0faa8e76cd0a8f6d90812e87b
tight_audit__LAMBDA_CS_+1h	tight_audit	LAMBDA_CS_+1h	LAMBDA_CS	1	T_CC_120	T_CC	120.0	119.99983965803996	119.99835843311536	-0.0014812249245892417	0.0014812249245892417	0.02	True	703b1af8fd53d30a74d3f4bf3a1f53070360f76270386005e08d7e6d5c6d10b8	d95239035f01b594090bad5f56b4c302bd4f5f940a0bbdc37a306c32855f7bd9
tight_audit__LAMBDA_CS_+1h	tight_audit	LAMBDA_CS_+1h	LAMBDA_CS	1	T_CC_150	T_CC	150.0	150.00011419393934	150.00517945139995	0.005065257460614703	0.005065257460614703	0.02	True	3625c62a0da1954c05f2c25a8ce89fd780c033322f4d07af01007123ad2086d7	0360fab50862e3d4a72b11578ea4a8c93684dd08ed89b16365034400363d86ae
tight_audit__LAMBDA_CS_+1h	tight_audit	LAMBDA_CS_+1h	LAMBDA_CS	1	T_CC_180	T_CC	180.0	-179.99987411198484	-179.99722539292898	0.0026487190558555085	0.0026487190558555085	0.02	True	237d0de9329d2f7154e75e1b94b8d20dc99d256df491b1962585edd08ac5d56b	7457b8293fac4d7c79612386d968d2f1f50abc28f39d1fcc2fa62cd74493e97b
tight_audit__LAMBDA_CS_+1h	tight_audit	LAMBDA_CS_+1h	LAMBDA_CS	1	T_CC_210	T_CC	210.0	-150.00009928563182	-150.0060896607267	-0.005990375094881983	0.005990375094881983	0.02	True	ff7ba181ddce36b5fec269c010000630a05fa87e61843c9cb6ae5b286660aa06	f877aeff660e0c8f36b6d962fd6544a89bbf62621240f0b5e31175eb7188ab86
tight_audit__LAMBDA_CS_+1h	tight_audit	LAMBDA_CS_+1h	LAMBDA_CS	1	T_CC_240	T_CC	240.0	-120.00007620746388	-120.00284922385102	-0.0027730163871524383	0.0027730163871524383	0.02	True	880de9f672087b3c73f343d26033dc31c7e6d04945e3ef56427c9859c467bda9	300c36900ab78469e5ac92007598e7f60eea1ce6abf3dfda7ef94f218197855b
tight_audit__LAMBDA_CS_+1h	tight_audit	LAMBDA_CS_+1h	LAMBDA_CS	1	T_CC_270	T_CC	270.0	-89.99993474284005	-89.99493366477155	0.0050010780685170175	0.0050010780685170175	0.02	True	0bb8e714e59c30b159e44188b0df6faf6cdafd8794878db4b1f2197b15d282c8	7fc530fe66381ca1e70f11607af113b89a913b3459a7b8cc255c3b2ad76d540a
tight_audit__LAMBDA_CS_+1h	tight_audit	LAMBDA_CS_+1h	LAMBDA_CS	1	T_CC_300	T_CC	300.0	-59.99998160172803	-60.0013090522456	-0.0013274505175786544	0.0013274505175786544	0.02	True	fc6381c1ad4b27e5f9a79cad7e8361d93f1a8d0e253a0d934cd0410aba899c01	2701772ddc0e067604f38847752835eaec8c1d47a99722c724aa52cc4e03dd93
tight_audit__LAMBDA_CS_+1h	tight_audit	LAMBDA_CS_+1h	LAMBDA_CS	1	T_CC_330	T_CC	330.0	-30.00016585816224	-30.01283624655819	-0.012670388395946475	0.012670388395946475	0.02	True	12d5e015638e715123552261c80c982de9108a65a82103add957bb662b8d1c03	98e9650c2b2c530767a22789cb4865cd05eaead7419242c6ecbd69a5474998c2
tight_audit__LAMBDA_CS_+1h	tight_audit	LAMBDA_CS_+1h	LAMBDA_CS	1	T_CS_000	T_CS	0.0	1.5180520262743396e-05	-0.003434107585207875	-0.0034492881054575264	0.0034492881054575264	0.02	True	b76cb71c416ae436646084247ac0799101a651a6e78ef12bdd936ed29539a181	1739a656704add3c5485c34e119b5d8dfff01197c29f06e25c8773950c875c62
tight_audit__LAMBDA_CS_+1h	tight_audit	LAMBDA_CS_+1h	LAMBDA_CS	1	T_CS_010	T_CS	10.0	10.000078136231716	10.000209623658208	0.0001314874265005983	0.0001314874265005983	0.02	True	93231ed042bed5c0602602d32e5c5f3d4901969d8156257c0347236c62607f21	829e26231addd921bf65ad40c930bfab0bf49f516b4a7ebfb2dd7c37336c4b03
tight_audit__LAMBDA_CS_+1h	tight_audit	LAMBDA_CS_+1h	LAMBDA_CS	1	T_CS_020	T_CS	20.0	20.00017404591677	20.00329175725362	0.0031177113368414666	0.0031177113368414666	0.02	True	fc0fe0aaa70da2491407d7cf40549f0928ad568ab5bdce4bbe2d14d68bfcc78c	0373666998b9d935a05c12b1e69f8cf918c65d973d08ee45c71bab1b12f9c7a6
tight_audit__LAMBDA_CS_+1h	tight_audit	LAMBDA_CS_+1h	LAMBDA_CS	1	T_CS_030	T_CS	30.0	30.00019985596987	30.006074662217113	0.005874806247248898	0.005874806247248898	0.02	True	a05c8327bb40345cb389bdc875b9059d4912df044e264f7722d2fc594a9c36dd	b5fcfd3982801fc4629897e620e13b719c740dee3dafda0de4bba23007456bb7
tight_audit__LAMBDA_CS_+1h	tight_audit	LAMBDA_CS_+1h	LAMBDA_CS	1	T_CS_040	T_CS	40.0	40.00013511844969	40.00708459560423	0.006949477154535089	0.006949477154535089	0.02	True	1a3dc833568c912b0d2cb86bfde6f64600b04206593d34bfbb044abbbf528520	6cf583acf08af2fa8d7a2d58be9ff29227cbdd569a821647951932f03660c063
tight_audit__LAMBDA_CS_+1h	tight_audit	LAMBDA_CS_+1h	LAMBDA_CS	1	T_CS_050	T_CS	50.0	50.000069706040776	50.00581817483903	0.00574846879825941	0.00574846879825941	0.02	True	d5ffde1699a4340c997fb87781ff0319b604b8e83883345a0da527c51bce31d9	7bc6709a70a0404120b80044c949aa62c0d0206af94b97b096715980878090b0
tight_audit__LAMBDA_CS_+1h	tight_audit	LAMBDA_CS_+1h	LAMBDA_CS	1	T_CS_060	T_CS	60.0	60.00001911469256	60.00332044623055	0.0033013315379832875	0.0033013315379832875	0.02	True	80f6abaaca25fcd7bd9b4a96576a6529dc2aab9c92bb4dc8cb8d94382f35e1bd	f6298a9b029348d316bbe7a64b7198b1224e974917e4a1067afabdeda78ae4e9
tight_audit__LAMBDA_CS_+1h	tight_audit	LAMBDA_CS_+1h	LAMBDA_CS	1	T_CS_070	T_CS	70.0	69.99996549339919	70.00006837276106	0.00010287936186159641	0.00010287936186159641	0.02	True	861b37106b6bffb8af5aa0780a88e99efc6bb88ef7f40055d7a4c38fada5ead3	64c239d75e191ea851fbb3e49d315a955034568dcae376a9a05fabf304dc0bfb
tight_audit__LAMBDA_CS_+1h	tight_audit	LAMBDA_CS_+1h	LAMBDA_CS	1	T_CS_080	T_CS	80.0	79.99992991278366	79.99671359330404	-0.0032163194796339667	0.0032163194796339667	0.02	True	185564ab2bddfe1f6bee80c92bcc4d84c3c5217d92438a78fed413f0c2f0ee48	fada3fa762a4510e9b6e945a9114460e37e3273f8126beb6d9a6a22e4489a18c
tight_audit__LAMBDA_CS_+1h	tight_audit	LAMBDA_CS_+1h	LAMBDA_CS	1	T_CS_090	T_CS	90.0	89.99991027498892	89.99416350863434	-0.0057467663545764935	0.0057467663545764935	0.02	True	95090c3545e38e3050c6dfd9ee40f08d6e347c417cfbc010bffb72eed38858f5	8dfdcf75db77657e4f09754a90b0d9e0989bd64ff9356596a4d0e02cf29dedd4
tight_audit__LAMBDA_CS_+1h	tight_audit	LAMBDA_CS_+1h	LAMBDA_CS	1	T_CS_100	T_CS	100.0	99.99973782178598	99.99296069810023	-0.006777123685765218	0.006777123685765218	0.02	True	c5e6d243501db4ba3bbd09f5ae97a9cc954f7652d24c606c3bb8196a5b512755	219e767cfe8ac5da929930e308f870a093b3c353afe21de34489da00e810d96d
tight_audit__LAMBDA_CS_+1h	tight_audit	LAMBDA_CS_+1h	LAMBDA_CS	1	T_CS_110	T_CS	110.0	109.99982259760765	109.99386668532075	-0.005955912286879084	0.005955912286879084	0.02	True	fd3404ec36fe83815887e7a1e639f61c92bd7d0c7d43580b0b9c0fed1892da18	97bb12c5b10c3d01b26aaa52a1c7b63c2ab43adbfd434593747ed57b99411235
tight_audit__LAMBDA_CS_+1h	tight_audit	LAMBDA_CS_+1h	LAMBDA_CS	1	T_CS_120	T_CS	120.0	120.0000256226668	119.99663200742258	-0.0033936152442208822	0.0033936152442208822	0.02	True	cd3a576945e09ba26d11c6c20df75fa39584268550f612d9a1dc957add5b6753	c60fb778b6d44cd17ec1c17d6a91c009b0eeeeb88308da31f198d0835441cd25
tight_audit__LAMBDA_CS_+1h	tight_audit	LAMBDA_CS_+1h	LAMBDA_CS	1	T_CC_240_FROM_REVERSE_QM	T_CC	240.0	-120.00002885442426	-120.00279917932086	-0.0027703248966020055	0.0027703248966020055	0.02	True	8af7af63d19b53cffc32f9eda8be8acabcdedd5642a150991c618d46afeeece1	93e9413fb92d1c740ecd31098df01864cc7c1c9d9fe875aead2a1fa0c0f30f58
tight_audit__LAMBDA_CC_-1h	tight_audit	LAMBDA_CC_-1h	LAMBDA_CC	-1	T_CC_000	T_CC	0.0	8.2317896820712e-05	0.001583979277400795	0.0015016613805869383	0.0015016613805869383	0.02	True	a6e94cfe558c5be38544a34d2a6fad98313d167e35f5e4b511ff44a3e9ca9bd2	4bae69f42ddab0b482685cf47cc658c1b0f78f54b418e2d61955be434d4bdf20
tight_audit__LAMBDA_CC_-1h	tight_audit	LAMBDA_CC_-1h	LAMBDA_CC	-1	T_CC_030	T_CC	30.0	30.000158540910803	30.01025011886985	0.010091577959030928	0.010091577959030928	0.02	True	bab98c0a3ea47718c84ee2523940894bf3eb8df2875321a686eefa8b41f8b782	0dcc9d802b19e55f27d45d46554f63e671fef1551932d108ecc5ebae36649e64
tight_audit__LAMBDA_CC_-1h	tight_audit	LAMBDA_CC_-1h	LAMBDA_CC	-1	T_CC_060	T_CC	60.0	60.0001592609087	60.00443853997838	0.004279279069692166	0.004279279069692166	0.02	True	41baeb9c356cf99a1669a39f741dfb4147717de0ce46134528141edf74e37c1d	23e5604322ca96708e22e9224466705712d8c7c65d7a6dbff4873de9cd54576e
tight_audit__LAMBDA_CC_-1h	tight_audit	LAMBDA_CC_-1h	LAMBDA_CC	-1	T_CC_090	T_CC	90.0	90.00019699894702	90.0066467556104	0.006449756663386097	0.006449756663386097	0.02	True	dbc39b01855c642528b1b5129ecf4ae28ec9520145b3527abc86ff7044f37fe4	88f5e6066f36608b96a3b49db19bb4c2d66a1488ab27b794dab56db2600a6467
tight_audit__LAMBDA_CC_-1h	tight_audit	LAMBDA_CC_-1h	LAMBDA_CC	-1	T_CC_120	T_CC	120.0	119.99983965803996	119.99835419377438	-0.0014854642655848238	0.0014854642655848238	0.02	True	703b1af8fd53d30a74d3f4bf3a1f53070360f76270386005e08d7e6d5c6d10b8	23d955c18ffec32f11d020fece6370339c22a310501426e6269b3464def2e9d9
tight_audit__LAMBDA_CC_-1h	tight_audit	LAMBDA_CC_-1h	LAMBDA_CC	-1	T_CC_150	T_CC	150.0	150.00011419393934	150.0051854418389	0.0050712478995649235	0.0050712478995649235	0.02	True	3625c62a0da1954c05f2c25a8ce89fd780c033322f4d07af01007123ad2086d7	b83f6b91fd7bb31c4e96ae517e4f5df7b6d3aca1f2e58f0809ee5db950dcba3c
tight_audit__LAMBDA_CC_-1h	tight_audit	LAMBDA_CC_-1h	LAMBDA_CC	-1	T_CC_180	T_CC	180.0	-179.99987411198484	-179.9972233696767	0.002650742308134113	0.002650742308134113	0.02	True	237d0de9329d2f7154e75e1b94b8d20dc99d256df491b1962585edd08ac5d56b	1bb6cf867ca65a03ffccca67f70325cc5976902661dc6cebd5fee80698674273
tight_audit__LAMBDA_CC_-1h	tight_audit	LAMBDA_CC_-1h	LAMBDA_CC	-1	T_CC_210	T_CC	210.0	-150.00009928563182	-150.00609548162598	-0.0059961959941574605	0.0059961959941574605	0.02	True	ff7ba181ddce36b5fec269c010000630a05fa87e61843c9cb6ae5b286660aa06	61d46cb31bcfff7e504c0cf65eacb9c74923b625fcf3f249a1143aa8798b743f
tight_audit__LAMBDA_CC_-1h	tight_audit	LAMBDA_CC_-1h	LAMBDA_CC	-1	T_CC_240	T_CC	240.0	-120.00007620746388	-120.00284984777196	-0.002773640308078029	0.002773640308078029	0.02	True	880de9f672087b3c73f343d26033dc31c7e6d04945e3ef56427c9859c467bda9	203848c730fc9f6eb331fe5aaeedcae216d0a3281d7ceb648f45139bd47d91d7
tight_audit__LAMBDA_CC_-1h	tight_audit	LAMBDA_CC_-1h	LAMBDA_CC	-1	T_CC_270	T_CC	270.0	-89.99993474284005	-89.99493893553718	0.0049958073028619765	0.0049958073028619765	0.02	True	0bb8e714e59c30b159e44188b0df6faf6cdafd8794878db4b1f2197b15d282c8	9a409c51ce393259f6a37791efe7634a8057b3934e566a9209df4dd75ffb7591
tight_audit__LAMBDA_CC_-1h	tight_audit	LAMBDA_CC_-1h	LAMBDA_CC	-1	T_CC_300	T_CC	300.0	-59.99998160172803	-60.00128632632107	-0.0013047245930408735	0.0013047245930408735	0.02	True	fc6381c1ad4b27e5f9a79cad7e8361d93f1a8d0e253a0d934cd0410aba899c01	94f4ce75244c3f09ad97ffeaf45524b46a6e1ac8013bd8ac25f436c215ed6fb6
tight_audit__LAMBDA_CC_-1h	tight_audit	LAMBDA_CC_-1h	LAMBDA_CC	-1	T_CC_330	T_CC	330.0	-30.00016585816224	-30.012817209778373	-0.012651351616142392	0.012651351616142392	0.02	True	12d5e015638e715123552261c80c982de9108a65a82103add957bb662b8d1c03	b7e3ec19964df84e932dcc710eff482ec50fd6daa030fab6291f87e684688a8a
tight_audit__LAMBDA_CC_-1h	tight_audit	LAMBDA_CC_-1h	LAMBDA_CC	-1	T_CS_000	T_CS	0.0	1.5180520262743396e-05	-0.00340530597114191	-0.0034204864913931488	0.0034204864913931488	0.02	True	b76cb71c416ae436646084247ac0799101a651a6e78ef12bdd936ed29539a181	3d7ea95d90344c89ec758bc38511d555946e4c9763682e6714e68d56ae2ec6d9
tight_audit__LAMBDA_CC_-1h	tight_audit	LAMBDA_CC_-1h	LAMBDA_CC	-1	T_CS_010	T_CS	10.0	10.000078136231716	10.000136824675716	5.86884439996993e-05	5.86884439996993e-05	0.02	True	93231ed042bed5c0602602d32e5c5f3d4901969d8156257c0347236c62607f21	1e0dacc35103f12a753ebac1b5b4fa5e82d1ffff396a3dcda839dd16580563c5
tight_audit__LAMBDA_CC_-1h	tight_audit	LAMBDA_CC_-1h	LAMBDA_CC	-1	T_CS_020	T_CS	20.0	20.00017404591677	20.003158520649553	0.0029844747327842924	0.0029844747327842924	0.02	True	fc0fe0aaa70da2491407d7cf40549f0928ad568ab5bdce4bbe2d14d68bfcc78c	3a10871c59218540d032e6f1be8c418d484e1baa89ffb4f0d6ccef0ae63f9223
tight_audit__LAMBDA_CC_-1h	tight_audit	LAMBDA_CC_-1h	LAMBDA_CC	-1	T_CS_030	T_CS	30.0	30.00019985596987	30.005923970419676	0.005724114449805029	0.005724114449805029	0.02	True	a05c8327bb40345cb389bdc875b9059d4912df044e264f7722d2fc594a9c36dd	d15fddfa14a7365fbc807f8035a22915a25bb3265631ee204365d18185a02f9c
tight_audit__LAMBDA_CC_-1h	tight_audit	LAMBDA_CC_-1h	LAMBDA_CC	-1	T_CS_040	T_CS	40.0	40.00013511844969	40.00697120888109	0.006836090431391995	0.006836090431391995	0.02	True	1a3dc833568c912b0d2cb86bfde6f64600b04206593d34bfbb044abbbf528520	70cf7bc4ccf2c2372a3cb266d4ea15f17063021de419037f12f0188f2f70538c
tight_audit__LAMBDA_CC_-1h	tight_audit	LAMBDA_CC_-1h	LAMBDA_CC	-1	T_CS_050	T_CS	50.0	50.000069706040776	50.00575466384475	0.005684957803964608	0.005684957803964608	0.02	True	d5ffde1699a4340c997fb87781ff0319b604b8e83883345a0da527c51bce31d9	89173f0cfb21534e33904357dab8c1b89d84e2307cb3f024559cac74db8691a1
tight_audit__LAMBDA_CC_-1h	tight_audit	LAMBDA_CC_-1h	LAMBDA_CC	-1	T_CS_060	T_CS	60.0	60.00001911469256	60.00331594506764	0.003296830375063564	0.003296830375063564	0.02	True	80f6abaaca25fcd7bd9b4a96576a6529dc2aab9c92bb4dc8cb8d94382f35e1bd	24348fe48bcab617f114b8d5914c10aba0eafb20eb86f329619a73fdf4933edd
tight_audit__LAMBDA_CC_-1h	tight_audit	LAMBDA_CC_-1h	LAMBDA_CC	-1	T_CS_070	T_CS	70.0	69.99996549339919	70.00012204502511	0.00015655162593475325	0.00015655162593475325	0.02	True	861b37106b6bffb8af5aa0780a88e99efc6bb88ef7f40055d7a4c38fada5ead3	07128de57e081728375c0222ac9abbe7d5a3bce71e10d9038ffcb616c2c688fe
tight_audit__LAMBDA_CC_-1h	tight_audit	LAMBDA_CC_-1h	LAMBDA_CC	-1	T_CS_080	T_CS	80.0	79.99992991278366	79.9968113130321	-0.003118599751559259	0.003118599751559259	0.02	True	185564ab2bddfe1f6bee80c92bcc4d84c3c5217d92438a78fed413f0c2f0ee48	e90dd4d315bf37f731183fd6b9d5b0017cdeee7a6564756b67dd59f1efbfe6e5
tight_audit__LAMBDA_CC_-1h	tight_audit	LAMBDA_CC_-1h	LAMBDA_CC	-1	T_CS_090	T_CS	90.0	89.99991027498892	89.99428896079164	-0.005621314197298943	0.005621314197298943	0.02	True	95090c3545e38e3050c6dfd9ee40f08d6e347c417cfbc010bffb72eed38858f5	423181efb4a72755932dbfa640376b6ac436ec3cca0b8e77bd7101a48ff024f2
tight_audit__LAMBDA_CC_-1h	tight_audit	LAMBDA_CC_-1h	LAMBDA_CC	-1	T_CS_100	T_CS	100.0	99.99973782178598	99.99309369556038	-0.00664412622560917	0.00664412622560917	0.02	True	c5e6d243501db4ba3bbd09f5ae97a9cc954f7652d24c606c3bb8196a5b512755	8e673373e0b6eed37d55b43f1e19da96e0a836349c0350733a9e032cbc39a4e5
tight_audit__LAMBDA_CC_-1h	tight_audit	LAMBDA_CC_-1h	LAMBDA_CC	-1	T_CS_110	T_CS	110.0	109.99982259760765	109.99396540300728	-0.005857194600366711	0.005857194600366711	0.02	True	fd3404ec36fe83815887e7a1e639f61c92bd7d0c7d43580b0b9c0fed1892da18	fbbca31e81cb7e8bcfa70f975d9bf460352118326539e54618084094fb18c333
tight_audit__LAMBDA_CC_-1h	tight_audit	LAMBDA_CC_-1h	LAMBDA_CC	-1	T_CS_120	T_CS	120.0	120.0000256226668	119.99665942326266	-0.0033661994041267462	0.0033661994041267462	0.02	True	cd3a576945e09ba26d11c6c20df75fa39584268550f612d9a1dc957add5b6753	c5825adf3b09778f64441be2e691c3e9c87b33ba17c1b65bcec4147c2f2b8acd
tight_audit__LAMBDA_CC_-1h	tight_audit	LAMBDA_CC_-1h	LAMBDA_CC	-1	T_CC_240_FROM_REVERSE_QM	T_CC	240.0	-120.00002885442426	-120.00280266148746	-0.002773807063192635	0.002773807063192635	0.02	True	8af7af63d19b53cffc32f9eda8be8acabcdedd5642a150991c618d46afeeece1	625eba8a4c05aab79e1c18b8c65aeff1a9ecb25d9288d47c7bd11b0eb50e6232
tight_audit__LAMBDA_CC_+1h	tight_audit	LAMBDA_CC_+1h	LAMBDA_CC	1	T_CC_000	T_CC	0.0	8.2317896820712e-05	0.0015864296158322442	0.0015041117190150999	0.0015041117190150999	0.02	True	a6e94cfe558c5be38544a34d2a6fad98313d167e35f5e4b511ff44a3e9ca9bd2	d63336a60ffb8f10170084ef53e939920a7908e7e8346cd44980f458d19f7867
tight_audit__LAMBDA_CC_+1h	tight_audit	LAMBDA_CC_+1h	LAMBDA_CC	1	T_CC_030	T_CC	30.0	30.000158540910803	30.010305424676165	0.01014688376537265	0.01014688376537265	0.02	True	bab98c0a3ea47718c84ee2523940894bf3eb8df2875321a686eefa8b41f8b782	423ebc5178c2705233c9f39b7af0bcbbc61051bc4387ea18294d4061d5a0be2b
tight_audit__LAMBDA_CC_+1h	tight_audit	LAMBDA_CC_+1h	LAMBDA_CC	1	T_CC_060	T_CC	60.0	60.0001592609087	60.00446906003957	0.004309799130851388	0.004309799130851388	0.02	True	41baeb9c356cf99a1669a39f741dfb4147717de0ce46134528141edf74e37c1d	e32e116259ab775a5fbd6bdeff7142ac6a558a137cc38319f165e5a746b526bd
tight_audit__LAMBDA_CC_+1h	tight_audit	LAMBDA_CC_+1h	LAMBDA_CC	1	T_CC_090	T_CC	90.0	90.00019699894702	90.00665818247579	0.0064611835287564645	0.0064611835287564645	0.02	True	dbc39b01855c642528b1b5129ecf4ae28ec9520145b3527abc86ff7044f37fe4	fe8d4ca45e6803dc18344ee4e562a217903539d89bc7e04566bac96fa1b1b2b8
tight_audit__LAMBDA_CC_+1h	tight_audit	LAMBDA_CC_+1h	LAMBDA_CC	1	T_CC_120	T_CC	120.0	119.99983965803996	119.9983461827496	-0.0014934752903741355	0.0014934752903741355	0.02	True	703b1af8fd53d30a74d3f4bf3a1f53070360f76270386005e08d7e6d5c6d10b8	6408d57a20981041ffee904952fe6567829f4b8f5c75e78b4524706f1917cb38
tight_audit__LAMBDA_CC_+1h	tight_audit	LAMBDA_CC_+1h	LAMBDA_CC	1	T_CC_150	T_CC	150.0	150.00011419393934	150.005176234991	0.00506204105167285	0.00506204105167285	0.02	True	3625c62a0da1954c05f2c25a8ce89fd780c033322f4d07af01007123ad2086d7	2b1b0579b28dccad8c79f1ceda0c4032816a691e51e690a42c00746a4994899a
tight_audit__LAMBDA_CC_+1h	tight_audit	LAMBDA_CC_+1h	LAMBDA_CC	1	T_CC_180	T_CC	180.0	-179.99987411198484	-179.9972286428299	0.002645469154941793	0.002645469154941793	0.02	True	237d0de9329d2f7154e75e1b94b8d20dc99d256df491b1962585edd08ac5d56b	c3dbe3d8e70ddd63a40b360c7ea766288441a84a9a6eaa0fa17fedc29c10a17d
tight_audit__LAMBDA_CC_+1h	tight_audit	LAMBDA_CC_+1h	LAMBDA_CC	1	T_CC_210	T_CC	210.0	-150.00009928563182	-150.0060800273247	-0.005980741692894753	0.005980741692894753	0.02	True	ff7ba181ddce36b5fec269c010000630a05fa87e61843c9cb6ae5b286660aa06	3b320a5c6facdda2cc6601dbf4a4e7b7855ed986cde2137b133614e696c5e185
tight_audit__LAMBDA_CC_+1h	tight_audit	LAMBDA_CC_+1h	LAMBDA_CC	1	T_CC_240	T_CC	240.0	-120.00007620746388	-120.00284261159494	-0.0027664041310799803	0.0027664041310799803	0.02	True	880de9f672087b3c73f343d26033dc31c7e6d04945e3ef56427c9859c467bda9	55abac8a35dd1d6e591b6c06779618997616eb1aa534a3b1b3a98d4b8384a0f6
tight_audit__LAMBDA_CC_+1h	tight_audit	LAMBDA_CC_+1h	LAMBDA_CC	1	T_CC_270	T_CC	270.0	-89.99993474284005	-89.99495476760775	0.004979975232288325	0.004979975232288325	0.02	True	0bb8e714e59c30b159e44188b0df6faf6cdafd8794878db4b1f2197b15d282c8	b5105210677979479429abd6137ae7ab772c14fa74c7fcdd8b1b5e3b168933e6
tight_audit__LAMBDA_CC_+1h	tight_audit	LAMBDA_CC_+1h	LAMBDA_CC	1	T_CC_300	T_CC	300.0	-59.99998160172803	-60.00131698479771	-0.0013353830696871682	0.0013353830696871682	0.02	True	fc6381c1ad4b27e5f9a79cad7e8361d93f1a8d0e253a0d934cd0410aba899c01	e31290e486845f3bfa566c9eed795739e0c41d20a78e914ad420aa61c48381ea
tight_audit__LAMBDA_CC_+1h	tight_audit	LAMBDA_CC_+1h	LAMBDA_CC	1	T_CC_330	T_CC	330.0	-30.00016585816224	-30.012873452511243	-0.012707594348995599	0.012707594348995599	0.02	True	12d5e015638e715123552261c80c982de9108a65a82103add957bb662b8d1c03	99e54d57a3ddc689a4db6ac8a47d0b043a5faae512bfb355340e7f9cdead80dd
tight_audit__LAMBDA_CC_+1h	tight_audit	LAMBDA_CC_+1h	LAMBDA_CC	1	T_CS_000	T_CS	0.0	1.5180520262743396e-05	-0.003397124207408591	-0.003412304727675064	0.003412304727675064	0.02	True	b76cb71c416ae436646084247ac0799101a651a6e78ef12bdd936ed29539a181	248d1b1c3cf78bc896c572c754517c20dfc7240375adaa9b5b0c6a2b4c0e3668
tight_audit__LAMBDA_CC_+1h	tight_audit	LAMBDA_CC_+1h	LAMBDA_CC	1	T_CS_010	T_CS	10.0	10.000078136231716	10.00014375407205	6.561784033465301e-05	6.561784033465301e-05	0.02	True	93231ed042bed5c0602602d32e5c5f3d4901969d8156257c0347236c62607f21	4287a3dafd9a7d77bcca4288642cc642d22d04ac9a230eeb93acc19c5cbcad28
tight_audit__LAMBDA_CC_+1h	tight_audit	LAMBDA_CC_+1h	LAMBDA_CC	1	T_CS_020	T_CS	20.0	20.00017404591677	20.003156332513342	0.0029822865965627443	0.0029822865965627443	0.02	True	fc0fe0aaa70da2491407d7cf40549f0928ad568ab5bdce4bbe2d14d68bfcc78c	101d91b60554b5187f83516d90d7414d103417ccf881221316bcd6ab8f32e6aa
tight_audit__LAMBDA_CC_+1h	tight_audit	LAMBDA_CC_+1h	LAMBDA_CC	1	T_CS_030	T_CS	30.0	30.00019985596987	30.00589721060756	0.005697354637675289	0.005697354637675289	0.02	True	a05c8327bb40345cb389bdc875b9059d4912df044e264f7722d2fc594a9c36dd	a60b4226638912cae95ac5d9571903419dc7ab2d5c8dda39a1eb49917c78879d
tight_audit__LAMBDA_CC_+1h	tight_audit	LAMBDA_CC_+1h	LAMBDA_CC	1	T_CS_040	T_CS	40.0	40.00013511844969	40.0069632456548	0.0068281272050967345	0.0068281272050967345	0.02	True	1a3dc833568c912b0d2cb86bfde6f64600b04206593d34bfbb044abbbf528520	16a6f6f3f20eef3c4fd333ce83d8b54484132a36a87008d894cb250cc614d33e
tight_audit__LAMBDA_CC_+1h	tight_audit	LAMBDA_CC_+1h	LAMBDA_CC	1	T_CS_050	T_CS	50.0	50.000069706040776	50.00575061544049	0.00568090939970034	0.00568090939970034	0.02	True	d5ffde1699a4340c997fb87781ff0319b604b8e83883345a0da527c51bce31d9	2086d365655f46177baf93cd801d3b6ba9b1bd79cd8a92b86c60d1d1a5eeec82
tight_audit__LAMBDA_CC_+1h	tight_audit	LAMBDA_CC_+1h	LAMBDA_CC	1	T_CS_060	T_CS	60.0	60.00001911469256	60.003310786453525	0.0032916717609623447	0.0032916717609623447	0.02	True	80f6abaaca25fcd7bd9b4a96576a6529dc2aab9c92bb4dc8cb8d94382f35e1bd	99ce68b24b026e74799776006a25db86de1829844dcf26fbd3951950a4c7ea2f
tight_audit__LAMBDA_CC_+1h	tight_audit	LAMBDA_CC_+1h	LAMBDA_CC	1	T_CS_070	T_CS	70.0	69.99996549339919	70.00012048634991	0.00015499295074050679	0.00015499295074050679	0.02	True	861b37106b6bffb8af5aa0780a88e99efc6bb88ef7f40055d7a4c38fada5ead3	cc3e605fdd6c420c5f057a68f36f8b772c0b38e9bea747196ff18e19f3109caf
tight_audit__LAMBDA_CC_+1h	tight_audit	LAMBDA_CC_+1h	LAMBDA_CC	1	T_CS_080	T_CS	80.0	79.99992991278366	79.99681566877629	-0.003114244007349498	0.003114244007349498	0.02	True	185564ab2bddfe1f6bee80c92bcc4d84c3c5217d92438a78fed413f0c2f0ee48	31665f12bf02efc48c3793e411fc05e6eeacf1e00bfaaa8b6287af0ce491eed2
tight_audit__LAMBDA_CC_+1h	tight_audit	LAMBDA_CC_+1h	LAMBDA_CC	1	T_CS_090	T_CS	90.0	89.99991027498892	89.99429585328485	-0.005614421704080996	0.005614421704080996	0.02	True	95090c3545e38e3050c6dfd9ee40f08d6e347c417cfbc010bffb72eed38858f5	79bcada40c501166075c28309d65e2edef262d98824741d65cd169aa28d3980d
tight_audit__LAMBDA_CC_+1h	tight_audit	LAMBDA_CC_+1h	LAMBDA_CC	1	T_CS_100	T_CS	100.0	99.99973782178598	99.99310114147973	-0.006636680306257858	0.006636680306257858	0.02	True	c5e6d243501db4ba3bbd09f5ae97a9cc954f7652d24c606c3bb8196a5b512755	6f12eeb136d585e65e302b3ddeb66d16fc43f06d97a3b3efe4c0e27ab80b27ab
tight_audit__LAMBDA_CC_+1h	tight_audit	LAMBDA_CC_+1h	LAMBDA_CC	1	T_CS_110	T_CS	110.0	109.99982259760765	109.9939753618126	-0.0058472357950449805	0.0058472357950449805	0.02	True	fd3404ec36fe83815887e7a1e639f61c92bd7d0c7d43580b0b9c0fed1892da18	d7ca24e0ac0f2a04f87f99acc8c808a5a708b7e409b5eca34fd2acb7225d0092
tight_audit__LAMBDA_CC_+1h	tight_audit	LAMBDA_CC_+1h	LAMBDA_CC	1	T_CS_120	T_CS	120.0	120.0000256226668	119.99666603642429	-0.003359586242510204	0.003359586242510204	0.02	True	cd3a576945e09ba26d11c6c20df75fa39584268550f612d9a1dc957add5b6753	82fdabab467cb0957401761cda4331d88bbd1b6cc13d923095fb0595789a718a
tight_audit__LAMBDA_CC_+1h	tight_audit	LAMBDA_CC_+1h	LAMBDA_CC	1	T_CC_240_FROM_REVERSE_QM	T_CC	240.0	-120.00002885442426	-120.00279610849944	-0.002767254075195069	0.002767254075195069	0.02	True	8af7af63d19b53cffc32f9eda8be8acabcdedd5642a150991c618d46afeeece1	1bd18499b60265ba6cf62d9fc51ba63216875965d816f8cc5f8b01167e0b7737
