matrix_id	singular_index_1based	singular_value	supported	variable_id	right_singular_coefficient	absolute_coefficient	null_highlight_abs_ge_0_25
FULL_PRIMARY_118	1	1.4931279392051542	True	R_OG2P1-SG3O1	-0.20542646511999832	0.20542646511999832	False
FULL_PRIMARY_118	1	1.4931279392051542	True	R_CG312-SG3O1	-0.299595615762403	0.299595615762403	False
FULL_PRIMARY_118	1	1.4931279392051542	True	R_CG312-CG312	0.8017983644263901	0.8017983644263901	False
FULL_PRIMARY_118	1	1.4931279392051542	True	R_CG302-CG312	0.047568739058567476	0.047568739058567476	False
FULL_PRIMARY_118	1	1.4931279392051542	True	TH_OG2P1-SG3O1-OG2P1	-0.011971314912300912	0.011971314912300912	False
FULL_PRIMARY_118	1	1.4931279392051542	True	TH_FGA2-CG312-FGA2	-0.45131940842859286	0.45131940842859286	False
FULL_PRIMARY_118	1	1.4931279392051542	True	TH_CG312-CG312-SG3O1	0.08578250001979529	0.08578250001979529	False
FULL_PRIMARY_118	1	1.4931279392051542	True	TH_FGA3-CG302-FGA3	-0.05868416285383304	0.05868416285383304	False
FULL_PRIMARY_118	1	1.4931279392051542	True	LAMBDA_CS	-0.08879841921696463	0.08879841921696463	False
FULL_PRIMARY_118	1	1.4931279392051542	True	LAMBDA_CC	-0.019464942121546994	0.019464942121546994	False
FULL_PRIMARY_118	2	1.371801968169494	True	R_OG2P1-SG3O1	0.6617751186917501	0.6617751186917501	False
FULL_PRIMARY_118	2	1.371801968169494	True	R_CG312-SG3O1	0.2995160219960633	0.2995160219960633	False
FULL_PRIMARY_118	2	1.371801968169494	True	R_CG312-CG312	0.5032055069506179	0.5032055069506179	False
FULL_PRIMARY_118	2	1.371801968169494	True	R_CG302-CG312	-0.06980188623675788	0.06980188623675788	False
FULL_PRIMARY_118	2	1.371801968169494	True	TH_OG2P1-SG3O1-OG2P1	-0.12462892284753	0.12462892284753	False
FULL_PRIMARY_118	2	1.371801968169494	True	TH_FGA2-CG312-FGA2	0.3942735980679438	0.3942735980679438	False
FULL_PRIMARY_118	2	1.371801968169494	True	TH_CG312-CG312-SG3O1	-0.12989175200856168	0.12989175200856168	False
FULL_PRIMARY_118	2	1.371801968169494	True	TH_FGA3-CG302-FGA3	0.020735478597267508	0.020735478597267508	False
FULL_PRIMARY_118	2	1.371801968169494	True	LAMBDA_CS	-0.16114327204963452	0.16114327204963452	False
FULL_PRIMARY_118	2	1.371801968169494	True	LAMBDA_CC	-0.0016550883919538156	0.0016550883919538156	False
FULL_PRIMARY_118	3	1.2654832305806696	True	R_OG2P1-SG3O1	0.12448435979534202	0.12448435979534202	False
FULL_PRIMARY_118	3	1.2654832305806696	True	R_CG312-SG3O1	-0.0018412849525604787	0.0018412849525604787	False
FULL_PRIMARY_118	3	1.2654832305806696	True	R_CG312-CG312	-0.032797691947402466	0.032797691947402466	False
FULL_PRIMARY_118	3	1.2654832305806696	True	R_CG302-CG312	0.9901801369460072	0.9901801369460072	False
FULL_PRIMARY_118	3	1.2654832305806696	True	TH_OG2P1-SG3O1-OG2P1	-0.002343134696742807	0.002343134696742807	False
FULL_PRIMARY_118	3	1.2654832305806696	True	TH_FGA2-CG312-FGA2	-0.006668706563229118	0.006668706563229118	False
FULL_PRIMARY_118	3	1.2654832305806696	True	TH_CG312-CG312-SG3O1	0.0026655522391634528	0.0026655522391634528	False
FULL_PRIMARY_118	3	1.2654832305806696	True	TH_FGA3-CG302-FGA3	0.0399290397078351	0.0399290397078351	False
FULL_PRIMARY_118	3	1.2654832305806696	True	LAMBDA_CS	-0.034941849011239486	0.034941849011239486	False
FULL_PRIMARY_118	3	1.2654832305806696	True	LAMBDA_CC	-0.009774124824794056	0.009774124824794056	False
FULL_PRIMARY_118	4	1.1681249294099985	True	R_OG2P1-SG3O1	-0.2946026054664981	0.2946026054664981	False
FULL_PRIMARY_118	4	1.1681249294099985	True	R_CG312-SG3O1	-0.24054578671443907	0.24054578671443907	False
FULL_PRIMARY_118	4	1.1681249294099985	True	R_CG312-CG312	0.26122059553898036	0.26122059553898036	False
FULL_PRIMARY_118	4	1.1681249294099985	True	R_CG302-CG312	0.06777588545422379	0.06777588545422379	False
FULL_PRIMARY_118	4	1.1681249294099985	True	TH_OG2P1-SG3O1-OG2P1	0.3074811894659101	0.3074811894659101	False
FULL_PRIMARY_118	4	1.1681249294099985	True	TH_FGA2-CG312-FGA2	0.637963313471015	0.637963313471015	False
FULL_PRIMARY_118	4	1.1681249294099985	True	TH_CG312-CG312-SG3O1	-0.0824731968436983	0.0824731968436983	False
FULL_PRIMARY_118	4	1.1681249294099985	True	TH_FGA3-CG302-FGA3	0.017815463049864505	0.017815463049864505	False
FULL_PRIMARY_118	4	1.1681249294099985	True	LAMBDA_CS	0.5217071784049575	0.5217071784049575	False
FULL_PRIMARY_118	4	1.1681249294099985	True	LAMBDA_CC	-0.0409608231434568	0.0409608231434568	False
FULL_PRIMARY_118	5	1.1230701288312246	True	R_OG2P1-SG3O1	-0.6042032149511257	0.6042032149511257	False
FULL_PRIMARY_118	5	1.1230701288312246	True	R_CG312-SG3O1	0.7211007107971169	0.7211007107971169	False
FULL_PRIMARY_118	5	1.1230701288312246	True	R_CG312-CG312	0.16528353180546695	0.16528353180546695	False
FULL_PRIMARY_118	5	1.1230701288312246	True	R_CG302-CG312	0.07445519959733447	0.07445519959733447	False
FULL_PRIMARY_118	5	1.1230701288312246	True	TH_OG2P1-SG3O1-OG2P1	-0.05551700814350291	0.05551700814350291	False
FULL_PRIMARY_118	5	1.1230701288312246	True	TH_FGA2-CG312-FGA2	0.12712780485362585	0.12712780485362585	False
FULL_PRIMARY_118	5	1.1230701288312246	True	TH_CG312-CG312-SG3O1	-0.07888412529958053	0.07888412529958053	False
FULL_PRIMARY_118	5	1.1230701288312246	True	TH_FGA3-CG302-FGA3	0.02507998458545161	0.02507998458545161	False
FULL_PRIMARY_118	5	1.1230701288312246	True	LAMBDA_CS	-0.23642720140777926	0.23642720140777926	False
FULL_PRIMARY_118	5	1.1230701288312246	True	LAMBDA_CC	0.009842150209224926	0.009842150209224926	False
FULL_PRIMARY_118	6	0.7412126070746746	True	R_OG2P1-SG3O1	-0.22467905330837284	0.22467905330837284	False
FULL_PRIMARY_118	6	0.7412126070746746	True	R_CG312-SG3O1	-0.4662375030645448	0.4662375030645448	False
FULL_PRIMARY_118	6	0.7412126070746746	True	R_CG312-CG312	-0.055361544467932906	0.055361544467932906	False
FULL_PRIMARY_118	6	0.7412126070746746	True	R_CG302-CG312	0.0055201322959517	0.0055201322959517	False
FULL_PRIMARY_118	6	0.7412126070746746	True	TH_OG2P1-SG3O1-OG2P1	-0.5102145521723614	0.5102145521723614	False
FULL_PRIMARY_118	6	0.7412126070746746	True	TH_FGA2-CG312-FGA2	0.4238528765627312	0.4238528765627312	False
FULL_PRIMARY_118	6	0.7412126070746746	True	TH_CG312-CG312-SG3O1	0.010735705107893338	0.010735705107893338	False
FULL_PRIMARY_118	6	0.7412126070746746	True	TH_FGA3-CG302-FGA3	0.07489082213722775	0.07489082213722775	False
FULL_PRIMARY_118	6	0.7412126070746746	True	LAMBDA_CS	-0.5320844099010562	0.5320844099010562	False
FULL_PRIMARY_118	6	0.7412126070746746	True	LAMBDA_CC	0.015449310369688	0.015449310369688	False
FULL_PRIMARY_118	7	0.450738459286046	True	R_OG2P1-SG3O1	-0.003145142187547387	0.003145142187547387	False
FULL_PRIMARY_118	7	0.450738459286046	True	R_CG312-SG3O1	0.0006021431643561861	0.0006021431643561861	False
FULL_PRIMARY_118	7	0.450738459286046	True	R_CG312-CG312	0.036586372862651324	0.036586372862651324	False
FULL_PRIMARY_118	7	0.450738459286046	True	R_CG302-CG312	-0.03260956100427796	0.03260956100427796	False
FULL_PRIMARY_118	7	0.450738459286046	True	TH_OG2P1-SG3O1-OG2P1	-0.09361736499699662	0.09361736499699662	False
FULL_PRIMARY_118	7	0.450738459286046	True	TH_FGA2-CG312-FGA2	-0.11322871191752619	0.11322871191752619	False
FULL_PRIMARY_118	7	0.450738459286046	True	TH_CG312-CG312-SG3O1	-0.12006002752385425	0.12006002752385425	False
FULL_PRIMARY_118	7	0.450738459286046	True	TH_FGA3-CG302-FGA3	0.9681514481123986	0.9681514481123986	False
FULL_PRIMARY_118	7	0.450738459286046	True	LAMBDA_CS	0.1324543693961272	0.1324543693961272	False
FULL_PRIMARY_118	7	0.450738459286046	True	LAMBDA_CC	0.08201859826479527	0.08201859826479527	False
FULL_PRIMARY_118	8	0.34621128511790594	True	R_OG2P1-SG3O1	0.02979365266582853	0.02979365266582853	False
FULL_PRIMARY_118	8	0.34621128511790594	True	R_CG312-SG3O1	-0.1105307237333219	0.1105307237333219	False
FULL_PRIMARY_118	8	0.34621128511790594	True	R_CG312-CG312	-0.029969108734891173	0.029969108734891173	False
FULL_PRIMARY_118	8	0.34621128511790594	True	R_CG302-CG312	-0.029854210633659048	0.029854210633659048	False
FULL_PRIMARY_118	8	0.34621128511790594	True	TH_OG2P1-SG3O1-OG2P1	0.7848214834698846	0.7848214834698846	False
FULL_PRIMARY_118	8	0.34621128511790594	True	TH_FGA2-CG312-FGA2	0.08029819902642851	0.08029819902642851	False
FULL_PRIMARY_118	8	0.34621128511790594	True	TH_CG312-CG312-SG3O1	0.03075989896351048	0.03075989896351048	False
FULL_PRIMARY_118	8	0.34621128511790594	True	TH_FGA3-CG302-FGA3	0.16877992303993697	0.16877992303993697	False
FULL_PRIMARY_118	8	0.34621128511790594	True	LAMBDA_CS	-0.5772839425733692	0.5772839425733692	False
FULL_PRIMARY_118	8	0.34621128511790594	True	LAMBDA_CC	-0.004871361151689102	0.004871361151689102	False
FULL_PRIMARY_118	9	0.28391552589952296	True	R_OG2P1-SG3O1	-0.03324907333233904	0.03324907333233904	False
FULL_PRIMARY_118	9	0.28391552589952296	True	R_CG312-SG3O1	-0.1136002519458464	0.1136002519458464	False
FULL_PRIMARY_118	9	0.28391552589952296	True	R_CG312-CG312	-0.03090960276272316	0.03090960276272316	False
FULL_PRIMARY_118	9	0.28391552589952296	True	R_CG302-CG312	0.011276952260768441	0.011276952260768441	False
FULL_PRIMARY_118	9	0.28391552589952296	True	TH_OG2P1-SG3O1-OG2P1	0.03237311200261949	0.03237311200261949	False
FULL_PRIMARY_118	9	0.28391552589952296	True	TH_FGA2-CG312-FGA2	-0.12596787774214432	0.12596787774214432	False
FULL_PRIMARY_118	9	0.28391552589952296	True	TH_CG312-CG312-SG3O1	-0.9392837740048912	0.9392837740048912	False
FULL_PRIMARY_118	9	0.28391552589952296	True	TH_FGA3-CG302-FGA3	-0.1416307217199535	0.1416307217199535	False
FULL_PRIMARY_118	9	0.28391552589952296	True	LAMBDA_CS	-0.04603853539522791	0.04603853539522791	False
FULL_PRIMARY_118	9	0.28391552589952296	True	LAMBDA_CC	0.2521074530759111	0.2521074530759111	False
FULL_PRIMARY_118	10	0.10149590845554517	False	R_OG2P1-SG3O1	0.004620848264497678	0.004620848264497678	False
FULL_PRIMARY_118	10	0.10149590845554517	False	R_CG312-SG3O1	0.013449485630511055	0.013449485630511055	False
FULL_PRIMARY_118	10	0.10149590845554517	False	R_CG312-CG312	0.03187557457364874	0.03187557457364874	False
FULL_PRIMARY_118	10	0.10149590845554517	False	R_CG302-CG312	0.01260007417700147	0.01260007417700147	False
FULL_PRIMARY_118	10	0.10149590845554517	False	TH_OG2P1-SG3O1-OG2P1	0.024821951702541263	0.024821951702541263	False
FULL_PRIMARY_118	10	0.10149590845554517	False	TH_FGA2-CG312-FGA2	0.053556255754365345	0.053556255754365345	False
FULL_PRIMARY_118	10	0.10149590845554517	False	TH_CG312-CG312-SG3O1	0.25496668761536767	0.25496668761536767	True
FULL_PRIMARY_118	10	0.10149590845554517	False	TH_FGA3-CG302-FGA3	-0.045974981416027	0.045974981416027	False
FULL_PRIMARY_118	10	0.10149590845554517	False	LAMBDA_CS	0.028570542772814997	0.028570542772814997	False
FULL_PRIMARY_118	10	0.10149590845554517	False	LAMBDA_CC	0.9629125383611354	0.9629125383611354	True
LOW_TIER_FULL_99	1	1.3723553071306254	True	R_OG2P1-SG3O1	-0.6179345527984305	0.6179345527984305	False
LOW_TIER_FULL_99	1	1.3723553071306254	True	R_CG312-SG3O1	-0.3804930731115188	0.3804930731115188	False
LOW_TIER_FULL_99	1	1.3723553071306254	True	R_CG312-CG312	0.06849049128412907	0.06849049128412907	False
LOW_TIER_FULL_99	1	1.3723553071306254	True	R_CG302-CG312	-0.026130047427448212	0.026130047427448212	False
LOW_TIER_FULL_99	1	1.3723553071306254	True	TH_OG2P1-SG3O1-OG2P1	0.01852786423690883	0.01852786423690883	False
LOW_TIER_FULL_99	1	1.3723553071306254	True	TH_FGA2-CG312-FGA2	-0.6648550254154889	0.6648550254154889	False
LOW_TIER_FULL_99	1	1.3723553071306254	True	TH_CG312-CG312-SG3O1	0.14668993207383174	0.14668993207383174	False
LOW_TIER_FULL_99	1	1.3723553071306254	True	TH_FGA3-CG302-FGA3	-0.04462513892448216	0.04462513892448216	False
LOW_TIER_FULL_99	1	1.3723553071306254	True	LAMBDA_CS	-0.04490327689834045	0.04490327689834045	False
LOW_TIER_FULL_99	1	1.3723553071306254	True	LAMBDA_CC	0.010346639627372256	0.010346639627372256	False
LOW_TIER_FULL_99	2	1.2728621615417683	True	R_OG2P1-SG3O1	0.12802312921372985	0.12802312921372985	False
LOW_TIER_FULL_99	2	1.2728621615417683	True	R_CG312-SG3O1	-0.1306385583525153	0.1306385583525153	False
LOW_TIER_FULL_99	2	1.2728621615417683	True	R_CG312-CG312	0.5006923928214356	0.5006923928214356	False
LOW_TIER_FULL_99	2	1.2728621615417683	True	R_CG302-CG312	-0.8432527894015687	0.8432527894015687	False
LOW_TIER_FULL_99	2	1.2728621615417683	True	TH_OG2P1-SG3O1-OG2P1	-0.022660726760132182	0.022660726760132182	False
LOW_TIER_FULL_99	2	1.2728621615417683	True	TH_FGA2-CG312-FGA2	0.037702620320883784	0.037702620320883784	False
LOW_TIER_FULL_99	2	1.2728621615417683	True	TH_CG312-CG312-SG3O1	-0.022763230152376433	0.022763230152376433	False
LOW_TIER_FULL_99	2	1.2728621615417683	True	TH_FGA3-CG302-FGA3	-0.04791166585407408	0.04791166585407408	False
LOW_TIER_FULL_99	2	1.2728621615417683	True	LAMBDA_CS	0.00515847951249416	0.00515847951249416	False
LOW_TIER_FULL_99	2	1.2728621615417683	True	LAMBDA_CC	-0.0004560657840226314	0.0004560657840226314	False
LOW_TIER_FULL_99	3	1.178424073127145	True	R_OG2P1-SG3O1	-0.44043084224205187	0.44043084224205187	False
LOW_TIER_FULL_99	3	1.178424073127145	True	R_CG312-SG3O1	0.4654918631606447	0.4654918631606447	False
LOW_TIER_FULL_99	3	1.178424073127145	True	R_CG312-CG312	-0.5844758421876268	0.5844758421876268	False
LOW_TIER_FULL_99	3	1.178424073127145	True	R_CG302-CG312	-0.48104959748428744	0.48104959748428744	False
LOW_TIER_FULL_99	3	1.178424073127145	True	TH_OG2P1-SG3O1-OG2P1	0.06759904140126749	0.06759904140126749	False
LOW_TIER_FULL_99	3	1.178424073127145	True	TH_FGA2-CG312-FGA2	0.10254680004224143	0.10254680004224143	False
LOW_TIER_FULL_99	3	1.178424073127145	True	TH_CG312-CG312-SG3O1	-0.012305109496747263	0.012305109496747263	False
LOW_TIER_FULL_99	3	1.178424073127145	True	TH_FGA3-CG302-FGA3	-0.032256388277227266	0.032256388277227266	False
LOW_TIER_FULL_99	3	1.178424073127145	True	LAMBDA_CS	0.006297393353078291	0.006297393353078291	False
LOW_TIER_FULL_99	3	1.178424073127145	True	LAMBDA_CC	-0.0004991269608403005	0.0004991269608403005	False
LOW_TIER_FULL_99	4	1.1099054292312012	True	R_OG2P1-SG3O1	0.5932850295924326	0.5932850295924326	False
LOW_TIER_FULL_99	4	1.1099054292312012	True	R_CG312-SG3O1	-0.2867032996584021	0.2867032996584021	False
LOW_TIER_FULL_99	4	1.1099054292312012	True	R_CG312-CG312	-0.572271032762448	0.572271032762448	False
LOW_TIER_FULL_99	4	1.1099054292312012	True	R_CG302-CG312	-0.2223832671273574	0.2223832671273574	False
LOW_TIER_FULL_99	4	1.1099054292312012	True	TH_OG2P1-SG3O1-OG2P1	-0.07033361861115964	0.07033361861115964	False
LOW_TIER_FULL_99	4	1.1099054292312012	True	TH_FGA2-CG312-FGA2	-0.4078505571957761	0.4078505571957761	False
LOW_TIER_FULL_99	4	1.1099054292312012	True	TH_CG312-CG312-SG3O1	0.12136832620195519	0.12136832620195519	False
LOW_TIER_FULL_99	4	1.1099054292312012	True	TH_FGA3-CG302-FGA3	-0.047363959124416696	0.047363959124416696	False
LOW_TIER_FULL_99	4	1.1099054292312012	True	LAMBDA_CS	-0.023818572880241872	0.023818572880241872	False
LOW_TIER_FULL_99	4	1.1099054292312012	True	LAMBDA_CC	0.005983697381656088	0.005983697381656088	False
LOW_TIER_FULL_99	5	0.8318015343150981	True	R_OG2P1-SG3O1	-0.22334692932766656	0.22334692932766656	False
LOW_TIER_FULL_99	5	0.8318015343150981	True	R_CG312-SG3O1	-0.7252807292510527	0.7252807292510527	False
LOW_TIER_FULL_99	5	0.8318015343150981	True	R_CG312-CG312	-0.26797400208743966	0.26797400208743966	False
LOW_TIER_FULL_99	5	0.8318015343150981	True	R_CG302-CG312	-0.053881133117075285	0.053881133117075285	False
LOW_TIER_FULL_99	5	0.8318015343150981	True	TH_OG2P1-SG3O1-OG2P1	-0.04610009146475404	0.04610009146475404	False
LOW_TIER_FULL_99	5	0.8318015343150981	True	TH_FGA2-CG312-FGA2	0.5862779922753705	0.5862779922753705	False
LOW_TIER_FULL_99	5	0.8318015343150981	True	TH_CG312-CG312-SG3O1	-0.020016950844802317	0.020016950844802317	False
LOW_TIER_FULL_99	5	0.8318015343150981	True	TH_FGA3-CG302-FGA3	0.02663247872914043	0.02663247872914043	False
LOW_TIER_FULL_99	5	0.8318015343150981	True	LAMBDA_CS	0.04805474960368533	0.04805474960368533	False
LOW_TIER_FULL_99	5	0.8318015343150981	True	LAMBDA_CC	-0.010219675771406547	0.010219675771406547	False
LOW_TIER_FULL_99	6	0.4168806557580443	True	R_OG2P1-SG3O1	0.006003581848092087	0.006003581848092087	False
LOW_TIER_FULL_99	6	0.4168806557580443	True	R_CG312-SG3O1	-0.0018211268223924625	0.0018211268223924625	False
LOW_TIER_FULL_99	6	0.4168806557580443	True	R_CG312-CG312	0.011902235348356811	0.011902235348356811	False
LOW_TIER_FULL_99	6	0.4168806557580443	True	R_CG302-CG312	0.06610338615591721	0.06610338615591721	False
LOW_TIER_FULL_99	6	0.4168806557580443	True	TH_OG2P1-SG3O1-OG2P1	0.056840344527724046	0.056840344527724046	False
LOW_TIER_FULL_99	6	0.4168806557580443	True	TH_FGA2-CG312-FGA2	0.06130687871825401	0.06130687871825401	False
LOW_TIER_FULL_99	6	0.4168806557580443	True	TH_CG312-CG312-SG3O1	-0.006229661539235072	0.006229661539235072	False
LOW_TIER_FULL_99	6	0.4168806557580443	True	TH_FGA3-CG302-FGA3	-0.994183012261263	0.994183012261263	False
LOW_TIER_FULL_99	6	0.4168806557580443	True	LAMBDA_CS	-0.0044143354948848815	0.0044143354948848815	False
LOW_TIER_FULL_99	6	0.4168806557580443	True	LAMBDA_CC	-0.0013433468220168424	0.0013433468220168424	False
LOW_TIER_FULL_99	7	0.3791548174956153	True	R_OG2P1-SG3O1	0.07652904387217288	0.07652904387217288	False
LOW_TIER_FULL_99	7	0.3791548174956153	True	R_CG312-SG3O1	-0.07373588670218728	0.07373588670218728	False
LOW_TIER_FULL_99	7	0.3791548174956153	True	R_CG312-CG312	0.0017358371253504371	0.0017358371253504371	False
LOW_TIER_FULL_99	7	0.3791548174956153	True	R_CG302-CG312	-0.007510582221998062	0.007510582221998062	False
LOW_TIER_FULL_99	7	0.3791548174956153	True	TH_OG2P1-SG3O1-OG2P1	0.9879331377600478	0.9879331377600478	False
LOW_TIER_FULL_99	7	0.3791548174956153	True	TH_FGA2-CG312-FGA2	0.015351958182624081	0.015351958182624081	False
LOW_TIER_FULL_99	7	0.3791548174956153	True	TH_CG312-CG312-SG3O1	0.09492779332138208	0.09492779332138208	False
LOW_TIER_FULL_99	7	0.3791548174956153	True	TH_FGA3-CG302-FGA3	0.056903585113367475	0.056903585113367475	False
LOW_TIER_FULL_99	7	0.3791548174956153	True	LAMBDA_CS	0.011994344344670158	0.011994344344670158	False
LOW_TIER_FULL_99	7	0.3791548174956153	True	LAMBDA_CC	-0.0024833316490760725	0.0024833316490760725	False
LOW_TIER_FULL_99	8	0.18323177053601225	True	R_OG2P1-SG3O1	-0.0046809221955852	0.0046809221955852	False
LOW_TIER_FULL_99	8	0.18323177053601225	True	R_CG312-SG3O1	-0.08683029791067037	0.08683029791067037	False
LOW_TIER_FULL_99	8	0.18323177053601225	True	R_CG312-CG312	-0.059111950900873705	0.059111950900873705	False
LOW_TIER_FULL_99	8	0.18323177053601225	True	R_CG302-CG312	-0.005591161188443494	0.005591161188443494	False
LOW_TIER_FULL_99	8	0.18323177053601225	True	TH_OG2P1-SG3O1-OG2P1	0.0891648806595238	0.0891648806595238	False
LOW_TIER_FULL_99	8	0.18323177053601225	True	TH_FGA2-CG312-FGA2	-0.16910603137323518	0.16910603137323518	False
LOW_TIER_FULL_99	8	0.18323177053601225	True	TH_CG312-CG312-SG3O1	-0.9728934170223085	0.9728934170223085	False
LOW_TIER_FULL_99	8	0.18323177053601225	True	TH_FGA3-CG302-FGA3	-0.0004380202737247884	0.0004380202737247884	False
LOW_TIER_FULL_99	8	0.18323177053601225	True	LAMBDA_CS	0.06809720379404473	0.06809720379404473	False
LOW_TIER_FULL_99	8	0.18323177053601225	True	LAMBDA_CC	-0.03473984467289011	0.03473984467289011	False
LOW_TIER_FULL_99	9	0.06532486030409705	False	R_OG2P1-SG3O1	-0.0013713107441626988	0.0013713107441626988	False
LOW_TIER_FULL_99	9	0.06532486030409705	False	R_CG312-SG3O1	0.01578820094737703	0.01578820094737703	False
LOW_TIER_FULL_99	9	0.06532486030409705	False	R_CG312-CG312	0.007619921143621831	0.007619921143621831	False
LOW_TIER_FULL_99	9	0.06532486030409705	False	R_CG302-CG312	0.004259862765676425	0.004259862765676425	False
LOW_TIER_FULL_99	9	0.06532486030409705	False	TH_OG2P1-SG3O1-OG2P1	-0.016962774323622386	0.016962774323622386	False
LOW_TIER_FULL_99	9	0.06532486030409705	False	TH_FGA2-CG312-FGA2	-0.05771169189895664	0.05771169189895664	False
LOW_TIER_FULL_99	9	0.06532486030409705	False	TH_CG312-CG312-SG3O1	0.07796175835472367	0.07796175835472367	False
LOW_TIER_FULL_99	9	0.06532486030409705	False	TH_FGA3-CG302-FGA3	-0.009022773440324884	0.009022773440324884	False
LOW_TIER_FULL_99	9	0.06532486030409705	False	LAMBDA_CS	0.9936242767327216	0.9936242767327216	True
LOW_TIER_FULL_99	9	0.06532486030409705	False	LAMBDA_CC	-0.05104525418818697	0.05104525418818697	False
LOW_TIER_FULL_99	10	0.01146564622642828	False	R_OG2P1-SG3O1	-0.0003657741655404029	0.0003657741655404029	False
LOW_TIER_FULL_99	10	0.01146564622642828	False	R_CG312-SG3O1	0.003991245912666497	0.003991245912666497	False
LOW_TIER_FULL_99	10	0.01146564622642828	False	R_CG312-CG312	0.0017341468665717404	0.0017341468665717404	False
LOW_TIER_FULL_99	10	0.01146564622642828	False	R_CG302-CG312	-0.0005201183439152473	0.0005201183439152473	False
LOW_TIER_FULL_99	10	0.01146564622642828	False	TH_OG2P1-SG3O1-OG2P1	-0.004552127516518979	0.004552127516518979	False
LOW_TIER_FULL_99	10	0.01146564622642828	False	TH_FGA2-CG312-FGA2	-0.0066929024795401365	0.0066929024795401365	False
LOW_TIER_FULL_99	10	0.01146564622642828	False	TH_CG312-CG312-SG3O1	0.03212169448248194	0.03212169448248194	False
LOW_TIER_FULL_99	10	0.01146564622642828	False	TH_FGA3-CG302-FGA3	0.0006920615721640361	0.0006920615721640361	False
LOW_TIER_FULL_99	10	0.01146564622642828	False	LAMBDA_CS	-0.05432367941359239	0.05432367941359239	False
LOW_TIER_FULL_99	10	0.01146564622642828	False	LAMBDA_CC	-0.9979638256057553	0.9979638256057553	True
GEOMETRY_ONLY_92	1	1.2725104806941572	True	R_OG2P1-SG3O1	-0.05339705518923971	0.05339705518923971	False
GEOMETRY_ONLY_92	1	1.2725104806941572	True	R_CG312-SG3O1	0.16103640807775937	0.16103640807775937	False
GEOMETRY_ONLY_92	1	1.2725104806941572	True	R_CG312-CG312	-0.5064801519220341	0.5064801519220341	False
GEOMETRY_ONLY_92	1	1.2725104806941572	True	R_CG302-CG312	0.8434219793913118	0.8434219793913118	False
GEOMETRY_ONLY_92	1	1.2725104806941572	True	TH_OG2P1-SG3O1-OG2P1	0.018344734472176966	0.018344734472176966	False
GEOMETRY_ONLY_92	1	1.2725104806941572	True	TH_FGA2-CG312-FGA2	0.011120427897053088	0.011120427897053088	False
GEOMETRY_ONLY_92	1	1.2725104806941572	True	TH_CG312-CG312-SG3O1	0.01235566527444398	0.01235566527444398	False
GEOMETRY_ONLY_92	1	1.2725104806941572	True	TH_FGA3-CG302-FGA3	0.052124002530686345	0.052124002530686345	False
GEOMETRY_ONLY_92	1	1.2725104806941572	True	LAMBDA_CS	-0.0018621300356040577	0.0018621300356040577	False
GEOMETRY_ONLY_92	1	1.2725104806941572	True	LAMBDA_CC	-0.00012380336762154485	0.00012380336762154485	False
GEOMETRY_ONLY_92	2	1.1888844029406584	True	R_OG2P1-SG3O1	0.8680642765545408	0.8680642765545408	False
GEOMETRY_ONLY_92	2	1.1888844029406584	True	R_CG312-SG3O1	-0.27612655882373993	0.27612655882373993	False
GEOMETRY_ONLY_92	2	1.1888844029406584	True	R_CG312-CG312	0.28793755556920986	0.28793755556920986	False
GEOMETRY_ONLY_92	2	1.1888844029406584	True	R_CG302-CG312	0.2811887549762092	0.2811887549762092	False
GEOMETRY_ONLY_92	2	1.1888844029406584	True	TH_OG2P1-SG3O1-OG2P1	-0.08786975866477648	0.08786975866477648	False
GEOMETRY_ONLY_92	2	1.1888844029406584	True	TH_FGA2-CG312-FGA2	-0.004418526344884537	0.004418526344884537	False
GEOMETRY_ONLY_92	2	1.1888844029406584	True	TH_CG312-CG312-SG3O1	-0.001085992922049452	0.001085992922049452	False
GEOMETRY_ONLY_92	2	1.1888844029406584	True	TH_FGA3-CG302-FGA3	0.02238994198711682	0.02238994198711682	False
GEOMETRY_ONLY_92	2	1.1888844029406584	True	LAMBDA_CS	0.00012317697599932011	0.00012317697599932011	False
GEOMETRY_ONLY_92	2	1.1888844029406584	True	LAMBDA_CC	-0.0005114015165110709	0.0005114015165110709	False
GEOMETRY_ONLY_92	3	1.159764463857916	True	R_OG2P1-SG3O1	0.4697566475500943	0.4697566475500943	False
GEOMETRY_ONLY_92	3	1.159764463857916	True	R_CG312-SG3O1	0.2943049599273777	0.2943049599273777	False
GEOMETRY_ONLY_92	3	1.159764463857916	True	R_CG312-CG312	-0.7015699678944507	0.7015699678944507	False
GEOMETRY_ONLY_92	3	1.159764463857916	True	R_CG302-CG312	-0.4453171773883966	0.4453171773883966	False
GEOMETRY_ONLY_92	3	1.159764463857916	True	TH_OG2P1-SG3O1-OG2P1	-0.01765668544967211	0.01765668544967211	False
GEOMETRY_ONLY_92	3	1.159764463857916	True	TH_FGA2-CG312-FGA2	-0.00476448531176765	0.00476448531176765	False
GEOMETRY_ONLY_92	3	1.159764463857916	True	TH_CG312-CG312-SG3O1	0.021867624450021238	0.021867624450021238	False
GEOMETRY_ONLY_92	3	1.159764463857916	True	TH_FGA3-CG302-FGA3	-0.0373050971066761	0.0373050971066761	False
GEOMETRY_ONLY_92	3	1.159764463857916	True	LAMBDA_CS	-8.806436381823184e-05	8.806436381823184e-05	False
GEOMETRY_ONLY_92	3	1.159764463857916	True	LAMBDA_CC	0.0010697804162582867	0.0010697804162582867	False
GEOMETRY_ONLY_92	4	0.9452072468812127	True	R_OG2P1-SG3O1	0.12962611385262704	0.12962611385262704	False
GEOMETRY_ONLY_92	4	0.9452072468812127	True	R_CG312-SG3O1	0.8881400817807595	0.8881400817807595	False
GEOMETRY_ONLY_92	4	0.9452072468812127	True	R_CG312-CG312	0.40325420597936085	0.40325420597936085	False
GEOMETRY_ONLY_92	4	0.9452072468812127	True	R_CG302-CG312	0.07841199815789503	0.07841199815789503	False
GEOMETRY_ONLY_92	4	0.9452072468812127	True	TH_OG2P1-SG3O1-OG2P1	0.06226189626062728	0.06226189626062728	False
GEOMETRY_ONLY_92	4	0.9452072468812127	True	TH_FGA2-CG312-FGA2	0.10666654214229725	0.10666654214229725	False
GEOMETRY_ONLY_92	4	0.9452072468812127	True	TH_CG312-CG312-SG3O1	-0.10028450825717937	0.10028450825717937	False
GEOMETRY_ONLY_92	4	0.9452072468812127	True	TH_FGA3-CG302-FGA3	0.017371321241102265	0.017371321241102265	False
GEOMETRY_ONLY_92	4	0.9452072468812127	True	LAMBDA_CS	-0.005340647654506068	0.005340647654506068	False
GEOMETRY_ONLY_92	4	0.9452072468812127	True	LAMBDA_CC	0.0005538887916601972	0.0005538887916601972	False
GEOMETRY_ONLY_92	5	0.4537790844708569	True	R_OG2P1-SG3O1	0.013258840176907281	0.013258840176907281	False
GEOMETRY_ONLY_92	5	0.4537790844708569	True	R_CG312-SG3O1	0.08870267173031465	0.08870267173031465	False
GEOMETRY_ONLY_92	5	0.4537790844708569	True	R_CG312-CG312	0.0376630215908372	0.0376630215908372	False
GEOMETRY_ONLY_92	5	0.4537790844708569	True	R_CG302-CG312	0.014143020845098732	0.014143020845098732	False
GEOMETRY_ONLY_92	5	0.4537790844708569	True	TH_OG2P1-SG3O1-OG2P1	0.08673424371182319	0.08673424371182319	False
GEOMETRY_ONLY_92	5	0.4537790844708569	True	TH_FGA2-CG312-FGA2	-0.9891545517952598	0.9891545517952598	False
GEOMETRY_ONLY_92	5	0.4537790844708569	True	TH_CG312-CG312-SG3O1	-0.02192090753327618	0.02192090753327618	False
GEOMETRY_ONLY_92	5	0.4537790844708569	True	TH_FGA3-CG302-FGA3	0.0621280854510161	0.0621280854510161	False
GEOMETRY_ONLY_92	5	0.4537790844708569	True	LAMBDA_CS	-0.006513706960833658	0.006513706960833658	False
GEOMETRY_ONLY_92	5	0.4537790844708569	True	LAMBDA_CC	0.0022585425134894724	0.0022585425134894724	False
GEOMETRY_ONLY_92	6	0.41495907754456485	True	R_OG2P1-SG3O1	0.006111989834328761	0.006111989834328761	False
GEOMETRY_ONLY_92	6	0.41495907754456485	True	R_CG312-SG3O1	0.006979071659021903	0.006979071659021903	False
GEOMETRY_ONLY_92	6	0.41495907754456485	True	R_CG312-CG312	0.014661533864350457	0.014661533864350457	False
GEOMETRY_ONLY_92	6	0.41495907754456485	True	R_CG302-CG312	0.06896913907104138	0.06896913907104138	False
GEOMETRY_ONLY_92	6	0.41495907754456485	True	TH_OG2P1-SG3O1-OG2P1	0.056770529029517264	0.056770529029517264	False
GEOMETRY_ONLY_92	6	0.41495907754456485	True	TH_FGA2-CG312-FGA2	-0.05491475668159969	0.05491475668159969	False
GEOMETRY_ONLY_92	6	0.41495907754456485	True	TH_CG312-CG312-SG3O1	-0.012595193083545156	0.012595193083545156	False
GEOMETRY_ONLY_92	6	0.41495907754456485	True	TH_FGA3-CG302-FGA3	-0.994248442719269	0.994248442719269	False
GEOMETRY_ONLY_92	6	0.41495907754456485	True	LAMBDA_CS	-0.0038463053927744453	0.0038463053927744453	False
GEOMETRY_ONLY_92	6	0.41495907754456485	True	LAMBDA_CC	-0.00055780661380283	0.00055780661380283	False
GEOMETRY_ONLY_92	7	0.3770099297541357	True	R_OG2P1-SG3O1	0.07690169176609614	0.07690169176609614	False
GEOMETRY_ONLY_92	7	0.3770099297541357	True	R_CG312-SG3O1	-0.07788548681375707	0.07788548681375707	False
GEOMETRY_ONLY_92	7	0.3770099297541357	True	R_CG312-CG312	-0.0008701305282181326	0.0008701305282181326	False
GEOMETRY_ONLY_92	7	0.3770099297541357	True	R_CG302-CG312	-0.007853151256845468	0.007853151256845468	False
GEOMETRY_ONLY_92	7	0.3770099297541357	True	TH_OG2P1-SG3O1-OG2P1	0.9837896407011355	0.9837896407011355	False
GEOMETRY_ONLY_92	7	0.3770099297541357	True	TH_FGA2-CG312-FGA2	0.08092625124773581	0.08092625124773581	False
GEOMETRY_ONLY_92	7	0.3770099297541357	True	TH_CG312-CG312-SG3O1	0.10524116828495102	0.10524116828495102	False
GEOMETRY_ONLY_92	7	0.3770099297541357	True	TH_FGA3-CG302-FGA3	0.049722748666549646	0.049722748666549646	False
GEOMETRY_ONLY_92	7	0.3770099297541357	True	LAMBDA_CS	0.004244195534637134	0.004244195534637134	False
GEOMETRY_ONLY_92	7	0.3770099297541357	True	LAMBDA_CC	-0.0006065566280889329	0.0006065566280889329	False
GEOMETRY_ONLY_92	8	0.15984692602506678	True	R_OG2P1-SG3O1	-0.003437580364205682	0.003437580364205682	False
GEOMETRY_ONLY_92	8	0.15984692602506678	True	R_CG312-SG3O1	0.09152732878565065	0.09152732878565065	False
GEOMETRY_ONLY_92	8	0.15984692602506678	True	R_CG312-CG312	0.06416623689029442	0.06416623689029442	False
GEOMETRY_ONLY_92	8	0.15984692602506678	True	R_CG302-CG312	0.009605104584859223	0.009605104584859223	False
GEOMETRY_ONLY_92	8	0.15984692602506678	True	TH_OG2P1-SG3O1-OG2P1	-0.095641545664869	0.095641545664869	False
GEOMETRY_ONLY_92	8	0.15984692602506678	True	TH_FGA2-CG312-FGA2	-0.020383549032682677	0.020383549032682677	False
GEOMETRY_ONLY_92	8	0.15984692602506678	True	TH_CG312-CG312-SG3O1	0.9884468655323436	0.9884468655323436	False
GEOMETRY_ONLY_92	8	0.15984692602506678	True	TH_FGA3-CG302-FGA3	-0.014619396176824	0.014619396176824	False
GEOMETRY_ONLY_92	8	0.15984692602506678	True	LAMBDA_CS	-0.004431467597075499	0.004431467597075499	False
GEOMETRY_ONLY_92	8	0.15984692602506678	True	LAMBDA_CC	0.024041675839443243	0.024041675839443243	False
GEOMETRY_ONLY_92	9	0.016528245797633966	False	R_OG2P1-SG3O1	-0.00029726271749494227	0.00029726271749494227	False
GEOMETRY_ONLY_92	9	0.016528245797633966	False	R_CG312-SG3O1	-0.006899245987023166	0.006899245987023166	False
GEOMETRY_ONLY_92	9	0.016528245797633966	False	R_CG312-CG312	-0.0018420335821458852	0.0018420335821458852	False
GEOMETRY_ONLY_92	9	0.016528245797633966	False	R_CG302-CG312	-0.0022470115005057507	0.0022470115005057507	False
GEOMETRY_ONLY_92	9	0.016528245797633966	False	TH_OG2P1-SG3O1-OG2P1	0.0038221854866380828	0.0038221854866380828	False
GEOMETRY_ONLY_92	9	0.016528245797633966	False	TH_FGA2-CG312-FGA2	0.006843286973888844	0.006843286973888844	False
GEOMETRY_ONLY_92	9	0.016528245797633966	False	TH_CG312-CG312-SG3O1	-0.0069535378828001915	0.0069535378828001915	False
GEOMETRY_ONLY_92	9	0.016528245797633966	False	TH_FGA3-CG302-FGA3	0.003424796097955721	0.003424796097955721	False
GEOMETRY_ONLY_92	9	0.016528245797633966	False	LAMBDA_CS	-0.9871801327699556	0.9871801327699556	True
GEOMETRY_ONLY_92	9	0.016528245797633966	False	LAMBDA_CC	0.15905261632452639	0.15905261632452639	False
GEOMETRY_ONLY_92	10	0.008698469072210922	False	R_OG2P1-SG3O1	-1.3190049146937641e-05	1.3190049146937641e-05	False
GEOMETRY_ONLY_92	10	0.008698469072210922	False	R_CG312-SG3O1	0.0023048867266740073	0.0023048867266740073	False
GEOMETRY_ONLY_92	10	0.008698469072210922	False	R_CG312-CG312	0.0007248229252345444	0.0007248229252345444	False
GEOMETRY_ONLY_92	10	0.008698469072210922	False	R_CG302-CG312	-0.0008200975738951326	0.0008200975738951326	False
GEOMETRY_ONLY_92	10	0.008698469072210922	False	TH_OG2P1-SG3O1-OG2P1	-0.0020929533727729165	0.0020929533727729165	False
GEOMETRY_ONLY_92	10	0.008698469072210922	False	TH_FGA2-CG312-FGA2	-0.0016203542758346943	0.0016203542758346943	False
GEOMETRY_ONLY_92	10	0.008698469072210922	False	TH_CG312-CG312-SG3O1	0.02281570318552017	0.02281570318552017	False
GEOMETRY_ONLY_92	10	0.008698469072210922	False	TH_FGA3-CG302-FGA3	0.000820504021539715	0.000820504021539715	False
GEOMETRY_ONLY_92	10	0.008698469072210922	False	LAMBDA_CS	-0.15921211934525362	0.15921211934525362	False
GEOMETRY_ONLY_92	10	0.008698469072210922	False	LAMBDA_CC	-0.986973533033176	0.986973533033176	True
PES_ONLY_25	1	1.0911287998758012	True	R_OG2P1-SG3O1	-0.16061434109746822	0.16061434109746822	False
PES_ONLY_25	1	1.0911287998758012	True	R_CG312-SG3O1	-0.2987931174517333	0.2987931174517333	False
PES_ONLY_25	1	1.0911287998758012	True	R_CG312-CG312	-0.4030751531560388	0.4030751531560388	False
PES_ONLY_25	1	1.0911287998758012	True	R_CG302-CG312	-0.05345206761426606	0.05345206761426606	False
PES_ONLY_25	1	1.0911287998758012	True	TH_OG2P1-SG3O1-OG2P1	0.36113381361005903	0.36113381361005903	False
PES_ONLY_25	1	1.0911287998758012	True	TH_FGA2-CG312-FGA2	0.257143209885081	0.257143209885081	False
PES_ONLY_25	1	1.0911287998758012	True	TH_CG312-CG312-SG3O1	-0.010549224231066273	0.010549224231066273	False
PES_ONLY_25	1	1.0911287998758012	True	TH_FGA3-CG302-FGA3	0.01696000168707292	0.01696000168707292	False
PES_ONLY_25	1	1.0911287998758012	True	LAMBDA_CS	0.7227616693707611	0.7227616693707611	False
PES_ONLY_25	1	1.0911287998758012	True	LAMBDA_CC	-0.016594684390979157	0.016594684390979157	False
PES_ONLY_25	2	0.8625005848210769	True	R_OG2P1-SG3O1	-0.09388279646085092	0.09388279646085092	False
PES_ONLY_25	2	0.8625005848210769	True	R_CG312-SG3O1	-0.21530734774451465	0.21530734774451465	False
PES_ONLY_25	2	0.8625005848210769	True	R_CG312-CG312	0.8166669231836625	0.8166669231836625	False
PES_ONLY_25	2	0.8625005848210769	True	R_CG302-CG312	0.1936809721538049	0.1936809721538049	False
PES_ONLY_25	2	0.8625005848210769	True	TH_OG2P1-SG3O1-OG2P1	0.261768175384369	0.261768175384369	False
PES_ONLY_25	2	0.8625005848210769	True	TH_FGA2-CG312-FGA2	-0.21037018218084458	0.21037018218084458	False
PES_ONLY_25	2	0.8625005848210769	True	TH_CG312-CG312-SG3O1	0.09265199382959358	0.09265199382959358	False
PES_ONLY_25	2	0.8625005848210769	True	TH_FGA3-CG302-FGA3	-0.12609043498600586	0.12609043498600586	False
PES_ONLY_25	2	0.8625005848210769	True	LAMBDA_CS	0.30602537919346173	0.30602537919346173	False
PES_ONLY_25	2	0.8625005848210769	True	LAMBDA_CC	-0.09725569637956807	0.09725569637956807	False
PES_ONLY_25	3	0.3230111392413066	True	R_OG2P1-SG3O1	-0.5003692478073931	0.5003692478073931	False
PES_ONLY_25	3	0.3230111392413066	True	R_CG312-SG3O1	-0.397281714084099	0.397281714084099	False
PES_ONLY_25	3	0.3230111392413066	True	R_CG312-CG312	-0.14462546725156106	0.14462546725156106	False
PES_ONLY_25	3	0.3230111392413066	True	R_CG302-CG312	-0.013299557023707019	0.013299557023707019	False
PES_ONLY_25	3	0.3230111392413066	True	TH_OG2P1-SG3O1-OG2P1	-0.2787841712315455	0.2787841712315455	False
PES_ONLY_25	3	0.3230111392413066	True	TH_FGA2-CG312-FGA2	-0.10464764161110252	0.10464764161110252	False
PES_ONLY_25	3	0.3230111392413066	True	TH_CG312-CG312-SG3O1	0.6240402413829331	0.6240402413829331	False
PES_ONLY_25	3	0.3230111392413066	True	TH_FGA3-CG302-FGA3	-0.09828846250552822	0.09828846250552822	False
PES_ONLY_25	3	0.3230111392413066	True	LAMBDA_CS	-0.17439074631206325	0.17439074631206325	False
PES_ONLY_25	3	0.3230111392413066	True	LAMBDA_CC	-0.22920238078613359	0.22920238078613359	False
PES_ONLY_25	4	0.2783784681140945	True	R_OG2P1-SG3O1	0.19964742881761025	0.19964742881761025	False
PES_ONLY_25	4	0.2783784681140945	True	R_CG312-SG3O1	-0.0434161080247982	0.0434161080247982	False
PES_ONLY_25	4	0.2783784681140945	True	R_CG312-CG312	0.08948057647957613	0.08948057647957613	False
PES_ONLY_25	4	0.2783784681140945	True	R_CG302-CG312	0.4096510567657158	0.4096510567657158	False
PES_ONLY_25	4	0.2783784681140945	True	TH_OG2P1-SG3O1-OG2P1	0.03517111860745245	0.03517111860745245	False
PES_ONLY_25	4	0.2783784681140945	True	TH_FGA2-CG312-FGA2	0.7795747767322697	0.7795747767322697	False
PES_ONLY_25	4	0.2783784681140945	True	TH_CG312-CG312-SG3O1	0.14130902437662218	0.14130902437662218	False
PES_ONLY_25	4	0.2783784681140945	True	TH_FGA3-CG302-FGA3	-0.28825781933286565	0.28825781933286565	False
PES_ONLY_25	4	0.2783784681140945	True	LAMBDA_CS	-0.1838789592119483	0.1838789592119483	False
PES_ONLY_25	4	0.2783784681140945	True	LAMBDA_CC	-0.19128267390216747	0.19128267390216747	False
PES_ONLY_25	5	0.2576456745797783	True	R_OG2P1-SG3O1	0.24980202938398136	0.24980202938398136	False
PES_ONLY_25	5	0.2576456745797783	True	R_CG312-SG3O1	-0.2769856086712018	0.2769856086712018	False
PES_ONLY_25	5	0.2576456745797783	True	R_CG312-CG312	-0.3504671705421708	0.3504671705421708	False
PES_ONLY_25	5	0.2576456745797783	True	R_CG302-CG312	0.4687908861157793	0.4687908861157793	False
PES_ONLY_25	5	0.2576456745797783	True	TH_OG2P1-SG3O1-OG2P1	0.3777064836830474	0.3777064836830474	False
PES_ONLY_25	5	0.2576456745797783	True	TH_FGA2-CG312-FGA2	-0.46724825822139177	0.46724825822139177	False
PES_ONLY_25	5	0.2576456745797783	True	TH_CG312-CG312-SG3O1	-0.09491837593238406	0.09491837593238406	False
PES_ONLY_25	5	0.2576456745797783	True	TH_FGA3-CG302-FGA3	-0.29473680154288145	0.29473680154288145	False
PES_ONLY_25	5	0.2576456745797783	True	LAMBDA_CS	-0.238297018698156	0.238297018698156	False
PES_ONLY_25	5	0.2576456745797783	True	LAMBDA_CC	-0.06810223308160508	0.06810223308160508	False
PES_ONLY_25	6	0.09345627314937169	True	R_OG2P1-SG3O1	-0.21879493187795618	0.21879493187795618	False
PES_ONLY_25	6	0.09345627314937169	True	R_CG312-SG3O1	0.37558508932969137	0.37558508932969137	False
PES_ONLY_25	6	0.09345627314937169	True	R_CG312-CG312	-0.09382375690322445	0.09382375690322445	False
PES_ONLY_25	6	0.09345627314937169	True	R_CG302-CG312	0.4534167009649301	0.4534167009649301	False
PES_ONLY_25	6	0.09345627314937169	True	TH_OG2P1-SG3O1-OG2P1	-0.44891347702189255	0.44891347702189255	False
PES_ONLY_25	6	0.09345627314937169	True	TH_FGA2-CG312-FGA2	-0.1296643798642635	0.1296643798642635	False
PES_ONLY_25	6	0.09345627314937169	True	TH_CG312-CG312-SG3O1	-0.04223025482724167	0.04223025482724167	False
PES_ONLY_25	6	0.09345627314937169	True	TH_FGA3-CG302-FGA3	-0.4203786976743488	0.4203786976743488	False
PES_ONLY_25	6	0.09345627314937169	True	LAMBDA_CS	0.37318935071692605	0.37318935071692605	False
PES_ONLY_25	6	0.09345627314937169	True	LAMBDA_CC	0.2461034736797237	0.2461034736797237	False
PES_ONLY_25	7	0.06099150272354207	True	R_OG2P1-SG3O1	-0.3430440798920767	0.3430440798920767	False
PES_ONLY_25	7	0.06099150272354207	True	R_CG312-SG3O1	-0.416218759319176	0.416218759319176	False
PES_ONLY_25	7	0.06099150272354207	True	R_CG312-CG312	0.08574931398945411	0.08574931398945411	False
PES_ONLY_25	7	0.06099150272354207	True	R_CG302-CG312	0.08868856380798994	0.08868856380798994	False
PES_ONLY_25	7	0.06099150272354207	True	TH_OG2P1-SG3O1-OG2P1	0.02461149480375637	0.02461149480375637	False
PES_ONLY_25	7	0.06099150272354207	True	TH_FGA2-CG312-FGA2	0.18047528579315994	0.18047528579315994	False
PES_ONLY_25	7	0.06099150272354207	True	TH_CG312-CG312-SG3O1	-0.2830330826880681	0.2830330826880681	False
PES_ONLY_25	7	0.06099150272354207	True	TH_FGA3-CG302-FGA3	0.019588781167954913	0.019588781167954913	False
PES_ONLY_25	7	0.06099150272354207	True	LAMBDA_CS	-0.2585657688796108	0.2585657688796108	False
PES_ONLY_25	7	0.06099150272354207	True	LAMBDA_CC	0.7164770337584868	0.7164770337584868	False
PES_ONLY_25	8	0.047630055734066694	True	R_OG2P1-SG3O1	0.3260377256959566	0.3260377256959566	False
PES_ONLY_25	8	0.047630055734066694	True	R_CG312-SG3O1	0.18040636129623822	0.18040636129623822	False
PES_ONLY_25	8	0.047630055734066694	True	R_CG312-CG312	-0.013821485292485062	0.013821485292485062	False
PES_ONLY_25	8	0.047630055734066694	True	R_CG302-CG312	-0.10565807880022211	0.10565807880022211	False
PES_ONLY_25	8	0.047630055734066694	True	TH_OG2P1-SG3O1-OG2P1	0.24427227239758298	0.24427227239758298	False
PES_ONLY_25	8	0.047630055734066694	True	TH_FGA2-CG312-FGA2	-0.02907900163052964	0.02907900163052964	False
PES_ONLY_25	8	0.047630055734066694	True	TH_CG312-CG312-SG3O1	0.6827316300235131	0.6827316300235131	False
PES_ONLY_25	8	0.047630055734066694	True	TH_FGA3-CG302-FGA3	-0.07133319332236278	0.07133319332236278	False
PES_ONLY_25	8	0.047630055734066694	True	LAMBDA_CS	0.044352711103857155	0.044352711103857155	False
PES_ONLY_25	8	0.047630055734066694	True	LAMBDA_CC	0.5622327682294196	0.5622327682294196	False
PES_ONLY_25	9	0.016892916632286547	True	R_OG2P1-SG3O1	-0.5265954955993125	0.5265954955993125	False
PES_ONLY_25	9	0.016892916632286547	True	R_CG312-SG3O1	0.45828188028728223	0.45828188028728223	False
PES_ONLY_25	9	0.016892916632286547	True	R_CG312-CG312	-0.02142275211785346	0.02142275211785346	False
PES_ONLY_25	9	0.016892916632286547	True	R_CG302-CG312	-0.20421741687533862	0.20421741687533862	False
PES_ONLY_25	9	0.016892916632286547	True	TH_OG2P1-SG3O1-OG2P1	0.5283216877091843	0.5283216877091843	False
PES_ONLY_25	9	0.016892916632286547	True	TH_FGA2-CG312-FGA2	0.048618879113209834	0.048618879113209834	False
PES_ONLY_25	9	0.016892916632286547	True	TH_CG312-CG312-SG3O1	-0.04543340633293444	0.04543340633293444	False
PES_ONLY_25	9	0.016892916632286547	True	TH_FGA3-CG302-FGA3	-0.3573764295335527	0.3573764295335527	False
PES_ONLY_25	9	0.016892916632286547	True	LAMBDA_CS	-0.2299993150768099	0.2299993150768099	False
PES_ONLY_25	9	0.016892916632286547	True	LAMBDA_CC	-0.07963555555313657	0.07963555555313657	False
PES_ONLY_25	10	0.00800534318535091	True	R_OG2P1-SG3O1	0.25220159112579776	0.25220159112579776	False
PES_ONLY_25	10	0.00800534318535091	True	R_CG312-SG3O1	-0.26656278968816777	0.26656278968816777	False
PES_ONLY_25	10	0.00800534318535091	True	R_CG312-CG312	0.045046759486005075	0.045046759486005075	False
PES_ONLY_25	10	0.00800534318535091	True	R_CG302-CG312	-0.5527694338750744	0.5527694338750744	False
PES_ONLY_25	10	0.00800534318535091	True	TH_OG2P1-SG3O1-OG2P1	-0.19626053398302262	0.19626053398302262	False
PES_ONLY_25	10	0.00800534318535091	True	TH_FGA2-CG312-FGA2	-0.004392710618421513	0.004392710618421513	False
PES_ONLY_25	10	0.00800534318535091	True	TH_CG312-CG312-SG3O1	-0.1510713977498021	0.1510713977498021	False
PES_ONLY_25	10	0.00800534318535091	True	TH_FGA3-CG302-FGA3	-0.7030521171535602	0.7030521171535602	False
PES_ONLY_25	10	0.00800534318535091	True	LAMBDA_CS	0.04428958313669443	0.04428958313669443	False
PES_ONLY_25	10	0.00800534318535091	True	LAMBDA_CC	0.012307399726744387	0.012307399726744387	False
A_BASIN_GEOMETRY_ONLY_46	1	0.8984227084569757	True	R_OG2P1-SG3O1	-0.04804469815205319	0.04804469815205319	False
A_BASIN_GEOMETRY_ONLY_46	1	0.8984227084569757	True	R_CG312-SG3O1	0.14240254509355402	0.14240254509355402	False
A_BASIN_GEOMETRY_ONLY_46	1	0.8984227084569757	True	R_CG312-CG312	-0.501388897625635	0.501388897625635	False
A_BASIN_GEOMETRY_ONLY_46	1	0.8984227084569757	True	R_CG302-CG312	0.8499235747251573	0.8499235747251573	False
A_BASIN_GEOMETRY_ONLY_46	1	0.8984227084569757	True	TH_OG2P1-SG3O1-OG2P1	0.022345347094005485	0.022345347094005485	False
A_BASIN_GEOMETRY_ONLY_46	1	0.8984227084569757	True	TH_FGA2-CG312-FGA2	0.011804749092431349	0.011804749092431349	False
A_BASIN_GEOMETRY_ONLY_46	1	0.8984227084569757	True	TH_CG312-CG312-SG3O1	0.013323366370740861	0.013323366370740861	False
A_BASIN_GEOMETRY_ONLY_46	1	0.8984227084569757	True	TH_FGA3-CG302-FGA3	0.05321612821893663	0.05321612821893663	False
A_BASIN_GEOMETRY_ONLY_46	1	0.8984227084569757	True	LAMBDA_CS	-0.0017070523751237555	0.0017070523751237555	False
A_BASIN_GEOMETRY_ONLY_46	1	0.8984227084569757	True	LAMBDA_CC	-0.001124070619334533	0.001124070619334533	False
A_BASIN_GEOMETRY_ONLY_46	2	0.8405924410874561	True	R_OG2P1-SG3O1	0.8832533131815119	0.8832533131815119	False
A_BASIN_GEOMETRY_ONLY_46	2	0.8405924410874561	True	R_CG312-SG3O1	-0.2648140384405068	0.2648140384405068	False
A_BASIN_GEOMETRY_ONLY_46	2	0.8405924410874561	True	R_CG312-CG312	0.2738825298300196	0.2738825298300196	False
A_BASIN_GEOMETRY_ONLY_46	2	0.8405924410874561	True	R_CG302-CG312	0.2570009354448716	0.2570009354448716	False
A_BASIN_GEOMETRY_ONLY_46	2	0.8405924410874561	True	TH_OG2P1-SG3O1-OG2P1	-0.09080820806611245	0.09080820806611245	False
A_BASIN_GEOMETRY_ONLY_46	2	0.8405924410874561	True	TH_FGA2-CG312-FGA2	-0.002593500334672881	0.002593500334672881	False
A_BASIN_GEOMETRY_ONLY_46	2	0.8405924410874561	True	TH_CG312-CG312-SG3O1	0.00014230395326896017	0.00014230395326896017	False
A_BASIN_GEOMETRY_ONLY_46	2	0.8405924410874561	True	TH_FGA3-CG302-FGA3	0.02056229050383269	0.02056229050383269	False
A_BASIN_GEOMETRY_ONLY_46	2	0.8405924410874561	True	LAMBDA_CS	0.00032215026392230415	0.00032215026392230415	False
A_BASIN_GEOMETRY_ONLY_46	2	0.8405924410874561	True	LAMBDA_CC	-0.0004473420904221176	0.0004473420904221176	False
A_BASIN_GEOMETRY_ONLY_46	3	0.8200375847487033	True	R_OG2P1-SG3O1	0.44155885007480383	0.44155885007480383	False
A_BASIN_GEOMETRY_ONLY_46	3	0.8200375847487033	True	R_CG312-SG3O1	0.2993509766614453	0.2993509766614453	False
A_BASIN_GEOMETRY_ONLY_46	3	0.8200375847487033	True	R_CG312-CG312	-0.7173233535785545	0.7173233535785545	False
A_BASIN_GEOMETRY_ONLY_46	3	0.8200375847487033	True	R_CG302-CG312	-0.4459213452888256	0.4459213452888256	False
A_BASIN_GEOMETRY_ONLY_46	3	0.8200375847487033	True	TH_OG2P1-SG3O1-OG2P1	-0.011916991992615755	0.011916991992615755	False
A_BASIN_GEOMETRY_ONLY_46	3	0.8200375847487033	True	TH_FGA2-CG312-FGA2	-0.006586895776823636	0.006586895776823636	False
A_BASIN_GEOMETRY_ONLY_46	3	0.8200375847487033	True	TH_CG312-CG312-SG3O1	0.02040502190080932	0.02040502190080932	False
A_BASIN_GEOMETRY_ONLY_46	3	0.8200375847487033	True	TH_FGA3-CG302-FGA3	-0.03759436945590047	0.03759436945590047	False
A_BASIN_GEOMETRY_ONLY_46	3	0.8200375847487033	True	LAMBDA_CS	-0.0006098866688735113	0.0006098866688735113	False
A_BASIN_GEOMETRY_ONLY_46	3	0.8200375847487033	True	LAMBDA_CC	0.0008121143031669658	0.0008121143031669658	False
A_BASIN_GEOMETRY_ONLY_46	4	0.6688557465820355	True	R_OG2P1-SG3O1	0.12788650601079896	0.12788650601079896	False
A_BASIN_GEOMETRY_ONLY_46	4	0.6688557465820355	True	R_CG312-SG3O1	0.8933771450146083	0.8933771450146083	False
A_BASIN_GEOMETRY_ONLY_46	4	0.6688557465820355	True	R_CG312-CG312	0.39230135077069483	0.39230135077069483	False
A_BASIN_GEOMETRY_ONLY_46	4	0.6688557465820355	True	R_CG302-CG312	0.08593810434081643	0.08593810434081643	False
A_BASIN_GEOMETRY_ONLY_46	4	0.6688557465820355	True	TH_OG2P1-SG3O1-OG2P1	0.06674001582853073	0.06674001582853073	False
A_BASIN_GEOMETRY_ONLY_46	4	0.6688557465820355	True	TH_FGA2-CG312-FGA2	0.10216260061282376	0.10216260061282376	False
A_BASIN_GEOMETRY_ONLY_46	4	0.6688557465820355	True	TH_CG312-CG312-SG3O1	-0.09401332275295429	0.09401332275295429	False
A_BASIN_GEOMETRY_ONLY_46	4	0.6688557465820355	True	TH_FGA3-CG302-FGA3	0.02108626083334651	0.02108626083334651	False
A_BASIN_GEOMETRY_ONLY_46	4	0.6688557465820355	True	LAMBDA_CS	-0.007864411824701645	0.007864411824701645	False
A_BASIN_GEOMETRY_ONLY_46	4	0.6688557465820355	True	LAMBDA_CC	0.00044704652297942603	0.00044704652297942603	False
A_BASIN_GEOMETRY_ONLY_46	5	0.3230386203207959	True	R_OG2P1-SG3O1	0.010508296356584597	0.010508296356584597	False
A_BASIN_GEOMETRY_ONLY_46	5	0.3230386203207959	True	R_CG312-SG3O1	0.08451135299097005	0.08451135299097005	False
A_BASIN_GEOMETRY_ONLY_46	5	0.3230386203207959	True	R_CG312-CG312	0.035164103326258585	0.035164103326258585	False
A_BASIN_GEOMETRY_ONLY_46	5	0.3230386203207959	True	R_CG302-CG312	0.01613684072350545	0.01613684072350545	False
A_BASIN_GEOMETRY_ONLY_46	5	0.3230386203207959	True	TH_OG2P1-SG3O1-OG2P1	0.050769847337460206	0.050769847337460206	False
A_BASIN_GEOMETRY_ONLY_46	5	0.3230386203207959	True	TH_FGA2-CG312-FGA2	-0.9909562871067006	0.9909562871067006	False
A_BASIN_GEOMETRY_ONLY_46	5	0.3230386203207959	True	TH_CG312-CG312-SG3O1	-0.046154265134923815	0.046154265134923815	False
A_BASIN_GEOMETRY_ONLY_46	5	0.3230386203207959	True	TH_FGA3-CG302-FGA3	0.06660336877063419	0.06660336877063419	False
A_BASIN_GEOMETRY_ONLY_46	5	0.3230386203207959	True	LAMBDA_CS	-0.010380850940812253	0.010380850940812253	False
A_BASIN_GEOMETRY_ONLY_46	5	0.3230386203207959	True	LAMBDA_CC	-0.0021372386573948006	0.0021372386573948006	False
A_BASIN_GEOMETRY_ONLY_46	6	0.2931668098326436	True	R_OG2P1-SG3O1	0.00955475718302126	0.00955475718302126	False
A_BASIN_GEOMETRY_ONLY_46	6	0.2931668098326436	True	R_CG312-SG3O1	0.0070281384514064155	0.0070281384514064155	False
A_BASIN_GEOMETRY_ONLY_46	6	0.2931668098326436	True	R_CG312-CG312	0.01634067883949093	0.01634067883949093	False
A_BASIN_GEOMETRY_ONLY_46	6	0.2931668098326436	True	R_CG302-CG312	0.06945359690050876	0.06945359690050876	False
A_BASIN_GEOMETRY_ONLY_46	6	0.2931668098326436	True	TH_OG2P1-SG3O1-OG2P1	0.09555649263379835	0.09555649263379835	False
A_BASIN_GEOMETRY_ONLY_46	6	0.2931668098326436	True	TH_FGA2-CG312-FGA2	-0.05894226582754226	0.05894226582754226	False
A_BASIN_GEOMETRY_ONLY_46	6	0.2931668098326436	True	TH_CG312-CG312-SG3O1	-0.006718982780929946	0.006718982780929946	False
A_BASIN_GEOMETRY_ONLY_46	6	0.2931668098326436	True	TH_FGA3-CG302-FGA3	-0.9910093197972477	0.9910093197972477	False
A_BASIN_GEOMETRY_ONLY_46	6	0.2931668098326436	True	LAMBDA_CS	-0.0038468492613493066	0.0038468492613493066	False
A_BASIN_GEOMETRY_ONLY_46	6	0.2931668098326436	True	LAMBDA_CC	-0.001960379686655376	0.001960379686655376	False
A_BASIN_GEOMETRY_ONLY_46	7	0.2661277514093634	True	R_OG2P1-SG3O1	0.07747281836834448	0.07747281836834448	False
A_BASIN_GEOMETRY_ONLY_46	7	0.2661277514093634	True	R_CG312-SG3O1	-0.08038739235160841	0.08038739235160841	False
A_BASIN_GEOMETRY_ONLY_46	7	0.2661277514093634	True	R_CG312-CG312	0.004260178858420538	0.004260178858420538	False
A_BASIN_GEOMETRY_ONLY_46	7	0.2661277514093634	True	R_CG302-CG312	-0.013499990996100476	0.013499990996100476	False
A_BASIN_GEOMETRY_ONLY_46	7	0.2661277514093634	True	TH_OG2P1-SG3O1-OG2P1	0.9820285371682016	0.9820285371682016	False
A_BASIN_GEOMETRY_ONLY_46	7	0.2661277514093634	True	TH_FGA2-CG312-FGA2	0.04497009586217744	0.04497009586217744	False
A_BASIN_GEOMETRY_ONLY_46	7	0.2661277514093634	True	TH_CG312-CG312-SG3O1	0.11261628594751528	0.11261628594751528	False
A_BASIN_GEOMETRY_ONLY_46	7	0.2661277514093634	True	TH_FGA3-CG302-FGA3	0.09052401162805745	0.09052401162805745	False
A_BASIN_GEOMETRY_ONLY_46	7	0.2661277514093634	True	LAMBDA_CS	0.007485793597892112	0.007485793597892112	False
A_BASIN_GEOMETRY_ONLY_46	7	0.2661277514093634	True	LAMBDA_CC	0.00010817561006180426	0.00010817561006180426	False
A_BASIN_GEOMETRY_ONLY_46	8	0.11516228560706634	True	R_OG2P1-SG3O1	-0.004709241059404878	0.004709241059404878	False
A_BASIN_GEOMETRY_ONLY_46	8	0.11516228560706634	True	R_CG312-SG3O1	0.09002819196043127	0.09002819196043127	False
A_BASIN_GEOMETRY_ONLY_46	8	0.11516228560706634	True	R_CG312-CG312	0.060121402039402284	0.060121402039402284	False
A_BASIN_GEOMETRY_ONLY_46	8	0.11516228560706634	True	R_CG302-CG312	0.008660191516710663	0.008660191516710663	False
A_BASIN_GEOMETRY_ONLY_46	8	0.11516228560706634	True	TH_OG2P1-SG3O1-OG2P1	-0.10256045979689955	0.10256045979689955	False
A_BASIN_GEOMETRY_ONLY_46	8	0.11516228560706634	True	TH_FGA2-CG312-FGA2	-0.04207741580989655	0.04207741580989655	False
A_BASIN_GEOMETRY_ONLY_46	8	0.11516228560706634	True	TH_CG312-CG312-SG3O1	0.9876228686540867	0.9876228686540867	False
A_BASIN_GEOMETRY_ONLY_46	8	0.11516228560706634	True	TH_FGA3-CG302-FGA3	-0.011883085742003953	0.011883085742003953	False
A_BASIN_GEOMETRY_ONLY_46	8	0.11516228560706634	True	LAMBDA_CS	-0.010172397206231032	0.010172397206231032	False
A_BASIN_GEOMETRY_ONLY_46	8	0.11516228560706634	True	LAMBDA_CC	0.015823807553814767	0.015823807553814767	False
A_BASIN_GEOMETRY_ONLY_46	9	0.014834528000540307	False	R_OG2P1-SG3O1	-0.0004096571592685885	0.0004096571592685885	False
A_BASIN_GEOMETRY_ONLY_46	9	0.014834528000540307	False	R_CG312-SG3O1	-0.010119935641240207	0.010119935641240207	False
A_BASIN_GEOMETRY_ONLY_46	9	0.014834528000540307	False	R_CG312-CG312	-0.00283704310010099	0.00283704310010099	False
A_BASIN_GEOMETRY_ONLY_46	9	0.014834528000540307	False	R_CG302-CG312	-0.0020342300509842027	0.0020342300509842027	False
A_BASIN_GEOMETRY_ONLY_46	9	0.014834528000540307	False	TH_OG2P1-SG3O1-OG2P1	0.007136481086298475	0.007136481086298475	False
A_BASIN_GEOMETRY_ONLY_46	9	0.014834528000540307	False	TH_FGA2-CG312-FGA2	0.009873813779508142	0.009873813779508142	False
A_BASIN_GEOMETRY_ONLY_46	9	0.014834528000540307	False	TH_CG312-CG312-SG3O1	-0.011178189097693724	0.011178189097693724	False
A_BASIN_GEOMETRY_ONLY_46	9	0.014834528000540307	False	TH_FGA3-CG302-FGA3	0.0032787514649794225	0.0032787514649794225	False
A_BASIN_GEOMETRY_ONLY_46	9	0.014834528000540307	False	LAMBDA_CS	-0.9765881993875282	0.9765881993875282	True
A_BASIN_GEOMETRY_ONLY_46	9	0.014834528000540307	False	LAMBDA_CC	0.21418822869542095	0.21418822869542095	False
A_BASIN_GEOMETRY_ONLY_46	10	0.005935311485833994	False	R_OG2P1-SG3O1	-0.00012329195085171188	0.00012329195085171188	False
A_BASIN_GEOMETRY_ONLY_46	10	0.005935311485833994	False	R_CG312-SG3O1	-0.0003534466009801492	0.0003534466009801492	False
A_BASIN_GEOMETRY_ONLY_46	10	0.005935311485833994	False	R_CG312-CG312	0.0002773403122673885	0.0002773403122673885	False
A_BASIN_GEOMETRY_ONLY_46	10	0.005935311485833994	False	R_CG302-CG312	-0.0019094051763348665	0.0019094051763348665	False
A_BASIN_GEOMETRY_ONLY_46	10	0.005935311485833994	False	TH_OG2P1-SG3O1-OG2P1	-0.0002542208068401882	0.0002542208068401882	False
A_BASIN_GEOMETRY_ONLY_46	10	0.005935311485833994	False	TH_FGA2-CG312-FGA2	0.003804365400691331	0.003804365400691331	False
A_BASIN_GEOMETRY_ONLY_46	10	0.005935311485833994	False	TH_CG312-CG312-SG3O1	0.013635486933504068	0.013635486933504068	False
A_BASIN_GEOMETRY_ONLY_46	10	0.005935311485833994	False	TH_FGA3-CG302-FGA3	0.002287710677580541	0.002287710677580541	False
A_BASIN_GEOMETRY_ONLY_46	10	0.005935311485833994	False	LAMBDA_CS	-0.21430859755762863	0.21430859755762863	False
A_BASIN_GEOMETRY_ONLY_46	10	0.005935311485833994	False	LAMBDA_CC	-0.9766587245262915	0.9766587245262915	True
B_BASIN_GEOMETRY_ONLY_46	1	0.9013107123383943	True	R_OG2P1-SG3O1	-0.05866931271931103	0.05866931271931103	False
B_BASIN_GEOMETRY_ONLY_46	1	0.9013107123383943	True	R_CG312-SG3O1	0.17958329741903137	0.17958329741903137	False
B_BASIN_GEOMETRY_ONLY_46	1	0.9013107123383943	True	R_CG312-CG312	-0.5115045329029061	0.5115045329029061	False
B_BASIN_GEOMETRY_ONLY_46	1	0.9013107123383943	True	R_CG302-CG312	0.8364370784624728	0.8364370784624728	False
B_BASIN_GEOMETRY_ONLY_46	1	0.9013107123383943	True	TH_OG2P1-SG3O1-OG2P1	0.01421664109135698	0.01421664109135698	False
B_BASIN_GEOMETRY_ONLY_46	1	0.9013107123383943	True	TH_FGA2-CG312-FGA2	0.010577132897502565	0.010577132897502565	False
B_BASIN_GEOMETRY_ONLY_46	1	0.9013107123383943	True	TH_CG312-CG312-SG3O1	0.01138114999266325	0.01138114999266325	False
B_BASIN_GEOMETRY_ONLY_46	1	0.9013107123383943	True	TH_FGA3-CG302-FGA3	0.050948412802213267	0.050948412802213267	False
B_BASIN_GEOMETRY_ONLY_46	1	0.9013107123383943	True	LAMBDA_CS	-0.0019609447401624323	0.0019609447401624323	False
B_BASIN_GEOMETRY_ONLY_46	1	0.9013107123383943	True	LAMBDA_CC	0.0008788374981837056	0.0008788374981837056	False
B_BASIN_GEOMETRY_ONLY_46	2	0.8407767777424773	True	R_OG2P1-SG3O1	0.8520887617797192	0.8520887617797192	False
B_BASIN_GEOMETRY_ONLY_46	2	0.8407767777424773	True	R_CG312-SG3O1	-0.2866758288287945	0.2866758288287945	False
B_BASIN_GEOMETRY_ONLY_46	2	0.8407767777424773	True	R_CG312-CG312	0.30103111714288977	0.30103111714288977	False
B_BASIN_GEOMETRY_ONLY_46	2	0.8407767777424773	True	R_CG302-CG312	0.3054850532362179	0.3054850532362179	False
B_BASIN_GEOMETRY_ONLY_46	2	0.8407767777424773	True	TH_OG2P1-SG3O1-OG2P1	-0.08478221358016971	0.08478221358016971	False
B_BASIN_GEOMETRY_ONLY_46	2	0.8407767777424773	True	TH_FGA2-CG312-FGA2	-0.0063705064667157404	0.0063705064667157404	False
B_BASIN_GEOMETRY_ONLY_46	2	0.8407767777424773	True	TH_CG312-CG312-SG3O1	-0.002389777750521244	0.002389777750521244	False
B_BASIN_GEOMETRY_ONLY_46	2	0.8407767777424773	True	TH_FGA3-CG302-FGA3	0.024211846588421057	0.024211846588421057	False
B_BASIN_GEOMETRY_ONLY_46	2	0.8407767777424773	True	LAMBDA_CS	-0.00012396534285643928	0.00012396534285643928	False
B_BASIN_GEOMETRY_ONLY_46	2	0.8407767777424773	True	LAMBDA_CC	-0.0005594304925002929	0.0005594304925002929	False
B_BASIN_GEOMETRY_ONLY_46	3	0.8200800897210245	True	R_OG2P1-SG3O1	0.49720046596048184	0.49720046596048184	False
B_BASIN_GEOMETRY_ONLY_46	3	0.8200800897210245	True	R_CG312-SG3O1	0.2883882282935574	0.2883882282935574	False
B_BASIN_GEOMETRY_ONLY_46	3	0.8200800897210245	True	R_CG312-CG312	-0.6856213712110968	0.6856213712110968	False
B_BASIN_GEOMETRY_ONLY_46	3	0.8200800897210245	True	R_CG302-CG312	-0.4439520767436771	0.4439520767436771	False
B_BASIN_GEOMETRY_ONLY_46	3	0.8200800897210245	True	TH_OG2P1-SG3O1-OG2P1	-0.023130431497822207	0.023130431497822207	False
B_BASIN_GEOMETRY_ONLY_46	3	0.8200800897210245	True	TH_FGA2-CG312-FGA2	-0.003060191164558339	0.003060191164558339	False
B_BASIN_GEOMETRY_ONLY_46	3	0.8200800897210245	True	TH_CG312-CG312-SG3O1	0.023255875724209056	0.023255875724209056	False
B_BASIN_GEOMETRY_ONLY_46	3	0.8200800897210245	True	TH_FGA3-CG302-FGA3	-0.03696906377059921	0.03696906377059921	False
B_BASIN_GEOMETRY_ONLY_46	3	0.8200800897210245	True	LAMBDA_CS	0.0004397792245824773	0.0004397792245824773	False
B_BASIN_GEOMETRY_ONLY_46	3	0.8200800897210245	True	LAMBDA_CC	0.0013010976883536774	0.0013010976883536774	False
B_BASIN_GEOMETRY_ONLY_46	4	0.667814717366707	True	R_OG2P1-SG3O1	0.13130009702757472	0.13130009702757472	False
B_BASIN_GEOMETRY_ONLY_46	4	0.667814717366707	True	R_CG312-SG3O1	0.8827271973019755	0.8827271973019755	False
B_BASIN_GEOMETRY_ONLY_46	4	0.667814717366707	True	R_CG312-CG312	0.413769301606933	0.413769301606933	False
B_BASIN_GEOMETRY_ONLY_46	4	0.667814717366707	True	R_CG302-CG312	0.07093627084440066	0.07093627084440066	False
B_BASIN_GEOMETRY_ONLY_46	4	0.667814717366707	True	TH_OG2P1-SG3O1-OG2P1	0.05811157160514202	0.05811157160514202	False
B_BASIN_GEOMETRY_ONLY_46	4	0.667814717366707	True	TH_FGA2-CG312-FGA2	0.11125837694265407	0.11125837694265407	False
B_BASIN_GEOMETRY_ONLY_46	4	0.667814717366707	True	TH_CG312-CG312-SG3O1	-0.10661056680438497	0.10661056680438497	False
B_BASIN_GEOMETRY_ONLY_46	4	0.667814717366707	True	TH_FGA3-CG302-FGA3	0.01365524321109943	0.01365524321109943	False
B_BASIN_GEOMETRY_ONLY_46	4	0.667814717366707	True	LAMBDA_CS	-0.002823037432824091	0.002823037432824091	False
B_BASIN_GEOMETRY_ONLY_46	4	0.667814717366707	True	LAMBDA_CC	0.0006006947343235884	0.0006006947343235884	False
B_BASIN_GEOMETRY_ONLY_46	5	0.31892920645747325	True	R_OG2P1-SG3O1	-0.016155425963572743	0.016155425963572743	False
B_BASIN_GEOMETRY_ONLY_46	5	0.31892920645747325	True	R_CG312-SG3O1	-0.09313765544138755	0.09313765544138755	False
B_BASIN_GEOMETRY_ONLY_46	5	0.31892920645747325	True	R_CG312-CG312	-0.04001670173452207	0.04001670173452207	False
B_BASIN_GEOMETRY_ONLY_46	5	0.31892920645747325	True	R_CG302-CG312	-0.0122932983110588	0.0122932983110588	False
B_BASIN_GEOMETRY_ONLY_46	5	0.31892920645747325	True	TH_OG2P1-SG3O1-OG2P1	-0.12464168147512719	0.12464168147512719	False
B_BASIN_GEOMETRY_ONLY_46	5	0.31892920645747325	True	TH_FGA2-CG312-FGA2	0.9849926685475673	0.9849926685475673	False
B_BASIN_GEOMETRY_ONLY_46	5	0.31892920645747325	True	TH_CG312-CG312-SG3O1	-0.002256941497481736	0.002256941497481736	False
B_BASIN_GEOMETRY_ONLY_46	5	0.31892920645747325	True	TH_FGA3-CG302-FGA3	-0.05923225838533462	0.05923225838533462	False
B_BASIN_GEOMETRY_ONLY_46	5	0.31892920645747325	True	LAMBDA_CS	0.00255327696384727	0.00255327696384727	False
B_BASIN_GEOMETRY_ONLY_46	5	0.31892920645747325	True	LAMBDA_CC	-0.006763021124708715	0.006763021124708715	False
B_BASIN_GEOMETRY_ONLY_46	6	0.2937403551961283	True	R_OG2P1-SG3O1	-0.0027624984437905455	0.0027624984437905455	False
B_BASIN_GEOMETRY_ONLY_46	6	0.2937403551961283	True	R_CG312-SG3O1	-0.006820848892647821	0.006820848892647821	False
B_BASIN_GEOMETRY_ONLY_46	6	0.2937403551961283	True	R_CG312-CG312	-0.013412752019909175	0.013412752019909175	False
B_BASIN_GEOMETRY_ONLY_46	6	0.2937403551961283	True	R_CG302-CG312	-0.06820282022217068	0.06820282022217068	False
B_BASIN_GEOMETRY_ONLY_46	6	0.2937403551961283	True	TH_OG2P1-SG3O1-OG2P1	-0.01840656533105653	0.01840656533105653	False
B_BASIN_GEOMETRY_ONLY_46	6	0.2937403551961283	True	TH_FGA2-CG312-FGA2	0.05548452180422772	0.05548452180422772	False
B_BASIN_GEOMETRY_ONLY_46	6	0.2937403551961283	True	TH_CG312-CG312-SG3O1	0.01798094506654016	0.01798094506654016	False
B_BASIN_GEOMETRY_ONLY_46	6	0.2937403551961283	True	TH_FGA3-CG302-FGA3	0.9956700156648595	0.9956700156648595	False
B_BASIN_GEOMETRY_ONLY_46	6	0.2937403551961283	True	LAMBDA_CS	0.003769138938775544	0.003769138938775544	False
B_BASIN_GEOMETRY_ONLY_46	6	0.2937403551961283	True	LAMBDA_CC	-0.0008266345675033688	0.0008266345675033688	False
B_BASIN_GEOMETRY_ONLY_46	7	0.26664657014019616	True	R_OG2P1-SG3O1	-0.07603625458730771	0.07603625458730771	False
B_BASIN_GEOMETRY_ONLY_46	7	0.26664657014019616	True	R_CG312-SG3O1	0.07638865585858956	0.07638865585858956	False
B_BASIN_GEOMETRY_ONLY_46	7	0.26664657014019616	True	R_CG312-CG312	0.006464056724522788	0.006464056724522788	False
B_BASIN_GEOMETRY_ONLY_46	7	0.26664657014019616	True	R_CG302-CG312	0.0022742765686476814	0.0022742765686476814	False
B_BASIN_GEOMETRY_ONLY_46	7	0.26664657014019616	True	TH_OG2P1-SG3O1-OG2P1	-0.9823819045712114	0.9823819045712114	False
B_BASIN_GEOMETRY_ONLY_46	7	0.26664657014019616	True	TH_FGA2-CG312-FGA2	-0.11880665725448013	0.11880665725448013	False
B_BASIN_GEOMETRY_ONLY_46	7	0.26664657014019616	True	TH_CG312-CG312-SG3O1	-0.09517477140127241	0.09517477140127241	False
B_BASIN_GEOMETRY_ONLY_46	7	0.26664657014019616	True	TH_FGA3-CG302-FGA3	-0.009262143715116999	0.009262143715116999	False
B_BASIN_GEOMETRY_ONLY_46	7	0.26664657014019616	True	LAMBDA_CS	-0.0007635022510816807	0.0007635022510816807	False
B_BASIN_GEOMETRY_ONLY_46	7	0.26664657014019616	True	LAMBDA_CC	0.001571397813253727	0.001571397813253727	False
B_BASIN_GEOMETRY_ONLY_46	8	0.11028089101018797	False	R_OG2P1-SG3O1	-0.0021117617991441937	0.0021117617991441937	False
B_BASIN_GEOMETRY_ONLY_46	8	0.11028089101018797	False	R_CG312-SG3O1	0.09275115582201277	0.09275115582201277	False
B_BASIN_GEOMETRY_ONLY_46	8	0.11028089101018797	False	R_CG312-CG312	0.06809487412467949	0.06809487412467949	False
B_BASIN_GEOMETRY_ONLY_46	8	0.11028089101018797	False	R_CG302-CG312	0.010619474160991658	0.010619474160991658	False
B_BASIN_GEOMETRY_ONLY_46	8	0.11028089101018797	False	TH_OG2P1-SG3O1-OG2P1	-0.08796478027515027	0.08796478027515027	False
B_BASIN_GEOMETRY_ONLY_46	8	0.11028089101018797	False	TH_FGA2-CG312-FGA2	0.0019431115199603527	0.0019431115199603527	False
B_BASIN_GEOMETRY_ONLY_46	8	0.11028089101018797	False	TH_CG312-CG312-SG3O1	0.9887408664818397	0.9887408664818397	True
B_BASIN_GEOMETRY_ONLY_46	8	0.11028089101018797	False	TH_FGA3-CG302-FGA3	-0.017293240092364187	0.017293240092364187	False
B_BASIN_GEOMETRY_ONLY_46	8	0.11028089101018797	False	LAMBDA_CS	0.000901928495978462	0.000901928495978462	False
B_BASIN_GEOMETRY_ONLY_46	8	0.11028089101018797	False	LAMBDA_CC	0.03151395741374073	0.03151395741374073	False
B_BASIN_GEOMETRY_ONLY_46	9	0.006749690299702223	False	R_OG2P1-SG3O1	0.0001167683163681427	0.0001167683163681427	False
B_BASIN_GEOMETRY_ONLY_46	9	0.006749690299702223	False	R_CG312-SG3O1	0.002102826272552144	0.002102826272552144	False
B_BASIN_GEOMETRY_ONLY_46	9	0.006749690299702223	False	R_CG312-CG312	0.0004053362845765415	0.0004053362845765415	False
B_BASIN_GEOMETRY_ONLY_46	9	0.006749690299702223	False	R_CG302-CG312	0.0022436061893202418	0.0022436061893202418	False
B_BASIN_GEOMETRY_ONLY_46	9	0.006749690299702223	False	TH_OG2P1-SG3O1-OG2P1	0.00044952470933537297	0.00044952470933537297	False
B_BASIN_GEOMETRY_ONLY_46	9	0.006749690299702223	False	TH_FGA2-CG312-FGA2	-0.0013744780765444105	0.0013744780765444105	False
B_BASIN_GEOMETRY_ONLY_46	9	0.006749690299702223	False	TH_CG312-CG312-SG3O1	-0.006229450166977969	0.006229450166977969	False
B_BASIN_GEOMETRY_ONLY_46	9	0.006749690299702223	False	TH_FGA3-CG302-FGA3	-0.0032340526039715206	0.0032340526039715206	False
B_BASIN_GEOMETRY_ONLY_46	9	0.006749690299702223	False	LAMBDA_CS	0.9872567723834905	0.9872567723834905	True
B_BASIN_GEOMETRY_ONLY_46	9	0.006749690299702223	False	LAMBDA_CC	0.1589436233242746	0.1589436233242746	False
B_BASIN_GEOMETRY_ONLY_46	10	0.005453970039964182	False	R_OG2P1-SG3O1	0.00014350211853767457	0.00014350211853767457	False
B_BASIN_GEOMETRY_ONLY_46	10	0.005453970039964182	False	R_CG312-SG3O1	0.005306694759068481	0.005306694759068481	False
B_BASIN_GEOMETRY_ONLY_46	10	0.005453970039964182	False	R_CG312-CG312	0.001257447595626499	0.001257447595626499	False
B_BASIN_GEOMETRY_ONLY_46	10	0.005453970039964182	False	R_CG302-CG312	0.0008751299175058959	0.0008751299175058959	False
B_BASIN_GEOMETRY_ONLY_46	10	0.005453970039964182	False	TH_OG2P1-SG3O1-OG2P1	-0.003366048472115035	0.003366048472115035	False
B_BASIN_GEOMETRY_ONLY_46	10	0.005453970039964182	False	TH_FGA2-CG312-FGA2	-0.007069212438559779	0.007069212438559779	False
B_BASIN_GEOMETRY_ONLY_46	10	0.005453970039964182	False	TH_CG312-CG312-SG3O1	0.03039995550589335	0.03039995550589335	False
B_BASIN_GEOMETRY_ONLY_46	10	0.005453970039964182	False	TH_FGA3-CG302-FGA3	-0.0015248907039460034	0.0015248907039460034	False
B_BASIN_GEOMETRY_ONLY_46	10	0.005453970039964182	False	LAMBDA_CS	0.15902804696922462	0.15902804696922462	False
B_BASIN_GEOMETRY_ONLY_46	10	0.005453970039964182	False	LAMBDA_CC	-0.9867582100063647	0.9867582100063647	True
REMOVE_BONDS	1	1.310827444207194	True	R_OG2P1-SG3O1	0.16623518600900217	0.16623518600900217	False
REMOVE_BONDS	1	1.310827444207194	True	R_CG312-SG3O1	0.13589287900091618	0.13589287900091618	False
REMOVE_BONDS	1	1.310827444207194	True	R_CG312-CG312	-0.26982196576214346	0.26982196576214346	False
REMOVE_BONDS	1	1.310827444207194	True	R_CG302-CG312	-0.060921226773504124	0.060921226773504124	False
REMOVE_BONDS	1	1.310827444207194	True	TH_OG2P1-SG3O1-OG2P1	0.07949564988834301	0.07949564988834301	False
REMOVE_BONDS	1	1.310827444207194	True	TH_FGA2-CG312-FGA2	0.8832235242087878	0.8832235242087878	False
REMOVE_BONDS	1	1.310827444207194	True	TH_CG312-CG312-SG3O1	-0.16665869526276714	0.16665869526276714	False
REMOVE_BONDS	1	1.310827444207194	True	TH_FGA3-CG302-FGA3	0.07698544276613618	0.07698544276613618	False
REMOVE_BONDS	1	1.310827444207194	True	LAMBDA_CS	0.23932876707011144	0.23932876707011144	False
REMOVE_BONDS	1	1.310827444207194	True	LAMBDA_CC	0.00045757099115191317	0.00045757099115191317	False
REMOVE_BONDS	2	1.0800569537038107	True	R_OG2P1-SG3O1	0.28448808883672244	0.28448808883672244	False
REMOVE_BONDS	2	1.0800569537038107	True	R_CG312-SG3O1	0.41199965295156793	0.41199965295156793	False
REMOVE_BONDS	2	1.0800569537038107	True	R_CG312-CG312	0.26824754427273656	0.26824754427273656	False
REMOVE_BONDS	2	1.0800569537038107	True	R_CG302-CG312	0.015115150542942801	0.015115150542942801	False
REMOVE_BONDS	2	1.0800569537038107	True	TH_OG2P1-SG3O1-OG2P1	-0.43316418935915935	0.43316418935915935	False
REMOVE_BONDS	2	1.0800569537038107	True	TH_FGA2-CG312-FGA2	0.16452603457297799	0.16452603457297799	False
REMOVE_BONDS	2	1.0800569537038107	True	TH_CG312-CG312-SG3O1	-0.1032973923210927	0.1032973923210927	False
REMOVE_BONDS	2	1.0800569537038107	True	TH_FGA3-CG302-FGA3	0.032035883455829695	0.032035883455829695	False
REMOVE_BONDS	2	1.0800569537038107	True	LAMBDA_CS	-0.6708442202565883	0.6708442202565883	False
REMOVE_BONDS	2	1.0800569537038107	True	LAMBDA_CC	0.026626163021327965	0.026626163021327965	False
REMOVE_BONDS	3	0.8622090238127003	True	R_OG2P1-SG3O1	0.0335906697916998	0.0335906697916998	False
REMOVE_BONDS	3	0.8622090238127003	True	R_CG312-SG3O1	-0.032747374204256136	0.032747374204256136	False
REMOVE_BONDS	3	0.8622090238127003	True	R_CG312-CG312	0.8842809852868012	0.8842809852868012	False
REMOVE_BONDS	3	0.8622090238127003	True	R_CG302-CG312	0.18998487829648522	0.18998487829648522	False
REMOVE_BONDS	3	0.8622090238127003	True	TH_OG2P1-SG3O1-OG2P1	0.24491199431540991	0.24491199431540991	False
REMOVE_BONDS	3	0.8622090238127003	True	TH_FGA2-CG312-FGA2	0.19579456829836048	0.19579456829836048	False
REMOVE_BONDS	3	0.8622090238127003	True	TH_CG312-CG312-SG3O1	-0.04880333918536872	0.04880333918536872	False
REMOVE_BONDS	3	0.8622090238127003	True	TH_FGA3-CG302-FGA3	-0.1166186878790511	0.1166186878790511	False
REMOVE_BONDS	3	0.8622090238127003	True	LAMBDA_CS	0.24035335142174793	0.24035335142174793	False
REMOVE_BONDS	3	0.8622090238127003	True	LAMBDA_CC	-0.08765469589196519	0.08765469589196519	False
REMOVE_BONDS	4	0.4384085641229398	True	R_OG2P1-SG3O1	0.043396031503818974	0.043396031503818974	False
REMOVE_BONDS	4	0.4384085641229398	True	R_CG312-SG3O1	0.14816545403271214	0.14816545403271214	False
REMOVE_BONDS	4	0.4384085641229398	True	R_CG312-CG312	0.118485940622643	0.118485940622643	False
REMOVE_BONDS	4	0.4384085641229398	True	R_CG302-CG312	-0.092775002048359	0.092775002048359	False
REMOVE_BONDS	4	0.4384085641229398	True	TH_OG2P1-SG3O1-OG2P1	0.06596060740829122	0.06596060740829122	False
REMOVE_BONDS	4	0.4384085641229398	True	TH_FGA2-CG312-FGA2	-0.17147403803409242	0.17147403803409242	False
REMOVE_BONDS	4	0.4384085641229398	True	TH_CG312-CG312-SG3O1	-0.2294403587366158	0.2294403587366158	False
REMOVE_BONDS	4	0.4384085641229398	True	TH_FGA3-CG302-FGA3	0.9146216157002075	0.9146216157002075	False
REMOVE_BONDS	4	0.4384085641229398	True	LAMBDA_CS	0.15245090577770012	0.15245090577770012	False
REMOVE_BONDS	4	0.4384085641229398	True	LAMBDA_CC	0.08571265545775927	0.08571265545775927	False
REMOVE_BONDS	5	0.3820622247586318	True	R_OG2P1-SG3O1	0.14533748062882187	0.14533748062882187	False
REMOVE_BONDS	5	0.3820622247586318	True	R_CG312-SG3O1	0.36395927466059613	0.36395927466059613	False
REMOVE_BONDS	5	0.3820622247586318	True	R_CG312-CG312	-0.13430970380951504	0.13430970380951504	False
REMOVE_BONDS	5	0.3820622247586318	True	R_CG302-CG312	0.02720587981650314	0.02720587981650314	False
REMOVE_BONDS	5	0.3820622247586318	True	TH_OG2P1-SG3O1-OG2P1	0.72905458259545	0.72905458259545	False
REMOVE_BONDS	5	0.3820622247586318	True	TH_FGA2-CG312-FGA2	-0.18287134758574794	0.18287134758574794	False
REMOVE_BONDS	5	0.3820622247586318	True	TH_CG312-CG312-SG3O1	-0.3936334023321506	0.3936334023321506	False
REMOVE_BONDS	5	0.3820622247586318	True	TH_FGA3-CG302-FGA3	-0.20438089333577425	0.20438089333577425	False
REMOVE_BONDS	5	0.3820622247586318	True	LAMBDA_CS	-0.22798981308974448	0.22798981308974448	False
REMOVE_BONDS	5	0.3820622247586318	True	LAMBDA_CC	0.11819785379924062	0.11819785379924062	False
REMOVE_BONDS	6	0.34740678562722355	True	R_OG2P1-SG3O1	0.3245602390692944	0.3245602390692944	False
REMOVE_BONDS	6	0.34740678562722355	True	R_CG312-SG3O1	0.12955976581793244	0.12955976581793244	False
REMOVE_BONDS	6	0.34740678562722355	True	R_CG312-CG312	0.006568380771928709	0.006568380771928709	False
REMOVE_BONDS	6	0.34740678562722355	True	R_CG302-CG312	-0.14042356643968376	0.14042356643968376	False
REMOVE_BONDS	6	0.34740678562722355	True	TH_OG2P1-SG3O1-OG2P1	-0.41725174859759173	0.41725174859759173	False
REMOVE_BONDS	6	0.34740678562722355	True	TH_FGA2-CG312-FGA2	-0.2573239292745859	0.2573239292745859	False
REMOVE_BONDS	6	0.34740678562722355	True	TH_CG312-CG312-SG3O1	-0.5188672429644527	0.5188672429644527	False
REMOVE_BONDS	6	0.34740678562722355	True	TH_FGA3-CG302-FGA3	-0.294606595608593	0.294606595608593	False
REMOVE_BONDS	6	0.34740678562722355	True	LAMBDA_CS	0.49408205293293556	0.49408205293293556	False
REMOVE_BONDS	6	0.34740678562722355	True	LAMBDA_CC	0.13290986925649545	0.13290986925649545	False
REMOVE_BONDS	7	0.2361445739656641	True	R_OG2P1-SG3O1	0.579264282018355	0.579264282018355	False
REMOVE_BONDS	7	0.2361445739656641	True	R_CG312-SG3O1	-0.33639940233938576	0.33639940233938576	False
REMOVE_BONDS	7	0.2361445739656641	True	R_CG312-CG312	-0.16330844482624485	0.16330844482624485	False
REMOVE_BONDS	7	0.2361445739656641	True	R_CG302-CG312	0.6992417817770981	0.6992417817770981	False
REMOVE_BONDS	7	0.2361445739656641	True	TH_OG2P1-SG3O1-OG2P1	0.012886166222103104	0.012886166222103104	False
REMOVE_BONDS	7	0.2361445739656641	True	TH_FGA2-CG312-FGA2	-0.06558165926360132	0.06558165926360132	False
REMOVE_BONDS	7	0.2361445739656641	True	TH_CG312-CG312-SG3O1	-0.01983295127832914	0.01983295127832914	False
REMOVE_BONDS	7	0.2361445739656641	True	TH_FGA3-CG302-FGA3	0.11793026512513377	0.11793026512513377	False
REMOVE_BONDS	7	0.2361445739656641	True	LAMBDA_CS	-0.031224721622408455	0.031224721622408455	False
REMOVE_BONDS	7	0.2361445739656641	True	LAMBDA_CC	-0.126240770783951	0.126240770783951	False
REMOVE_BONDS	8	0.13082489272905504	True	R_OG2P1-SG3O1	0.572709451789511	0.572709451789511	False
REMOVE_BONDS	8	0.13082489272905504	True	R_CG312-SG3O1	0.28235149889067596	0.28235149889067596	False
REMOVE_BONDS	8	0.13082489272905504	True	R_CG312-CG312	0.021805680518655272	0.021805680518655272	False
REMOVE_BONDS	8	0.13082489272905504	True	R_CG302-CG312	-0.31974920809755125	0.31974920809755125	False
REMOVE_BONDS	8	0.13082489272905504	True	TH_OG2P1-SG3O1-OG2P1	0.14309725174447094	0.14309725174447094	False
REMOVE_BONDS	8	0.13082489272905504	True	TH_FGA2-CG312-FGA2	-0.11042605950758812	0.11042605950758812	False
REMOVE_BONDS	8	0.13082489272905504	True	TH_CG312-CG312-SG3O1	0.6461505310818687	0.6461505310818687	False
REMOVE_BONDS	8	0.13082489272905504	True	TH_FGA3-CG302-FGA3	-0.00909009673066942	0.00909009673066942	False
REMOVE_BONDS	8	0.13082489272905504	True	LAMBDA_CS	0.19795670380072125	0.19795670380072125	False
REMOVE_BONDS	8	0.13082489272905504	True	LAMBDA_CC	-0.010758150048175482	0.010758150048175482	False
REMOVE_BONDS	9	0.10970063180032766	False	R_OG2P1-SG3O1	0.3135750414502993	0.3135750414502993	True
REMOVE_BONDS	9	0.10970063180032766	False	R_CG312-SG3O1	-0.662469286539574	0.662469286539574	True
REMOVE_BONDS	9	0.10970063180032766	False	R_CG312-CG312	0.10733524560182323	0.10733524560182323	False
REMOVE_BONDS	9	0.10970063180032766	False	R_CG302-CG312	-0.5590360680565599	0.5590360680565599	True
REMOVE_BONDS	9	0.10970063180032766	False	TH_OG2P1-SG3O1-OG2P1	0.12404132929208314	0.12404132929208314	False
REMOVE_BONDS	9	0.10970063180032766	False	TH_FGA2-CG312-FGA2	0.06132684993431825	0.06132684993431825	False
REMOVE_BONDS	9	0.10970063180032766	False	TH_CG312-CG312-SG3O1	-0.20033815733391927	0.20033815733391927	False
REMOVE_BONDS	9	0.10970063180032766	False	TH_FGA3-CG302-FGA3	0.014069836443244853	0.014069836443244853	False
REMOVE_BONDS	9	0.10970063180032766	False	LAMBDA_CS	-0.2746175940105474	0.2746175940105474	True
REMOVE_BONDS	9	0.10970063180032766	False	LAMBDA_CC	0.06218973402100472	0.06218973402100472	False
REMOVE_BONDS	10	0.0836382985233407	False	R_OG2P1-SG3O1	-0.009272449684769972	0.009272449684769972	False
REMOVE_BONDS	10	0.0836382985233407	False	R_CG312-SG3O1	-0.08808774125843269	0.08808774125843269	False
REMOVE_BONDS	10	0.0836382985233407	False	R_CG312-CG312	0.04999351710626375	0.04999351710626375	False
REMOVE_BONDS	10	0.0836382985233407	False	R_CG302-CG312	0.16492359627379327	0.16492359627379327	False
REMOVE_BONDS	10	0.0836382985233407	False	TH_OG2P1-SG3O1-OG2P1	-0.00823442748378458	0.00823442748378458	False
REMOVE_BONDS	10	0.0836382985233407	False	TH_FGA2-CG312-FGA2	0.07207736134803218	0.07207736134803218	False
REMOVE_BONDS	10	0.0836382985233407	False	TH_CG312-CG312-SG3O1	0.1559492885180585	0.1559492885180585	False
REMOVE_BONDS	10	0.0836382985233407	False	TH_FGA3-CG302-FGA3	-0.012711891252139527	0.012711891252139527	False
REMOVE_BONDS	10	0.0836382985233407	False	LAMBDA_CS	0.002380866568589605	0.002380866568589605	False
REMOVE_BONDS	10	0.0836382985233407	False	LAMBDA_CC	0.9657665525619027	0.9657665525619027	True
REMOVE_ANGLES	1	1.4576249007166189	True	R_OG2P1-SG3O1	-0.21959144160534677	0.21959144160534677	False
REMOVE_ANGLES	1	1.4576249007166189	True	R_CG312-SG3O1	-0.32705297205376127	0.32705297205376127	False
REMOVE_ANGLES	1	1.4576249007166189	True	R_CG312-CG312	0.8136381556048503	0.8136381556048503	False
REMOVE_ANGLES	1	1.4576249007166189	True	R_CG302-CG312	0.036636778557109964	0.036636778557109964	False
REMOVE_ANGLES	1	1.4576249007166189	True	TH_OG2P1-SG3O1-OG2P1	-0.009853510271860322	0.009853510271860322	False
REMOVE_ANGLES	1	1.4576249007166189	True	TH_FGA2-CG312-FGA2	-0.40230079446686556	0.40230079446686556	False
REMOVE_ANGLES	1	1.4576249007166189	True	TH_CG312-CG312-SG3O1	0.09785947916954243	0.09785947916954243	False
REMOVE_ANGLES	1	1.4576249007166189	True	TH_FGA3-CG302-FGA3	-0.056153823779683226	0.056153823779683226	False
REMOVE_ANGLES	1	1.4576249007166189	True	LAMBDA_CS	-0.07953979161506372	0.07953979161506372	False
REMOVE_ANGLES	1	1.4576249007166189	True	LAMBDA_CC	-0.021617620439124484	0.021617620439124484	False
REMOVE_ANGLES	2	1.3428074821721634	True	R_OG2P1-SG3O1	0.7105601890163215	0.7105601890163215	False
REMOVE_ANGLES	2	1.3428074821721634	True	R_CG312-SG3O1	0.30002081892439647	0.30002081892439647	False
REMOVE_ANGLES	2	1.3428074821721634	True	R_CG312-CG312	0.47585374511452005	0.47585374511452005	False
REMOVE_ANGLES	2	1.3428074821721634	True	R_CG302-CG312	-0.108791034219728	0.108791034219728	False
REMOVE_ANGLES	2	1.3428074821721634	True	TH_OG2P1-SG3O1-OG2P1	-0.10716419606942887	0.10716419606942887	False
REMOVE_ANGLES	2	1.3428074821721634	True	TH_FGA2-CG312-FGA2	0.32968079072952544	0.32968079072952544	False
REMOVE_ANGLES	2	1.3428074821721634	True	TH_CG312-CG312-SG3O1	-0.11280576326463089	0.11280576326463089	False
REMOVE_ANGLES	2	1.3428074821721634	True	TH_FGA3-CG302-FGA3	0.017580148772137667	0.017580148772137667	False
REMOVE_ANGLES	2	1.3428074821721634	True	LAMBDA_CS	-0.18333391599193824	0.18333391599193824	False
REMOVE_ANGLES	2	1.3428074821721634	True	LAMBDA_CC	0.000578641644320501	0.000578641644320501	False
REMOVE_ANGLES	3	1.2616122342481852	True	R_OG2P1-SG3O1	0.14798446878491608	0.14798446878491608	False
REMOVE_ANGLES	3	1.2616122342481852	True	R_CG312-SG3O1	-0.00046590975715028043	0.00046590975715028043	False
REMOVE_ANGLES	3	1.2616122342481852	True	R_CG312-CG312	-0.009424665190831471	0.009424665190831471	False
REMOVE_ANGLES	3	1.2616122342481852	True	R_CG302-CG312	0.9875329009125037	0.9875329009125037	False
REMOVE_ANGLES	3	1.2616122342481852	True	TH_OG2P1-SG3O1-OG2P1	-0.0021526450757703196	0.0021526450757703196	False
REMOVE_ANGLES	3	1.2616122342481852	True	TH_FGA2-CG312-FGA2	-0.004282453945713098	0.004282453945713098	False
REMOVE_ANGLES	3	1.2616122342481852	True	TH_CG312-CG312-SG3O1	0.0015990277457232941	0.0015990277457232941	False
REMOVE_ANGLES	3	1.2616122342481852	True	TH_FGA3-CG302-FGA3	0.029485100906294703	0.029485100906294703	False
REMOVE_ANGLES	3	1.2616122342481852	True	LAMBDA_CS	-0.042308175817548574	0.042308175817548574	False
REMOVE_ANGLES	3	1.2616122342481852	True	LAMBDA_CC	-0.010268501794617031	0.010268501794617031	False
REMOVE_ANGLES	4	1.1321078962236482	True	R_OG2P1-SG3O1	0.14788491668086665	0.14788491668086665	False
REMOVE_ANGLES	4	1.1321078962236482	True	R_CG312-SG3O1	-0.5708141646002314	0.5708141646002314	False
REMOVE_ANGLES	4	1.1321078962236482	True	R_CG312-CG312	0.10289038987028994	0.10289038987028994	False
REMOVE_ANGLES	4	1.1321078962236482	True	R_CG302-CG312	0.006033275391734247	0.006033275391734247	False
REMOVE_ANGLES	4	1.1321078962236482	True	TH_OG2P1-SG3O1-OG2P1	0.27580055369980006	0.27580055369980006	False
REMOVE_ANGLES	4	1.1321078962236482	True	TH_FGA2-CG312-FGA2	0.4579391798641793	0.4579391798641793	False
REMOVE_ANGLES	4	1.1321078962236482	True	TH_CG312-CG312-SG3O1	-0.045782005463952474	0.045782005463952474	False
REMOVE_ANGLES	4	1.1321078962236482	True	TH_FGA3-CG302-FGA3	0.006559515367584076	0.006559515367584076	False
REMOVE_ANGLES	4	1.1321078962236482	True	LAMBDA_CS	0.5934756534294455	0.5934756534294455	False
REMOVE_ANGLES	4	1.1321078962236482	True	LAMBDA_CC	-0.039392890411349184	0.039392890411349184	False
REMOVE_ANGLES	5	1.10018194819967	True	R_OG2P1-SG3O1	0.6012881571589953	0.6012881571589953	False
REMOVE_ANGLES	5	1.10018194819967	True	R_CG312-SG3O1	-0.49328208912530513	0.49328208912530513	False
REMOVE_ANGLES	5	1.10018194819967	True	R_CG312-CG312	-0.30754997779860493	0.30754997779860493	False
REMOVE_ANGLES	5	1.10018194819967	True	R_CG302-CG312	-0.10009436079214401	0.10009436079214401	False
REMOVE_ANGLES	5	1.10018194819967	True	TH_OG2P1-SG3O1-OG2P1	-0.10450594668802654	0.10450594668802654	False
REMOVE_ANGLES	5	1.10018194819967	True	TH_FGA2-CG312-FGA2	-0.49683693374724625	0.49683693374724625	False
REMOVE_ANGLES	5	1.10018194819967	True	TH_CG312-CG312-SG3O1	0.12311911788327896	0.12311911788327896	False
REMOVE_ANGLES	5	1.10018194819967	True	TH_FGA3-CG302-FGA3	-0.034245819349282364	0.034245819349282364	False
REMOVE_ANGLES	5	1.10018194819967	True	LAMBDA_CS	-0.12699174664423002	0.12699174664423002	False
REMOVE_ANGLES	5	1.10018194819967	True	LAMBDA_CC	0.017118236669247628	0.017118236669247628	False
REMOVE_ANGLES	6	0.6927386497118386	True	R_OG2P1-SG3O1	0.20162956492167683	0.20162956492167683	False
REMOVE_ANGLES	6	0.6927386497118386	True	R_CG312-SG3O1	0.470535177603164	0.470535177603164	False
REMOVE_ANGLES	6	0.6927386497118386	True	R_CG312-CG312	0.05801305834134889	0.05801305834134889	False
REMOVE_ANGLES	6	0.6927386497118386	True	R_CG302-CG312	-0.004389447719185133	0.004389447719185133	False
REMOVE_ANGLES	6	0.6927386497118386	True	TH_OG2P1-SG3O1-OG2P1	0.4214112309320512	0.4214112309320512	False
REMOVE_ANGLES	6	0.6927386497118386	True	TH_FGA2-CG312-FGA2	-0.4771941910153969	0.4771941910153969	False
REMOVE_ANGLES	6	0.6927386497118386	True	TH_CG312-CG312-SG3O1	0.0418537534876947	0.0418537534876947	False
REMOVE_ANGLES	6	0.6927386497118386	True	TH_FGA3-CG302-FGA3	-0.07112484495538049	0.07112484495538049	False
REMOVE_ANGLES	6	0.6927386497118386	True	LAMBDA_CS	0.5675996147843999	0.5675996147843999	False
REMOVE_ANGLES	6	0.6927386497118386	True	LAMBDA_CC	-0.016608990011965127	0.016608990011965127	False
REMOVE_ANGLES	7	0.25334493837438765	True	R_OG2P1-SG3O1	-0.020375175639207183	0.020375175639207183	False
REMOVE_ANGLES	7	0.25334493837438765	True	R_CG312-SG3O1	-0.06714354227598525	0.06714354227598525	False
REMOVE_ANGLES	7	0.25334493837438765	True	R_CG312-CG312	0.017293907227683668	0.017293907227683668	False
REMOVE_ANGLES	7	0.25334493837438765	True	R_CG302-CG312	-0.0038989206348484795	0.0038989206348484795	False
REMOVE_ANGLES	7	0.25334493837438765	True	TH_OG2P1-SG3O1-OG2P1	-0.014059669953600914	0.014059669953600914	False
REMOVE_ANGLES	7	0.25334493837438765	True	TH_FGA2-CG312-FGA2	-0.17816165959737176	0.17816165959737176	False
REMOVE_ANGLES	7	0.25334493837438765	True	TH_CG312-CG312-SG3O1	-0.74012547839166	0.74012547839166	False
REMOVE_ANGLES	7	0.25334493837438765	True	TH_FGA3-CG302-FGA3	0.47162082882680106	0.47162082882680106	False
REMOVE_ANGLES	7	0.25334493837438765	True	LAMBDA_CS	0.048193508644776235	0.048193508644776235	False
REMOVE_ANGLES	7	0.25334493837438765	True	LAMBDA_CC	0.436220724686525	0.436220724686525	False
REMOVE_ANGLES	8	0.19921039128114024	True	R_OG2P1-SG3O1	0.004517783270299654	0.004517783270299654	False
REMOVE_ANGLES	8	0.19921039128114024	True	R_CG312-SG3O1	0.08444199342660011	0.08444199342660011	False
REMOVE_ANGLES	8	0.19921039128114024	True	R_CG312-CG312	0.04804352736082165	0.04804352736082165	False
REMOVE_ANGLES	8	0.19921039128114024	True	R_CG302-CG312	-0.001861497282812436	0.001861497282812436	False
REMOVE_ANGLES	8	0.19921039128114024	True	TH_OG2P1-SG3O1-OG2P1	-0.5737010321357756	0.5737010321357756	False
REMOVE_ANGLES	8	0.19921039128114024	True	TH_FGA2-CG312-FGA2	-0.011511096002745129	0.011511096002745129	False
REMOVE_ANGLES	8	0.19921039128114024	True	TH_CG312-CG312-SG3O1	0.43893098255656277	0.43893098255656277	False
REMOVE_ANGLES	8	0.19921039128114024	True	TH_FGA3-CG302-FGA3	0.5632541065708737	0.5632541065708737	False
REMOVE_ANGLES	8	0.19921039128114024	True	LAMBDA_CS	0.38034120374857616	0.38034120374857616	False
REMOVE_ANGLES	8	0.19921039128114024	True	LAMBDA_CC	0.08183573055997019	0.08183573055997019	False
REMOVE_ANGLES	9	0.09441227840570111	True	R_OG2P1-SG3O1	0.01761897458129677	0.01761897458129677	False
REMOVE_ANGLES	9	0.09441227840570111	True	R_CG312-SG3O1	-0.02862936369084726	0.02862936369084726	False
REMOVE_ANGLES	9	0.09441227840570111	True	R_CG312-CG312	-0.0070528302673855785	0.0070528302673855785	False
REMOVE_ANGLES	9	0.09441227840570111	True	R_CG302-CG312	-0.03883053904676855	0.03883053904676855	False
REMOVE_ANGLES	9	0.09441227840570111	True	TH_OG2P1-SG3O1-OG2P1	0.5294845427910737	0.5294845427910737	False
REMOVE_ANGLES	9	0.09441227840570111	True	TH_FGA2-CG312-FGA2	0.012019102818270115	0.012019102818270115	False
REMOVE_ANGLES	9	0.09441227840570111	True	TH_CG312-CG312-SG3O1	0.17280875137467697	0.17280875137467697	False
REMOVE_ANGLES	9	0.09441227840570111	True	TH_FGA3-CG302-FGA3	0.6706029964058493	0.6706029964058493	False
REMOVE_ANGLES	9	0.09441227840570111	True	LAMBDA_CS	-0.3049374630341758	0.3049374630341758	False
REMOVE_ANGLES	9	0.09441227840570111	True	LAMBDA_CC	-0.3798103980972499	0.3798103980972499	False
REMOVE_ANGLES	10	0.05649810839134649	False	R_OG2P1-SG3O1	0.01290539313798064	0.01290539313798064	False
REMOVE_ANGLES	10	0.05649810839134649	False	R_CG312-SG3O1	-0.002432139004997398	0.002432139004997398	False
REMOVE_ANGLES	10	0.05649810839134649	False	R_CG312-CG312	0.016474295660602073	0.016474295660602073	False
REMOVE_ANGLES	10	0.05649810839134649	False	R_CG302-CG312	-2.6517179942054465e-05	2.6517179942054465e-05	False
REMOVE_ANGLES	10	0.05649810839134649	False	TH_OG2P1-SG3O1-OG2P1	0.3378680452748064	0.3378680452748064	True
REMOVE_ANGLES	10	0.05649810839134649	False	TH_FGA2-CG312-FGA2	0.1147093690174166	0.1147093690174166	False
REMOVE_ANGLES	10	0.05649810839134649	False	TH_CG312-CG312-SG3O1	0.4340285515531472	0.4340285515531472	True
REMOVE_ANGLES	10	0.05649810839134649	False	TH_FGA3-CG302-FGA3	0.0019986928709540787	0.0019986928709540787	False
REMOVE_ANGLES	10	0.05649810839134649	False	LAMBDA_CS	-0.1667142330969265	0.1667142330969265	False
REMOVE_ANGLES	10	0.05649810839134649	False	LAMBDA_CC	0.8099781868639033	0.8099781868639033	True
REMOVE_CC	1	1.3670988287276535	True	R_OG2P1-SG3O1	-0.6833304581212307	0.6833304581212307	False
REMOVE_CC	1	1.3670988287276535	True	R_CG312-SG3O1	-0.4167634327253108	0.4167634327253108	False
REMOVE_CC	1	1.3670988287276535	True	R_CG312-CG312	0.011843570701495665	0.011843570701495665	False
REMOVE_CC	1	1.3670988287276535	True	R_CG302-CG312	-0.020513000505726322	0.020513000505726322	False
REMOVE_CC	1	1.3670988287276535	True	TH_OG2P1-SG3O1-OG2P1	0.08378997180627779	0.08378997180627779	False
REMOVE_CC	1	1.3670988287276535	True	TH_FGA2-CG312-FGA2	-0.5703816582188734	0.5703816582188734	False
REMOVE_CC	1	1.3670988287276535	True	TH_CG312-CG312-SG3O1	0.1370093726285677	0.1370093726285677	False
REMOVE_CC	1	1.3670988287276535	True	TH_FGA3-CG302-FGA3	-0.04100552380091778	0.04100552380091778	False
REMOVE_CC	1	1.3670988287276535	True	LAMBDA_CS	0.0772857086264501	0.0772857086264501	False
REMOVE_CC	1	1.3670988287276535	True	LAMBDA_CC	0.004957363631161943	0.004957363631161943	False
REMOVE_CC	2	1.2868804985924513	True	R_OG2P1-SG3O1	0.16377634686958562	0.16377634686958562	False
REMOVE_CC	2	1.2868804985924513	True	R_CG312-SG3O1	-0.08626485822806032	0.08626485822806032	False
REMOVE_CC	2	1.2868804985924513	True	R_CG312-CG312	0.6282096031767337	0.6282096031767337	False
REMOVE_CC	2	1.2868804985924513	True	R_CG302-CG312	-0.7061892130183596	0.7061892130183596	False
REMOVE_CC	2	1.2868804985924513	True	TH_OG2P1-SG3O1-OG2P1	-0.13178267321728568	0.13178267321728568	False
REMOVE_CC	2	1.2868804985924513	True	TH_FGA2-CG312-FGA2	-0.1368103232049187	0.1368103232049187	False
REMOVE_CC	2	1.2868804985924513	True	TH_CG312-CG312-SG3O1	-0.0031128408892171153	0.0031128408892171153	False
REMOVE_CC	2	1.2868804985924513	True	TH_FGA3-CG302-FGA3	-0.04269226706634395	0.04269226706634395	False
REMOVE_CC	2	1.2868804985924513	True	LAMBDA_CS	-0.1854054201386204	0.1854054201386204	False
REMOVE_CC	2	1.2868804985924513	True	LAMBDA_CC	0.009692552595394081	0.009692552595394081	False
REMOVE_CC	3	1.2172536103188831	True	R_OG2P1-SG3O1	0.2900138133769676	0.2900138133769676	False
REMOVE_CC	3	1.2172536103188831	True	R_CG312-SG3O1	-0.06836162933964494	0.06836162933964494	False
REMOVE_CC	3	1.2172536103188831	True	R_CG312-CG312	0.3923745239008677	0.3923745239008677	False
REMOVE_CC	3	1.2172536103188831	True	R_CG302-CG312	0.6398710914093461	0.6398710914093461	False
REMOVE_CC	3	1.2172536103188831	True	TH_OG2P1-SG3O1-OG2P1	-0.23438664053687697	0.23438664053687697	False
REMOVE_CC	3	1.2172536103188831	True	TH_FGA2-CG312-FGA2	-0.38880291925078486	0.38880291925078486	False
REMOVE_CC	3	1.2172536103188831	True	TH_CG312-CG312-SG3O1	0.042934365174993286	0.042934365174993286	False
REMOVE_CC	3	1.2172536103188831	True	TH_FGA3-CG302-FGA3	0.028196967827226846	0.028196967827226846	False
REMOVE_CC	3	1.2172536103188831	True	LAMBDA_CS	-0.37244569401184696	0.37244569401184696	False
REMOVE_CC	3	1.2172536103188831	True	LAMBDA_CC	0.019153696276863745	0.019153696276863745	False
REMOVE_CC	4	1.129349649128344	True	R_OG2P1-SG3O1	0.11335576495489648	0.11335576495489648	False
REMOVE_CC	4	1.129349649128344	True	R_CG312-SG3O1	-0.6167683429543841	0.6167683429543841	False
REMOVE_CC	4	1.129349649128344	True	R_CG312-CG312	0.39508087498142797	0.39508087498142797	False
REMOVE_CC	4	1.129349649128344	True	R_CG302-CG312	0.2182917415403826	0.2182917415403826	False
REMOVE_CC	4	1.129349649128344	True	TH_OG2P1-SG3O1-OG2P1	0.20308767555928697	0.20308767555928697	False
REMOVE_CC	4	1.129349649128344	True	TH_FGA2-CG312-FGA2	0.39283818548917904	0.39283818548917904	False
REMOVE_CC	4	1.129349649128344	True	TH_CG312-CG312-SG3O1	-0.043942942101475604	0.043942942101475604	False
REMOVE_CC	4	1.129349649128344	True	TH_FGA3-CG302-FGA3	0.036062203911464225	0.036062203911464225	False
REMOVE_CC	4	1.129349649128344	True	LAMBDA_CS	0.4512874561457933	0.4512874561457933	False
REMOVE_CC	4	1.129349649128344	True	LAMBDA_CC	-0.023426966330236776	0.023426966330236776	False
REMOVE_CC	5	1.1088799058392613	True	R_OG2P1-SG3O1	0.598628147813312	0.598628147813312	False
REMOVE_CC	5	1.1088799058392613	True	R_CG312-SG3O1	-0.46218983208318165	0.46218983208318165	False
REMOVE_CC	5	1.1088799058392613	True	R_CG312-CG312	-0.4991361775594911	0.4991361775594911	False
REMOVE_CC	5	1.1088799058392613	True	R_CG302-CG312	-0.19500288865737822	0.19500288865737822	False
REMOVE_CC	5	1.1088799058392613	True	TH_OG2P1-SG3O1-OG2P1	-0.0239275187884761	0.0239275187884761	False
REMOVE_CC	5	1.1088799058392613	True	TH_FGA2-CG312-FGA2	-0.3446606126678883	0.3446606126678883	False
REMOVE_CC	5	1.1088799058392613	True	TH_CG312-CG312-SG3O1	0.11756032370859631	0.11756032370859631	False
REMOVE_CC	5	1.1088799058392613	True	TH_FGA3-CG302-FGA3	-0.04508687667877795	0.04508687667877795	False
REMOVE_CC	5	1.1088799058392613	True	LAMBDA_CS	0.07513163566601033	0.07513163566601033	False
REMOVE_CC	5	1.1088799058392613	True	LAMBDA_CC	0.0006054041278339413	0.0006054041278339413	False
REMOVE_CC	6	0.6800943153560809	True	R_OG2P1-SG3O1	-0.2215588862645418	0.2215588862645418	False
REMOVE_CC	6	0.6800943153560809	True	R_CG312-SG3O1	-0.4490705351366725	0.4490705351366725	False
REMOVE_CC	6	0.6800943153560809	True	R_CG312-CG312	-0.20586495244448838	0.20586495244448838	False
REMOVE_CC	6	0.6800943153560809	True	R_CG302-CG312	-0.03841638821277814	0.03841638821277814	False
REMOVE_CC	6	0.6800943153560809	True	TH_OG2P1-SG3O1-OG2P1	-0.4724768334499662	0.4724768334499662	False
REMOVE_CC	6	0.6800943153560809	True	TH_FGA2-CG312-FGA2	0.44055012929511117	0.44055012929511117	False
REMOVE_CC	6	0.6800943153560809	True	TH_CG312-CG312-SG3O1	-0.02368172131813279	0.02368172131813279	False
REMOVE_CC	6	0.6800943153560809	True	TH_FGA3-CG302-FGA3	0.03740373820778845	0.03740373820778845	False
REMOVE_CC	6	0.6800943153560809	True	LAMBDA_CS	-0.5347074431438232	0.5347074431438232	False
REMOVE_CC	6	0.6800943153560809	True	LAMBDA_CC	0.014157294311902586	0.014157294311902586	False
REMOVE_CC	7	0.41939067745711733	True	R_OG2P1-SG3O1	0.00034746687650961044	0.00034746687650961044	False
REMOVE_CC	7	0.41939067745711733	True	R_CG312-SG3O1	0.003980555949768797	0.003980555949768797	False
REMOVE_CC	7	0.41939067745711733	True	R_CG312-CG312	-0.011996203321643919	0.011996203321643919	False
REMOVE_CC	7	0.41939067745711733	True	R_CG302-CG312	-0.06410893787123664	0.06410893787123664	False
REMOVE_CC	7	0.41939067745711733	True	TH_OG2P1-SG3O1-OG2P1	-0.018895771858334066	0.018895771858334066	False
REMOVE_CC	7	0.41939067745711733	True	TH_FGA2-CG312-FGA2	-0.0673665080689043	0.0673665080689043	False
REMOVE_CC	7	0.41939067745711733	True	TH_CG312-CG312-SG3O1	0.013759762316010936	0.013759762316010936	False
REMOVE_CC	7	0.41939067745711733	True	TH_FGA3-CG302-FGA3	0.9946621056562511	0.9946621056562511	False
REMOVE_CC	7	0.41939067745711733	True	LAMBDA_CS	0.035933209827673895	0.035933209827673895	False
REMOVE_CC	7	0.41939067745711733	True	LAMBDA_CC	0.0012813947201767918	0.0012813947201767918	False
REMOVE_CC	8	0.3255501258392376	True	R_OG2P1-SG3O1	-0.042332989654447525	0.042332989654447525	False
REMOVE_CC	8	0.3255501258392376	True	R_CG312-SG3O1	0.1019812557445351	0.1019812557445351	False
REMOVE_CC	8	0.3255501258392376	True	R_CG312-CG312	0.013108610968459545	0.013108610968459545	False
REMOVE_CC	8	0.3255501258392376	True	R_CG302-CG312	0.011284453018229154	0.011284453018229154	False
REMOVE_CC	8	0.3255501258392376	True	TH_OG2P1-SG3O1-OG2P1	-0.8041210509409757	0.8041210509409757	False
REMOVE_CC	8	0.3255501258392376	True	TH_FGA2-CG312-FGA2	-0.08963190582529348	0.08963190582529348	False
REMOVE_CC	8	0.3255501258392376	True	TH_CG312-CG312-SG3O1	-0.11144651157182298	0.11144651157182298	False
REMOVE_CC	8	0.3255501258392376	True	TH_FGA3-CG302-FGA3	-0.039684013672106756	0.039684013672106756	False
REMOVE_CC	8	0.3255501258392376	True	LAMBDA_CS	0.5644599337910831	0.5644599337910831	False
REMOVE_CC	8	0.3255501258392376	True	LAMBDA_CC	-0.015933017788779084	0.015933017788779084	False
REMOVE_CC	9	0.1848690680765176	True	R_OG2P1-SG3O1	-0.006516166029475519	0.006516166029475519	False
REMOVE_CC	9	0.1848690680765176	True	R_CG312-SG3O1	-0.08979527590894641	0.08979527590894641	False
REMOVE_CC	9	0.1848690680765176	True	R_CG312-CG312	-0.05764966110063438	0.05764966110063438	False
REMOVE_CC	9	0.1848690680765176	True	R_CG302-CG312	-0.007088613376723955	0.007088613376723955	False
REMOVE_CC	9	0.1848690680765176	True	TH_OG2P1-SG3O1-OG2P1	0.0927474608393798	0.0927474608393798	False
REMOVE_CC	9	0.1848690680765176	True	TH_FGA2-CG312-FGA2	-0.1579561061344076	0.1579561061344076	False
REMOVE_CC	9	0.1848690680765176	True	TH_CG312-CG312-SG3O1	-0.9741311514507685	0.9741311514507685	False
REMOVE_CC	9	0.1848690680765176	True	TH_FGA3-CG302-FGA3	0.006275080550644695	0.006275080550644695	False
REMOVE_CC	9	0.1848690680765176	True	LAMBDA_CS	-0.06864301112692046	0.06864301112692046	False
REMOVE_CC	9	0.1848690680765176	True	LAMBDA_CC	-0.03585600847147579	0.03585600847147579	False
REMOVE_CC	10	0.01393498963094122	False	R_OG2P1-SG3O1	-0.0007675993110769946	0.0007675993110769946	False
REMOVE_CC	10	0.01393498963094122	False	R_CG312-SG3O1	0.005207188085560453	0.005207188085560453	False
REMOVE_CC	10	0.01393498963094122	False	R_CG312-CG312	0.00303794876528565	0.00303794876528565	False
REMOVE_CC	10	0.01393498963094122	False	R_CG302-CG312	-0.0004748453434981951	0.0004748453434981951	False
REMOVE_CC	10	0.01393498963094122	False	TH_OG2P1-SG3O1-OG2P1	-0.007360426835335811	0.007360426835335811	False
REMOVE_CC	10	0.01393498963094122	False	TH_FGA2-CG312-FGA2	-0.0077806601732256465	0.0077806601732256465	False
REMOVE_CC	10	0.01393498963094122	False	TH_CG312-CG312-SG3O1	0.03901269405758739	0.03901269405758739	False
REMOVE_CC	10	0.01393498963094122	False	TH_FGA3-CG302-FGA3	0.0012640090232841979	0.0012640090232841979	False
REMOVE_CC	10	0.01393498963094122	False	LAMBDA_CS	-0.03317677698394361	0.03317677698394361	False
REMOVE_CC	10	0.01393498963094122	False	LAMBDA_CC	-0.998610955412229	0.998610955412229	True
REMOVE_CS	1	1.4789692786000255	True	R_OG2P1-SG3O1	-0.2649070548756733	0.2649070548756733	False
REMOVE_CS	1	1.4789692786000255	True	R_CG312-SG3O1	-0.3653917191257361	0.3653917191257361	False
REMOVE_CS	1	1.4789692786000255	True	R_CG312-CG312	0.7546070797517294	0.7546070797517294	False
REMOVE_CS	1	1.4789692786000255	True	R_CG302-CG312	0.06245491969929598	0.06245491969929598	False
REMOVE_CS	1	1.4789692786000255	True	TH_OG2P1-SG3O1-OG2P1	0.034430841111880384	0.034430841111880384	False
REMOVE_CS	1	1.4789692786000255	True	TH_FGA2-CG312-FGA2	-0.4561374014268969	0.4561374014268969	False
REMOVE_CS	1	1.4789692786000255	True	TH_CG312-CG312-SG3O1	0.09397438471695435	0.09397438471695435	False
REMOVE_CS	1	1.4789692786000255	True	TH_FGA3-CG302-FGA3	-0.06342935996109339	0.06342935996109339	False
REMOVE_CS	1	1.4789692786000255	True	LAMBDA_CS	-0.017925128268951145	0.017925128268951145	False
REMOVE_CS	1	1.4789692786000255	True	LAMBDA_CC	-0.023623957199030342	0.023623957199030342	False
REMOVE_CS	2	1.3442651818319225	True	R_OG2P1-SG3O1	0.5981360197549432	0.5981360197549432	False
REMOVE_CS	2	1.3442651818319225	True	R_CG312-SG3O1	0.13834259398869653	0.13834259398869653	False
REMOVE_CS	2	1.3442651818319225	True	R_CG312-CG312	0.5974423255854118	0.5974423255854118	False
REMOVE_CS	2	1.3442651818319225	True	R_CG302-CG312	-0.10719288938269142	0.10719288938269142	False
REMOVE_CS	2	1.3442651818319225	True	TH_OG2P1-SG3O1-OG2P1	-0.010682553295725955	0.010682553295725955	False
REMOVE_CS	2	1.3442651818319225	True	TH_FGA2-CG312-FGA2	0.48474974766280854	0.48474974766280854	False
REMOVE_CS	2	1.3442651818319225	True	TH_CG312-CG312-SG3O1	-0.13159486817333252	0.13159486817333252	False
REMOVE_CS	2	1.3442651818319225	True	TH_FGA3-CG302-FGA3	0.01417999268818015	0.01417999268818015	False
REMOVE_CS	2	1.3442651818319225	True	LAMBDA_CS	0.04252730037978006	0.04252730037978006	False
REMOVE_CS	2	1.3442651818319225	True	LAMBDA_CC	-0.015610670107973672	0.015610670107973672	False
REMOVE_CS	3	1.2625658994196804	True	R_OG2P1-SG3O1	0.1406173067380783	0.1406173067380783	False
REMOVE_CS	3	1.2625658994196804	True	R_CG312-SG3O1	-0.013174911028082575	0.013174911028082575	False
REMOVE_CS	3	1.2625658994196804	True	R_CG312-CG312	-0.004514972703841953	0.004514972703841953	False
REMOVE_CS	3	1.2625658994196804	True	R_CG302-CG312	0.9874227721148296	0.9874227721148296	False
REMOVE_CS	3	1.2625658994196804	True	TH_OG2P1-SG3O1-OG2P1	0.015207172476768671	0.015207172476768671	False
REMOVE_CS	3	1.2625658994196804	True	TH_FGA2-CG312-FGA2	0.05067361772770695	0.05067361772770695	False
REMOVE_CS	3	1.2625658994196804	True	TH_CG312-CG312-SG3O1	-0.006291144187603377	0.006291144187603377	False
REMOVE_CS	3	1.2625658994196804	True	TH_FGA3-CG302-FGA3	0.044927938792971675	0.044927938792971675	False
REMOVE_CS	3	1.2625658994196804	True	LAMBDA_CS	0.004673361211801668	0.004673361211801668	False
REMOVE_CS	3	1.2625658994196804	True	LAMBDA_CC	-0.012250174812553704	0.012250174812553704	False
REMOVE_CS	4	1.1311228359227403	True	R_OG2P1-SG3O1	0.7029339872869662	0.7029339872869662	False
REMOVE_CS	4	1.1311228359227403	True	R_CG312-SG3O1	-0.4996009867480558	0.4996009867480558	False
REMOVE_CS	4	1.1311228359227403	True	R_CG312-CG312	-0.2469834979031242	0.2469834979031242	False
REMOVE_CS	4	1.1311228359227403	True	R_CG302-CG312	-0.0832552129580583	0.0832552129580583	False
REMOVE_CS	4	1.1311228359227403	True	TH_OG2P1-SG3O1-OG2P1	-0.09244099190142566	0.09244099190142566	False
REMOVE_CS	4	1.1311228359227403	True	TH_FGA2-CG312-FGA2	-0.4090324198062414	0.4090324198062414	False
REMOVE_CS	4	1.1311228359227403	True	TH_CG312-CG312-SG3O1	0.10422825424187315	0.10422825424187315	False
REMOVE_CS	4	1.1311228359227403	True	TH_FGA3-CG302-FGA3	-0.02878820215756015	0.02878820215756015	False
REMOVE_CS	4	1.1311228359227403	True	LAMBDA_CS	-0.026360466594788926	0.026360466594788926	False
REMOVE_CS	4	1.1311228359227403	True	LAMBDA_CC	0.010505409793293292	0.010505409793293292	False
REMOVE_CS	5	0.8850543250961742	True	R_OG2P1-SG3O1	0.23093155107741228	0.23093155107741228	False
REMOVE_CS	5	0.8850543250961742	True	R_CG312-SG3O1	0.7594711724682545	0.7594711724682545	False
REMOVE_CS	5	0.8850543250961742	True	R_CG312-CG312	0.0817850385068147	0.0817850385068147	False
REMOVE_CS	5	0.8850543250961742	True	R_CG302-CG312	0.00896953050244003	0.00896953050244003	False
REMOVE_CS	5	0.8850543250961742	True	TH_OG2P1-SG3O1-OG2P1	0.07754549738840039	0.07754549738840039	False
REMOVE_CS	5	0.8850543250961742	True	TH_FGA2-CG312-FGA2	-0.5953684907059453	0.5953684907059453	False
REMOVE_CS	5	0.8850543250961742	True	TH_CG312-CG312-SG3O1	-0.003551857822164259	0.003551857822164259	False
REMOVE_CS	5	0.8850543250961742	True	TH_FGA3-CG302-FGA3	-0.03643990902426893	0.03643990902426893	False
REMOVE_CS	5	0.8850543250961742	True	LAMBDA_CS	-0.031947288474438465	0.031947288474438465	False
REMOVE_CS	5	0.8850543250961742	True	LAMBDA_CC	0.016335731095843155	0.016335731095843155	False
REMOVE_CS	6	0.45435690734357737	True	R_OG2P1-SG3O1	0.033182156144580664	0.033182156144580664	False
REMOVE_CS	6	0.45435690734357737	True	R_CG312-SG3O1	-0.01368341925266274	0.01368341925266274	False
REMOVE_CS	6	0.45435690734357737	True	R_CG312-CG312	-0.05080601492547227	0.05080601492547227	False
REMOVE_CS	6	0.45435690734357737	True	R_CG302-CG312	0.02362460083809845	0.02362460083809845	False
REMOVE_CS	6	0.45435690734357737	True	TH_OG2P1-SG3O1-OG2P1	0.4201340432510608	0.4201340432510608	False
REMOVE_CS	6	0.45435690734357737	True	TH_FGA2-CG312-FGA2	0.09423483902334745	0.09423483902334745	False
REMOVE_CS	6	0.45435690734357737	True	TH_CG312-CG312-SG3O1	0.11767904343296139	0.11767904343296139	False
REMOVE_CS	6	0.45435690734357737	True	TH_FGA3-CG302-FGA3	-0.8883386436301264	0.8883386436301264	False
REMOVE_CS	6	0.45435690734357737	True	LAMBDA_CS	0.01204236673998613	0.01204236673998613	False
REMOVE_CS	6	0.45435690734357737	True	LAMBDA_CC	-0.08390825241258872	0.08390825241258872	False
REMOVE_CS	7	0.4052969787669028	True	R_OG2P1-SG3O1	0.05184875839459093	0.05184875839459093	False
REMOVE_CS	7	0.4052969787669028	True	R_CG312-SG3O1	-0.09393048512737759	0.09393048512737759	False
REMOVE_CS	7	0.4052969787669028	True	R_CG312-CG312	-0.03129279474050056	0.03129279474050056	False
REMOVE_CS	7	0.4052969787669028	True	R_CG302-CG312	-0.041208256879687426	0.041208256879687426	False
REMOVE_CS	7	0.4052969787669028	True	TH_OG2P1-SG3O1-OG2P1	0.8979510479385118	0.8979510479385118	False
REMOVE_CS	7	0.4052969787669028	True	TH_FGA2-CG312-FGA2	-0.013902344302661379	0.013902344302661379	False
REMOVE_CS	7	0.4052969787669028	True	TH_CG312-CG312-SG3O1	-0.04495575446887687	0.04495575446887687	False
REMOVE_CS	7	0.4052969787669028	True	TH_FGA3-CG302-FGA3	0.42013059523327173	0.42013059523327173	False
REMOVE_CS	7	0.4052969787669028	True	LAMBDA_CS	0.022745877911091773	0.022745877911091773	False
REMOVE_CS	7	0.4052969787669028	True	LAMBDA_CC	0.01593547097152301	0.01593547097152301	False
REMOVE_CS	8	0.28234682878553624	True	R_OG2P1-SG3O1	-0.03175224417869737	0.03175224417869737	False
REMOVE_CS	8	0.28234682878553624	True	R_CG312-SG3O1	-0.10734548891926357	0.10734548891926357	False
REMOVE_CS	8	0.28234682878553624	True	R_CG312-CG312	-0.03216355178882094	0.03216355178882094	False
REMOVE_CS	8	0.28234682878553624	True	R_CG302-CG312	0.013684675154765444	0.013684675154765444	False
REMOVE_CS	8	0.28234682878553624	True	TH_OG2P1-SG3O1-OG2P1	0.008143820883130157	0.008143820883130157	False
REMOVE_CS	8	0.28234682878553624	True	TH_FGA2-CG312-FGA2	-0.13261602918726284	0.13261602918726284	False
REMOVE_CS	8	0.28234682878553624	True	TH_CG312-CG312-SG3O1	-0.9366132136072001	0.9366132136072001	False
REMOVE_CS	8	0.28234682878553624	True	TH_FGA3-CG302-FGA3	-0.15518915441424747	0.15518915441424747	False
REMOVE_CS	8	0.28234682878553624	True	LAMBDA_CS	0.04320086901304175	0.04320086901304175	False
REMOVE_CS	8	0.28234682878553624	True	LAMBDA_CC	0.25573295241259997	0.25573295241259997	False
REMOVE_CS	9	0.10011776366706322	False	R_OG2P1-SG3O1	-0.004083084919535131	0.004083084919535131	False
REMOVE_CS	9	0.10011776366706322	False	R_CG312-SG3O1	-0.014297134669305527	0.014297134669305527	False
REMOVE_CS	9	0.10011776366706322	False	R_CG312-CG312	-0.034615699016820635	0.034615699016820635	False
REMOVE_CS	9	0.10011776366706322	False	R_CG302-CG312	-0.012244169803912717	0.012244169803912717	False
REMOVE_CS	9	0.10011776366706322	False	TH_OG2P1-SG3O1-OG2P1	-0.02118993667935104	0.02118993667935104	False
REMOVE_CS	9	0.10011776366706322	False	TH_FGA2-CG312-FGA2	-0.057801934517752826	0.057801934517752826	False
REMOVE_CS	9	0.10011776366706322	False	TH_CG312-CG312-SG3O1	-0.2564579225181589	0.2564579225181589	True
REMOVE_CS	9	0.10011776366706322	False	TH_FGA3-CG302-FGA3	0.043110836412132925	0.043110836412132925	False
REMOVE_CS	9	0.10011776366706322	False	LAMBDA_CS	0.052051132713755076	0.052051132713755076	False
REMOVE_CS	9	0.10011776366706322	False	LAMBDA_CC	-0.9614063377882627	0.9614063377882627	True
REMOVE_CS	10	0.061095443678926366	False	R_OG2P1-SG3O1	-0.004952736825292937	0.004952736825292937	False
REMOVE_CS	10	0.061095443678926366	False	R_CG312-SG3O1	0.0064341419402385094	0.0064341419402385094	False
REMOVE_CS	10	0.061095443678926366	False	R_CG312-CG312	-0.011294521315601689	0.011294521315601689	False
REMOVE_CS	10	0.061095443678926366	False	R_CG302-CG312	-0.00014625314997209886	0.00014625314997209886	False
REMOVE_CS	10	0.061095443678926366	False	TH_OG2P1-SG3O1-OG2P1	-0.023800566470838537	0.023800566470838537	False
REMOVE_CS	10	0.061095443678926366	False	TH_FGA2-CG312-FGA2	-0.051145112713388924	0.051145112713388924	False
REMOVE_CS	10	0.061095443678926366	False	TH_CG312-CG312-SG3O1	0.06365161008903421	0.06365161008903421	False
REMOVE_CS	10	0.061095443678926366	False	TH_FGA3-CG302-FGA3	0.0017367162413715175	0.0017367162413715175	False
REMOVE_CS	10	0.061095443678926366	False	LAMBDA_CS	0.9954369621905024	0.9954369621905024	True
REMOVE_CS	10	0.061095443678926366	False	LAMBDA_CC	0.04092561239146171	0.04092561239146171	False
REMOVE_AB_ENERGY	1	1.4560932877815653	True	R_OG2P1-SG3O1	-0.0711103487604598	0.0711103487604598	False
REMOVE_AB_ENERGY	1	1.4560932877815653	True	R_CG312-SG3O1	0.14074376550420598	0.14074376550420598	False
REMOVE_AB_ENERGY	1	1.4560932877815653	True	R_CG312-CG312	-0.969934389730789	0.969934389730789	False
REMOVE_AB_ENERGY	1	1.4560932877815653	True	R_CG302-CG312	-0.022240701570128904	0.022240701570128904	False
REMOVE_AB_ENERGY	1	1.4560932877815653	True	TH_OG2P1-SG3O1-OG2P1	0.04273276770684054	0.04273276770684054	False
REMOVE_AB_ENERGY	1	1.4560932877815653	True	TH_FGA2-CG312-FGA2	0.1329315157599872	0.1329315157599872	False
REMOVE_AB_ENERGY	1	1.4560932877815653	True	TH_CG312-CG312-SG3O1	-0.002393917405748831	0.002393917405748831	False
REMOVE_AB_ENERGY	1	1.4560932877815653	True	TH_FGA3-CG302-FGA3	0.0385419925286135	0.0385419925286135	False
REMOVE_AB_ENERGY	1	1.4560932877815653	True	LAMBDA_CS	0.11118315539685367	0.11118315539685367	False
REMOVE_AB_ENERGY	1	1.4560932877815653	True	LAMBDA_CC	0.022745421326865137	0.022745421326865137	False
REMOVE_AB_ENERGY	2	1.2658636177043805	True	R_OG2P1-SG3O1	0.15238986268080046	0.15238986268080046	False
REMOVE_AB_ENERGY	2	1.2658636177043805	True	R_CG312-SG3O1	0.12976261786605703	0.12976261786605703	False
REMOVE_AB_ENERGY	2	1.2658636177043805	True	R_CG312-CG312	0.014113598567406078	0.014113598567406078	False
REMOVE_AB_ENERGY	2	1.2658636177043805	True	R_CG302-CG312	-0.9709769884715396	0.9709769884715396	False
REMOVE_AB_ENERGY	2	1.2658636177043805	True	TH_OG2P1-SG3O1-OG2P1	-0.08329284068609444	0.08329284068609444	False
REMOVE_AB_ENERGY	2	1.2658636177043805	True	TH_FGA2-CG312-FGA2	-0.00724696692324622	0.00724696692324622	False
REMOVE_AB_ENERGY	2	1.2658636177043805	True	TH_CG312-CG312-SG3O1	-0.018933569495520046	0.018933569495520046	False
REMOVE_AB_ENERGY	2	1.2658636177043805	True	TH_FGA3-CG302-FGA3	-0.03278034444707841	0.03278034444707841	False
REMOVE_AB_ENERGY	2	1.2658636177043805	True	LAMBDA_CS	-0.09024187941025241	0.09024187941025241	False
REMOVE_AB_ENERGY	2	1.2658636177043805	True	LAMBDA_CC	0.01940729956331356	0.01940729956331356	False
REMOVE_AB_ENERGY	3	1.2625194996875964	True	R_OG2P1-SG3O1	-0.788495173635871	0.788495173635871	False
REMOVE_AB_ENERGY	3	1.2625194996875964	True	R_CG312-SG3O1	-0.3528330163897492	0.3528330163897492	False
REMOVE_AB_ENERGY	3	1.2625194996875964	True	R_CG312-CG312	0.07112015995073594	0.07112015995073594	False
REMOVE_AB_ENERGY	3	1.2625194996875964	True	R_CG302-CG312	-0.22537659055495024	0.22537659055495024	False
REMOVE_AB_ENERGY	3	1.2625194996875964	True	TH_OG2P1-SG3O1-OG2P1	0.24328721640347356	0.24328721640347356	False
REMOVE_AB_ENERGY	3	1.2625194996875964	True	TH_FGA2-CG312-FGA2	0.06386846332952668	0.06386846332952668	False
REMOVE_AB_ENERGY	3	1.2625194996875964	True	TH_CG312-CG312-SG3O1	0.03998586627147384	0.03998586627147384	False
REMOVE_AB_ENERGY	3	1.2625194996875964	True	TH_FGA3-CG302-FGA3	-0.025776257449422718	0.025776257449422718	False
REMOVE_AB_ENERGY	3	1.2625194996875964	True	LAMBDA_CS	0.3629378330821591	0.3629378330821591	False
REMOVE_AB_ENERGY	3	1.2625194996875964	True	LAMBDA_CC	-0.0260102493505573	0.0260102493505573	False
REMOVE_AB_ENERGY	4	1.1262799278468947	True	R_OG2P1-SG3O1	0.5506133009819383	0.5506133009819383	False
REMOVE_AB_ENERGY	4	1.1262799278468947	True	R_CG312-SG3O1	-0.7275855585080747	0.7275855585080747	False
REMOVE_AB_ENERGY	4	1.1262799278468947	True	R_CG312-CG312	-0.08901321017559956	0.08901321017559956	False
REMOVE_AB_ENERGY	4	1.1262799278468947	True	R_CG302-CG312	-0.058259090289302456	0.058259090289302456	False
REMOVE_AB_ENERGY	4	1.1262799278468947	True	TH_OG2P1-SG3O1-OG2P1	0.13110860887632925	0.13110860887632925	False
REMOVE_AB_ENERGY	4	1.1262799278468947	True	TH_FGA2-CG312-FGA2	0.0696678292797909	0.0696678292797909	False
REMOVE_AB_ENERGY	4	1.1262799278468947	True	TH_CG312-CG312-SG3O1	0.04656789598624736	0.04656789598624736	False
REMOVE_AB_ENERGY	4	1.1262799278468947	True	TH_FGA3-CG302-FGA3	-0.01731239612087216	0.01731239612087216	False
REMOVE_AB_ENERGY	4	1.1262799278468947	True	LAMBDA_CS	0.3622745326641337	0.3622745326641337	False
REMOVE_AB_ENERGY	4	1.1262799278468947	True	LAMBDA_CC	-0.019302224588654805	0.019302224588654805	False
REMOVE_AB_ENERGY	5	0.8384858470827284	True	R_OG2P1-SG3O1	0.20523901874774444	0.20523901874774444	False
REMOVE_AB_ENERGY	5	0.8384858470827284	True	R_CG312-SG3O1	0.5250712646941227	0.5250712646941227	False
REMOVE_AB_ENERGY	5	0.8384858470827284	True	R_CG312-CG312	0.18887850331299796	0.18887850331299796	False
REMOVE_AB_ENERGY	5	0.8384858470827284	True	R_CG302-CG312	0.012261737795536149	0.012261737795536149	False
REMOVE_AB_ENERGY	5	0.8384858470827284	True	TH_OG2P1-SG3O1-OG2P1	0.4489607589897948	0.4489607589897948	False
REMOVE_AB_ENERGY	5	0.8384858470827284	True	TH_FGA2-CG312-FGA2	0.3058747053474596	0.3058747053474596	False
REMOVE_AB_ENERGY	5	0.8384858470827284	True	TH_CG312-CG312-SG3O1	-0.1084129302984354	0.1084129302984354	False
REMOVE_AB_ENERGY	5	0.8384858470827284	True	TH_FGA3-CG302-FGA3	-0.008018892813204143	0.008018892813204143	False
REMOVE_AB_ENERGY	5	0.8384858470827284	True	LAMBDA_CS	0.5823518693746267	0.5823518693746267	False
REMOVE_AB_ENERGY	5	0.8384858470827284	True	LAMBDA_CC	-0.016589412358458656	0.016589412358458656	False
REMOVE_AB_ENERGY	6	0.5661423169404367	True	R_OG2P1-SG3O1	-0.05249519999877714	0.05249519999877714	False
REMOVE_AB_ENERGY	6	0.5661423169404367	True	R_CG312-SG3O1	-0.0996748488171787	0.0996748488171787	False
REMOVE_AB_ENERGY	6	0.5661423169404367	True	R_CG312-CG312	0.08928039505986514	0.08928039505986514	False
REMOVE_AB_ENERGY	6	0.5661423169404367	True	R_CG302-CG312	0.011189384162856413	0.011189384162856413	False
REMOVE_AB_ENERGY	6	0.5661423169404367	True	TH_OG2P1-SG3O1-OG2P1	-0.3460120995005793	0.3460120995005793	False
REMOVE_AB_ENERGY	6	0.5661423169404367	True	TH_FGA2-CG312-FGA2	0.9044686116930013	0.9044686116930013	False
REMOVE_AB_ENERGY	6	0.5661423169404367	True	TH_CG312-CG312-SG3O1	-0.03340442822485836	0.03340442822485836	False
REMOVE_AB_ENERGY	6	0.5661423169404367	True	TH_FGA3-CG302-FGA3	0.1482307154257916	0.1482307154257916	False
REMOVE_AB_ENERGY	6	0.5661423169404367	True	LAMBDA_CS	-0.13251148057939893	0.13251148057939893	False
REMOVE_AB_ENERGY	6	0.5661423169404367	True	LAMBDA_CC	0.027886401447486824	0.027886401447486824	False
REMOVE_AB_ENERGY	7	0.45005524313237844	True	R_OG2P1-SG3O1	-0.0032516701713431622	0.0032516701713431622	False
REMOVE_AB_ENERGY	7	0.45005524313237844	True	R_CG312-SG3O1	-0.0011136786636823902	0.0011136786636823902	False
REMOVE_AB_ENERGY	7	0.45005524313237844	True	R_CG312-CG312	0.029152634878889628	0.029152634878889628	False
REMOVE_AB_ENERGY	7	0.45005524313237844	True	R_CG302-CG312	-0.033586088079889095	0.033586088079889095	False
REMOVE_AB_ENERGY	7	0.45005524313237844	True	TH_OG2P1-SG3O1-OG2P1	-0.06654099710987202	0.06654099710987202	False
REMOVE_AB_ENERGY	7	0.45005524313237844	True	TH_FGA2-CG312-FGA2	-0.17411071134107403	0.17411071134107403	False
REMOVE_AB_ENERGY	7	0.45005524313237844	True	TH_CG312-CG312-SG3O1	-0.12529997374401866	0.12529997374401866	False
REMOVE_AB_ENERGY	7	0.45005524313237844	True	TH_FGA3-CG302-FGA3	0.9616450478427194	0.9616450478427194	False
REMOVE_AB_ENERGY	7	0.45005524313237844	True	LAMBDA_CS	0.12833444868759625	0.12833444868759625	False
REMOVE_AB_ENERGY	7	0.45005524313237844	True	LAMBDA_CC	0.07960545614052002	0.07960545614052002	False
REMOVE_AB_ENERGY	8	0.3428599718793401	True	R_OG2P1-SG3O1	0.03487532523202551	0.03487532523202551	False
REMOVE_AB_ENERGY	8	0.3428599718793401	True	R_CG312-SG3O1	-0.10015893560008632	0.10015893560008632	False
REMOVE_AB_ENERGY	8	0.3428599718793401	True	R_CG312-CG312	-0.018352938033184798	0.018352938033184798	False
REMOVE_AB_ENERGY	8	0.3428599718793401	True	R_CG302-CG312	-0.02918350439824866	0.02918350439824866	False
REMOVE_AB_ENERGY	8	0.3428599718793401	True	TH_OG2P1-SG3O1-OG2P1	0.764208569028355	0.764208569028355	False
REMOVE_AB_ENERGY	8	0.3428599718793401	True	TH_FGA2-CG312-FGA2	0.17599578886541314	0.17599578886541314	False
REMOVE_AB_ENERGY	8	0.3428599718793401	True	TH_CG312-CG312-SG3O1	0.09202574667011987	0.09202574667011987	False
REMOVE_AB_ENERGY	8	0.3428599718793401	True	TH_FGA3-CG302-FGA3	0.17402844888134408	0.17402844888134408	False
REMOVE_AB_ENERGY	8	0.3428599718793401	True	LAMBDA_CS	-0.5777167494429407	0.5777167494429407	False
REMOVE_AB_ENERGY	8	0.3428599718793401	True	LAMBDA_CC	-0.007928159567227637	0.007928159567227637	False
REMOVE_AB_ENERGY	9	0.2781602570786279	True	R_OG2P1-SG3O1	0.026688756259152225	0.026688756259152225	False
REMOVE_AB_ENERGY	9	0.2781602570786279	True	R_CG312-SG3O1	0.11654021922961884	0.11654021922961884	False
REMOVE_AB_ENERGY	9	0.2781602570786279	True	R_CG312-CG312	0.021553137909625084	0.021553137909625084	False
REMOVE_AB_ENERGY	9	0.2781602570786279	True	R_CG302-CG312	-0.010739045650778947	0.010739045650778947	False
REMOVE_AB_ENERGY	9	0.2781602570786279	True	TH_OG2P1-SG3O1-OG2P1	-0.06888064479212282	0.06888064479212282	False
REMOVE_AB_ENERGY	9	0.2781602570786279	True	TH_FGA2-CG312-FGA2	0.020756492907035642	0.020756492907035642	False
REMOVE_AB_ENERGY	9	0.2781602570786279	True	TH_CG312-CG312-SG3O1	0.9359976098184943	0.9359976098184943	False
REMOVE_AB_ENERGY	9	0.2781602570786279	True	TH_FGA3-CG302-FGA3	0.1314812524231622	0.1314812524231622	False
REMOVE_AB_ENERGY	9	0.2781602570786279	True	LAMBDA_CS	0.08902404671687279	0.08902404671687279	False
REMOVE_AB_ENERGY	9	0.2781602570786279	True	LAMBDA_CC	-0.2804402276648047	0.2804402276648047	False
REMOVE_AB_ENERGY	10	0.09467832761597034	False	R_OG2P1-SG3O1	0.0017463581969043287	0.0017463581969043287	False
REMOVE_AB_ENERGY	10	0.09467832761597034	False	R_CG312-SG3O1	0.015211483130821966	0.015211483130821966	False
REMOVE_AB_ENERGY	10	0.09467832761597034	False	R_CG312-CG312	0.027373984939525142	0.027373984939525142	False
REMOVE_AB_ENERGY	10	0.09467832761597034	False	R_CG302-CG312	0.012236339576185843	0.012236339576185843	False
REMOVE_AB_ENERGY	10	0.09467832761597034	False	TH_OG2P1-SG3O1-OG2P1	0.019518085318617096	0.019518085318617096	False
REMOVE_AB_ENERGY	10	0.09467832761597034	False	TH_FGA2-CG312-FGA2	0.0011009697624307269	0.0011009697624307269	False
REMOVE_AB_ENERGY	10	0.09467832761597034	False	TH_CG312-CG312-SG3O1	0.28764350215195994	0.28764350215195994	True
REMOVE_AB_ENERGY	10	0.09467832761597034	False	TH_FGA3-CG302-FGA3	-0.045877694857980315	0.045877694857980315	False
REMOVE_AB_ENERGY	10	0.09467832761597034	False	LAMBDA_CS	0.04102870954506092	0.04102870954506092	False
REMOVE_AB_ENERGY	10	0.09467832761597034	False	LAMBDA_CC	0.9549646213052785	0.9549646213052785	True
MVP_EQ_CORE	1	1.118745721518206	True	R_CG312-SG3O1	0.9885390527203424	0.9885390527203424	False
MVP_EQ_CORE	1	1.118745721518206	True	TH_CG312-CG312-SG3O1	-0.15096536439451355	0.15096536439451355	False
MVP_EQ_CORE	2	0.3380360633138676	True	R_CG312-SG3O1	0.15096536439451355	0.15096536439451355	False
MVP_EQ_CORE	2	0.3380360633138676	True	TH_CG312-CG312-SG3O1	0.9885390527203424	0.9885390527203424	False
MVP_EQ_CC_CORE	1	1.119090960411652	True	R_CG312-SG3O1	0.9881838198994185	0.9881838198994185	False
MVP_EQ_CC_CORE	1	1.119090960411652	True	TH_CG312-CG312-SG3O1	-0.15121620276837022	0.15121620276837022	False
MVP_EQ_CC_CORE	1	1.119090960411652	True	LAMBDA_CC	0.02502794656596565	0.02502794656596565	False
MVP_EQ_CC_CORE	2	0.34087895230567594	True	R_CG312-SG3O1	-0.15323543746267007	0.15323543746267007	False
MVP_EQ_CC_CORE	2	0.34087895230567594	True	TH_CG312-CG312-SG3O1	-0.9783135825038911	0.9783135825038911	False
MVP_EQ_CC_CORE	2	0.34087895230567594	True	LAMBDA_CC	0.1393608086731216	0.1393608086731216	False
MVP_EQ_CC_CORE	3	0.12995068162097	True	R_CG312-SG3O1	0.0034115677653870076	0.0034115677653870076	False
MVP_EQ_CC_CORE	3	0.12995068162097	True	TH_CG312-CG312-SG3O1	-0.14154926459970535	0.14154926459970535	False
MVP_EQ_CC_CORE	3	0.12995068162097	True	LAMBDA_CC	-0.989925334000835	0.989925334000835	False
MVP_EQ_CC_CS_CORE	1	1.1674422262564015	True	R_CG312-SG3O1	0.9159563114362719	0.9159563114362719	False
MVP_EQ_CC_CS_CORE	1	1.1674422262564015	True	TH_CG312-CG312-SG3O1	-0.12201509742761629	0.12201509742761629	False
MVP_EQ_CC_CS_CORE	1	1.1674422262564015	True	LAMBDA_CC	0.029502822310164236	0.029502822310164236	False
MVP_EQ_CC_CS_CORE	1	1.1674422262564015	True	LAMBDA_CS	-0.38113768511592255	0.38113768511592255	False
MVP_EQ_CC_CS_CORE	2	0.7785532366380091	True	R_CG312-SG3O1	-0.36054449533999056	0.36054449533999056	False
MVP_EQ_CC_CS_CORE	2	0.7785532366380091	True	TH_CG312-CG312-SG3O1	0.16557702084331016	0.16557702084331016	False
MVP_EQ_CC_CS_CORE	2	0.7785532366380091	True	LAMBDA_CC	0.024023681870175218	0.024023681870175218	False
MVP_EQ_CC_CS_CORE	2	0.7785532366380091	True	LAMBDA_CS	-0.917613633158361	0.917613633158361	False
MVP_EQ_CC_CS_CORE	3	0.33259557743885165	True	R_CG312-SG3O1	0.17575787802649398	0.17575787802649398	False
MVP_EQ_CC_CS_CORE	3	0.33259557743885165	True	TH_CG312-CG312-SG3O1	0.9642564709666921	0.9642564709666921	False
MVP_EQ_CC_CS_CORE	3	0.33259557743885165	True	LAMBDA_CC	-0.17095755125930678	0.17095755125930678	False
MVP_EQ_CC_CS_CORE	3	0.33259557743885165	True	LAMBDA_CS	0.10045965447833782	0.10045965447833782	False
MVP_EQ_CC_CS_CORE	4	0.12365143539638838	True	R_CG312-SG3O1	-0.011868897662193857	0.011868897662193857	False
MVP_EQ_CC_CS_CORE	4	0.12365143539638838	True	TH_CG312-CG312-SG3O1	-0.1670509633831689	0.1670509633831689	False
MVP_EQ_CC_CS_CORE	4	0.12365143539638838	True	LAMBDA_CC	-0.9845435296890419	0.9845435296890419	False
MVP_EQ_CC_CS_CORE	4	0.12365143539638838	True	LAMBDA_CS	-0.051255663574697866	0.051255663574697866	False
MVP_SHARED_CC_GUARD	1	1.4414328550973972	True	R_CG312-SG3O1	0.20103676359594913	0.20103676359594913	False
MVP_SHARED_CC_GUARD	1	1.4414328550973972	True	R_CG312-CG312	-0.9791830753643844	0.9791830753643844	False
MVP_SHARED_CC_GUARD	1	1.4414328550973972	True	TH_CG312-CG312-SG3O1	-0.01050301172922219	0.01050301172922219	False
MVP_SHARED_CC_GUARD	1	1.4414328550973972	True	LAMBDA_CC	0.025969431018580832	0.025969431018580832	False
MVP_SHARED_CC_GUARD	2	1.10348255982531	True	R_CG312-SG3O1	-0.967109711874876	0.967109711874876	False
MVP_SHARED_CC_GUARD	2	1.10348255982531	True	R_CG312-CG312	-0.2006799308122437	0.2006799308122437	False
MVP_SHARED_CC_GUARD	2	1.10348255982531	True	TH_CG312-CG312-SG3O1	0.15534195426565456	0.15534195426565456	False
MVP_SHARED_CC_GUARD	2	1.10348255982531	True	LAMBDA_CC	-0.01718277659210265	0.01718277659210265	False
MVP_SHARED_CC_GUARD	3	0.34000341355677194	True	R_CG312-SG3O1	-0.15582518975498658	0.15582518975498658	False
MVP_SHARED_CC_GUARD	3	0.34000341355677194	True	R_CG312-CG312	-0.017593251175430757	0.017593251175430757	False
MVP_SHARED_CC_GUARD	3	0.34000341355677194	True	TH_CG312-CG312-SG3O1	-0.9764747710368633	0.9764747710368633	False
MVP_SHARED_CC_GUARD	3	0.34000341355677194	True	LAMBDA_CC	0.148006787950438	0.148006787950438	False
MVP_SHARED_CC_GUARD	4	0.12511921324450656	True	R_CG312-SG3O1	0.0012389987823444423	0.0012389987823444423	False
MVP_SHARED_CC_GUARD	4	0.12511921324450656	True	R_CG312-CG312	0.024870621267225564	0.024870621267225564	False
MVP_SHARED_CC_GUARD	4	0.12511921324450656	True	TH_CG312-CG312-SG3O1	0.14918306042593588	0.14918306042593588	False
MVP_SHARED_CC_GUARD	4	0.12511921324450656	True	LAMBDA_CC	0.9884959947120429	0.9884959947120429	False
MVP_SHARED_CC_CS_GUARD	1	1.4438742288078152	True	R_CG312-SG3O1	0.1758632566756583	0.1758632566756583	False
MVP_SHARED_CC_CS_GUARD	1	1.4438742288078152	True	R_CG312-CG312	-0.981273160793951	0.981273160793951	False
MVP_SHARED_CC_CS_GUARD	1	1.4438742288078152	True	TH_CG312-CG312-SG3O1	-0.008919442739168337	0.008919442739168337	False
MVP_SHARED_CC_CS_GUARD	1	1.4438742288078152	True	LAMBDA_CC	0.02449915515168271	0.02449915515168271	False
MVP_SHARED_CC_CS_GUARD	1	1.4438742288078152	True	LAMBDA_CS	0.07413051864755749	0.07413051864755749	False
MVP_SHARED_CC_CS_GUARD	2	1.1618243241631774	True	R_CG312-SG3O1	-0.8937994746876811	0.8937994746876811	False
MVP_SHARED_CC_CS_GUARD	2	1.1618243241631774	True	R_CG312-CG312	-0.1308945111686815	0.1308945111686815	False
MVP_SHARED_CC_CS_GUARD	2	1.1618243241631774	True	TH_CG312-CG312-SG3O1	0.12129939598562262	0.12129939598562262	False
MVP_SHARED_CC_CS_GUARD	2	1.1618243241631774	True	LAMBDA_CC	-0.025193895340480003	0.025193895340480003	False
MVP_SHARED_CC_CS_GUARD	2	1.1618243241631774	True	LAMBDA_CS	0.4106590436907888	0.4106590436907888	False
MVP_SHARED_CC_CS_GUARD	3	0.7608879415647182	True	R_CG312-SG3O1	-0.36996258400441234	0.36996258400441234	False
MVP_SHARED_CC_CS_GUARD	3	0.7608879415647182	True	R_CG312-CG312	-0.13509440839724962	0.13509440839724962	False
MVP_SHARED_CC_CS_GUARD	3	0.7608879415647182	True	TH_CG312-CG312-SG3O1	0.18279676527757907	0.18279676527757907	False
MVP_SHARED_CC_CS_GUARD	3	0.7608879415647182	True	LAMBDA_CC	0.0349463462411957	0.0349463462411957	False
MVP_SHARED_CC_CS_GUARD	3	0.7608879415647182	True	LAMBDA_CS	-0.9001340359885407	0.9001340359885407	False
MVP_SHARED_CC_CS_GUARD	4	0.33047613443529095	True	R_CG312-SG3O1	-0.18137286408677586	0.18137286408677586	False
MVP_SHARED_CC_CS_GUARD	4	0.33047613443529095	True	R_CG312-CG312	-0.02730530464459513	0.02730530464459513	False
MVP_SHARED_CC_CS_GUARD	4	0.33047613443529095	True	TH_CG312-CG312-SG3O1	-0.9586913542386815	0.9586913542386815	False
MVP_SHARED_CC_CS_GUARD	4	0.33047613443529095	True	LAMBDA_CC	0.18827062242649406	0.18827062242649406	False
MVP_SHARED_CC_CS_GUARD	4	0.33047613443529095	True	LAMBDA_CS	-0.10873529578921942	0.10873529578921942	False
MVP_SHARED_CC_CS_GUARD	5	0.11580959607567322	True	R_CG312-SG3O1	0.02064423912850418	0.02064423912850418	False
MVP_SHARED_CC_CS_GUARD	5	0.11580959607567322	True	R_CG312-CG312	0.031201474475136923	0.031201474475136923	False
MVP_SHARED_CC_CS_GUARD	5	0.11580959607567322	True	TH_CG312-CG312-SG3O1	0.18084006742644815	0.18084006742644815	False
MVP_SHARED_CC_CS_GUARD	5	0.11580959607567322	True	LAMBDA_CC	0.9808659361247887	0.9808659361247887	False
MVP_SHARED_CC_CS_GUARD	5	0.11580959607567322	True	LAMBDA_CS	0.061637397289490733	0.061637397289490733	False
