observable_id	kind	family	variable_id	J_h_raw	J_2h_raw	J_h_tight_raw	endpoint_rounding_raw	binary_arithmetic_bound_raw	uncertainty_envelope_raw	J_h_normalized	J_2h_normalized	J_h_tight_normalized	uncertainty_envelope_normalized	step_disagreement_normalized	convergence_disagreement_normalized
BOND|A|S1-O1	bond	OG2P1-SG3O1	R_OG2P1-SG3O1	8.591266053276202	8.586579177534304	8.589735707328238	6.0621814365845566e-05	1.213385818642916e-11	0.00627784350422823	0.4772925585153445	0.47703217652968355	0.4772075392960132	0.000348769083568235	0.0002603819856609735	8.501921933135037e-05
BOND|A|S1-O1	bond	OG2P1-SG3O1	R_CG312-SG3O1	-0.026949775598583692	-0.02947299258920788	-0.030522142639988203	6.062181436575211e-05	1.2133834819871051e-11	0.0061562058463944525	-0.0014972097554768716	-0.0016373884771782154	-0.0016956745911104556	0.00034201143591080287	0.00014017872170134379	0.000198464835633584
BOND|A|S1-O1	bond	OG2P1-SG3O1	R_CG312-CG312	-0.024846550938151246	-0.02190235351079428	-0.022828992801371406	6.062181436567609e-05	1.2133815818201838e-11	0.005022377378502481	-0.0013803639410084024	-0.0012167974172663488	-0.001268277377853967	0.00027902096547236004	0.0001635665237420536	0.00011208656315443537
BOND|A|S1-O1	bond	OG2P1-SG3O1	R_CG302-CG312	0.017960079584988797	0.005937261636723701	0.01028704888361709	6.06218143657178e-05	1.2133826242861678e-11	0.019756470464002522	0.0009977821991660443	0.00032984786870687225	0.000571502715756505	0.0010975816924445846	0.0006679343304591721	0.0004262794834095394
BOND|A|S1-O1	bond	OG2P1-SG3O1	TH_OG2P1-SG3O1-OG2P1	-0.000669894420609829	-0.0006680648238060471	-0.0006669943190246164	6.062181436612299e-08	1.2133927540023528e-14	4.7903202033605195e-06	-0.018608178350273025	-0.01855735621683464	-0.018527619972906008	0.00013306445009334775	5.082213343838432e-05	8.055837736701751e-05
BOND|A|S1-O1	bond	OG2P1-SG3O1	TH_FGA2-CG312-FGA2	1.2420105789501257e-05	1.4947046213353854e-05	1.611882352592353e-05	6.06218143656963e-08	1.2133820869815974e-14	6.286279974640568e-06	0.0003450029385972571	0.0004151957281487181	0.00044774509794232026	0.0001746188881844602	7.0192789551461e-05	0.00010274215934506315
BOND|A|S1-O1	bond	OG2P1-SG3O1	TH_CG312-CG312-SG3O1	8.280629111290239e-06	9.181746287167947e-06	7.135817946424261e-06	6.062181436577218e-08	1.2133839838094042e-14	2.106550155109458e-06	0.0002300174753136177	0.0002550485079768874	0.00019821716517845166	5.851528208637382e-05	2.5031032663269697e-05	3.180031013516604e-05
BOND|A|S1-O1	bond	OG2P1-SG3O1	TH_FGA3-CG302-FGA3	-1.894340365127256e-05	-1.0852574917008528e-05	-1.3593012181956077e-05	6.062181436565475e-08	1.2133810481531144e-14	1.3501842017946172e-05	-0.0005262056569797933	-0.000301460414361348	-0.0003775836717210021	0.0003750511671651714	0.00022474524261844534	0.00014862198525879126
BOND|A|S1-O1	bond	OG2P1-SG3O1	LAMBDA_CS	-0.00040662081079334556	-0.0003738751013337982	-0.0003396622304974173	1.2124362873134982e-06	2.4267631042202226e-13	0.00010091672604278913	-0.0011295022522037376	-0.0010385419481494394	-0.0009435061958261591	0.00028032423900774755	9.096030405429819e-05	0.0001859960563775785
BOND|A|S1-O1	bond	OG2P1-SG3O1	LAMBDA_CC	-1.8603770408631704e-05	4.45393541603778e-06	1.8833934976036915e-05	1.21243628731419e-06	2.4267648336858537e-13	6.17078474966523e-05	-5.167714002397695e-05	1.2372042822327166e-05	5.231648604454698e-05	0.0001714106874907008	6.404918284630412e-05	0.00010399362606852393
BOND|A|S1-O2	bond	OG2P1-SG3O1	R_OG2P1-SG3O1	8.577394648112913	8.57572598977896	8.576885653124755	6.062181441113254e-05	1.2145179928472679e-11	0.002238275136521861	0.47652192489516176	0.4764292216543866	0.4764936473958197	0.00012434861869565895	9.270324077514935e-05	2.8277499342088674e-05
BOND|A|S1-O2	bond	OG2P1-SG3O1	R_CG312-SG3O1	-0.0706242144947744	-0.06761255959436552	-0.06336840953347078	6.062181441113995e-05	1.2145181780538038e-11	0.010328081676123653	-0.003923567471931911	-0.003756253310798084	-0.003520467196303932	0.000573782315340203	0.0001673141611338272	0.0004031002756279792
BOND|A|S1-O2	bond	OG2P1-SG3O1	R_CG312-CG312	-0.003996359271951633	-0.010545455504440415	-0.0073335868371326995	6.062181441113156e-05	1.2145179684180391e-11	0.00994694561208098	-0.00022201995955286848	-0.0005858586391355786	-0.0004074214909518166	0.0005526080895600544	0.00036383867958271016	0.00018540153139894814
BOND|A|S1-O2	bond	OG2P1-SG3O1	R_CG302-CG312	-0.003896877128983789	-0.005265027349654616	-0.0057862388402885045	6.062181441120635e-05	1.2145198379794005e-11	0.0033181337463867493	-0.00021649317383243272	-0.00029250151942525647	-0.00032145771334936133	0.00018434076368815274	7.600834559282375e-05	0.00010496453951692862
BOND|A|S1-O2	bond	OG2P1-SG3O1	TH_OG2P1-SG3O1-OG2P1	-0.0005624464482092417	-0.0005650196060784096	-0.0005636218246850566	6.062181441161047e-08	1.2145299411753158e-14	3.8091561593944008e-06	-0.015623512450256713	-0.0156949890577336	-0.015656161796807126	0.00010580989331651113	7.147660747688564e-05	3.2649346550412545e-05
BOND|A|S1-O2	bond	OG2P1-SG3O1	TH_FGA2-CG312-FGA2	3.6374832483421216e-05	4.033698075306402e-05	3.654855184465067e-05	6.062181441117717e-08	1.2145191086142581e-14	4.196489445283436e-06	0.001010412013428367	0.0011204716875851115	0.0010152375512402962	0.00011656915125787321	0.00011005967415674456	4.825537811929291e-06
BOND|A|S1-O2	bond	OG2P1-SG3O1	TH_CG312-CG312-SG3O1	-3.351573738985536e-06	-1.0381541772963576e-05	-7.723703167372697e-06	6.062181441114867e-08	1.2145183959341907e-14	1.146271927677635e-05	-9.3099270527376e-05	-0.0002883761603600993	-0.00021454731020479714	0.000318408868799343	0.0001952768898327233	0.00012144803967742115
BOND|A|S1-O2	bond	OG2P1-SG3O1	TH_FGA3-CG302-FGA3	2.1969950816713713e-05	1.4798331283705224e-05	1.703754925730383e-05	6.062181441116455e-08	1.2145187930722596e-14	1.2164642906829535e-05	0.0006102764115753809	0.00041106475788070063	0.00047326525714732855	0.0003379067474119315	0.00019921165369468023	0.0001370111544280523
BOND|A|S1-O2	bond	OG2P1-SG3O1	LAMBDA_CS	2.628396795989474e-05	9.139914499800561e-05	1.6667354416632918e-05	1.2124362882221742e-06	2.4290347937892265e-13	7.594422686959486e-05	7.301102211081872e-05	0.0002538865138833489	4.6298206712869217e-05	0.0002109561857488746	0.0001808754917725302	2.6712815397949503e-05
BOND|A|S1-O2	bond	OG2P1-SG3O1	LAMBDA_CC	-9.317080938542333e-05	2.5249429175255855e-05	1.3646216874274586e-05	1.2124362882226216e-06	2.4290359130438853e-13	0.0002264497011085997	-0.0002588078038483981	7.01373032645996e-05	3.7906157984096074e-05	0.0006290269475238881	0.0003289451071129977	0.0002967139618324942
BOND|A|S1-O3	bond	OG2P1-SG3O1	R_OG2P1-SG3O1	8.57291993229825	8.575806391059038	8.574155587542043	6.062181438146543e-05	1.2137763150836261e-11	0.004182735818962089	0.476273329572125	0.4764336883921687	0.476341977085669	0.00023237421216456048	0.0001603588200437267	6.864751354401788e-05
BOND|A|S1-O3	bond	OG2P1-SG3O1	R_CG312-SG3O1	-0.04100930095729538	-0.04683334919741711	-0.04624362038740948	6.062181438131393e-05	1.2137725276889044e-11	0.011118989484617139	-0.002278294497627521	-0.002601852733189839	-0.002569090021522749	0.0006177216380342855	0.0003235582355623182	0.0002907955238952279
BOND|A|S1-O3	bond	OG2P1-SG3O1	R_CG312-CG312	-0.0069643852784739835	-0.00475015299139514	-0.009171277747244133	6.062181438137138e-05	1.2137739640352769e-11	0.004481746570230365	-0.00038691029324855464	-0.0002638973884108411	-0.0005095154304024518	0.0002489859205683536	0.00012301290483771353	0.0001226051371538972
BOND|A|S1-O3	bond	OG2P1-SG3O1	R_CG302-CG312	-0.01205084553534963	-0.005621636437025401	-0.004003980790479034	6.062181438132448e-05	1.2137727915633492e-11	0.01453669565757615	-0.000669491418630535	-0.00031231313539030003	-0.00022244337724883518	0.0008075942031986749	0.00035717828324023496	0.00044704804138169984
BOND|A|S1-O3	bond	OG2P1-SG3O1	TH_OG2P1-SG3O1-OG2P1	-0.0006321926433217051	-0.0006293396880845403	-0.000633587168389127	6.062181438166172e-08	1.213781222055632e-14	4.308102118968321e-06	-0.017560906758936252	-0.01748165800234834	-0.017599643566364637	0.00011966950330467557	7.924875658791089e-05	3.873680742838559e-05
BOND|A|S1-O3	bond	OG2P1-SG3O1	TH_FGA2-CG312-FGA2	3.216107510162214e-05	2.4676380864119274e-05	2.5911096313668835e-05	6.06218143813278e-08	1.2137728745429642e-14	1.3795294839837496e-05	0.0008933631972672815	0.0006854550240033131	0.0007197526753796898	0.0003832026344399304	0.00020790817326396841	0.00017361052188759167
BOND|A|S1-O3	bond	OG2P1-SG3O1	TH_CG312-CG312-SG3O1	-1.697480579099242e-05	-1.0169431806483775e-05	-1.132891776678413e-05	6.062181438130695e-08	1.2137723532800744e-14	1.2511883823098242e-05	-0.0004715223830831227	-0.0002824842168467715	-0.00031469216018844805	0.00034755232841939557	0.00018903816623635122	0.00015683022289467467
BOND|A|S1-O3	bond	OG2P1-SG3O1	TH_FGA3-CG302-FGA3	1.2520799323123555e-05	8.405405764688734e-06	1.0121245275329649e-05	6.062181438136548e-08	1.213773816664399e-14	6.575569420610092e-06	0.0003477999811978765	0.00023348349346357592	0.0002811457020924902	0.0001826547061280581	0.00011431648773430059	6.66542791053863e-05
BOND|A|S1-O3	bond	OG2P1-SG3O1	LAMBDA_CS	2.3509841045044055e-05	-2.888350274066198e-05	-2.8380602976607605e-05	1.2124362876273923e-06	2.4275478394007767e-13	0.00010549622409498509	6.530511401401126e-05	-8.023195205739439e-05	-7.883500826835445e-05	0.0002930450669305141	0.00014553706607140564	0.00014414012228236572
BOND|A|S1-O3	bond	OG2P1-SG3O1	LAMBDA_CC	0.00013384026110729863	-3.30411949200915e-05	-3.7160260091262387e-06	1.2124362876266702e-06	2.427546034298582e-13	0.0003056501794314417	0.0003717785030758295	-9.178109700025416e-05	-1.0322294469795108e-05	0.0008490282761984491	0.00046355960007608366	0.0003821007975456246
BOND|A|S1-C2	bond	CG312-SG3O1	R_OG2P1-SG3O1	-0.4077415293621822	-0.4113125810194518	-0.40818294673672373	6.0621822264483296e-05	1.4108517616964535e-11	0.004073090854075556	-0.03923494695617427	-0.039578571562110046	-0.03927742236284369	0.0003919333501723875	0.0003436246059357745	4.247540666942051e-05
BOND|A|S1-C2	bond	CG312-SG3O1	R_CG312-SG3O1	7.151357155979254	7.156390342034191	7.150446015648404	6.0621822264189274e-05	1.4108444112429312e-11	0.006004948208051425	0.6881396631792966	0.6886239817332465	0.6880519886600823	0.0005778264107313753	0.00048431855394981405	8.767451921432023e-05
BOND|A|S1-C2	bond	CG312-SG3O1	R_CG312-CG312	-1.1246305935219691	-1.1180582211626766	-1.1252245094792723	6.062182226445665e-05	1.410851095823307e-11	0.007226910138860171	-0.10821762931813293	-0.10758520249299093	-0.10827477890777043	0.0006954097523466927	0.0006324268251420018	5.7149589637497944e-05
BOND|A|S1-C2	bond	CG312-SG3O1	R_CG302-CG312	-0.04311663061118409	-0.042855466929725416	-0.04933253085959155	6.0621822264300405e-05	1.4108471894364115e-11	0.006537685752130434	-0.004148899714986133	-0.00412376922802068	-0.004747024995265118	0.0006290891048116147	2.513048696545315e-05	0.0005981252802789846
BOND|A|S1-C2	bond	CG312-SG3O1	TH_OG2P1-SG3O1-OG2P1	0.0011104583468967144	0.0011116549075838034	0.0011138800446894859	6.062182226484796e-08	1.410860878304028e-14	4.678880302125264e-06	0.05342695212539042	0.05348452167828979	0.053591578637202264	0.00022511273349483824	5.756955289937249e-05	0.00016462651181184396
BOND|A|S1-C2	bond	CG312-SG3O1	TH_FGA2-CG312-FGA2	0.0009183106287786735	0.0009150711613314377	0.0009133914401188159	6.062182226431964e-08	1.4108476702184639e-14	8.219277929357751e-06	0.04418224072708848	0.0440263817768641	0.043945566152341534	0.0003954501937549207	0.00015585895022438012	0.0002366745747469437
BOND|A|S1-C2	bond	CG312-SG3O1	TH_CG312-CG312-SG3O1	-0.0007878624735512263	-0.0007896418603542399	-0.0007888143623806521	6.062182226444954e-08	1.4108509179868354e-14	2.791897454703806e-06	-0.03790605093243375	-0.03799166171990978	-0.03795184870509271	0.00013432522891858946	8.561078747602868e-05	4.579777265895785e-05
BOND|A|S1-C2	bond	CG312-SG3O1	TH_FGA3-CG302-FGA3	8.015642884151575e-05	8.099353727136771e-05	7.892874506876257e-05	6.062182226411243e-08	1.4108424901265247e-14	2.1254140248692494e-06	0.0038565279807440175	0.003896803378853679	0.0037974610176874524	0.00010225902994980561	4.027539810966133e-05	5.906696305656503e-05
BOND|A|S1-C2	bond	CG312-SG3O1	LAMBDA_CS	-0.0010114759939860996	-0.0008885025256244461	-0.000944193919807379	1.2124364452841317e-06	2.8216896875303004e-13	0.00019146797898565815	-0.004866466145055991	-0.004274809769541137	-0.004542755114733318	0.0009212007434046946	0.0005916563755148548	0.00032371103032267316
BOND|A|S1-C2	bond	CG312-SG3O1	LAMBDA_CC	9.112892277451934e-05	1.052695599579323e-06	0.00012174125940900282	1.2124364452879696e-06	2.82169928315539e-13	0.00012190100025471146	0.000438444234123578	5.064784064932139e-06	0.0005857279074272654	0.0005864964609295192	0.00043337945005864585	0.00014728367330368733
BOND|A|F1-C1	bond	CG312-FGA2	R_OG2P1-SG3O1	-0.03356771065976538	-0.03312149062323355	-0.03203447143251825	6.0621812225594583e-05	1.1598795442039277e-11	0.0020400810760045547	-0.0013186642131348923	-0.0013011350345941718	-0.001258432887870022	8.014195350073162e-05	1.752917854072047e-05	6.0231325264870376e-05
BOND|A|F1-C1	bond	CG312-FGA2	R_CG312-SG3O1	-0.06862514874106385	-0.06329412207733975	-0.0637149843265572	6.062181222559577e-05	1.1598795737325246e-11	0.010301812890456334	-0.00269585044637454	-0.0024864279405631172	-0.002502960971139066	0.0004046934307420368	0.0002094225058114226	0.0001928894752354737
BOND|A|F1-C1	bond	CG312-FGA2	R_CG312-CG312	-0.3347270945330827	-0.32878256774332426	-0.33009116525173354	6.0621812225801036e-05	1.1598847053676114e-11	0.010641077883333381	-0.013149322132845186	-0.012915799065957224	-0.01296720563107056	0.0004180210183577349	0.00023352306688796155	0.00018211650177462659
BOND|A|F1-C1	bond	CG312-FGA2	R_CG302-CG312	-0.028895065314893387	-0.026850624538776735	-0.024975940088101112	6.062181222548689e-05	1.1598768517361782e-11	0.006024187815134413	-0.0011351053681660733	-0.0010547921494701636	-0.0009811475890447352	0.00023665244751238423	8.031321869590973e-05	0.00015395777912133811
BOND|A|F1-C1	bond	CG312-FGA2	TH_OG2P1-SG3O1-OG2P1	-6.391305784836376e-06	-6.309708913909695e-06	-3.4881268431430357e-06	6.062181222560162e-08	1.1598797198544955e-14	3.0453976248456234e-06	-0.00012553710169707253	-0.00012393438778718753	-6.851328178959071e-05	5.981725866493738e-05	1.6027139098850006e-06	5.702381990748182e-05
BOND|A|F1-C1	bond	CG312-FGA2	TH_FGA2-CG312-FGA2	-0.00012284962699671276	-0.00012768820675923553	-0.0001266314125527579	6.062181222564476e-08	1.1598807986469697e-14	8.680987130793557e-06	-0.0024129945643225985	-0.0025080332465834835	-0.002487275847980178	0.00017051069076603543	9.503868226088492e-05	7.428128365757946e-05
BOND|A|F1-C1	bond	CG312-FGA2	TH_CG312-CG312-SG3O1	-2.1664105104957088e-05	-2.5340968816289777e-05	-2.5910661801242796e-05	6.06218122255773e-08	1.1598791118295682e-14	7.984042219843974e-06	-0.0004255232118903683	-0.000497743635884315	-0.0005089334629080562	0.00015682139985920474	7.222042399394668e-05	8.341025101768793e-05
BOND|A|F1-C1	bond	CG312-FGA2	TH_FGA3-CG302-FGA3	2.5665083913106734e-05	2.753401009519818e-05	2.9619042318795863e-05	6.062181222551476e-08	1.1598775480701455e-14	5.883506400006089e-06	0.0005041098576299874	0.0005408190347659303	0.0005817729354408855	0.00011556297979440994	3.670917713594285e-05	7.766307781089808e-05
BOND|A|F1-C1	bond	CG312-FGA2	LAMBDA_CS	-9.9878673947007e-05	-1.0150977262091132e-05	-4.8745160350360806e-05	1.2124362445119622e-06	2.319759263723336e-13	0.00014207364652607402	-0.0001961802434551356	-1.9938402382486375e-05	-9.574453731601599e-05	0.00027905899690690983	0.0001762418410726492	0.0001004357061391196
BOND|A|F1-C1	bond	CG312-FGA2	LAMBDA_CC	-1.1003716848811962e-06	-2.6392251580853454e-05	-1.6079607947361296e-05	1.2124362445114982e-06	2.319758104001479e-13	4.1483552402963855e-05	-2.161334111681002e-06	-5.1839277954452386e-05	-3.158333282888966e-05	8.148139225512012e-05	4.967794384277138e-05	2.9421998717208656e-05
BOND|A|F2-C1	bond	CG312-FGA2	R_OG2P1-SG3O1	-0.023222972380554374	-0.02512034861829049	-0.025251856108243764	6.062181229229899e-05	1.1615471542274111e-11	0.003986881777717804	-0.00091228451386655	-0.0009868204918757402	-0.0009919865939825615	0.00015661950782296316	7.453597800919027e-05	7.970208011601155e-05
BOND|A|F2-C1	bond	CG312-FGA2	R_CG312-SG3O1	-0.037999899847984686	-0.039110813601805905	-0.039069759260712544	6.06218122923036e-05	1.1615472691576363e-11	0.0022413949788413806	-0.0014927770481622017	-0.0015364178619755565	-0.0015348050951430976	8.805031049201215e-05	4.364081381335477e-05	4.20280469808959e-05
BOND|A|F2-C1	bond	CG312-FGA2	R_CG312-CG312	-0.3999404226987524	-0.3999588811571808	-0.4002864533806383	6.062181229255088e-05	1.1615534515323784e-11	0.0004251109526068345	-0.015711143608939004	-0.01571186872566817	-0.015724736977920123	1.669993540805365e-05	7.251167291645599e-07	1.3593368981119208e-05
BOND|A|F2-C1	bond	CG312-FGA2	R_CG302-CG312	-0.07924132436498699	-0.0732724160576459	-0.07481400723130527	6.0621812292379804e-05	1.1615491743591875e-11	0.01045684725331519	-0.0031128932115936166	-0.0028784123482379718	-0.002938971768944187	0.00041078375570283864	0.0002344808633556448	0.00017392144264942976
BOND|A|F2-C1	bond	CG312-FGA2	TH_OG2P1-SG3O1-OG2P1	6.554236187417128e-05	6.454275256434494e-05	6.545119950840395e-05	6.062181229237526e-08	1.1615490608768663e-14	1.1513934878860578e-06	0.0012873735704502542	0.0012677393892970483	0.0012855829724773905	2.2615503974951733e-05	1.9634181153205862e-05	1.7905979728637111e-06
BOND|A|F2-C1	bond	CG312-FGA2	TH_FGA2-CG312-FGA2	-6.419161330606382e-05	-6.233636408126131e-05	-6.113301456489584e-05	6.062181229241645e-08	1.1615500904325341e-14	4.974469778262914e-06	-0.0012608423628895095	-0.0012244018265659279	-0.0012007658098114951	9.770781425047911e-05	3.644053632358168e-05	6.007655307801443e-05
BOND|A|F2-C1	bond	CG312-FGA2	TH_CG312-CG312-SG3O1	7.511648802083215e-06	5.6076329493226496e-06	5.7999620014514974e-06	6.062181229231204e-08	1.1615474802508214e-14	3.6763244656845953e-06	0.00014754271682902357	0.00011014431346864348	0.00011392201282918484	7.220983220909967e-05	3.739840336038009e-05	3.3620703999838724e-05
BOND|A|F2-C1	bond	CG312-FGA2	TH_FGA3-CG302-FGA3	-1.2506844091153546e-05	-1.1874746025541949e-05	-1.212035411846113e-05	6.062181229230098e-08	1.1615472039195923e-14	1.0792098505963145e-06	-0.000245657618558266	-0.0002332420399869088	-0.000238066238542949	2.1197683435554857e-05	1.2415578571357215e-05	7.591380015317e-06
BOND|A|F2-C1	bond	CG312-FGA2	LAMBDA_CS	0.00014172174975790597	0.00021936392263777194	0.00014879540528367485	1.2124362458472929e-06	2.3230975911512353e-13	8.592826465148215e-05	0.00027836780637621744	0.0004308714367912493	0.00029226177801524206	0.0001687790517518204	0.00015250363041503188	1.389397163902462e-05
BOND|A|F2-C1	bond	CG312-FGA2	LAMBDA_CC	-4.384407154001124e-05	-0.00011144619867953232	-3.5324115357227015e-05	1.212436245848433e-06	2.32310044113322e-13	7.733451956815373e-05	-8.61178897243613e-05	-0.00021890100784377936	-6.93831153014197e-05	0.00015189934224012574	0.00013278311811941806	1.6734774422941606e-05
BOND|A|F3-C2	bond	CG312-FGA2	R_OG2P1-SG3O1	-0.06183331443720963	-0.0652514945820859	-0.06397240062538945	6.0621811875698764e-05	1.151132148461296e-11	0.005617888144931787	-0.002429041996766166	-0.002563320794530567	-0.002513073238388634	0.00022069148906826559	0.00013427879776440124	8.403124162246816e-05
BOND|A|F3-C2	bond	CG312-FGA2	R_CG312-SG3O1	-0.3850698448495393	-0.3827820984965147	-0.38399973323233194	6.062181187577447e-05	1.1511340410914321e-11	0.0034184797821078	-0.015126972140197835	-0.01503710097576125	-0.015084934185689288	0.00013429056862652983	8.987116443658419e-05	4.203795450854683e-05
BOND|A|F3-C2	bond	CG312-FGA2	R_CG312-CG312	-0.1789840960920719	-0.17915809951180028	-0.1804843071240292	6.062181187585909e-05	1.1511361568011956e-11	0.0017348362635615552	-0.0070311593372915935	-0.007037994837182682	-0.007090093192508698	6.815080478959491e-05	6.835499891088767e-06	5.893385521710433e-05
BOND|A|F3-C2	bond	CG312-FGA2	R_CG302-CG312	-0.0015799866256438477	-0.0020984062598650155	5.4090621537383754e-05	6.062181187567652e-05	1.151131592338902e-11	0.0022131186932780756	-6.206773650982311e-05	-8.24331831130474e-05	2.124880293759954e-06	8.693951308820214e-05	2.036544660322429e-05	6.419261680358307e-05
BOND|A|F3-C2	bond	CG312-FGA2	TH_OG2P1-SG3O1-OG2P1	8.783005717127867e-05	8.860705533303426e-05	9.117680537273909e-05	6.062181187574482e-08	1.15113329973548e-14	4.184368175091742e-06	0.001725145250494814	0.0017404069357488934	0.0017908815934997181	8.218875309968193e-05	1.5261685254079312e-05	6.573634300490404e-05
BOND|A|F3-C2	bond	CG312-FGA2	TH_FGA2-CG312-FGA2	-1.4403923462746882e-05	-1.9406519826903335e-05	-1.9435236856879534e-05	6.062181187591541e-08	1.1511375647957148e-14	1.009453157016502e-05	-0.0002829197765611205	-0.00038118004913429256	-0.00038174410487406223	0.00019827532572681592	9.826027257317207e-05	9.882432831294173e-05
BOND|A|F3-C2	bond	CG312-FGA2	TH_CG312-CG312-SG3O1	0.00014873069375664905	0.00014625879395469	0.00014459095428442925	6.062181187568521e-08	1.1511318095659958e-14	6.672261086054534e-06	0.002921346725719618	0.0028727940281535365	0.002840034563132056	0.0001310555849943411	4.8552697566081604e-05	8.131216258756195e-05
BOND|A|F3-C2	bond	CG312-FGA2	TH_FGA3-CG302-FGA3	-2.4940483039914696e-05	-2.9114889324777238e-05	-2.5859092760982527e-05	6.0621811875713e-08	1.1511325041592165e-14	5.153637817806086e-06	-0.0004898773523219934	-0.000571870435417939	-0.0005079205512950752	0.00010122700690972568	8.199308309594564e-05	1.8043198973081748e-05
BOND|A|F3-C2	bond	CG312-FGA2	LAMBDA_CS	-5.9801716940643956e-05	-2.372359443669758e-05	-4.8092949944678054e-05	1.2124362375142338e-06	2.3022649427811005e-13	4.899932573742651e-05	-0.00011746166548702163	-4.659754027863421e-05	-9.446347509207514e-05	9.624376528473006e-05	7.086412520838742e-05	2.2998190394946485e-05
BOND|A|F3-C2	bond	CG312-FGA2	LAMBDA_CC	-0.00018113145221265725	-0.000163831949112625	-0.00017745796750956444	1.212436237514747e-06	2.3022662265036983e-13	2.2185424040639812e-05	-0.0003557757726270473	-0.00032179633942374037	-0.00034856036722665293	4.357628828509853e-05	3.397943320330695e-05	7.215405400394384e-06
BOND|A|F4-C2	bond	CG312-FGA2	R_OG2P1-SG3O1	-0.057505676361091496	-0.05814558068978348	-0.05709014422616843	6.062181200338704e-05	1.1543243555645866e-11	0.001116058275618443	-0.002259036317313708	-0.002284174133431971	-0.002242712673402318	4.384290971606478e-05	2.5137816118262976e-05	1.63236439113903e-05
BOND|A|F4-C2	bond	CG312-FGA2	R_CG312-SG3O1	-0.3788399216690941	-0.37669750573005034	-0.3779209958828522	6.0621812003457706e-05	1.1543261219906444e-11	0.0031219635372890624	-0.014882237644244274	-0.014798075597654276	-0.014846138830085452	0.0001226423104352354	8.416204658999796e-05	3.609881415882199e-05
BOND|A|F4-C2	bond	CG312-FGA2	R_CG312-CG312	-0.30868769187919476	-0.3062742537546792	-0.3057091791754951	6.062181200360509e-05	1.1543298063954453e-11	0.005452572640218803	-0.012126397788700121	-0.012031588985154617	-0.012009390759220327	0.0002141972827117196	9.480880354550449e-05	0.00011700702947979418
BOND|A|F4-C2	bond	CG312-FGA2	R_CG302-CG312	-0.016176086124253253	-0.018252829280085425	-0.017620663526618507	6.062181200343888e-05	1.1543256514411608e-11	0.003581942370200866	-0.0006354566773065052	-0.0007170388533215985	-0.0006922050371488007	0.00014071198554380264	8.158217601509331e-05	5.674835984229552e-05
BOND|A|F4-C2	bond	CG312-FGA2	TH_OG2P1-SG3O1-OG2P1	9.811412499260985e-05	9.234565394905525e-05	9.28063775579302e-05	6.062181200351012e-08	1.1543274325729517e-14	1.1136840290237766e-05	0.0019271434197905264	0.0018138399477912015	0.0018228894141269852	0.00021874820250607452	0.00011330347199932497	0.00010425400566354127
BOND|A|F4-C2	bond	CG312-FGA2	TH_FGA2-CG312-FGA2	-5.26406721479411e-06	-8.978671018622375e-06	-1.006585104246227e-05	6.062181200343472e-08	1.1543255475120354e-14	8.57700944349986e-06	-0.0001033960451167416	-0.0001763577545364169	-0.00019771198695940973	0.0001684683761055502	7.296170941967529e-05	9.431594184266813e-05
BOND|A|F4-C2	bond	CG312-FGA2	TH_CG312-CG312-SG3O1	0.00017245566246759658	0.00017179557150731606	0.00017257248058544228	6.062181200355253e-08	1.1543284925150228e-14	8.375308901297725e-07	0.0033873491218015532	0.003374383710851156	0.0033896436463375017	1.645066032955465e-05	1.2965410950397174e-05	2.2945245359484376e-06
BOND|A|F4-C2	bond	CG312-FGA2	TH_FGA3-CG302-FGA3	2.698347853979932e-05	3.335909994861552e-05	3.103977706619965e-05	6.062181200344228e-08	1.1543257362550227e-14	1.049254174721997e-05	0.0005300055737637162	0.0006552346052207179	0.0006096788013896792	0.00020609298392617183	0.00012522903145700175	7.967322762596305e-05
BOND|A|F4-C2	bond	CG312-FGA2	LAMBDA_CS	0.00030047028798163566	0.0002455656919064797	0.0002156287507060206	1.2124362400693392e-06	2.308652707010624e-13	0.00014095856959084037	0.0005901793838246928	0.00048233657214955087	0.0004235348662305854	0.0002768687789556642	0.0001078428116751419	0.00016664451759410736
BOND|A|F4-C2	bond	CG312-FGA2	LAMBDA_CC	0.0001171112402298391	0.00010887557018168792	8.949099649324666e-05	1.212436240068427e-06	2.3086504260715837e-13	3.706835002481205e-05	0.00023002820033246125	0.0002138518166139539	0.00017577691798754518	7.280911574983647e-05	1.6176383718507343e-05	5.425128234491606e-05
BOND|A|F5-C3	bond	CG312-FGA2	R_OG2P1-SG3O1	-0.0332999215653107	-0.03826854417854353	-0.03388378783952817	6.062181208836376e-05	1.1564487734237155e-11	0.005613110699538666	-0.0013081444639895193	-0.0015033303941547284	-0.001331080897423147	0.00022050381328858647	0.00019518593016520903	2.2936433433627624e-05
BOND|A|F5-C3	bond	CG312-FGA2	R_CG312-SG3O1	-0.023214011063088513	-0.024262905842287186	-0.02293152859333958	6.062181208839918e-05	1.156449658933512e-11	0.0013919990610360064	-0.0009119324800694125	-0.0009531369584651096	-0.0009008355206290905	5.4682887525770395e-05	4.120447839569717e-05	1.109695944032194e-05
BOND|A|F5-C3	bond	CG312-FGA2	R_CG312-CG312	-0.13565607697496596	-0.13847357418550477	-0.13710420857826477	6.062181208850366e-05	1.1564522709129552e-11	0.004326250625926133	-0.005329073996564595	-0.005439755740094938	-0.005385961978605881	0.00016995117526138415	0.00011068174353034282	5.688798204128622e-05
BOND|A|F5-C3	bond	CG312-FGA2	R_CG302-CG312	-0.094910084516453	-0.09783536921748048	-0.09728597948699402	6.062181208846987e-05	1.1564514260181207e-11	0.005361801483656982	-0.003728420242476237	-0.0038433362785316705	-0.0038217542116460467	0.00021063145491499686	0.00011491603605543344	9.333396916980964e-05
BOND|A|F5-C3	bond	CG312-FGA2	TH_OG2P1-SG3O1-OG2P1	3.470359358159758e-05	3.763761581376812e-05	3.855886888259885e-05	6.062181208837316e-08	1.1564490083432198e-14	6.849919345260185e-06	0.0006816429542524888	0.0007392725936002633	0.0007573677128269057	0.00013454512276706647	5.76296393477745e-05	7.572475857441693e-05
BOND|A|F5-C3	bond	CG312-FGA2	TH_FGA2-CG312-FGA2	-0.0002601715400583071	-0.0002525100549680692	-0.0002516974052215737	6.062181208849348e-08	1.1564520166019703e-14	1.6196241739059816e-05	-0.0051102516735271235	-0.004959765894047489	-0.0049438039455342525	0.00031812423231738325	0.00015048577947963417	0.00016644772799287097
BOND|A|F5-C3	bond	CG312-FGA2	TH_CG312-CG312-SG3O1	1.343546452770017e-05	7.755703776368694e-06	7.4055423255892094e-06	6.062181208834354e-08	1.1564482679037187e-14	1.1770304765530779e-05	0.0002638974465535585	0.00015233640925401163	0.00014545858879967016	0.00023119061989830973	0.00011156103729954684	0.00011843885775388832
BOND|A|F5-C3	bond	CG312-FGA2	TH_FGA3-CG302-FGA3	9.811279659577288e-05	9.973816458042073e-05	0.00010083474164523931	6.062181208843477e-08	1.1564505487095086e-14	4.407934846202721e-06	0.0019271173276124284	0.001959042569942095	0.0019805813776817304	8.658001724384516e-05	3.192524232966667e-05	5.346405006930203e-05
BOND|A|F5-C3	bond	CG312-FGA2	LAMBDA_CS	-6.505970261860838e-05	-4.4779381661586015e-05	-5.0866016616524234e-05	1.2124362417684703e-06	2.3129005343234253e-13	3.568644320087499e-05	-0.00012778932473221717	-8.795501230624446e-05	-9.99102924485886e-05	7.009479439935353e-05	3.9834312425972705e-05	2.7879032283628565e-05
BOND|A|F5-C3	bond	CG312-FGA2	LAMBDA_CC	-4.57062365732952e-08	3.6628727406728956e-06	3.405771850539807e-05	1.2124362417674257e-06	2.3128979233356644e-13	3.9024439960984986e-05	-8.977552728748231e-08	7.1945615376476645e-06	6.689567696363763e-05	7.665123924561049e-05	7.284337064935147e-06	6.698545249092511e-05
BOND|A|F6-C3	bond	CG312-FGA2	R_OG2P1-SG3O1	-0.0199666321345493	-0.013537258348295111	-0.01433205411638383	6.0621812284993704e-05	1.1613645220693812e-11	0.012124573616704652	-0.0007843633877665023	-0.0005317937320418709	-0.0005630162585570878	0.00047629823463152027	0.0002525696557246314	0.00022134712920941454
BOND|A|F6-C3	bond	CG312-FGA2	R_CG312-SG3O1	-0.009358284237870329	-0.005111635063448361	-0.00894779450555383	6.062181228491714e-05	1.1613626079077562e-11	0.004717760719023385	-0.0003676281247149607	-0.00020080398979529246	-0.0003515025650856025	0.00018533114424649767	0.00016682413491966823	1.612555962935818e-05
BOND|A|F6-C3	bond	CG312-FGA2	R_CG312-CG312	-0.2621135286888787	-0.2620442272793788	-0.26454986824964166	6.062181228488665e-05	1.1613618457615316e-11	0.0025662627825477325	-0.010296791865368936	-0.010294069448890981	-0.010392500322296076	0.00010081232310256446	2.722416477954695e-06	9.570845692714013e-05
BOND|A|F6-C3	bond	CG312-FGA2	R_CG302-CG312	-0.13197456329183677	-0.13557972332084445	-0.13535101402784022	6.062181228499061e-05	1.1613644445078915e-11	0.007042232577296127	-0.0051844504804328334	-0.0053260745417536125	-0.005317089992197853	0.0002766450227832728	0.0001416240613207791	0.00013263951176501962
BOND|A|F6-C3	bond	CG312-FGA2	TH_OG2P1-SG3O1-OG2P1	3.915794010989071e-05	3.745448528663653e-05	3.8034632286687575e-05	6.062181228492534e-08	1.1613628131960645e-14	2.88738445874224e-06	0.0007691345830277896	0.000735675570334235	0.0007470707336070441	5.6713586963035756e-05	3.345901269355455e-05	2.2063849420745447e-05
BOND|A|F6-C3	bond	CG312-FGA2	TH_FGA2-CG312-FGA2	-0.00012694200775009712	-0.00012774865694487048	-0.00012907369545234193	6.062181228493546e-08	1.1613630658275932e-14	2.998958709303103e-06	-0.0024933765138202483	-0.0025092206003664405	-0.002535246814643284	5.890511221796335e-05	1.584408654619219e-05	4.1870300823035594e-05
BOND|A|F6-C3	bond	CG312-FGA2	TH_CG312-CG312-SG3O1	-1.112495989064044e-05	-1.50520223414774e-05	-1.5925729732524374e-05	6.062181228498615e-08	1.1613643328457128e-14	8.78845410500588e-06	-0.00021851484941945023	-0.00029564964078416904	-0.0003128108747003391	0.00017262154149434467	7.713479136471882e-05	9.429602528088885e-05
BOND|A|F6-C3	bond	CG312-FGA2	TH_FGA3-CG302-FGA3	0.00015959052575764687	0.000162293264890645	0.00016004124144519682	6.062181228506005e-08	1.1613661806574898e-14	3.2140766328331338e-06	0.0031346539715655136	0.0031877407818077697	0.0031435068637614503	6.31304272869315e-05	5.308681024225603e-05	8.852892195936653e-06
BOND|A|F6-C3	bond	CG312-FGA2	LAMBDA_CS	0.00015958629824730508	8.147997860197265e-05	0.00010338856995195655	1.2124362456995458e-06	2.322728223202543e-13	0.00013551648418638052	0.00031345709354202304	0.00016004179277886015	0.00020307433030613393	0.0002661795136965256	0.0001534153007631629	0.00011038276323588911
BOND|A|F6-C3	bond	CG312-FGA2	LAMBDA_CC	4.165301221714657e-05	0.00010777264697559019	2.398804951564415e-05	1.2124362456984088e-06	2.3227253814776343e-13	8.499703370564445e-05	8.181424276552903e-05	0.00021168547084128805	4.711697911097405e-05	0.0001669499414277854	0.000129871228075759	3.4697263654554986e-05
BOND|A|F7-C4	bond	CG302-FGA3	R_OG2P1-SG3O1	-0.01826171136198873	-0.014947861108616234	-0.015464653651653393	6.062181175378978e-05	1.148084423826747e-11	0.006171529775461624	-0.001014539520110485	-0.0008304367282564574	-0.0008591474250918552	0.00034286276530342354	0.00018410279185402756	0.00015539209501862976
BOND|A|F7-C4	bond	CG302-FGA3	R_CG312-SG3O1	0.011351589728869627	0.011808628249510011	0.00811230372721461	6.0621811753695933e-05	1.1480820777223694e-11	0.003756946334049098	0.0006306438738260903	0.0006560349027505562	0.0004506835404008116	0.00020871924078050543	2.5391028924465838e-05	0.0001799603334252787
BOND|A|F7-C4	bond	CG302-FGA3	R_CG312-CG312	-0.058259354292045096	-0.05564303669303161	-0.06023385537301529	6.062181175368105e-05	1.1480817057992751e-11	0.004651440491737358	-0.003236630794002505	-0.0030912798162795337	-0.0033463252985008493	0.00025841336065207546	0.00014535097772297141	0.00010969450449834417
BOND|A|F7-C4	bond	CG302-FGA3	R_CG302-CG312	-0.07492263703667845	-0.07939007218660254	-0.08058622699602669	6.062181175382144e-05	1.1480852152871869e-11	0.01019164692102615	-0.004162368724259914	-0.004410559565922363	-0.004477012610890371	0.0005662026067236749	0.0002481908416624495	0.0003146438866304573
BOND|A|F7-C4	bond	CG302-FGA3	TH_OG2P1-SG3O1-OG2P1	-2.4076920235982513e-05	-2.6270218074830876e-05	-2.384679640909937e-05	6.062181175377843e-08	1.1480841401299947e-14	2.484043477485285e-06	-0.000668803339888403	-0.0007297282798564131	-0.0006624110113638713	6.900120770792458e-05	6.092493996801007e-05	6.3923285245317185e-06
BOND|A|F7-C4	bond	CG302-FGA3	TH_FGA2-CG312-FGA2	2.093166788397216e-05	1.6986904381788293e-05	1.8797414029325665e-05	6.062181175387363e-08	1.14808652015564e-14	6.139639168584236e-06	0.0005814352189992266	0.0004718584550496747	0.0005221503897034907	0.0001705455324606732	0.00010957676394955185	5.9284829295735866e-05
BOND|A|F7-C4	bond	CG302-FGA3	TH_CG312-CG312-SG3O1	1.0090298152465316e-05	8.947722138274994e-06	7.918332927792093e-06	6.062181175376734e-08	1.1480838630459717e-14	3.3751630506173116e-06	0.0002802860597907032	0.00024854783717430536	0.00021995369243866923	9.37545291838142e-05	3.173822261639782e-05	6.0332367352033955e-05
BOND|A|F7-C4	bond	CG302-FGA3	TH_FGA3-CG302-FGA3	-0.0013109122125237738	-0.001307300128058464	-0.0013081979326250437	6.062181175392778e-08	1.1480878740620463e-14	6.38698617579381e-06	-0.03641422812566038	-0.03631389244606844	-0.03633883146180677	0.00017741628266093915	0.00010033567959193829	7.539666385360938e-05
BOND|A|F7-C4	bond	CG302-FGA3	LAMBDA_CS	0.00013599987640500188	5.21119769758549e-05	0.00010035706025979252	1.21243623507634e-06	2.296170208786281e-13	0.00012074315180943269	0.00037777743445833854	0.00014475549159959693	0.000278769611832757	0.0003353976439150908	0.0002330219428587416	9.900782262558155e-05
BOND|A|F7-C4	bond	CG302-FGA3	LAMBDA_CC	0.00018681840163736751	0.00010895201303817714	7.711248037223228e-05	1.2124362350755516e-06	2.2961682381765156e-13	0.00018878474609940115	0.000518940004548243	0.00030264448066160316	0.00021420133436731188	0.0005244020724983365	0.00021629552388663988	0.0003047386701809312
BOND|A|F8-C4	bond	CG302-FGA3	R_OG2P1-SG3O1	-0.01246770315832535	-0.008523053488806998	-0.010237729600848233	6.06218119327138e-05	1.1525575244656692e-11	0.006235245038928182	-0.0006926501754625194	-0.00047350297160038873	-0.0005687627556026796	0.0003464025021626768	0.00021914720386213062	0.00012388741985983975
BOND|A|F8-C4	bond	CG302-FGA3	R_CG312-SG3O1	-0.005825750500565441	-0.00505761571784058	-0.0034128287959012127	6.062181193276851e-05	1.1525588923998582e-11	0.0032416782993218577	-0.00032365280558696894	-0.0002809786509911433	-0.00018960159977228958	0.00018009323885121432	4.267415459582565e-05	0.00013405120581467937
BOND|A|F8-C4	bond	CG302-FGA3	R_CG312-CG312	-0.04919483352128218	-0.051196211100557054	-0.051926871394880614	6.0621811932859794e-05	1.1525611743248044e-11	0.004794037264806173	-0.002733046306737899	-0.0028442339500309474	-0.0028848261886044784	0.0002663354036003429	0.00011118764329304861	0.00015177988186657965
BOND|A|F8-C4	bond	CG302-FGA3	R_CG302-CG312	-0.23467171460322955	-0.22986173386502218	-0.2296287079651682	6.062181193295112e-05	1.1525634571260215e-11	0.00991360918820167	-0.013037317477957196	-0.012770096325834564	-0.012757150442509343	0.0005507560660112039	0.000267221152122632	0.00028016703544785256
BOND|A|F8-C4	bond	CG302-FGA3	TH_OG2P1-SG3O1-OG2P1	3.5457491096457794e-05	3.152242155513019e-05	2.6203750933762038e-05	6.062181193277268e-08	1.1525589963444357e-14	1.3249431515956136e-05	0.0009849303082349386	0.0008756228209758385	0.0007278819703822788	0.0003680397643321148	0.00010930748725910015	0.00025704833785265987
BOND|A|F8-C4	bond	CG302-FGA3	TH_FGA2-CG312-FGA2	6.0061982865122765e-05	5.240734357070398e-05	4.979623834666658e-05	6.06218119327022e-08	1.152557234530345e-14	1.7981005624807677e-05	0.0016683884129200766	0.001455759543630666	0.0013832288429629603	0.0004994723784668798	0.00021262886928941072	0.00028515956995711633
BOND|A|F8-C4	bond	CG302-FGA3	TH_CG312-CG312-SG3O1	-1.1750532054044527e-06	-4.402001826220303e-06	-1.468297897933013e-06	6.062181193274424e-08	1.1525582851697854e-14	3.580815125277155e-06	-3.264036681679035e-05	-0.0001222778285061195	-4.078605272036147e-05	9.946708681325429e-05	8.963746168932917e-05	8.14568590357112e-06
BOND|A|F8-C4	bond	CG302-FGA3	TH_FGA3-CG302-FGA3	-0.001065359458156001	-0.0010679045555774258	-0.0010699877172871686	6.062181193320356e-08	1.1525697681694038e-14	7.2339783645254175e-06	-0.029593318282111137	-0.02966401543270627	-0.02972188103575468	0.00020094384345903935	7.069715059513162e-05	0.00012856275364354214
BOND|A|F8-C4	bond	CG302-FGA3	LAMBDA_CS	8.523226529000283e-05	9.734084454038339e-06	-5.042776535457705e-05	1.2124362386561176e-06	2.3051196534148013e-13	0.0002123706477192005	0.00023675629247223008	2.703912348343983e-05	-0.00014007712598493625	0.000589918465886668	0.00020971716898879024	0.0003768334184571663
BOND|A|F8-C4	bond	CG302-FGA3	LAMBDA_CC	1.674971113807544e-05	-3.6493085668887204e-05	9.560300568978164e-06	1.212436238654358e-06	2.30511525355392e-13	6.164464361471428e-05	4.652697538354289e-05	-0.00010136968241357557	2.6556390469383787e-05	0.0001712351211519841	0.00014789665779711846	1.9970584914159103e-05
BOND|A|F9-C4	bond	CG302-FGA3	R_OG2P1-SG3O1	2.7386838685750092e-05	-0.0033789368557579635	-0.0029923579281110335	6.062181188179515e-05	1.1512845579573829e-11	0.006486690273122292	1.5214910380972272e-06	-0.00018771871420877575	-0.00016624210711727963	0.00036037168184012734	0.00018924020524687296	0.00016776359815537685
BOND|A|F9-C4	bond	CG302-FGA3	R_CG312-SG3O1	-0.006082788838401854	-0.004723528042871461	-0.004111560361175215	6.062181188181714e-05	1.1512851077662429e-11	0.0033911110846388485	-0.0003379327132445474	-0.00026241822460397	-0.00022842002006528972	0.0001883950602577138	7.551448864057738e-05	0.00010951269317925768
BOND|A|F9-C4	bond	CG302-FGA3	R_CG312-CG312	-0.050775803338343195	-0.05292829272712796	-0.050941476326782364	6.062181188170107e-05	1.1512822060925912e-11	0.0023787841891056323	-0.0028208779632412887	-0.0029404607070626643	-0.0028300820181545758	0.0001321546771725351	0.00011958274382137561	9.204054913287095e-06
BOND|A|F9-C4	bond	CG302-FGA3	R_CG302-CG312	-0.1494836699187374	-0.1478510064478189	-0.149005903624988	6.062181188170232e-05	1.1512822373236457e-11	0.0021710515765496117	-0.008304648328818744	-0.008213944802656605	-0.008278105756943778	0.00012061397647497842	9.070352616213917e-05	2.654257187496671e-05
BOND|A|F9-C4	bond	CG302-FGA3	TH_OG2P1-SG3O1-OG2P1	2.0968587791103666e-05	2.295190533707636e-05	2.5206443637015852e-05	6.062181188167988e-08	1.1512816764334952e-14	6.281795203766562e-06	0.0005824607719751017	0.0006375529260298989	0.0007001789899171069	0.0001744943112157378	5.5092154054797206e-05	0.00011771821794200521
BOND|A|F9-C4	bond	CG302-FGA3	TH_FGA2-CG312-FGA2	4.128810922077175e-05	4.9986355802889015e-05	5.071399105716079e-05	6.062181188175315e-08	1.1512835080715917e-14	1.8184750230388055e-05	0.0011468919227992152	0.0013885098834135836	0.0014087219738100217	0.0005051319508441126	0.0002416179606143684	0.0002618300510108065
BOND|A|F9-C4	bond	CG302-FGA3	TH_CG312-CG312-SG3O1	-6.554906139766281e-06	-4.841685192769063e-06	-7.303376939549189e-06	6.06218118817843e-08	1.1512842866888102e-14	2.5223135586619103e-06	-0.00018208072610461891	-0.0001344912553546962	-0.00020287158165414412	7.00642655183864e-05	4.758947074992272e-05	2.079085554952521e-05
BOND|A|F9-C4	bond	CG302-FGA3	TH_FGA3-CG302-FGA3	-0.0011910381444329987	-0.001187829541989316	-0.0011860829255543326	6.062181188197787e-08	1.1512891262654698e-14	8.224443134230919e-06	-0.03308439290091663	-0.03299526505525877	-0.03294674793206479	0.00022845675372863662	8.912784565785759e-05	0.0001376449688518383
BOND|A|F9-C4	bond	CG302-FGA3	LAMBDA_CS	-2.196113419117296e-05	-2.674255149770488e-05	8.285832024945705e-06	1.2124362376344563e-06	2.302565499805703e-13	3.624081976028504e-05	-6.1003150531036e-05	-7.428486527140244e-05	2.3016200069293626e-05	0.00010066894377856956	1.3281714740366444e-05	8.401935060032962e-05
BOND|A|F9-C4	bond	CG302-FGA3	LAMBDA_CC	-0.0001513603743119596	-4.3429086524771066e-05	-4.6955509289681174e-05	1.2124362376336864e-06	2.302563575163189e-13	0.00021354858904710063	-0.00042044548419988774	-0.0001206363514576974	-0.00013043197024911437	0.000593190525130835	0.00029980913274219034	0.00029001351395077337
BOND|A|C1-C2	bond	CG312-CG312	R_OG2P1-SG3O1	-0.0602948583218188	-0.06744498077743133	-0.057795633298107774	6.062181523855162e-05	1.2352034698939448e-11	0.009709969294562108	-0.004102545472273893	-0.0045890496837924085	-0.00393249474837147	0.0006606797274935972	0.0004865042115185158	0.00017005072390242296
BOND|A|C1-C2	bond	CG312-CG312	R_CG312-SG3O1	-0.6723915602604436	-0.6749678267454207	-0.6703239736559619	6.062181523834704e-05	1.235198355504247e-11	0.0047044749046971516	-0.04575045083310928	-0.04592574356448782	-0.045609769383665004	0.00032009897289545956	0.00017529273137854157	0.00014068144944427707
BOND|A|C1-C2	bond	CG312-CG312	R_CG312-CG312	8.063361910135457	8.062361278740216	8.059268903020111	6.0621815238980016e-05	1.2352141799777838e-11	0.005154260325826064	0.5486422858673717	0.5485742015246231	0.5483637920077556	0.00035070299443736746	6.808434274863107e-05	0.0002784938596160913
BOND|A|C1-C2	bond	CG312-CG312	R_CG302-CG312	-0.09576856863324767	-0.10473771059016368	-0.10683228527186284	6.062181523823323e-05	1.2351955102462322e-11	0.0200934804107694	-0.006516225737449084	-0.007126498549255528	-0.007269016304764291	0.0013671881711942882	0.0006102728118064444	0.0007527905673152067
BOND|A|C1-C2	bond	CG312-CG312	TH_OG2P1-SG3O1-OG2P1	0.00012651455810908097	0.00014022036870187105	0.00013765846431468276	6.062181523853778e-08	1.23520312391653e-14	2.491033861363041e-05	0.00430411267223528	0.004770393817562618	0.004683236060362494	0.0008474669294908809	0.00046628114532733765	0.00037912338812721384
BOND|A|C1-C2	bond	CG312-CG312	TH_FGA2-CG312-FGA2	0.0006875689533621943	0.000695282014273213	0.0006918050796308473	6.062181523852526e-08	1.2352028106891047e-14	1.2009808994910275e-05	0.023391570815511947	0.023653974476442536	0.023535686757792502	0.0004085819992474704	0.00026240366093058937	0.00014411594228055588
BOND|A|C1-C2	bond	CG312-CG312	TH_CG312-CG312-SG3O1	-0.0008726426635009554	-0.0008762132232995046	-0.0008737643552076957	6.062181523836488e-08	1.2351988013106513e-14	4.752873320527767e-06	-0.02968790629667476	-0.02980937920782115	-0.029726067023483443	0.0001616960339913971	0.00012147291114638845	3.816072680868157e-05
BOND|A|C1-C2	bond	CG312-CG312	TH_FGA3-CG302-FGA3	2.0308563926541012e-05	1.0488044534406882e-05	1.1214762973166259e-05	6.062181523838007e-08	1.2351991810558798e-14	1.8974942160747265e-05	0.0006909113753988705	0.000356810520956706	0.0003815339843127129	0.0006455406415646458	0.0003341008544421645	0.0003093773910861576
BOND|A|C1-C2	bond	CG312-CG312	LAMBDA_CS	0.00038764988151251956	0.0003395659503624415	0.00039235651223989976	1.212436304763459e-06	2.4703880060241684e-13	5.400299818222169e-05	0.0013188116785500434	0.0011552268227933646	0.0013348239614525239	0.0001837219307317926	0.00016358485575667888	1.601228290248045e-05
BOND|A|C1-C2	bond	CG312-CG312	LAMBDA_CC	8.968935201192352e-06	9.873645919200591e-05	7.941553345824914e-05	1.2124363047651537e-06	2.4703922432168946e-13	0.0001614265585526355	3.051293719306618e-05	0.00033590825559659494	0.00027017713142171615	0.0005491843047048179	0.0003053953184035288	0.00023966419422864996
BOND|A|C1-C3	bond	CG312-CG312	R_OG2P1-SG3O1	-0.014639146939110503	-0.020032156094695885	-0.017968149930491784	6.0621816214786935e-05	1.2596093528240506e-11	0.00878263396318145	-0.000996067785290193	-0.0013630155799941419	-0.0012225777486536086	0.0005975825502064483	0.000366947794703949	0.0002265099633634157
BOND|A|C1-C3	bond	CG312-CG312	R_CG312-SG3O1	-0.09241272321225402	-0.09471449672182608	-0.09427892301416829	6.062181621481362e-05	1.2596100201848264e-11	0.004228595127701142	-0.0062878893780854775	-0.006444505228138444	-0.006414868191218061	0.00028771945532463534	0.0001566158500529661	0.00012697881313258365
BOND|A|C1-C3	bond	CG312-CG312	R_CG312-CG312	8.196260396536758	8.196173536764938	8.196921474288853	6.062181621564501e-05	1.2596308046296777e-11	0.0008085593401306438	0.5576848825137993	0.5576789724549067	0.5577298631574921	5.501549472448743e-05	5.91005889261087e-06	4.498064369273802e-05
BOND|A|C1-C3	bond	CG312-CG312	R_CG302-CG312	-0.4729807041947698	-0.4725592975531323	-0.4731101715588215	6.06218162148393e-05	1.25961066203927e-11	0.0006114958219040451	-0.03218226065165148	-0.032153587561478375	-0.03219106978999231	4.160702065302022e-05	2.8673090173104987e-05	8.809138340830358e-06
BOND|A|C1-C3	bond	CG312-CG312	TH_OG2P1-SG3O1-OG2P1	-1.0597199077477804e-05	-8.138740474006312e-06	-1.0358019043366085e-05	6.062181621496467e-08	1.2596137964516886e-14	2.758260453798175e-06	-0.00036052403392379496	-0.00027688557375351057	-0.00035238696392052846	9.383792624309868e-05	8.363846017028439e-05	8.137070003266496e-06
BOND|A|C1-C3	bond	CG312-CG312	TH_FGA2-CG312-FGA2	0.0007504689298193368	0.0007491162012290831	0.0007477380402965972	6.062181621499661e-08	1.2596145945727188e-14	4.144239929208289e-06	0.02553147147041575	0.02548545070921303	0.025438564722157078	0.00014098990553094705	4.6020761202723165e-05	9.290674825867401e-05
BOND|A|C1-C3	bond	CG312-CG312	TH_CG312-CG312-SG3O1	-0.0001768482559806328	-0.0001774120281033964	-0.00017274186609739228	6.062181621489559e-08	1.2596120687762633e-14	4.730783822219015e-06	-0.006016499847967415	-0.0060356797650782	-0.005876797627149828	0.0001609445339979177	1.917991711078513e-05	0.00013970222081758667
BOND|A|C1-C3	bond	CG312-CG312	TH_FGA3-CG302-FGA3	0.0003365576154744643	0.00033057934602387373	0.00032878428709415264	6.06218162150503e-08	1.2596159369407577e-14	1.3812219647117236e-05	0.011449922596670352	0.011246537739742357	0.011185468594797313	0.0004699012548705827	0.00020338485692799474	0.00026445400187303895
BOND|A|C1-C3	bond	CG312-CG312	LAMBDA_CS	-0.00011428444001149174	-0.000182312786571881	-0.00014725322966091525	1.2124363242940435e-06	2.519214467789317e-13	0.0001022095725341068	-0.0003888035605109285	-0.0006202406953972796	-0.000500965660619594	0.00034772402713409434	0.00023143713488635109	0.00011216210010866551
BOND|A|C1-C3	bond	CG312-CG312	LAMBDA_CC	-1.1648878113224015e-05	1.8697312641480224e-05	3.814711914795765e-05	1.212436324294555e-06	2.519215745947702e-13	8.135462434018046e-05	-3.96302881295468e-05	6.360954935127231e-05	0.0001297791348189584	0.0002767740525684038	0.0001032398374808191	0.00016940942294850522
BOND|A|C3-C4	bond	CG302-CG312	R_OG2P1-SG3O1	-0.0011420506035308975	0.002234065703543564	0.0007755804398712485	6.0621815451627204e-05	1.2405303594693144e-11	0.005354369165928235	-0.00010989387056278973	0.00021497307255469793	7.463026262297896e-05	0.0005152244132148832	0.0003248669431174877	0.00018452413318576869
BOND|A|C3-C4	bond	CG302-CG312	R_CG312-SG3O1	-0.04129496472549121	-0.038406649792599445	-0.03444476812930475	6.062181545187717e-05	1.2405366082351856e-11	0.009799133344530107	-0.003973609833406409	-0.0036956815994048297	-0.0033144493586047237	0.000942922045714916	0.0002779282340015796	0.0006591604748016856
BOND|A|C3-C4	bond	CG302-CG312	R_CG312-CG312	-0.5883101229046117	-0.581414413229786	-0.5780171549117918	6.062181545193641e-05	1.2405380898424809e-11	0.01724929948309747	-0.05661016797099324	-0.055946627998157555	-0.055619726664090784	0.0016598146166498	0.0006635399728356847	0.0009904413069024565
BOND|A|C3-C4	bond	CG302-CG312	R_CG302-CG312	9.065403744775157	9.068661233885223	9.07080840430341	6.0621815451871766e-05	1.2405364736727451e-11	0.008722770453770583	0.8723188820597633	0.8726323340955263	0.872838945665349	0.0008393489782606269	0.00031345203576305103	0.0005200636055857633
BOND|A|C3-C4	bond	CG302-CG312	TH_OG2P1-SG3O1-OG2P1	0.00011080873218183296	0.00010849136567753215	0.00010969877268540706	6.062181545178815e-08	1.2405343833104573e-14	3.487947816178493e-06	0.005331287612811868	0.005219793264889443	0.005277884661640945	0.0001678139675491684	0.00011149434792242455	5.3402951170922544e-05
BOND|A|C3-C4	bond	CG302-CG312	TH_FGA2-CG312-FGA2	0.0003105643966386795	0.0003100330141387331	0.00031291310346981405	6.062181545173089e-08	1.2405329516584724e-14	2.9407111465327016e-06	0.014942036500004613	0.014916470347555718	0.015055038710104865	0.00014148503100496572	2.5566152448894958e-05	0.00011300221010025237
BOND|A|C3-C4	bond	CG302-CG312	TH_CG312-CG312-SG3O1	-2.2154780203287316e-05	-2.32881789477557e-05	-2.2567052765265494e-05	6.062181545182449e-08	1.2405352916273754e-14	1.6062931218983855e-06	-0.001065922359517077	-0.0011204530320352442	-0.0010857578324035436	7.728281386045645e-05	5.453067251816714e-05	1.9835472886466478e-05
BOND|A|C3-C4	bond	CG302-CG312	TH_FGA3-CG302-FGA3	0.0009908519428830642	0.000998403315058627	0.000998340503356454	6.062181545214096e-08	1.2405432031568869e-14	1.5100554464404677e-05	0.04767238632921674	0.048035701892409424	0.04803267986297961	0.0007265257654113873	0.00036331556319268293	0.0003602935337628718
BOND|A|C3-C4	bond	CG302-CG312	LAMBDA_CS	-0.0002625351629270689	-0.0002731371545294792	-0.000257092504472034	1.2124363090335873e-06	2.4810633269839087e-13	1.725708636647874e-05	-0.0012631228915640459	-0.0013141317474440269	-0.0012369368888630328	8.302819549262603e-05	5.100885587998099e-05	2.6186002701013116e-05
BOND|A|C3-C4	bond	CG302-CG312	LAMBDA_CC	-0.000245464310770771	-0.0001951936734156945	-0.00019153899302626343	1.2124363090324252e-06	2.4810604215832515e-13	0.00010540839140861655	-0.0011809907158329218	-0.0009391259990888594	-0.0009215424098668588	0.0005071463596217517	0.00024186471674406248	0.00025944830596606305
ANGLE|A|S1-C2-F3	angle	FGA2-CG312-SG3O1	R_OG2P1-SG3O1	-14.294697347693841	-14.138070951336346	-13.64951131638037	0.004533173854784585	6.80140634737746e-10	0.8063456015257516	-0.007183355696058937	-0.0071046479704554065	-0.0068591375163854105	0.0004052039108506584	7.87077256035303e-05	0.0003242181796735263
ANGLE|A|S1-C2-F3	angle	FGA2-CG312-SG3O1	R_CG312-SG3O1	-58.7005617801708	-59.12824190645338	-59.19075488703385	0.004533227168874023	6.801392729312288e-10	0.9224064603145015	-0.02949814218301564	-0.02971305953289005	-0.029744473487604017	0.0004635266868277349	0.00021491734987441266	0.00024633130458837776
ANGLE|A|S1-C2-F3	angle	FGA2-CG312-SG3O1	R_CG312-CG312	96.06675486321592	96.02048497009719	96.04962890438173	0.0045331638182965605	6.801376740949327e-10	0.06792901577121531	0.04827536071338441	0.04825210921723825	0.04826675459525895	3.41356148017054e-05	2.3251496146160788e-05	8.606118125462081e-06
ANGLE|A|S1-C2-F3	angle	FGA2-CG312-SG3O1	R_CG302-CG312	-4.798955256880788	-5.755951970467521	-5.567907721143683	0.004533183559542039	6.801435330878829e-10	1.7304823614091704	-0.0024115657534510893	-0.0028924746965678177	-0.0027979789058115733	0.0008696001059276375	0.0004809089431167283	0.000386413152360484
ANGLE|A|S1-C2-F3	angle	FGA2-CG312-SG3O1	TH_OG2P1-SG3O1-OG2P1	-0.0020880024653422424	-0.002153103150277502	-0.0019467028866415603	4.533155027990245e-06	6.801415400363101e-13	0.00021093341866393212	-0.000524630359005854	-0.000540987521545657	-0.0004891275040372589	5.299901556478876e-05	1.6357162539802953e-05	3.5502854968595134e-05
ANGLE|A|S1-C2-F3	angle	FGA2-CG312-SG3O1	TH_FGA2-CG312-FGA2	-0.2044858745338658	-0.20372406101364504	-0.20403676625788592	4.533165185328366e-06	6.801369289359867e-13	0.0012154549613859653	-0.05137900914822146	-0.05118759629922206	-0.05126616644809505	0.00030539454973433017	0.00019141284899940048	0.00011284270012641012
ANGLE|A|S1-C2-F3	angle	FGA2-CG312-SG3O1	TH_CG312-CG312-SG3O1	-0.06942740436142714	-0.06958271120419468	-0.0696205185409795	4.533176839658196e-06	6.801345933423428e-13	0.00035295419915956953	-0.017444291699631655	-0.017483314012119132	-0.017492813462909877	8.868307930247465e-05	3.9022312487476535e-05	4.8521763278221164e-05
ANGLE|A|S1-C2-F3	angle	FGA2-CG312-SG3O1	TH_FGA3-CG302-FGA3	0.012056918803054373	0.01152870238496817	0.01168135581574603	4.533189163279247e-06	6.80139426156279e-13	0.000908312594557824	0.00302941483314487	0.0028966954644405194	0.0029350510820807204	0.00022822212640170547	0.0001327193687043508	9.436375106414976e-05
ANGLE|A|S1-C2-F3	angle	FGA2-CG312-SG3O1	LAMBDA_CS	0.05688265023380268	0.05663189258257262	0.05533389489997376	9.066370115246669e-05	1.3602792351868906e-11	0.0018901766862114487	0.0014292303629283739	0.0014229298398795792	0.001390316421001312	4.7492476179096295e-05	6.300523048794696e-06	3.891394192706175e-05
ANGLE|A|S1-C2-F3	angle	FGA2-CG312-SG3O1	LAMBDA_CC	0.07675480671977652	0.06497790384479174	0.06772542818680449	9.066349059548234e-05	1.3602779163164027e-11	0.0208969448985523	0.0019285370814071823	0.0016326312630073163	0.0017016654095590163	0.0005250554961608285	0.00029590581839986606	0.0002268716718481661
ANGLE|A|S1-C2-F4	angle	FGA2-CG312-SG3O1	R_OG2P1-SG3O1	-20.967624148930497	-20.72439146275329	-20.704328937995342	0.0045234473190151996	6.707474621099044e-10	0.5110513444313785	-0.010536627582908702	-0.010414398559151118	-0.010404316761125462	0.0002568129633462979	0.00012222902375758418	0.00013231082178324048
ANGLE|A|S1-C2-F4	angle	FGA2-CG312-SG3O1	R_CG312-SG3O1	-65.66388532721135	-64.29815459983246	-64.80144808594446	0.0045235010488066975	6.707481477868113e-10	2.2326914696945845	-0.032997343925345965	-0.03231103841210734	-0.032563952904965436	0.0011219696784248625	0.0006863055132386234	0.00043339102038052885
ANGLE|A|S1-C2-F4	angle	FGA2-CG312-SG3O1	R_CG312-CG312	121.16929455356029	121.65294192730869	121.40707266357254	0.004523433120954489	6.707387933003123e-10	0.7259489168815949	0.0608898615373051	0.06113290348723907	0.061009349533406684	0.0003648030567062348	0.00024304194993397116	0.00011948799610158461
ANGLE|A|S1-C2-F4	angle	FGA2-CG312-SG3O1	R_CG302-CG312	11.697922270563765	11.11231578595806	10.511293601283	0.004523451391455201	6.707499530729162e-10	1.7767586052779252	0.005878427120939745	0.005584148789994872	0.005282123778290802	0.0008928547934457655	0.00029427833094487245	0.0005963033426489425
ANGLE|A|S1-C2-F4	angle	FGA2-CG312-SG3O1	TH_OG2P1-SG3O1-OG2P1	0.01667695430570859	0.016321447687932533	0.01655529479572948	4.523422676982128e-06	6.707537018903604e-13	0.00048168955043215075	0.004190242430146768	0.004100918031536808	0.00415967432811804	0.00012102905334988021	8.932439860996014e-05	3.056810202872826e-05
ANGLE|A|S1-C2-F4	angle	FGA2-CG312-SG3O1	TH_FGA2-CG312-FGA2	-0.1810986784041475	-0.18163811044611933	-0.1813814938382876	4.5234515984067486e-06	6.707453445511223e-13	0.0008267709277103326	-0.04550275502240877	-0.04563829242264481	-0.045573815073921206	0.00020773401172645615	0.00013553740023604377	7.106005151243794e-05
ANGLE|A|S1-C2-F4	angle	FGA2-CG312-SG3O1	TH_CG312-CG312-SG3O1	-0.07225409025536322	-0.07342591080418615	-0.07308539466301767	4.523436727162971e-06	6.707459521495759e-13	0.0020076483932045274	-0.018154523253448046	-0.018448954244514256	-0.018363396344869137	0.0005044406387287364	0.00029443099106621004	0.00020887309142109123
ANGLE|A|S1-C2-F4	angle	FGA2-CG312-SG3O1	TH_FGA3-CG302-FGA3	-0.017261179609015187	-0.017123159967351143	-0.017473031320527355	4.5234595263697e-06	6.707434864146722e-13	0.0003543948127025818	-0.004337034560760371	-0.004302355820980148	-0.0043902643060846494	8.904504707445012e-05	3.4678739780222984e-05	5.322974532427811e-05
ANGLE|A|S1-C2-F4	angle	FGA2-CG312-SG3O1	LAMBDA_CS	-0.14390032050087598	-0.13454472175972398	-0.1297473659668924	9.046906893673309e-05	1.3414941227358e-11	0.023599022344072303	-0.00361563159328252	-0.003380563330301289	-0.0032600252306750747	0.0005929477464734939	0.00023506826298123114	0.00035560636260744544
ANGLE|A|S1-C2-F4	angle	FGA2-CG312-SG3O1	LAMBDA_CC	-0.08454687550056406	-0.0902391740017805	-0.09466298094650938	9.046896686999214e-05	1.341497185971667e-11	0.015898872914031758	-0.0021243201760019876	-0.0022673445572386343	-0.002378496888910105	0.00039947421246505854	0.0001430243812366467	0.0002541767129081176
ANGLE|A|S1-C2-C1	angle	CG312-CG312-SG3O1	R_OG2P1-SG3O1	-3.5565003676580886	-3.492469898130679	-4.19412365035754	0.004299426716590086	7.076308885678983e-10	0.7059531789434508	-0.0025274947536789876	-0.0024819902804395547	-0.002980633889134117	0.0005016990782142137	4.5504473239432915e-05	0.0004531391354551293
ANGLE|A|S1-C2-C1	angle	CG312-CG312-SG3O1	R_CG312-SG3O1	-95.09755999984293	-95.81416101758222	-95.88379823701842	0.0042994991356428746	7.076291407377378e-10	1.5071387540504324	-0.06758289305212385	-0.06809215921986776	-0.0681416482367638	0.0010710768733695143	0.0005092661677439103	0.0005587551846399502
ANGLE|A|S1-C2-C1	angle	CG312-CG312-SG3O1	R_CG312-CG312	-187.5191844451507	-188.25789348246147	-187.53249741077127	0.004299499949553031	7.07625955802255e-10	0.7563215028808937	-0.1332640815137532	-0.1337890591668633	-0.13327354262644361	0.000537494287364528	0.0005249776531100758	9.461112690400952e-06
ANGLE|A|S1-C2-C1	angle	CG312-CG312-SG3O1	R_CG302-CG312	-4.7843581209008335	-4.078008683887191	-3.779036685884307	0.004299454856077092	7.076373057469866e-10	1.7159703268862458	-0.003400095262259466	-0.0028981145756971634	-0.002685644428548887	0.0012194870097903953	0.0005019806865623026	0.000714450833710579
ANGLE|A|S1-C2-C1	angle	CG312-CG312-SG3O1	TH_OG2P1-SG3O1-OG2P1	0.09877789934684245	0.09776961403969153	0.09817376404824074	4.299412299025479e-06	7.076351998362763e-13	0.0016167200180516436	0.035099198168081984	0.034740919585122966	0.03488452803735266	0.0005744764433251097	0.00035827858295901793	0.00021467013072932334
ANGLE|A|S1-C2-C1	angle	CG312-CG312-SG3O1	TH_FGA2-CG312-FGA2	0.034430226084658955	0.034093014691436	0.03429731792594026	4.299437002716065e-06	7.076315333849303e-13	0.0004744189889443662	0.012234248109224853	0.012114425258227507	0.012187021251477637	0.00016857744715940547	0.00011982285099734584	4.7226857747216175e-05
ANGLE|A|S1-C2-C1	angle	CG312-CG312-SG3O1	TH_CG312-CG312-SG3O1	0.3283696212175826	0.3306117893389846	0.33021279176709584	4.2994415777198825e-06	7.076478022220164e-13	0.004089638112492926	0.11668106412168176	0.11747778387113612	0.1173360062575514	0.001453189625364497	0.000796719749454361	0.0006549421358696406
ANGLE|A|S1-C2-C1	angle	CG312-CG312-SG3O1	TH_FGA3-CG302-FGA3	0.005448170558722154	0.006767545019194188	0.006606158384506955	4.299453953986981e-06	7.076363739750343e-13	0.0024816617402108215	0.001935923109911849	0.00240474241010174	0.0023473961665591743	0.0008818201012754297	0.00046881930018989105	0.0004114730566473254
ANGLE|A|S1-C2-C1	angle	CG312-CG312-SG3O1	LAMBDA_CS	0.10135432240971909	0.08822701599996208	0.07529451626069772	8.598925674431059e-05	1.4152687702041897e-11	0.03927310181552269	0.0036014690239149346	0.0031350105021849695	0.002675474134071652	0.0013955089067627102	0.0004664585217299651	0.0009259948898432827
ANGLE|A|S1-C2-C1	angle	CG312-CG312-SG3O1	LAMBDA_CC	0.01973708425069276	0.040574360829168654	0.04527783574815203	8.598897834215478e-05	1.4152722000114995e-11	0.046464017054277315	0.0007013267501697888	0.001441747132408296	0.001608877836089613	0.0016510269534552038	0.0007404203822385073	0.0009075510859198242
ANGLE|A|F1-C1-F2	angle	FGA2-CG312-FGA2	R_OG2P1-SG3O1	0.9286161518176073	1.1485480452861907	1.1598668417320823	0.005082032656147836	6.360058852610486e-10	0.4562646160392063	0.0003810158222490656	0.00047125497118558464	0.00047589912962097254	0.0001872076395645956	9.023914893651903e-05	9.488330737190693e-05
ANGLE|A|F1-C1-F2	angle	FGA2-CG312-FGA2	R_CG312-SG3O1	8.65206766291493	8.843299793117154	8.702606108336397	0.00508203223271516	6.360075498456967e-10	0.24685260785640503	0.003549986362274232	0.0036284498557067175	0.003570722537603252	0.00010128485184393814	7.846349343248538e-05	2.0736175329019897e-05
ANGLE|A|F1-C1-F2	angle	FGA2-CG312-FGA2	R_CG312-CG312	25.549274857880278	25.110572191138658	25.599224418137112	0.00508199892343842	6.360062416245245e-10	0.4937342259218923	0.01048299445232421	0.010302992567838093	0.010503489005143462	0.00020258160672084147	0.0001800018844861171	2.0494552819251555e-05
ANGLE|A|F1-C1-F2	angle	FGA2-CG312-FGA2	R_CG302-CG312	12.219742729108418	11.580224345532741	11.424013789238074	0.005082034703489387	6.360113606243286e-10	1.44032935814951	0.005013821173032719	0.0047514236018893095	0.004687329634285904	0.0005909742939864284	0.00026239757114340963	0.0003264915387468153
ANGLE|A|F1-C1-F2	angle	FGA2-CG312-FGA2	TH_OG2P1-SG3O1-OG2P1	-0.0145226439697268	-0.01502284446631208	-0.015081866835480184	5.082026445325154e-06	6.360059230266643e-13	0.001064505388783988	-0.0029793564986594786	-0.003081973873514953	-0.003094082459218344	0.00021838592576825885	0.00010261737485547451	0.0001147259605588655
ANGLE|A|F1-C1-F2	angle	FGA2-CG312-FGA2	TH_FGA2-CG312-FGA2	0.8329537890979566	0.8328608484214648	0.8327000992737794	5.082020171254665e-06	6.360035713346952e-13	0.0003517125208402198	0.1708825396949202	0.17086347268418353	0.1708304945970798	7.215469764387048e-05	1.906701073667305e-05	5.204509784040301e-05
ANGLE|A|F1-C1-F2	angle	FGA2-CG312-FGA2	TH_CG312-CG312-SG3O1	0.02291350297917205	0.023184440863268208	0.023214618062731063	5.082032976521975e-06	6.360082547174349e-13	0.0005771350006316898	0.004700762075442783	0.004756345655636419	0.0047625365830955245	0.00011840067954018804	5.5583580193635865e-05	6.177450765274158e-05
ANGLE|A|F1-C1-F2	angle	FGA2-CG312-FGA2	TH_FGA3-CG302-FGA3	-0.008635597562225428	-0.008273975604392803	-0.008393291176531648	5.0820384864100705e-06	6.360082874199877e-13	0.0006090103820128154	-0.0017716142990530314	-0.0016974266557855592	-0.0017219045419049302	0.00012493999323975072	7.418764326747214e-05	4.9709757148101155e-05
ANGLE|A|F1-C1-F2	angle	FGA2-CG312-FGA2	LAMBDA_CS	0.07009606356689346	0.05642283401350312	0.05692889382657995	0.00010164054985025651	1.2720172558223542e-11	0.02694203984355411	0.0014380381627051666	0.0011575284606669177	0.0011679104034863093	0.0005527226423946106	0.0002805097020382489	0.00027012775921885727
ANGLE|A|F1-C1-F2	angle	FGA2-CG312-FGA2	LAMBDA_CC	0.07009444246520502	0.07328868224291796	0.06601996098268614	0.00010164049954484971	1.2720131074938674e-11	0.007370361759776664	0.0014380049054011899	0.001503535528198553	0.0013544159052927016	0.000151204803011328	6.5530622797363e-05	8.358900010848832e-05
ANGLE|A|F1-C1-C2	angle	CG312-CG312-FGA2	R_OG2P1-SG3O1	-8.932987087639788	-9.353292315555706	-8.687266595309495	0.004879750195482811	6.896257201917063e-10	0.6709054704416934	-0.0022444974565750614	-0.002350103118576721	-0.0021827578598810475	0.00016857134206454337	0.00010560566200165959	6.173959669401397e-05
ANGLE|A|F1-C1-C2	angle	CG312-CG312-FGA2	R_CG312-SG3O1	-16.652994663374443	-16.09662099810194	-16.337850126355136	0.004879763717714698	6.896225106678202e-10	0.8763979660095247	-0.004184222343500293	-0.004044428200246983	-0.004105039299256102	0.0002202032742639575	0.00013979414325330976	7.918304424419081e-05
ANGLE|A|F1-C1-C2	angle	CG312-CG312-FGA2	R_CG312-CG312	61.22357245087784	62.45916458175671	61.12832916306843	0.004879806012011826	6.89621796715303e-10	1.3357152247002928	0.015383001374598589	0.01569345557854108	0.01535907059812407	0.0003356110778103125	0.00031045420394249304	2.3930776474518495e-05
ANGLE|A|F1-C1-C2	angle	CG312-CG312-FGA2	R_CG302-CG312	17.01192336449253	17.092865189749062	16.934556949500745	0.0048797783884841316	6.896208005041898e-10	0.16318801863680127	0.00427440657290168	0.004294743971706409	0.004254967529727234	4.100253243180259e-05	2.0337398804729304e-05	1.9439043174445357e-05
ANGLE|A|F1-C1-C2	angle	CG312-CG312-FGA2	TH_OG2P1-SG3O1-OG2P1	0.025592091686640117	0.02649209100303196	0.026946549889707683	4.879750562934524e-06	6.896240357944899e-13	0.002259337270022342	0.0032151274895817787	0.0033281941579169335	0.0033852877037406463	0.00028383992422462086	0.00011306666833515479	0.00017016021415886765
ANGLE|A|F1-C1-C2	angle	CG312-CG312-FGA2	TH_FGA2-CG312-FGA2	-0.11803258813065298	-0.11836187934870779	-0.11817724416274444	4.879748848180714e-06	6.896309688434283e-13	0.0004788269989944479	-0.014828401813027735	-0.014869770578824966	-0.014846574910834893	6.015490511956311e-05	4.1368765797231144e-05	1.8173097807158006e-05
ANGLE|A|F1-C1-C2	angle	CG312-CG312-FGA2	TH_CG312-CG312-SG3O1	-0.07136784954636965	-0.07166176517394618	-0.07216717806905137	4.879764437710532e-06	6.896235398533241e-13	0.001098123914695954	-0.008965923448478939	-0.009002847988505196	-0.00906634287249274	0.00013795700751373938	3.692454002625703e-05	0.00010041942401380066
ANGLE|A|F1-C1-C2	angle	CG312-CG312-FGA2	TH_FGA3-CG302-FGA3	-0.011515453925149188	-0.012214861550198464	-0.011784897273379613	4.879767009125284e-06	6.896188861956677e-13	0.0009737307402888255	-0.0014466833318312574	-0.0015345497207631521	-0.0014805334260864615	0.00012232952698382706	8.786638893189475e-05	3.38500942552041e-05
ANGLE|A|F1-C1-C2	angle	CG312-CG312-FGA2	LAMBDA_CS	-0.03541214981012786	-0.024593987056817923	-0.0274509392933453	9.759547705382571e-05	1.3792434107857178e-11	0.018876968747146318	-0.0004448818709850353	-0.0003089735877512203	-0.00034486540067746275	0.00023715084285435452	0.000135908283233815	0.00010001647030757254
ANGLE|A|F1-C1-C2	angle	CG312-CG312-FGA2	LAMBDA_CC	0.08558767455795646	0.08177771998830963	0.07991087043478728	9.759540469155917e-05	1.3792486594254328e-11	0.00958435409750757	0.0010752356181355626	0.0010273712629241289	0.0010039180829655072	0.00012040797878537106	4.786435521143373e-05	7.13175351700554e-05
ANGLE|A|F1-C1-C3	angle	CG312-CG312-FGA2	R_OG2P1-SG3O1	5.29609110580509	5.910763648063977	5.0430080197827465	0.004819651919780524	6.727723633243399e-10	0.8725752802010109	0.001330692958598023	0.0014851352458409477	0.0012671034406342844	0.00021924278831560474	0.00015444228724292462	6.35895179637387e-05
ANGLE|A|F1-C1-C3	angle	CG312-CG312-FGA2	R_CG312-SG3O1	14.665581409339268	14.357138109978962	14.516724767993594	0.004819650248306651	6.727732974533215e-10	0.46211959095428634	0.003684865974787114	0.003607366679857008	0.003647464336385894	0.00011611191602029419	7.749929493010635e-05	3.740163840122018e-05
ANGLE|A|F1-C1-C3	angle	CG312-CG312-FGA2	R_CG312-CG312	28.955597621532547	29.995812414675527	29.538138330131858	0.004819679010065593	6.727651503589347e-10	1.6275751807523557	0.007275367643267478	0.007536731444042662	0.00742173650353503	0.00040894365095836625	0.0002613638007751837	0.00014636886026755166
ANGLE|A|F1-C1-C3	angle	CG312-CG312-FGA2	R_CG302-CG312	10.507761375841085	10.735728301543901	11.158998652078367	0.004819657156167607	6.727666172113431e-10	0.8840238590962657	0.0026401743841101143	0.002697453229350044	0.002803803906441334	0.00022211935199578214	5.727884523992971e-05	0.00016362952233121971
ANGLE|A|F1-C1-C3	angle	CG312-CG312-FGA2	TH_OG2P1-SG3O1-OG2P1	-0.015612791913184765	-0.01520215605774311	-0.01508866983887458	4.819640730529659e-06	6.72769563002082e-13	0.0009395775704823691	-0.001961430784315489	-0.0019098427139379666	-0.0018955854712537595	0.00011803887358801982	5.158807037752237e-05	6.584531306172946e-05
ANGLE|A|F1-C1-C3	angle	CG312-CG312-FGA2	TH_FGA2-CG312-FGA2	-0.2604371987119407	-0.2597872819982747	-0.2592682075983461	4.81963639851719e-06	6.727577825525103e-13	0.0018237274636590912	-0.03271865415070977	-0.03263700529145936	-0.03257179411635171	0.00022911438321301963	8.164885925041054e-05	0.00014686003435806366
ANGLE|A|F1-C1-C3	angle	CG312-CG312-FGA2	TH_CG312-CG312-SG3O1	-0.014855514956543914	-0.014066319053206655	-0.014288557241521005	4.81964674120246e-06	6.727710301278414e-13	0.00136097326510137	-0.0018662942870594306	-0.0017671478212467307	-0.0017950675441530581	0.00017097869962295968	9.914646581269987e-05	7.122674290637246e-05
ANGLE|A|F1-C1-C3	angle	CG312-CG312-FGA2	TH_FGA3-CG302-FGA3	-0.001139721265239757	-0.0009284210634241674	-0.0006716073025643254	4.819642257383941e-06	6.727685236806685e-13	0.0006842338067484052	-0.0001431828713026288	-0.00011663728465305745	-8.437384201017278e-05	8.596010628261389e-05	2.654558664957134e-05	5.8809029292456006e-05
ANGLE|A|F1-C1-C3	angle	CG312-CG312-FGA2	LAMBDA_CS	-0.14772847970689895	-0.14082203572172602	-0.1245461318001162	9.639313476452697e-05	1.3455417001705383e-11	0.030185185026720206	-0.0018559088562023322	-0.001769143389026478	-0.0015646696525421834	0.0003792156551556245	8.676546717585414e-05	0.00029123920366014885
ANGLE|A|F1-C1-C3	angle	CG312-CG312-FGA2	LAMBDA_CC	-0.20486714409756246	-0.19366267603842857	-0.19119848412671558	9.639313884137444e-05	1.3455392843499227e-11	0.02496952116882214	-0.0025737403365276045	-0.0024329789102864353	-0.002402021334594842	0.00031369141254477065	0.0001407614262411692	0.0001717190019327624
ANGLE|A|F2-C1-C2	angle	CG312-CG312-FGA2	R_OG2P1-SG3O1	0.6851913038019575	1.3505472984931544	0.4983819378949761	0.0048747640012666345	6.606093933492499e-10	0.8570401245994449	0.00017216079275193263	0.00033933777657044775	0.00012522317350665478	0.00021533943360422728	0.00016717698381851513	4.6937619245277846e-05
ANGLE|A|F2-C1-C2	angle	CG312-CG312-FGA2	R_CG312-SG3O1	-10.509633380962669	-11.262010922536092	-10.731672732468667	0.004874777264480345	6.606011283695973e-10	0.9792916703439021	-0.002640644743094502	-0.0028296867132527647	-0.0026964342292792923	0.000246056290215995	0.0001890419701582628	5.578948618479044e-05
ANGLE|A|F2-C1-C2	angle	CG312-CG312-FGA2	R_CG312-CG312	1.0028556098546915	1.5887399486089748	1.6617674810674998	0.004874816584894049	6.606029501496832e-10	1.2496710265519857	0.000251976952787201	0.0003991859317412493	0.00041753478966022106	0.00031399165957963614	0.00014720897895404827	0.00016555783687302003
ANGLE|A|F2-C1-C2	angle	CG312-CG312-FGA2	R_CG302-CG312	10.0483570428338	10.49348544052009	10.214412493411373	0.004874778110533126	6.60604710153244e-10	0.6160586263743963	0.0025247447023185503	0.0026365874203986657	0.0025664677041336422	0.00015479055398072864	0.00011184271808011535	4.1723001815091934e-05
ANGLE|A|F2-C1-C2	angle	CG312-CG312-FGA2	TH_OG2P1-SG3O1-OG2P1	-0.006301484000509561	-0.005965557001701427	-0.0061224224507867575	4.874759214441312e-06	6.606054347448201e-13	0.0005198633077453782	-0.0007916537140953761	-0.0007494512969742872	-0.0007691582605040843	6.53102853812303e-05	4.2202417121088836e-05	2.2495453591291786e-05
ANGLE|A|F2-C1-C2	angle	CG312-CG312-FGA2	TH_FGA2-CG312-FGA2	-0.2540323918093179	-0.2543183687029611	-0.2541175590512381	4.8747576279947e-06	6.605926692279517e-13	0.0003760188931913785	-0.03191402000863863	-0.03194994720768885	-0.03192471954598252	4.723915086365626e-05	3.592719905021885e-05	1.0699537343887566e-05
ANGLE|A|F2-C1-C2	angle	CG312-CG312-FGA2	TH_CG312-CG312-SG3O1	0.11601367738852986	0.11684422654174398	0.11694045860650704	4.874775975215096e-06	6.606030052413282e-13	0.0017622051471665164	0.014574766607844387	0.014679108271145852	0.014691197879161769	0.00022138535139334673	0.00010434166330146495	0.00011643127131738193
ANGLE|A|F2-C1-C2	angle	CG312-CG312-FGA2	TH_FGA3-CG302-FGA3	-0.007330863598085102	-0.007103021402663501	-0.007004055431778511	4.874774686355563e-06	6.606017765018943e-13	0.0005595251364145483	-0.0009209743918228423	-0.0008923506390340437	-0.0008799175711386365	7.029299008558628e-05	2.862375278879861e-05	4.105682068420574e-05
ANGLE|A|F2-C1-C2	angle	CG312-CG312-FGA2	LAMBDA_CS	-0.12140841555634552	-0.11159455989961486	-0.11523809446785549	9.749566048515142e-05	1.3212069360015363e-11	0.016081672405705832	-0.0015252506090604006	-0.0014019594084540275	-0.0014477330337326023	0.00020203361125431182	0.00012329120060637308	7.751757532779824e-05
ANGLE|A|F2-C1-C2	angle	CG312-CG312-FGA2	LAMBDA_CC	0.11434160877954014	0.09749128942708296	0.11540884893278758	9.749546833185004e-05	1.3212096483219317e-11	0.018015054974036465	0.0014364705085126571	0.0012247804066574874	0.001449878217412366	0.00022632264366100264	0.00021169010185516975	1.3407708899708902e-05
ANGLE|A|F2-C1-C3	angle	CG312-CG312-FGA2	R_OG2P1-SG3O1	4.8393856055284346	5.788007187948807	5.351800568277554	0.004814665835096134	6.711389830229887e-10	1.4658512110045878	0.0012159413840442943	0.0014542915247201713	0.0013446904877111707	0.00036830897465078036	0.000238350140675877	0.00012874910366687635
ANGLE|A|F2-C1-C3	angle	CG312-CG312-FGA2	R_CG312-SG3O1	17.254011192548546	16.545039435371223	16.786383515196235	0.004814663904631624	6.711417464289282e-10	1.1814140984342665	0.004335233428354246	0.004157097571875751	0.0042177375535540195	0.00029684146110170174	0.00017813585647849517	0.00011749587480022663
ANGLE|A|F2-C1-C3	angle	CG312-CG312-FGA2	R_CG312-CG312	18.018973355978574	18.024536719980944	17.759425332791068	0.0048146896925276165	6.711412542260666e-10	0.26992607688240344	0.004527437403726665	0.004528835251527274	0.00446222350918186	6.782147864784522e-05	1.3978478006085662e-06	6.521389454480515e-05
ANGLE|A|F2-C1-C3	angle	CG312-CG312-FGA2	R_CG302-CG312	-28.744919554107184	-27.87968171553956	-28.022112111415254	0.004814656987782551	6.711420143798437e-10	1.592859938247336	-0.007222432787115423	-0.0070050336003770215	-0.007040820583851374	0.0004002211180875066	0.00021739918673840172	0.0001816122032640491
ANGLE|A|F2-C1-C3	angle	CG312-CG312-FGA2	TH_OG2P1-SG3O1-OG2P1	-0.021854996401096116	-0.022054021523263856	-0.02227421213601133	4.814649491589632e-06	6.711392581316982e-13	0.0006230555065745419	-0.002745637229431948	-0.0027706407011775934	-0.0027983031877246317	7.82742931391124e-05	2.500347174564559e-05	5.266595829268384e-05
ANGLE|A|F2-C1-C3	angle	CG312-CG312-FGA2	TH_FGA2-CG312-FGA2	-0.11819924018266903	-0.11892277812515673	-0.11854067767373522	4.8146452880526986e-06	6.711498632616575e-13	0.0010697900788419357	-0.014849338264811069	-0.014940236138932942	-0.014892232963569663	0.0001343974354531599	9.089787412187335e-05	4.289469875859431e-05
ANGLE|A|F2-C1-C3	angle	CG312-CG312-FGA2	TH_CG312-CG312-SG3O1	0.050595903148867194	0.050575164411480245	0.05061941895579025	4.81465838825221e-06	6.711367919222682e-13	4.906920269825952e-05	0.006356349495225522	0.006353744093311195	0.006359303779627273	6.1645505345462725e-06	2.6054019143266147e-06	2.9542844017507383e-06
ANGLE|A|F2-C1-C3	angle	CG312-CG312-FGA2	TH_FGA3-CG302-FGA3	0.0076036244872668135	0.006515495470811317	0.006742760511947665	4.814650044174609e-06	6.711415114174166e-13	0.0019538076418188196	0.0009552412678417606	0.0008185399166644371	0.000847091161717996	0.0002454563204712925	0.00013670135117732347	0.00010815010612376462
ANGLE|A|F2-C1-C3	angle	CG312-CG312-FGA2	LAMBDA_CS	-0.11825032211874031	-0.11781020400135844	-0.11774012088437757	9.629332038689119e-05	1.3422811878899574e-11	0.0010466126721315019	-0.0014855755674489607	-0.0014800463755595922	-0.0014791659232748797	1.3148566417770634e-05	5.529191889368538e-06	6.4096441740810195e-06
ANGLE|A|F2-C1-C3	angle	CG312-CG312-FGA2	LAMBDA_CC	0.08833679270566108	0.07920992193113818	0.0868186605197252	9.629320467287802e-05	1.3422805911126048e-11	0.010741296165131661	0.001109772714348794	0.0009951120860565484	0.0010907004611559478	0.00013494261038570098	0.00011466062829224564	1.9072253192846216e-05
ANGLE|A|F3-C2-F4	angle	FGA2-CG312-FGA2	R_OG2P1-SG3O1	4.632094646304097	4.613932906899265	4.438528830178257	0.005130249252329576	6.426326369502005e-10	0.21685780478300148	0.001900571454569854	0.0018931196026294578	0.0018211504382046506	8.897783507081576e-05	7.451851940396166e-06	7.942101636520334e-05
ANGLE|A|F3-C2-F4	angle	FGA2-CG312-FGA2	R_CG312-SG3O1	27.737219302309768	27.298902245942003	27.358900098199967	0.005130238667036707	6.426356914351802e-10	0.8217664991446023	0.01138071893180679	0.011200875265173521	0.011225492682140157	0.0003371748787219189	0.0001798436666332684	0.00015522624966663248
ANGLE|A|F3-C2-F4	angle	FGA2-CG312-FGA2	R_CG312-CG312	32.98333054030422	32.27296889211573	32.82434235593712	0.0051302206847751	6.426337253580048e-10	0.8744800532403744	0.013533224445567357	0.013241759530867163	0.013467990803361212	0.0003588035119501465	0.000291464914700194	6.523364220614551e-05
ANGLE|A|F3-C2-F4	angle	FGA2-CG312-FGA2	R_CG302-CG312	1.5004002932812455	1.3597188237319813	1.434120759412849	0.00513024700558807	6.426373102829237e-10	0.2120912504232486	0.0006156216972193888	0.0005578993910861136	0.0005884268750684684	8.702209412756236e-05	5.772230613327516e-05	2.7194822150920393e-05
ANGLE|A|F3-C2-F4	angle	FGA2-CG312-FGA2	TH_OG2P1-SG3O1-OG2P1	-0.004574770926723204	-0.005244524159522257	-0.005233513745793061	5.1302364101127e-06	6.426335403715128e-13	0.0013336262882790231	-0.000938525623765438	-0.0010759271637878773	-0.0010736683500508339	0.0002735967470558306	0.0001374015400224393	0.00013514272628539585
ANGLE|A|F3-C2-F4	angle	FGA2-CG312-FGA2	TH_FGA2-CG312-FGA2	0.8343364198316152	0.8344895678383857	0.8343977290397646	5.13022905440268e-06	6.426340099301188e-13	0.00021958744397426359	0.17116618982572002	0.1711976085198765	0.17117876756212314	4.5048909798554656e-05	3.141869415648757e-05	1.2577736403118767e-05
ANGLE|A|F3-C2-F4	angle	FGA2-CG312-FGA2	TH_CG312-CG312-SG3O1	-0.023721515430118245	-0.022912578299919772	-0.02288364876883975	5.130237819115744e-06	6.426359043517164e-13	0.0016519340292960852	-0.004866527837637503	-0.004700572375196382	-0.004694637410006427	0.000338898371109253	0.00016595546244112074	0.00017189042763107558
ANGLE|A|F3-C2-F4	angle	FGA2-CG312-FGA2	TH_FGA3-CG302-FGA3	-0.004704531471553253	-0.004423984334966491	-0.004500888781031165	5.130243962002111e-06	6.426366278302672e-13	0.0004893200710708517	-0.0009651463219878068	-0.0009075913797670618	-0.000923368517982129	0.00010038522852370697	5.755494222074503e-05	4.177780400567779e-05
ANGLE|A|F3-C2-F4	angle	FGA2-CG312-FGA2	LAMBDA_CS	0.10252351685664962	0.08975473258608702	0.08749387117362062	0.00010260484371346186	1.2852729741697375e-11	0.02790103479730507	0.002103295425054959	0.0018413406427454583	0.0017949585090524368	0.0005723966621777542	0.0002619547823095006	0.0003083369160025221
ANGLE|A|F3-C2-F4	angle	FGA2-CG312-FGA2	LAMBDA_CC	-0.020539035511148995	-0.014605302916450569	-0.01200240634332772	0.00010260487368344843	1.2852690030972608e-11	0.014572966636203149	-0.0004213634173907985	-0.0002996314186984495	-0.00024623234869000166	0.0002989680318737194	0.00012173199869234896	0.00017513106870079682
ANGLE|A|F3-C2-C1	angle	CG312-CG312-FGA2	R_OG2P1-SG3O1	19.6304702631096	18.773892896550848	18.912746697857585	0.004906228764807072	7.082417156938086e-10	1.5792071605755753	0.004932341236436651	0.004717118075164977	0.004752006405441417	0.000396790728626645	0.00021522316127167446	0.0001803348309952343
ANGLE|A|F3-C2-C1	angle	CG312-CG312-FGA2	R_CG312-SG3O1	104.03068755887546	103.67171165966482	104.31896430946352	0.004906236868781446	7.082438246229986e-10	0.6521588866674833	0.026138693736021474	0.026048497647653133	0.026211125994921737	0.0001638610856645419	9.019608836834114e-05	7.243225890026309e-05
ANGLE|A|F3-C2-C1	angle	CG312-CG312-FGA2	R_CG312-CG312	-14.599124530015217	-14.538394125857224	-15.738559740910318	0.004906287628275276	7.082462963520531e-10	1.20507190268137	-0.003668168055585917	-0.003652908967407227	-0.003954461924332775	0.0003027857080752865	1.5259088178689716e-05	0.00028629386874685784
ANGLE|A|F3-C2-C1	angle	CG312-CG312-FGA2	R_CG302-CG312	-2.2809780832560023	-0.32165146686224944	0.24062717192663285	0.0049062505850208	7.082273726399673e-10	4.485838122161408	-0.0005731173073624395	-8.081797188253902e-05	6.045985179128648e-05	0.0011271092364758973	0.0004922993354799004	0.000633577159153726
ANGLE|A|F3-C2-C1	angle	CG312-CG312-FGA2	TH_OG2P1-SG3O1-OG2P1	-0.056164643256927604	-0.053721030177527496	-0.05477044495410155	4.906226147031498e-06	7.082339005853587e-13	0.0038427176083731954	-0.007055948794219445	-0.006748958350387055	-0.006880796042180645	0.0004827595637221876	0.00030699044383239015	0.00017515275203879976
ANGLE|A|F3-C2-C1	angle	CG312-CG312-FGA2	TH_FGA2-CG312-FGA2	-0.18452974321878202	-0.18477019345787582	-0.1850013563385815	4.906214573600288e-06	7.082422715763284e-13	0.0007169695734668892	-0.02318242124686851	-0.023212628944740684	-0.023241669874314867	9.007269171556144e-05	3.020769787217409e-05	5.9248627446356616e-05
ANGLE|A|F3-C2-C1	angle	CG312-CG312-FGA2	TH_CG312-CG312-SG3O1	-0.10383313258195415	-0.104844716797313	-0.10527418219622575	4.906242784435385e-06	7.082284367572903e-13	0.0024575400724148925	-0.013044528090210913	-0.013171613138930284	-0.013225566759711871	0.00030874008816147866	0.0001270850487193713	0.00018103866950095783
ANGLE|A|F3-C2-C1	angle	CG312-CG312-FGA2	TH_FGA3-CG302-FGA3	0.006905634659453597	0.004429269466939445	0.005187226397431743	4.906238504475733e-06	7.082436004582684e-13	0.0041996796930404805	0.000867552996389442	0.0005564479135308943	0.0006516698357162141	0.0005276046129352353	0.0003111050828585477	0.00021588316067322792
ANGLE|A|F3-C2-C1	angle	CG312-CG312-FGA2	LAMBDA_CS	-0.014313130714356248	-0.0034900517865565917	0.014157454425571814	9.812503381801401e-05	1.4164719877951724e-11	0.039391789101545734	-0.0001798154702834516	-4.3845425283779335e-05	0.000177859713318857	0.0004948779707221146	0.00013597004499967227	0.0003576751836023086
ANGLE|A|F3-C2-C1	angle	CG312-CG312-FGA2	LAMBDA_CC	0.06704439905021786	0.07222181052704002	0.057680024775663696	9.812488745302561e-05	1.4164793810232955e-11	0.01463991063882935	0.0008422769543349719	0.0009073206333270133	0.0007246325760578784	0.00018392079755048932	6.504367899204139e-05	0.00011764437827709354
ANGLE|A|F4-C2-C1	angle	CG312-CG312-FGA2	R_OG2P1-SG3O1	13.148937769557278	13.6082093387202	13.891134780998016	0.004896502189113735	6.888675549436317e-10	1.2063650827927732	0.0033037949222237965	0.00341919124584434	0.003490278937941375	0.00030311063180376186	0.00011539632362054337	0.0001864840157175785
ANGLE|A|F4-C2-C1	angle	CG312-CG312-FGA2	R_CG312-SG3O1	91.21217781039803	91.92397560303078	91.80802417627376	0.004896510708754878	6.888628893207895e-10	1.3125406692172357	0.022917921977899307	0.023096767902502795	0.02306763401034678	0.0003297882516572387	0.00017884592460348792	0.00014971203244747155
ANGLE|A|F4-C2-C1	angle	CG312-CG312-FGA2	R_CG312-CG312	-17.77909455046256	-16.782608278330002	-16.628797315235033	0.0048965568910485065	6.888762412307407e-10	2.1516800642511322	-0.004467165586070964	-0.004216788989600989	-0.004178142531023018	0.0005406299577279399	0.00025037659646997504	0.0002890230550479456
ANGLE|A|F4-C2-C1	angle	CG312-CG312-FGA2	R_CG302-CG312	0.10983498680161574	-1.0898978243893964	-1.7014871769660544	0.004896518377063089	6.88866074387156e-10	3.0159514933357454	2.7597078793530074e-05	-0.0002738471320700219	-0.00042751473875738197	0.0007577863249474791	0.00030144421086355193	0.000455111817550912
ANGLE|A|F4-C2-C1	angle	CG312-CG312-FGA2	TH_OG2P1-SG3O1-OG2P1	-0.05969000253421797	-0.0601350760166568	-0.05991331596452909	4.896493756090614e-06	6.888628703879971e-13	0.0006732834065060426	-0.0074988387174759075	-0.007554753177528423	-0.007526893522740649	8.458441049063912e-05	5.591446005251584e-05	2.805480526474162e-05
ANGLE|A|F4-C2-C1	angle	CG312-CG312-FGA2	TH_FGA2-CG312-FGA2	-0.23152589466815243	-0.2312527994710507	-0.23110296360097493	4.8965009467106355e-06	6.888586788374914e-13	0.0007009227652259365	-0.029086534919151797	-0.029052226044120184	-0.029033402204681633	8.805673557851512e-05	3.4308875031613395e-05	5.313271447016446e-05
ANGLE|A|F4-C2-C1	angle	CG312-CG312-FGA2	TH_CG312-CG312-SG3O1	-0.09483813013520148	-0.09573409037623648	-0.09515239596365888	4.896502632037273e-06	6.888640731895588e-13	0.00121512257212443	-0.011914488389293968	-0.012027047629695085	-0.011953969519499398	0.00015265551689501143	0.00011255924040111734	3.9481130205430703e-05
ANGLE|A|F4-C2-C1	angle	CG312-CG312-FGA2	TH_FGA3-CG302-FGA3	-0.004809354612739014	-0.0035232057731988675	-0.00389481951252435	4.89650882761895e-06	6.888608519816396e-13	0.0022055804485824294	-0.0006041979065992541	-0.00044261937912555414	-0.0004893051117120528	0.00027708646942771475	0.00016157852747369998	0.00011489279488720132
ANGLE|A|F4-C2-C1	angle	CG312-CG312-FGA2	LAMBDA_CS	-0.112296953354587	-0.10603050086260168	-0.11141774240016389	9.793040080421765e-05	1.3777353059028462e-11	0.007243593847212652	-0.0014107835582469971	-0.001332058286722365	-0.0013997380550371799	9.100107168534594e-05	7.872527152463218e-05	1.104550320981724e-05
ANGLE|A|F4-C2-C1	angle	CG312-CG312-FGA2	LAMBDA_CC	-0.07078535340198755	-0.08753533992972962	-0.07843191737023858	9.793036292862176e-05	1.3777258090695078e-11	0.024494480858921718	-0.00088927446169356	-0.001099704085011849	-0.0009853380360046954	0.0003077234941044909	0.00021042962331828906	9.60635743111354e-05
ANGLE|A|F5-C3-F6	angle	FGA2-CG312-FGA2	R_OG2P1-SG3O1	3.915351286082114	3.8664868821314258	3.6610616549737074	0.005092897462048636	6.3663577662489e-10	0.3082469325211431	0.0016064880917056512	0.0015864387839119626	0.0015021517922599236	0.00012647524837944423	2.0049307793688605e-05	0.00010433629944572756
ANGLE|A|F5-C3-F6	angle	FGA2-CG312-FGA2	R_CG312-SG3O1	1.1725184540551936	0.8302927585255304	0.9021493039824691	0.005092900500335736	6.366327159900552e-10	0.6176877461027235	0.0004810901490347868	0.0003406732453208354	0.000370156343043898	0.00025344035209149253	0.00014041690371395136	0.0001109338059908888
ANGLE|A|F5-C3-F6	angle	FGA2-CG312-FGA2	R_CG312-CG312	27.86100850015316	27.583648019280815	27.63078082433168	0.005092895056696649	6.366336640156811e-10	0.5126810517505245	0.011431510254905719	0.011317707871141313	0.011337046695300477	0.00021035558352274834	0.00011380238376440532	9.446355960524185e-05
ANGLE|A|F5-C3-F6	angle	FGA2-CG312-FGA2	R_CG302-CG312	5.226211818111892	6.122881586630768	5.897521009117668	0.005092889732548922	6.366361657565886e-10	1.5730718492572007	0.002144340682884007	0.0025122487452942793	0.002419782180314109	0.0006454391978089499	0.0003679080624102724	0.00027544149743010185
ANGLE|A|F5-C3-F6	angle	FGA2-CG312-FGA2	TH_OG2P1-SG3O1-OG2P1	-0.008898049728237822	-0.009290898323502716	-0.009494757231969686	5.092901856648516e-06	6.366334072167176e-13	0.0009946490008534063	-0.0018254570130950664	-0.0019060508786288867	-0.001947873040283251	0.00020405471419358227	8.05938655338203e-05	0.00012241602718818462
ANGLE|A|F5-C3-F6	angle	FGA2-CG312-FGA2	TH_FGA2-CG312-FGA2	0.8293312372679864	0.8283243397416946	0.8282373554466744	5.092892171795141e-06	6.36631544694927e-13	0.0021058722397755713	0.17013936418508532	0.16993279665546088	0.1699149516111845	0.00043202492300993653	0.00020656752962444624	0.00022441257390082292
ANGLE|A|F5-C3-F6	angle	FGA2-CG312-FGA2	TH_CG312-CG312-SG3O1	0.01139145286613541	0.011132660755638568	0.01114183303096894	5.092899551270477e-06	6.36632732312205e-13	0.0005135048452145823	0.0023369848628556674	0.0022838930182977604	0.002285774733374574	0.000105346795037624	5.309184455790702e-05	5.1210129481093266e-05
ANGLE|A|F5-C3-F6	angle	FGA2-CG312-FGA2	TH_FGA3-CG302-FGA3	-0.006535290062281263	-0.006708092802956145	-0.00675727108297508	5.092887215415686e-06	6.366358237346098e-13	0.00039987664858411563	-0.0013407309962476946	-0.001376181907906005	-0.0013862709542582215	8.203568813672911e-05	3.545091165831028e-05	4.553995801052685e-05
ANGLE|A|F5-C3-F6	angle	FGA2-CG312-FGA2	LAMBDA_CS	-0.0638961028714391	-0.07129169880400354	-0.07419236686999398	0.00010185788346342333	1.2732722469259948e-11	0.01779371781458275	-0.0013108444283690436	-0.0014625669167057178	-0.0015220748428855346	0.0003650425426437507	0.00015172248833667423	0.00021123041451649098
ANGLE|A|F5-C3-F6	angle	FGA2-CG312-FGA2	LAMBDA_CC	0.013590962053910971	0.003461309329679807	0.005634416903745887	0.00010185804715499338	1.2732739335233505e-11	0.018188055921551243	0.0002788219638432393	7.100962102182702e-05	0.00011559146291353944	0.00037313248689987066	0.00020781234282141224	0.00016323050092969984
ANGLE|A|F5-C3-C1	angle	CG312-CG312-FGA2	R_OG2P1-SG3O1	-10.598719683372337	-11.814851428834316	-11.635857775843306	0.0048299717580736565	7.084255829453797e-10	2.258099809691021	-0.002663028518780336	-0.0029685931169119557	-0.002923619269425118	0.0005673689248422766	0.0003055645981316197	0.0002605907506447822
ANGLE|A|F5-C3-C1	angle	CG312-CG312-FGA2	R_CG312-SG3O1	5.494580938375293	5.2572122824479095	4.514371685111485	0.004829967493031646	7.084250463772381e-10	1.2224078766842237	0.0013805654055174042	0.001320924286676336	0.0011342785639181236	0.0003071415354345912	5.9641118841068314e-05	0.0002462868415992806
ANGLE|A|F5-C3-C1	angle	CG312-CG312-FGA2	R_CG312-CG312	-7.9199326766712375	-8.297446112695894	-9.239771514714334	0.004830003569926834	7.084362138390659e-10	1.7021822776376807	-0.0019899579585904263	-0.002084811778333731	-0.002321579944160699	0.0004276893893724811	9.48538197433047e-05	0.0003316219855702728
ANGLE|A|F5-C3-C1	angle	CG312-CG312-FGA2	R_CG302-CG312	56.31591315384554	56.45660398016972	57.16208933033329	0.004829960933541571	7.084170689211631e-10	0.9916969637454613	0.014149905580117113	0.01418525548029608	0.014362515344052524	0.0002491732374604832	3.534990017896658e-05	0.00021260976393541048
ANGLE|A|F5-C3-C1	angle	CG312-CG312-FGA2	TH_OG2P1-SG3O1-OG2P1	0.002930062883535811	0.003585572680513849	0.004014249291408589	4.829960387794013e-06	7.084274380146313e-13	0.0017445261652386098	0.0003681029998801174	0.00045045451665959443	0.0005043090422178911	0.00021916434572174295	8.235151677947705e-05	0.00013620604233777368
ANGLE|A|F5-C3-C1	angle	CG312-CG312-FGA2	TH_FGA2-CG312-FGA2	-0.15468244836308997	-0.15444064856578876	-0.1542010005286869	4.829950297661648e-06	7.084327061925445e-13	0.0007280775820019441	-0.01943271374522323	-0.019402336502722013	-0.019372229585267013	9.146818779430547e-05	3.0377242501218593e-05	6.048415995621795e-05
ANGLE|A|F5-C3-C1	angle	CG312-CG312-FGA2	TH_CG312-CG312-SG3O1	-0.021187908192970895	-0.021121835177964954	-0.021002462542547562	4.829966809677796e-06	7.084239343384133e-13	0.0002563486322389512	-0.0026618311200220287	-0.0026535303851908834	-0.0026385336336031797	3.220500866126534e-05	8.300734831145299e-06	2.3297486418849024e-05
ANGLE|A|F5-C3-C1	angle	CG312-CG312-FGA2	TH_FGA3-CG302-FGA3	-0.057182046314459	-0.05963301935524612	-0.059275999856453154	4.829950771567867e-06	7.084202317880668e-13	0.00454975653355284	-0.007183764862491869	-0.007491679936263359	-0.007446827674129381	0.000571584670805409	0.00030791507377148954	0.0002630628116375121
ANGLE|A|F5-C3-C1	angle	CG312-CG312-FGA2	LAMBDA_CS	9.109859036016132e-06	0.0106971234168185	0.02543170524489824	9.659944654789344e-05	1.4168361455654723e-11	0.0362072083901926	1.1444691028596307e-07	0.00013438766935496777	0.00031949781847060967	0.0004548701702139273	0.0001342732224446818	0.0003193833715603237
ANGLE|A|F5-C3-C1	angle	CG312-CG312-FGA2	LAMBDA_CC	0.020493770328755545	0.02369000294194734	0.01800783925503424	9.659949473911974e-05	1.4168601502176479e-11	0.0057787631816522194	0.0002574626769704567	0.0002976168600032383	0.00022623199278023364	7.25984440373515e-05	4.015418303278157e-05	3.123068419022307e-05
ANGLE|A|F5-C3-C4	angle	CG302-CG312-FGA2	R_OG2P1-SG3O1	3.4757382690813188	3.802098321969538	3.7518655042632076	0.004876683493656106	6.870348549532584e-10	0.6073639715637643	0.0017466241981851623	0.0019106262954564908	0.0018853833547755484	0.000305211879523802	0.00016400209727132848	0.00013875915659038607
ANGLE|A|F5-C3-C4	angle	CG302-CG312-FGA2	R_CG312-SG3O1	-5.788004662157675	-5.423577030885696	-5.2914563613342125	0.004876665207214244	6.870412786769213e-10	0.8658525973026566	-0.002908581780182542	-0.0027254500050057024	-0.0026590568704673986	0.0004351073013647882	0.00018313177517683982	0.0002495249097151436
ANGLE|A|F5-C3-C4	angle	CG302-CG312-FGA2	R_CG312-CG312	81.95722274140849	82.14182997767594	82.92756568791049	0.0048766541557742635	6.870226820889503e-10	1.1598268369252285	0.0411850540443689	0.041277822671078546	0.04167266972187118	0.0005828349151311671	9.276862670964253e-05	0.00048761567750228024
ANGLE|A|F5-C3-C4	angle	CG302-CG312-FGA2	R_CG302-CG312	3.965436965842173	3.508629252113593	3.7266832887752344	0.004876782256816786	6.870366939678409e-10	0.700438173052335	0.0019927070523490685	0.0017631525390494045	0.0018727288153568386	0.0003519834255843364	0.00022955451329966393	0.00011997823699222985
ANGLE|A|F5-C3-C4	angle	CG302-CG312-FGA2	TH_OG2P1-SG3O1-OG2P1	0.022311888914231304	0.022834117183307967	0.023212824687995237	4.876672748330357e-06	6.870350297303762e-13	0.001428040715588927	0.005606073022166316	0.005737287811821168	0.005832441652604459	0.00035880873022417427	0.00013121478965485208	0.0002263686304381429
ANGLE|A|F5-C3-C4	angle	CG302-CG312-FGA2	TH_FGA2-CG312-FGA2	-0.23318126558639563	-0.23052487024906299	-0.23061207041417475	4.87666749146971e-06	6.87023708491844e-13	0.005230467177044983	-0.05858899743108229	-0.0579215529895079	-0.057943462855366445	0.001314204326100577	0.0006674444415743913	0.0006455345757158462
ANGLE|A|F5-C3-C4	angle	CG302-CG312-FGA2	TH_CG312-CG312-SG3O1	-0.00903419359714519	-0.008046681385803112	-0.008380601401441368	4.876672695612852e-06	6.870400197980692e-13	0.001645981079741514	-0.002269926548875891	-0.002021804770018632	-0.002105705330765731	0.0004135683070853526	0.0002481217788572591	0.00016422121811016013
ANGLE|A|F5-C3-C4	angle	CG302-CG312-FGA2	TH_FGA3-CG302-FGA3	-0.000504537573540631	0.0005122248178288658	0.0005545960023312091	4.876647529009376e-06	6.87037869136598e-13	0.0020807726147703464	-0.00012676983515686496	0.0001287013279580678	0.00013934748863361283	0.0005228137906999968	0.00025547116311493276	0.0002661173237904778
ANGLE|A|F5-C3-C4	angle	CG302-CG312-FGA2	LAMBDA_CS	0.10037061632758082	0.09607938791049264	0.10503377194041263	9.753351443736761e-05	1.374061805906743e-11	0.009051917544357361	0.0025219066237523106	0.002414085452925097	0.0026390728169856663	0.00022743798581718636	0.00010782117082721362	0.00011716619323335568
ANGLE|A|F5-C3-C4	angle	CG302-CG312-FGA2	LAMBDA_CC	-0.06837838703432908	-0.025053417996332428	-0.036689564635139504	9.75336658861031e-05	1.374061012833331e-11	0.07511132510307234	-0.0017180716178982734	-0.0006294908121952442	-0.0009218599970928065	0.0018872430520704057	0.001088580805703029	0.0007962116208054669
ANGLE|A|F6-C3-C1	angle	CG312-CG312-FGA2	R_OG2P1-SG3O1	3.2026105685503126	2.5060922767607963	2.962275817964155	0.004815210954290935	6.740124379708109e-10	0.9416682533299647	0.0008046861822354674	0.0006296793766684139	0.0007442998040704726	0.00023660305100642654	0.0001750068055670535	6.0386378164994817e-05
ANGLE|A|F6-C3-C1	angle	CG312-CG312-FGA2	R_CG312-SG3O1	-4.709069580165703	-4.232578714951529	-4.0851071254053295	0.0048152150791157845	6.740123077322971e-10	1.105268535053664	-0.0011831982506883385	-0.0010634754161468823	-0.0010264217851043032	0.0002777091684362711	0.00011972283454145618	0.00015677646558403526
ANGLE|A|F6-C3-C1	angle	CG312-CG312-FGA2	R_CG312-CG312	-47.74410909326576	-47.09241407469733	-46.62746130131268	0.004815261417578675	6.740111311907282e-10	1.7731580719390958	-0.011996158773648328	-0.011832414239228995	-0.01171559045933869	0.00044552272868272647	0.0001637445344193321	0.0002805683143096375
ANGLE|A|F6-C3-C1	angle	CG312-CG312-FGA2	R_CG302-CG312	52.40180275621498	51.52792570309117	51.77801073929089	0.004815208390998165	6.739988780194059e-10	1.5024842784388894	0.013166448339437616	0.01294687846836844	0.013009714697971237	0.0003775133791658838	0.00021956987106917618	0.0001567336414663792
ANGLE|A|F6-C3-C1	angle	CG312-CG312-FGA2	TH_OG2P1-SG3O1-OG2P1	-0.0038536622996971914	-0.0028243728648220667	-0.0026196471649626574	4.8152053972514604e-06	6.74009572799677e-13	0.00226811977500691	-0.00048413454230430703	-0.0003548251916922715	-0.00032910555792800723	0.00028494326792739507	0.00012930935061203553	0.0001550289843762998
ANGLE|A|F6-C3-C1	angle	CG312-CG312-FGA2	TH_FGA2-CG312-FGA2	-0.19513157055104813	-0.1926046436029374	-0.19302894906842738	4.8152035410361735e-06	6.739997768772606e-13	0.004634363634272526	-0.024514325919340527	-0.024196868776934423	-0.024250174156689248	0.0005822138377632502	0.0003174571424061044	0.0002641517626512796
ANGLE|A|F6-C3-C1	angle	CG312-CG312-FGA2	TH_CG312-CG312-SG3O1	0.004491769412638291	0.004509444200945012	0.004382377132493787	4.815205046145574e-06	6.740134148903102e-13	0.00013188227349737096	0.0005642997646407678	0.0005665202434688872	0.0005505568423604358	1.656833400340195e-05	2.2204788281194503e-06	1.3742922280332039e-05
ANGLE|A|F6-C3-C1	angle	CG312-CG312-FGA2	TH_FGA3-CG302-FGA3	-0.061629278635869866	-0.0602909261724669	-0.06036730429633508	4.815190410525846e-06	6.739997266306264e-13	0.002605141993348284	-0.007742469444524486	-0.007574332590041323	-0.007583927952884582	0.00032728327717934853	0.0001681368544831632	0.00015854149163990403
ANGLE|A|F6-C3-C1	angle	CG312-CG312-FGA2	LAMBDA_CS	-0.038046557102546785	-0.019054072684170364	-0.013056451155648574	9.63043452473849e-05	1.3480090676573032e-11	0.04407889471052202	-0.000477977857855981	-0.00023937579477861017	-0.00016402783930639573	0.0005537619504862986	0.00023860206307737083	0.0003139500185495853
ANGLE|A|F6-C3-C1	angle	CG312-CG312-FGA2	LAMBDA_CC	-0.030585246031620272	-0.0022948766144281763	-0.006849897736316279	9.630439941695027e-05	1.3480123983494783e-11	0.05212202211191304	-0.00038424161063481404	-2.8830472235679394e-05	-8.60550781957042e-05	0.0006548075403781178	0.00035541113839913463	0.0002981865324391098
ANGLE|A|F6-C3-C4	angle	CG302-CG312-FGA2	R_OG2P1-SG3O1	1.4887823518989762	1.769242587812414	1.2235084901632831	0.004861922740282772	6.652240567056613e-10	0.5505960203894137	0.0007481412811745094	0.0008890778525592717	0.0006148361499524017	0.0002766849107112965	0.00014093657138476235	0.00013330513122210763
ANGLE|A|F6-C3-C4	angle	CG302-CG312-FGA2	R_CG312-SG3O1	6.775152151909936	8.430413978558704	7.468940339364849	0.004861912843722088	6.652344660731699e-10	2.353911926947404	0.0034046420584021558	0.004236442423370681	0.0037532837404883235	0.0011828852501859105	0.0008318003649685256	0.0003486416820861677
ANGLE|A|F6-C3-C4	angle	CG302-CG312-FGA2	R_CG312-CG312	94.6474068969323	96.25270404537645	94.53316805869605	0.004861912053928968	6.652233153522308e-10	1.7243978987343274	0.04756211152382126	0.04836880369327834	0.04750470434762191	0.0008665425483907624	0.0008066921694570781	5.740717619934915e-05
ANGLE|A|F6-C3-C4	angle	CG302-CG312-FGA2	R_CG302-CG312	-29.509208151452526	-28.946867017772604	-28.86241488550212	0.004862029764735562	6.652340486007675e-10	1.213996429395065	-0.014828935045282592	-0.014546347993070563	-0.014503909199815007	0.0006100561595658502	0.0002825870522120289	0.00032502584546758445
ANGLE|A|F6-C3-C4	angle	CG302-CG312-FGA2	TH_OG2P1-SG3O1-OG2P1	-0.027205185470073445	-0.027114162082821025	-0.027284887151239445	4.861917808236586e-06	6.652293594504209e-13	0.00017558698622665685	-0.006835560042141069	-0.006812689555575653	-0.00685558584301896	4.4117890256297146e-05	2.2870486565416785e-05	2.002580087789082e-05
ANGLE|A|F6-C3-C4	angle	CG302-CG312-FGA2	TH_FGA2-CG312-FGA2	-0.1931006753602773	-0.19407575221719142	-0.1936964676332522	4.86192078541131e-06	6.652325476541445e-13	0.00157573105067443	-0.04851837022229287	-0.048763367500788565	-0.048668068663387624	0.00039591732315148303	0.0002449972784956955	0.00014969844109475466
ANGLE|A|F6-C3-C4	angle	CG302-CG312-FGA2	TH_CG312-CG312-SG3O1	0.010169760867988487	0.0095191698096464	0.009024158036893937	4.861910982479418e-06	6.652291974077449e-13	0.0018010558004191164	0.002555248561117944	0.002391781407142117	0.0022674050194884357	0.00045253229670329004	0.00016346715397582735	0.00028784354162950847
ANGLE|A|F6-C3-C4	angle	CG302-CG312-FGA2	TH_FGA3-CG302-FGA3	0.03351753347773467	0.03286068771865658	0.032740561839801785	4.861887218447335e-06	6.65237358883514e-13	0.0014386792842294308	0.00842159715483499	0.008256558448168458	0.008226375685458379	0.0003614817711701585	0.00016503870666653188	0.00019522146937661113
ANGLE|A|F6-C3-C4	angle	CG302-CG312-FGA2	LAMBDA_CS	-0.024915996880423563	-0.020064132786714595	-0.0029053609074480846	9.723841414577202e-05	1.3304575517159681e-11	0.02695973848083022	-0.000626037976742656	-0.0005041303045257591	-7.299993947402862e-05	0.0006773889165683329	0.00012190767221689693	0.0005530380372686274
ANGLE|A|F6-C3-C4	angle	CG302-CG312-FGA2	LAMBDA_CC	0.023625154136084348	0.025928925126521563	0.006086679143066931	9.723857157417163e-05	1.3304692109963083e-11	0.019939484555028805	0.0005936043324523088	0.000651488756529473	0.00015293356770329503	0.0005009983998645238	5.7884424077164244e-05	0.0004406707647490138
ANGLE|A|F7-C4-F8	angle	FGA3-CG302-FGA3	R_OG2P1-SG3O1	2.3847208218654714	1.6944890716068528	1.8480483622411725	0.005144979055741594	6.450694671566604e-10	1.2320491889386591	0.000978462805109602	0.0006952572875742428	0.0007582634277005998	0.0005055159054211239	0.0002832055175353593	0.0002201993774090023
ANGLE|A|F7-C4-F8	angle	FGA3-CG302-FGA3	R_CG312-SG3O1	1.1107462359447595	0.8575332119988843	0.7327948582869226	0.005144982113533157	6.450695439448425e-10	0.6363093837172453	0.0004557447009404072	0.00035185013876412965	0.00030066937229508716	0.0002610809025529869	0.00010389456217627753	0.00015507532864532
ANGLE|A|F7-C4-F8	angle	FGA3-CG302-FGA3	R_CG312-CG312	12.518820628130811	11.907674847066119	12.311615712135904	0.005144976315352861	6.45070928481593e-10	0.8234956733749528	0.0051365343213981614	0.0048857781700748885	0.005051517114571293	0.00033788436750250845	0.0002507561513232729	8.501720682686873e-05
ANGLE|A|F7-C4-F8	angle	FGA3-CG302-FGA3	R_CG302-CG312	29.545179335457306	29.413955261436087	29.463866471729716	0.005144958652696201	6.450664251809125e-10	0.21768189640150465	0.012122533918844037	0.012068692029098523	0.012089170846737276	8.931596395756618e-05	5.384188974551403e-05	3.336307210676133e-05
ANGLE|A|F7-C4-F8	angle	FGA3-CG302-FGA3	TH_OG2P1-SG3O1-OG2P1	-0.004730824997707828	-0.004603189323056256	-0.0046119795893346804	5.144975445765354e-06	6.450684645574163e-13	0.00025162605847048417	-0.0009705405042169246	-0.0009443557283918997	-0.0009461590733624274	5.1621711177307744e-05	2.6184775825024943e-05	2.438143085449723e-05
ANGLE|A|F7-C4-F8	angle	FGA3-CG302-FGA3	TH_FGA2-CG312-FGA2	-0.008548345269389301	-0.007911239802069758	-0.008142080072794045	5.144973487111206e-06	6.450721804535272e-13	0.001048515637401911	-0.0017537142743587577	-0.0016230105045530127	-0.0016703679597222213	0.00021510558853824437	0.000130703769805745	8.334631463653643e-05
ANGLE|A|F7-C4-F8	angle	FGA3-CG302-FGA3	TH_CG312-CG312-SG3O1	-0.0009563209132750217	-0.0007898787388320727	-0.0005902840557396871	5.1449784640860845e-06	6.450711923193076e-13	0.0005376240104423696	-0.00019619161178289926	-0.00016204558609285796	-0.00012109824087054271	0.00011029490171939936	3.41460256900413e-05	7.509337091235655e-05
ANGLE|A|F7-C4-F8	angle	FGA3-CG302-FGA3	TH_FGA3-CG302-FGA3	0.6071471751752995	0.6069863510381097	0.6073327380972628	5.144936864341875e-06	6.450379712532385e-13	0.00035153199601747225	0.12455775172702953	0.1245247582556426	0.12459582042158777	7.211766252788585e-05	3.2993471386924544e-05	3.806869455824646e-05
ANGLE|A|F7-C4-F8	angle	FGA3-CG302-FGA3	LAMBDA_CS	0.012098233478070597	0.008140601816037929	0.009890745452878491	0.00010289939881372955	1.2901361771100304e-11	0.006268019086038503	0.00024819826617196466	0.0001670064691675287	0.00020291110078197815	0.0001285899691312323	8.119179700443596e-05	4.528716538998651e-05
ANGLE|A|F7-C4-F8	angle	FGA3-CG302-FGA3	LAMBDA_CC	-0.01353473755102641	-0.005502390140250668	-0.005963136689786097	0.00010289959364103973	1.290141205883249e-11	0.015706847865657094	-0.0002776685041949672	-0.00011288290105223907	-0.0001223352310098889	0.00032222988706154693	0.00016478560314272812	0.0001553332731850783
ANGLE|A|F7-C4-F9	angle	FGA3-CG302-FGA3	R_OG2P1-SG3O1	-0.3021308212680651	-1.1502381534853612	-0.8539091120240982	0.005148865171030737	6.482531979933807e-10	1.40503448814436	-0.00012396577753565475	-0.0004719484309794256	-0.0003503631525329477	0.0005764926334102429	0.00034798265344377087	0.00022639737499729296
ANGLE|A|F7-C4-F9	angle	FGA3-CG302-FGA3	R_CG312-SG3O1	3.0746756860366986	2.2567899006276093	2.4483474326189025	0.0051488707177337655	6.482473660889105e-10	1.4493629095446192	0.0012615547149071999	0.0009259721123178419	0.001004569119721607	0.0005946808050199698	0.00033558260258935793	0.0002569855951855928
ANGLE|A|F7-C4-F9	angle	FGA3-CG302-FGA3	R_CG312-CG312	5.8665342831858425	5.473432920268806	5.342598227109363	0.0051488807470921275	6.482508484511549e-10	0.9221862997406081	0.002407068172662388	0.002245776729770835	0.002192094604928104	0.00037837762198595097	0.0001612914428915529	0.00021497356773428388
ANGLE|A|F7-C4-F9	angle	FGA3-CG302-FGA3	R_CG302-CG312	20.5145593667595	20.685036318631944	20.911439935169085	0.005148869883994474	6.48246852009936e-10	0.5725063901660247	0.00841722566412821	0.00848717320474018	0.008580067733815746	0.0002349022172024386	6.994754061197088e-05	0.00016284206968753684
ANGLE|A|F7-C4-F9	angle	FGA3-CG302-FGA3	TH_OG2P1-SG3O1-OG2P1	-0.007999007911948297	-0.007885713012516504	-0.007874437521657285	5.148874856797648e-06	6.482501068152423e-13	0.00024301416457960271	-0.0016410163503953247	-0.0016177736202429697	-0.0016154604252739946	4.985495974533374e-05	2.324273015235495e-05	2.555592512133004e-05
ANGLE|A|F7-C4-F9	angle	FGA3-CG302-FGA3	TH_FGA2-CG312-FGA2	-0.01068266210724289	-0.011093954250902982	-0.011042070634779577	5.148861927093717e-06	6.482499535021138e-13	0.0007758495331238716	-0.002191574677348246	-0.0022759522826669236	-0.002265308229890208	0.00015916745967972754	8.437760531867762e-05	7.373355254196214e-05
ANGLE|A|F7-C4-F9	angle	FGA3-CG302-FGA3	TH_CG312-CG312-SG3O1	0.0023416515206520216	0.0025131180218664895	0.002351830031621205	5.148867727750928e-06	6.482471060115162e-13	0.00018679387991140197	0.00048039562838513174	0.0005155724071976291	0.00048248377520370886	3.832122864018149e-05	3.517677881249734e-05	2.088146818577123e-06
ANGLE|A|F7-C4-F9	angle	FGA3-CG302-FGA3	TH_FGA3-CG302-FGA3	0.6240870252468156	0.6233465938637082	0.6235315226148046	5.148846893922633e-06	6.482207516787853e-13	0.0013010828620123277	0.12803300406414497	0.12788110272595402	0.127919041318783	0.0002669203822879247	0.0001519013381909573	0.00011396274536196183
ANGLE|A|F7-C4-F9	angle	FGA3-CG302-FGA3	LAMBDA_CS	0.010502256870523752	0.0053806107565890215	0.010082121451233661	0.00010297737203537125	1.296498980446259e-11	0.005644758905260192	0.00021545640947345158	0.00011038456673466302	0.00020683722694451084	0.00011580363164455716	0.00010507184273878857	8.61918252894074e-06
ANGLE|A|F7-C4-F9	angle	FGA3-CG302-FGA3	LAMBDA_CC	0.027775094712438886	0.021008583510493395	0.018392766417463235	0.00010297749159339768	1.2965054646050857e-11	0.01625181698851454	0.0005698129700410471	0.0004309963112784093	0.00037733217359335825	0.00033341006403991727	0.0001388166587626378	0.00019248079644768886
ANGLE|A|F7-C4-C3	angle	CG312-CG302-FGA3	R_OG2P1-SG3O1	-2.929815045995099	-1.9385761004500068	-1.6482288744086304	0.004902197923903999	7.273041480851504e-10	2.2777273150554644	-0.0012021176743507301	-0.0007954074086043068	-0.0006762764987538189	0.0009345628375150983	0.00040671026574642336	0.0005258411755969112
ANGLE|A|F7-C4-C3	angle	CG312-CG302-FGA3	R_CG312-SG3O1	-8.71565671855734	-8.535148715711927	-8.531630898893638	0.004902189540901055	7.273060453666759e-10	0.36943601205001764	-0.003576077267837539	-0.003502013937157727	-0.0035005705594338757	0.00015158143181565135	7.406333067981217e-05	7.550670840366334e-05
ANGLE|A|F7-C4-C3	angle	CG312-CG302-FGA3	R_CG312-CG312	-10.456153757104403	-10.07191942955643	-10.180982588096299	0.004902187494568546	7.273052974077641e-10	0.6643076840506443	-0.004290211852903776	-0.004132558598692705	-0.004177307754677997	0.00027256874432940437	0.00015765325421107038	0.00011290409822577868
ANGLE|A|F7-C4-C3	angle	CG312-CG302-FGA3	R_CG302-CG312	-6.899095421807999	-8.47542370993537	-8.914671332327373	0.004902302255889214	7.273148368297373e-10	3.596806500902634	-0.0028307331395967836	-0.0034775084704584415	-0.003657733952956303	0.0014757875832008731	0.000646775330861658	0.0008270008133595195
ANGLE|A|F7-C4-C3	angle	CG312-CG302-FGA3	TH_OG2P1-SG3O1-OG2P1	0.031762943929784626	0.031073141702901097	0.03143438772690388	4.902188762647042e-06	7.273088372011527e-13	0.0010232606185269237	0.006516246877016892	0.006374732236036963	0.0064488427555450594	0.00020992445865818874	0.00014151464097992943	6.740412147183267e-05
ANGLE|A|F7-C4-C3	angle	CG312-CG302-FGA3	TH_FGA2-CG312-FGA2	0.021713856586814018	0.021057810517628894	0.02106749741167846	4.90218513225347e-06	7.273056943143256e-13	0.0013073074294529348	0.00445465163697057	0.004320062155625358	0.004322049446011224	0.0002681973677662009	0.00013458948134521202	0.00013260219095934545
ANGLE|A|F7-C4-C3	angle	CG312-CG302-FGA3	TH_CG312-CG312-SG3O1	-0.0005927023295626554	-0.0012497541647817911	-0.0010664202615444651	4.902187328663859e-06	7.273099107364285e-13	0.0011356719545296092	-0.00012159435575465181	-0.00025639017250103554	-0.0002187787666734636	0.00023298592357743757	0.00013479581674638374	9.718441091881179e-05
ANGLE|A|F7-C4-C3	angle	CG312-CG302-FGA3	TH_FGA3-CG302-FGA3	-0.5472013885266165	-0.5455216993155574	-0.5455803023464156	4.902160155214489e-06	7.272930581410401e-13	0.0033056775514151613	-0.11225972463283725	-0.11191513221721865	-0.11192715477462573	0.00067816796416767	0.00034459241561859977	0.0003325698582115205
ANGLE|A|F7-C4-C3	angle	CG312-CG302-FGA3	LAMBDA_CS	-0.02581892558993104	-0.01848328548035738	-0.026713588797946386	9.804385137534956e-05	1.4546229767312689e-11	0.008328347168964354	-0.0005296816743915099	-0.000379189194662307	-0.0005480359124246702	0.00017085811173688783	0.00015049247972920293	1.8354238033160288e-05
ANGLE|A|F7-C4-C3	angle	CG312-CG302-FGA3	LAMBDA_CC	-0.012479244931427047	-0.04969770007967611	-0.03510953485005075	9.804398467976416e-05	1.4546148910405088e-11	0.05994678905155253	-0.000256014810817606	-0.0010195606668418392	-0.000720280832047265	0.00122982327396319	0.0007635458560242333	0.000464266021229659
ANGLE|A|F8-C4-F9	angle	FGA3-CG302-FGA3	R_OG2P1-SG3O1	0.12787610562270402	1.0659297633388576	0.8489633866517465	0.00513515751743142	6.459817157194726e-10	1.6642760962626275	5.2468201672430905e-05	0.0004373562794954242	0.0003483338968327574	0.0006828607536341011	0.00038488807782299333	0.0002958656951603265
ANGLE|A|F8-C4-F9	angle	FGA3-CG302-FGA3	R_CG312-SG3O1	0.3814471586167656	1.1187390532647612	0.906357699548721	0.005135151666614384	6.459850921455986e-10	1.2673375872465655	0.000156509664946559	0.0004590241936105553	0.0003718830686601672	0.0005199949106277664	0.0003025145286639963	0.0002153734037136082
ANGLE|A|F8-C4-F9	angle	FGA3-CG302-FGA3	R_CG312-CG312	8.297530006629472	8.77038386211737	8.519600106062342	0.005135153592952036	6.459829049948277e-10	0.7000591085137196	0.003404517799872581	0.003598532086830352	0.0034956342653429833	0.00028723773146872075	0.00019401428695777108	9.111646547040227e-05
ANGLE|A|F8-C4-F9	angle	FGA3-CG302-FGA3	R_CG302-CG312	25.241540550261732	25.463903866050686	25.312152860166748	0.005135146680576993	6.459835104207802e-10	0.29811077237454675	0.01035672953649001	0.01044796631008858	0.010385702118182355	0.0001223163314952781	9.123677359856863e-05	2.897258169234397e-05
ANGLE|A|F8-C4-F9	angle	FGA3-CG302-FGA3	TH_OG2P1-SG3O1-OG2P1	-0.0035791781087937125	-0.0040104543775925094	-0.00406303910828143	5.135161843788392e-06	6.459821406064629e-13	0.0009202724301303028	-0.000734277283153344	-0.0008227546814040896	-0.0008335425695761661	0.00018879617588652125	8.847739825074564e-05	9.926528642282217e-05
ANGLE|A|F8-C4-F9	angle	FGA3-CG302-FGA3	TH_FGA2-CG312-FGA2	-0.005744639209652291	-0.00601286243627186	-0.006230481933847898	5.13516162136903e-06	6.45981748706675e-13	0.0007592011124365438	-0.0011785270090907266	-0.0012335536705572103	-0.00127819885126189	0.00015575199480497034	5.50266614664837e-05	9.967184217116328e-05
ANGLE|A|F8-C4-F9	angle	FGA3-CG302-FGA3	TH_CG312-CG312-SG3O1	0.0015756106395770075	0.0009377737282996179	0.0009107376191010985	5.135156027923365e-06	6.459830310436208e-13	0.001307845087781222	0.0003232404380473898	0.00019238661069607938	0.00018684008571020303	0.00026830766970831145	0.0001308538273513104	0.00013640035233718675
ANGLE|A|F8-C4-F9	angle	FGA3-CG302-FGA3	TH_FGA3-CG302-FGA3	0.6160407950773106	0.6159766569039782	0.6162007540358161	5.135111346426172e-06	6.45949415899002e-13	0.0002292322431843343	0.1263822999502662	0.12636914184462592	0.12641511592809612	4.702756432349448e-05	1.315810564028741e-05	3.281597782991974e-05
ANGLE|A|F8-C4-F9	angle	FGA3-CG302-FGA3	LAMBDA_CS	0.011594411639066493	0.016215112351787297	0.008128879938880118	0.00010270312055126956	1.2919651054406555e-11	0.008188935533458449	0.0002378622359468039	0.0003326570592964821	0.00016676599194479012	0.00016799804739117298	9.479482334967819e-05	7.109624400201378e-05
ANGLE|A|F8-C4-F9	angle	FGA3-CG302-FGA3	LAMBDA_CC	0.008427225169356234	0.003550787290649282	0.005112432921521304	0.00010270331351194357	1.2919670067440285e-11	0.008293933440053825	0.00017288661848576976	7.28452836260809e-05	0.00010488283180698053	0.00017015210553659522	0.00010004133485968886	6.800378667878923e-05
ANGLE|A|F8-C4-C3	angle	CG312-CG302-FGA3	R_OG2P1-SG3O1	1.8963710459942718	2.30287994707723	2.068301386970006	0.004888490204125649	7.084879073999552e-10	0.5833277322628182	0.0007780904650049056	0.0009448830874404769	0.0008486343383891997	0.0002393422676460777	0.00016679262243557132	7.054387338429409e-05
ANGLE|A|F8-C4-C3	angle	CG312-CG302-FGA3	R_CG312-SG3O1	2.9907735089338416	2.927620853022006	3.204461561480798	0.004888470423565922	7.084898335000307e-10	0.281729178882358	0.0012271292346538575	0.0012012173860688822	0.0013148065046287738	0.00011559488227004195	2.591184858497528e-05	8.767726997491632e-05
ANGLE|A|F8-C4-C3	angle	CG312-CG302-FGA3	R_CG312-CG312	2.6590785550197893	3.822961649550649	2.4500367123962974	0.004888460274234188	7.084887870659183e-10	1.377813397428586	0.0010910331465618518	0.0015685801646666624	0.0010052622396098763	0.0005653236846026153	0.00047754701810481066	8.577090695197553e-05
ANGLE|A|F8-C4-C3	angle	CG312-CG302-FGA3	R_CG302-CG312	-32.383691989288366	-29.4602981050609	-30.09618001822645	0.004888578986213138	7.084868465142662e-10	5.215794434275596	-0.013287189767923263	-0.012087706728158523	-0.01234861223741965	0.0021400663785222946	0.0011994830397647396	0.0009385775305036127
ANGLE|A|F8-C4-C3	angle	CG312-CG302-FGA3	TH_OG2P1-SG3O1-OG2P1	-0.011274354480505622	-0.010681551544291068	-0.011873223580209924	4.8884756834412075e-06	7.084917266943758e-13	0.0011965605116022971	-0.0023129618380582618	-0.002191346842598969	-0.0024358213220316838	0.0002454773623668665	0.00012161499545929261	0.000122859483973422
ANGLE|A|F8-C4-C3	angle	CG312-CG302-FGA3	TH_FGA2-CG312-FGA2	-0.019942381178530866	-0.020842262296138614	-0.020917073235573014	4.888484760322354e-06	7.084858824153959e-13	0.0018794616594102185	-0.004091229054905911	-0.0042758419023567204	-0.004291189552484295	0.000385576229825491	0.00018461284745080984	0.00019996049757838464
ANGLE|A|F8-C4-C3	angle	CG312-CG302-FGA3	TH_CG312-CG312-SG3O1	0.0012717204256986747	0.0006433508062535509	0.0004774320834712853	4.888475562578605e-06	7.084814128115604e-13	0.001427546437235092	0.00026089660551353595	0.00013198501660750898	9.794637832641623e-05	0.0002928646990025031	0.00012891158890602697	0.00016295022718711973
ANGLE|A|F8-C4-C3	angle	CG312-CG302-FGA3	TH_FGA3-CG302-FGA3	-0.5156367739619157	-0.5175656128525112	-0.5183440104865866	4.888424541638669e-06	7.08501882260164e-13	0.004640963839808199	-0.10578416551790894	-0.10617987160941282	-0.1063395618183347	0.0009521052643719338	0.00039570609150388347	0.0005553963004257673
ANGLE|A|F8-C4-C3	angle	CG312-CG302-FGA3	LAMBDA_CS	-0.0008052063736840864	0.0074755395592518425	0.01488874979514776	9.776959856659892e-05	1.4169728774187527e-11	0.024072471700334375	-1.6519008847139322e-05	0.00015336255170388216	0.0003054464018504954	0.0004938527388586585	0.0001698815605510215	0.0003219654106976347
ANGLE|A|F8-C4-C3	angle	CG312-CG302-FGA3	LAMBDA_CC	0.0184111909037199	0.028248912272772486	0.01048799976643977	9.776980527444578e-05	1.416979826117374e-11	0.01785868231160716	0.0003777101565073351	0.0005795334550333227	0.00021516392144032745	0.0003663753054436603	0.00020182329852598758	0.00016254623506700765
ANGLE|A|F9-C4-C3	angle	CG312-CG302-FGA3	R_OG2P1-SG3O1	-0.7526216132376362	-1.6067515361370965	-1.8778793157707696	0.004892376342576223	7.174619956479227e-10	1.98428000177517	-0.0003088043883889712	-0.0006592581407214948	-0.0007705032161915774	0.0008141599464632623	0.0003504537523325236	0.0004616988278026062
ANGLE|A|F9-C4-C3	angle	CG312-CG302-FGA3	R_CG312-SG3O1	1.9530000929677271	2.1489459336088146	1.9878983668348837	0.004892359050937535	7.174604068104627e-10	0.2357364735591816	0.0008013256444205766	0.0008817231966729439	0.0008156445796302879	9.67238466953657e-05	8.039755225236738e-05	1.4318935209711356e-05
ANGLE|A|F9-C4-C3	angle	CG312-CG302-FGA3	R_CG312-CG312	-14.513814979864037	-15.575669071505871	-14.140261415292343	0.0048923647291377	7.174597684632626e-10	1.4403000209426653	-0.005955090418898795	-0.006390774430041123	-0.005801819534819548	0.0005909622567846561	0.00043568401114232793	0.00015327088407924693
ANGLE|A|F9-C4-C3	angle	CG312-CG302-FGA3	R_CG302-CG312	-24.75482027767839	-26.247468124335427	-25.29573064587254	0.004892490240677041	7.174586807973217e-10	2.03845070509186	-0.010157025789682842	-0.010769466619523193	-0.010378964002040168	0.0008363864552587639	0.0006124408298403515	0.00022193821235732582
ANGLE|A|F9-C4-C3	angle	CG312-CG302-FGA3	TH_OG2P1-SG3O1-OG2P1	-0.00715513377928545	-0.006891007573461394	-0.006047088471213158	4.892375117606658e-06	7.174566577996347e-13	0.0013770638890139542	-0.0014678934750813894	-0.001413707327612061	-0.0012405752266759355	0.0002825080787875433	5.4186147469328537e-05	0.00022731824840545398
ANGLE|A|F9-C4-C3	angle	CG312-CG302-FGA3	TH_FGA2-CG312-FGA2	0.018817743460694203	0.0204033337455769	0.020794976007351806	4.8923732235017365e-06	7.174628731602271e-13	0.003567715204763804	0.0038605068324057295	0.004185794619486657	0.0042661410027073085	0.0007319256399066866	0.0003252877870809274	0.00040563417030157903
ANGLE|A|F9-C4-C3	angle	CG312-CG302-FGA3	TH_CG312-CG312-SG3O1	-0.0031702976795173754	-0.0016548482562406264	-0.0016833979565546997	4.8923648494753115e-06	7.174652925303067e-13	0.0030072415110889	-0.0006503944470335208	-0.0003394962320086792	-0.00034535327397313325	0.000616943068891457	0.00031089821502484156	0.0003050411730603875
ANGLE|A|F9-C4-C3	angle	CG312-CG302-FGA3	TH_FGA3-CG302-FGA3	-0.5020311587187081	-0.501269680533575	-0.5008126413067728	4.892334594289832e-06	7.174522640384968e-13	0.001984887931662586	-0.10299293974127967	-0.10283672059935256	-0.10274295786624736	0.00040720469155871924	0.00015621914192710806	0.00024998187503230684
ANGLE|A|F9-C4-C3	angle	CG312-CG302-FGA3	LAMBDA_CS	-0.001982628843677503	-0.013532019849264998	-0.011386296585840228	9.784757225159042e-05	1.4349194261052955e-11	0.02105090632000181	-4.067412340448237e-05	-0.0002776127498679923	-0.00023359270391399322	0.00043186457423254683	0.00023693862646350993	0.00019291858050951086
ANGLE|A|F9-C4-C3	angle	CG312-CG302-FGA3	LAMBDA_CC	-0.02507046205948882	0.005988313577063309	0.010039112403461559	9.784770368941444e-05	1.4349093529162157e-11	0.06626619780319191	-0.0005143267590738785	0.00012285174110875064	0.00020595488564186594	0.0013594675148543792	0.0006371785001826291	0.0007202816447157445
ANGLE|A|O1-S1-O2	angle	OG2P1-SG3O1-OG2P1	R_OG2P1-SG3O1	-85.14287910734453	-85.08368787462572	-85.44865383474587	0.004782675001333783	7.010304273442212e-10	0.3697486351214787	-0.034934546451987056	-0.03491025999502618	-0.035060007342319156	0.00015170970261558695	2.4286456960877223e-05	0.00012546089033210056
ANGLE|A|O1-S1-O2	angle	OG2P1-SG3O1-OG2P1	R_CG312-SG3O1	19.351100436921342	18.974001064524515	19.210784218500976	0.004782442163109637	7.010368130572655e-10	0.5221980329803037	0.007939852682904884	0.007785126936252564	0.007882280241125068	0.00021426044822006783	0.00015472574665232035	5.757244177981638e-05
ANGLE|A|O1-S1-O2	angle	OG2P1-SG3O1-OG2P1	R_CG312-CG312	4.325984538439798	3.9259879621234006	4.07078170031383	0.004782447747332135	7.010371038255925e-10	0.6599818621896967	0.0017749729559669843	0.0016108523727489383	0.0016702619631433753	0.0002707938381208209	0.00016412058321804593	0.00010471099282360896
ANGLE|A|O1-S1-O2	angle	OG2P1-SG3O1-OG2P1	R_CG302-CG312	0.816530587115949	1.997288352235671	2.1832313774368117	0.004782440038836311	7.010336246218048e-10	2.552240995479421	0.0003350265579944403	0.0008194973373078115	0.000895790684671865	0.0010471971649071278	0.00048447077931337124	0.0005607641266774247
ANGLE|A|O1-S1-O2	angle	OG2P1-SG3O1-OG2P1	TH_OG2P1-SG3O1-OG2P1	0.4886906147879486	0.48831239629086554	0.4885190060734459	4.782387704451705e-06	7.009563465917709e-13	0.0005546095992902589	0.10025609400309222	0.10017850153855569	0.10022088804887025	0.00011377953748014706	7.759246453653557e-05	3.52059542219757e-05
ANGLE|A|O1-S1-O2	angle	OG2P1-SG3O1-OG2P1	TH_FGA2-CG312-FGA2	-0.015031976904687383	-0.015237004529335962	-0.015049122380652591	4.782443394502365e-06	7.01036381483868e-13	0.00022695554400828963	-0.0030838474159414412	-0.003125909342624682	-0.0030873648529416205	4.6560493830009886e-05	4.2061926683240915e-05	3.517437000179289e-06
ANGLE|A|O1-S1-O2	angle	OG2P1-SG3O1-OG2P1	TH_CG312-CG312-SG3O1	0.021930701899989913	0.021710801574005956	0.021674697058642778	4.7824402479048185e-06	7.010321165001358e-13	0.0004806876075789969	0.004499137991821739	0.004454024893501394	0.004446617962456162	9.861425718697854e-05	4.5113098320344325e-05	5.2520029365577155e-05
ANGLE|A|O1-S1-O2	angle	OG2P1-SG3O1-OG2P1	TH_FGA3-CG302-FGA3	-0.005241520040577541	-0.005511090379485495	-0.005379269504949491	4.782446981307738e-06	7.010380506085506e-13	0.0004121022502612119	-0.0010753108613212367	-0.00113061388622121	-0.0011035705062398165	8.454380070098446e-05	5.5303024899973395e-05	2.825964491857979e-05
ANGLE|A|O1-S1-O2	angle	OG2P1-SG3O1-OG2P1	LAMBDA_CS	-0.05648557515470998	-0.06116702734516366	-0.0575463775923879	9.564898674209495e-05	1.4020780205536653e-11	0.005837903614873699	-0.001158815610769734	-0.001254856765781635	-0.0011805782363844483	0.0001197660433580733	9.604115501190115e-05	2.176262561471437e-05
ANGLE|A|O1-S1-O2	angle	OG2P1-SG3O1-OG2P1	LAMBDA_CC	-0.0001511562295775093	-0.0061659016841275616	-0.009222990158832545	9.564891128025876e-05	1.4020707671111738e-11	0.015182228295085346	-3.1010076115849883e-06	-0.00012649500525520668	-0.0001892119349897351	0.0003114671862051113	0.0001233939976436217	0.00018611092737815012
ANGLE|A|O1-S1-O3	angle	OG2P1-SG3O1-OG2P1	R_OG2P1-SG3O1	-84.35259239168147	-84.37635378253816	-84.51832613727106	0.0047846382247519826	7.045149400061961e-10	0.19427977467103466	-0.03461028788487997	-0.03462003730164095	-0.03467828926438068	7.971395710462154e-05	9.749416760976293e-06	6.800137950070673e-05
ANGLE|A|O1-S1-O3	angle	OG2P1-SG3O1-OG2P1	R_CG312-SG3O1	15.436699962137368	15.389525031629603	15.545578538514349	0.0047844156735202216	7.045236704819522e-10	0.16083792255826596	0.006333754713800326	0.0063143986053568356	0.006378428134806825	6.599259897905138e-05	1.9356108443490186e-05	4.467342100649904e-05
ANGLE|A|O1-S1-O3	angle	OG2P1-SG3O1-OG2P1	R_CG312-CG312	3.766521730156569	3.1790589108169343	3.39994612538419	0.004784416902878223	7.045227715999651e-10	0.9588228410148919	0.0015454225852367602	0.0013043836708119666	0.001395014792743151	0.00039340977695187583	0.00024103891442479354	0.00015040779249360912
ANGLE|A|O1-S1-O3	angle	OG2P1-SG3O1-OG2P1	R_CG302-CG312	2.0086786213937557	2.2822274381262275	2.3485340642181995	0.004784417244265926	7.045213558878954e-10	0.6181886768011815	0.0008241708213522267	0.000936409260376334	0.0009636151986012339	0.0002536458864466609	0.00011223843902410729	0.00013944437724900717
ANGLE|A|O1-S1-O3	angle	OG2P1-SG3O1-OG2P1	TH_OG2P1-SG3O1-OG2P1	0.5090337141917516	0.5081912782999112	0.5087054903372916	4.784369428348119e-06	7.044439681736552e-13	0.0011754441157287212	0.1044295313976837	0.10425670358104847	0.10436219545831626	0.000241145281279886	0.00017282781663523206	6.733593936743276e-05
ANGLE|A|O1-S1-O3	angle	OG2P1-SG3O1-OG2P1	TH_FGA2-CG312-FGA2	-0.0057806671001898735	-0.005191524007557291	-0.005403096931310358	4.784418450185503e-06	7.045231413549633e-13	0.0009714976799622832	-0.0011859182203625787	-0.0010650540509087125	-0.001108458761968082	0.0001993051631825334	0.00012086416945386613	7.745945839449661e-05
ANGLE|A|O1-S1-O3	angle	OG2P1-SG3O1-OG2P1	TH_CG312-CG312-SG3O1	-0.003981151821363937	-0.004239779565697432	-0.0040790703317910015	4.78441480093823e-06	7.045210941222764e-13	0.0003613306695614974	-0.0008167431891779552	-0.0008698013136090078	-0.0008368314149161929	7.412788475480884e-05	5.3058124431052626e-05	2.00882257382377e-05
ANGLE|A|O1-S1-O3	angle	OG2P1-SG3O1-OG2P1	TH_FGA3-CG302-FGA3	-0.0031577768951862595	-0.003360597284142841	-0.003235172210608539	4.7844187076878285e-06	7.045244277491999e-13	0.00028500012308654897	-0.0006478257770142745	-0.0006894348838103975	-0.0006637036182978481	5.846848346669442e-05	4.160910679612301e-05	1.587784128357359e-05
ANGLE|A|O1-S1-O3	angle	OG2P1-SG3O1-OG2P1	LAMBDA_CS	0.08673154249706272	0.0782651764561848	0.08176908465230781	9.568834197400727e-05	1.4090446836917432e-11	0.01352451222760683	0.0017793191468168012	0.0016056295436253924	0.0016775130909779735	0.00027745872914405683	0.0001736896031914088	0.00010180605583882778
ANGLE|A|O1-S1-O3	angle	OG2P1-SG3O1-OG2P1	LAMBDA_CC	-0.00036742025457670024	0.00908878849443795	0.0036956413578081992	9.568834392689008e-05	1.4090446079419044e-11	0.01361495870532644	-7.537717825308671e-06	0.00018645875449602864	7.581700080958281e-05	0.0002793142611101128	0.0001939964723213373	8.335471863489148e-05
ANGLE|A|O1-S1-C2	angle	CG312-SG3O1-OG2P1	R_OG2P1-SG3O1	99.69554178550766	101.13487043348712	100.79971689759049	0.004356022582235781	6.613519121755479e-10	2.547859782644529	0.04090557627456835	0.04149613997219855	0.041358624810730174	0.0010453995315066458	0.000590563697630199	0.00045304853616182084
ANGLE|A|O1-S1-C2	angle	CG312-SG3O1-OG2P1	R_CG312-SG3O1	-21.56642650719931	-19.781602798254028	-20.806712958055584	0.004355967918741623	6.613512964322849e-10	2.5488932260077495	-0.008848811979557888	-0.008116489941326762	-0.008537097734620216	0.0010458235584547173	0.0007323220382311254	0.00031171424493767197
ANGLE|A|O1-S1-C2	angle	CG312-SG3O1-OG2P1	R_CG312-CG312	-5.129203477132194	-3.860217544747968	-5.128161960961108	0.004355916307866497	6.613470753592848e-10	1.2743833648631775	-0.002104537678455265	-0.001583866443625355	-0.002104110339194005	0.0005228858282008917	0.0005206712348299102	4.273392612600367e-07
ANGLE|A|O1-S1-C2	angle	CG312-SG3O1-OG2P1	R_CG302-CG312	-10.02920811263408	-9.47738849546198	-10.454576184912412	0.004355919388961212	6.613556974803476e-10	0.9815436088393928	-0.004115033933087162	-0.0038886196016559675	-0.004289564567192977	0.00040273222091091943	0.00022641433143119442	0.00017453063410581473
ANGLE|A|O1-S1-C2	angle	CG312-SG3O1-OG2P1	TH_OG2P1-SG3O1-OG2P1	-0.5683313677193098	-0.5681924132072318	-0.5687463372064059	4.355869933435471e-06	6.613669424233896e-13	0.000558279869107524	-0.11659459237148874	-0.11656608550803876	-0.11667972439295138	0.00011453250245365306	2.8506863449975772e-05	8.513202146263887e-05
ANGLE|A|O1-S1-C2	angle	CG312-SG3O1-OG2P1	TH_FGA2-CG312-FGA2	0.04002028124730117	0.03915342377239739	0.03931418894779881	4.3559207054588675e-06	6.613486565798511e-13	0.0015773056951115993	0.008210260146904217	0.00803242218181674	0.008065403557046266	0.0003235881829024659	0.00017783796508747708	0.00014485658985795118
ANGLE|A|O1-S1-C2	angle	CG312-SG3O1-OG2P1	TH_CG312-CG312-SG3O1	-0.01742665798484211	-0.017681025750807322	-0.01829193359156278	4.3559096856929004e-06	6.613589966679022e-13	0.0011239992823715785	-0.0035751221902351814	-0.0036273063695180813	-0.003752635631134005	0.00023059124587802932	5.218417928289998e-05	0.00017751344089882376
ANGLE|A|O1-S1-C2	angle	CG312-SG3O1-OG2P1	TH_FGA3-CG302-FGA3	0.019534882038271917	0.021549782343264212	0.02139933195266508	4.355931958769539e-06	6.613489977200289e-13	0.0038837061513442273	0.004007629593660461	0.004420991398187484	0.004390126126692033	0.0007967519678242782	0.00041336180452702324	0.0003824965330315724
ANGLE|A|O1-S1-C2	angle	CG312-SG3O1-OG2P1	LAMBDA_CS	0.2574726059164334	0.2544248284217332	0.25587606993653367	8.71185283698905e-05	1.3227078994823854e-11	0.004731432002969816	0.0052821144914313245	0.005219588578765341	0.00524936115906999	9.706650328548087e-05	6.25259126659835e-05	3.275333236133458e-05
ANGLE|A|O1-S1-C2	angle	CG312-SG3O1-OG2P1	LAMBDA_CC	-0.032023851446751905	-0.03732149672458718	-0.05071358718723218	8.711831121039255e-05	1.3227132183401362e-11	0.024074499329525937	-0.0006569772702468922	-0.0007656597795682864	-0.0010404018432977988	0.0004938943361753823	0.00010868250932139412	0.0003834245730509066
ANGLE|A|O2-S1-O3	angle	OG2P1-SG3O1-OG2P1	R_OG2P1-SG3O1	-84.70659250691881	-84.05398305510658	-84.45730205527724	0.004781639633303135	7.036516839088042e-10	0.9066815430870987	-0.03475553589151804	-0.03448776699001546	-0.03465325078025313	0.00037201594327344363	0.00026776890150257554	0.00010228511126490758
ANGLE|A|O2-S1-O3	angle	OG2P1-SG3O1-OG2P1	R_CG312-SG3O1	17.21515501729698	17.428598920115945	17.42631571470099	0.0047814111999988996	7.036616881489781e-10	0.42938601142297644	0.0070634636617314195	0.007151040755859534	0.007150103945330405	0.00017617921450574324	8.75770941281143e-05	8.664028359898525e-05
ANGLE|A|O2-S1-O3	angle	OG2P1-SG3O1-OG2P1	R_CG312-CG312	0.5720041992276492	0.7836821409270556	1.4295566918391955	0.004781407939161369	7.036604804774515e-10	1.074011842250114	0.00023469616576456877	0.00032154867726862275	0.000586554215459897	0.0004406723966400881	8.685251150405398e-05	0.0003518580496953282
ANGLE|A|O2-S1-O3	angle	OG2P1-SG3O1-OG2P1	R_CG302-CG312	3.1936251101427615	2.8727325576980434	2.986671785812689	0.004781406100830261	7.036600810316356e-10	0.5326272828756209	0.0013103602547883608	0.001178696445706414	0.0012254462772719674	0.00021853962128476998	0.0001316638090819468	8.49139775163934e-05
ANGLE|A|O2-S1-O3	angle	OG2P1-SG3O1-OG2P1	TH_OG2P1-SG3O1-OG2P1	0.4905514028792979	0.48998477384922623	0.4907735724083153	4.7813582114079436e-06	7.03582978627173e-13	0.0007935799173004957	0.10063783930402684	0.10052159395045401	0.10068341793498839	0.00016280489205295595	0.00011624535357282473	4.557863096155135e-05
ANGLE|A|O2-S1-O3	angle	OG2P1-SG3O1-OG2P1	TH_FGA2-CG312-FGA2	-0.01460981030187014	-0.014296570387948293	-0.014013829970522806	4.781407813292029e-06	7.036578387098086e-13	0.0009140016530824743	-0.0029972388883040177	-0.002932976941572554	-0.0028749720423375176	0.0001875097103924943	6.426194673146354e-05	0.0001222668459665002
ANGLE|A|O2-S1-O3	angle	OG2P1-SG3O1-OG2P1	TH_CG312-CG312-SG3O1	0.019761941990680043	0.02023908916966377	0.020129558623565913	4.781411075483527e-06	7.036600726772713e-13	0.0008495452229450812	0.004054211507133148	0.0041520994365959645	0.0041296289728843544	0.00017428631357779942	9.788792946281624e-05	7.54174657512062e-05
ANGLE|A|O2-S1-O3	angle	OG2P1-SG3O1-OG2P1	TH_FGA3-CG302-FGA3	-0.006551563433518481	-0.006315843070680671	-0.00611864561101072	4.781406149302133e-06	7.036604700794392e-13	0.0006734195914948736	-0.001344069518795777	-0.0012957109006026181	-0.001255255351722433	0.0001381537026196619	4.8358618193158854e-05	8.881416707334409e-05
ANGLE|A|O2-S1-O3	angle	OG2P1-SG3O1-OG2P1	LAMBDA_CS	0.00247737420266958	0.004228064214331084	0.009713844978307407	9.562819135655194e-05	1.4073196087852755e-11	0.009082788978655883	5.082394738672237e-05	8.673978801639569e-05	0.00019928194358699377	0.00018633567293890055	3.5915840629673324e-05	0.0001484579962002714
ANGLE|A|O2-S1-O3	angle	OG2P1-SG3O1-OG2P1	LAMBDA_CC	-0.003300953697902287	-0.004174389160738201	-0.006263243251538597	9.562820957321807e-05	1.407315744472086e-11	0.003931353226045442	-6.771988538808905e-05	-8.563863095387176e-05	-0.0001284919916996883	8.065268836005719e-05	1.791874556578271e-05	6.077210631159925e-05
ANGLE|A|O2-S1-C2	angle	CG312-SG3O1-OG2P1	R_OG2P1-SG3O1	90.90043439555728	89.05822464994273	90.53789324644157	0.0043530239926002235	6.609419784809774e-10	2.209103918722868	0.037296900001393886	0.036541032187112715	0.037148147566107174	0.0009064063169462816	0.0007558678142811706	0.00014875243528671145
ANGLE|A|O2-S1-C2	angle	CG312-SG3O1-OG2P1	R_CG312-SG3O1	-17.097422144033203	-18.14873841719944	-18.413006125470588	0.004352963446980598	6.609293885018685e-10	2.371253218050602	-0.007015157278707023	-0.007446517570556581	-0.007554947924652538	0.0009729369803312979	0.00043136029184955797	0.000539790645945515
ANGLE|A|O2-S1-C2	angle	CG312-SG3O1-OG2P1	R_CG312-CG312	-8.196074731159797	-8.557694966970786	-7.876160299126411	0.0043529073459411816	6.609326691171032e-10	0.6858875751903157	-0.003362890196121644	-0.003511264776102552	-0.0032316277147056574	0.00028142308091458384	0.00014837457998090808	0.00013126248141598655
ANGLE|A|O2-S1-C2	angle	CG312-SG3O1-OG2P1	R_CG302-CG312	6.110725028541708	2.6435879913542237	3.2481939006743232	0.0043529082472880285	6.609350430167749e-10	6.334021073302157	0.0025072608490930813	0.0010846772913028358	0.0013327501007465903	0.002598880326024253	0.0014225835577902455	0.001174510748346491
ANGLE|A|O2-S1-C2	angle	CG312-SG3O1-OG2P1	TH_OG2P1-SG3O1-OG2P1	-0.5926580313093837	-0.5914134441060277	-0.5915863513600854	4.352858718302261e-06	6.609576938303207e-13	0.0023206200113725078	-0.12158526785791347	-0.12132993770038866	-0.12136541005322718	0.00047608096199386335	0.0002553301575248107	0.00021985780468629368
ANGLE|A|O2-S1-C2	angle	CG312-SG3O1-OG2P1	TH_FGA2-CG312-FGA2	-0.030537020192696218	-0.028605725798708903	-0.02922544245292613	4.352910070374875e-06	6.609357243218798e-13	0.0032472250438277768	-0.006264745575974946	-0.005868535731848403	-0.005995672143435607	0.00066617628698365	0.00039620984412654277	0.0002690734325393393
ANGLE|A|O2-S1-C2	angle	CG312-SG3O1-OG2P1	TH_CG312-CG312-SG3O1	0.043538746107586235	0.04435976389405383	0.04501310162081751	4.352905961961003e-06	6.609286765183299e-13	0.002299726205660827	0.00893208195625568	0.009100515795350426	0.009234549653517742	0.0004717945458317246	0.0001684338390947459	0.0003024676972620613
ANGLE|A|O2-S1-C2	angle	CG312-SG3O1-OG2P1	TH_FGA3-CG302-FGA3	-0.00653566218157664	-0.006837322361008091	-0.007257003288721364	4.352919402158586e-06	6.609287256117756e-13	0.0010273542059783336	-0.001340807337445845	-0.0014026936728713621	-0.0014887922580843894	0.0002107642682962693	6.188633542551715e-05	0.00014798492063854444
ANGLE|A|O2-S1-C2	angle	CG312-SG3O1-OG2P1	LAMBDA_CS	-0.12740570653434702	-0.11658353163291224	-0.1285763490967895	8.705837778703781e-05	1.3218478901743317e-11	0.012079875841664296	-0.002613759729431348	-0.0023917401220552277	-0.0026377757525005	0.00024782165469928	0.00022201960737612027	2.4016023069152025e-05
ANGLE|A|O2-S1-C2	angle	CG312-SG3O1-OG2P1	LAMBDA_CC	-0.02322447531057037	-0.02215229094524318	-0.004904680103976489	8.70581768916406e-05	1.3218573565607476e-11	0.01947903774881271	-0.000476455882198468	-0.0004544597535096591	-0.0001006207311291891	0.00039961729989067686	2.1996128688808888e-05	0.0003758351510692789
ANGLE|A|O3-S1-C2	angle	CG312-SG3O1-OG2P1	R_OG2P1-SG3O1	102.25048137495918	101.8405765883692	101.76942889436447	0.004354987225408565	6.6677402726811e-10	0.8953122544100974	0.04195388068599406	0.041785694714857644	0.04175650246240836	0.00036735106762468854	0.0001681859711364156	0.00019737822358569662
ANGLE|A|O3-S1-C2	angle	CG312-SG3O1-OG2P1	R_CG312-SG3O1	-21.217088300289788	-21.703617876642767	-20.874757420521917	0.004354936966783079	6.667642201703491e-10	0.8332153930876333	-0.00870547677707609	-0.008905102280272192	-0.008565016715746441	0.00034187241680695864	0.000199625503196103	0.0001404600613296482
ANGLE|A|O3-S1-C2	angle	CG312-SG3O1-OG2P1	R_CG312-CG312	3.286615134868498	3.2737407148282216	2.696041528444937	0.0043548765108839226	6.667674997972849e-10	0.6078029029747215	0.0013485145240873472	0.001343232085559841	0.0011061992382616214	0.00024938455182908396	5.282438527506091e-06	0.00024231528582572583
ANGLE|A|O3-S1-C2	angle	CG312-SG3O1-OG2P1	R_CG302-CG312	-3.0082397197332966	-1.4138978171978067	-1.4616423304971704	0.004354885462077136	6.667626473074176e-10	3.1452941772336933	-0.0012342957077507385	-0.0005801293013710069	-0.0005997191124646777	0.0012905298328143632	0.0006541664063797316	0.0006345765952860608
ANGLE|A|O3-S1-C2	angle	CG312-SG3O1-OG2P1	TH_OG2P1-SG3O1-OG2P1	-0.5542823735303699	-0.5535420606203374	-0.5545948277368993	4.3548404515492065e-06	6.66782948706043e-13	0.0010571219570134304	-0.11371240630236108	-0.11356052926921584	-0.11377650705926853	0.00021687119639295536	0.00015187703314524514	6.410075690745087e-05
ANGLE|A|O3-S1-C2	angle	CG312-SG3O1-OG2P1	TH_FGA2-CG312-FGA2	0.03103740171442837	0.029183143834181635	0.029341028389460178	4.354885135432571e-06	6.667661235761844e-13	0.0035549860903503596	0.006367400088589143	0.005986994476689563	0.0060193848855426375	0.0007293142304533576	0.00038040561189957994	0.0003480152030465051
ANGLE|A|O3-S1-C2	angle	CG312-SG3O1-OG2P1	TH_CG312-CG312-SG3O1	-0.06881116421532596	-0.0693710336169211	-0.06943129044363872	4.354880524392836e-06	6.667672593987285e-13	0.0011843505104322857	-0.014116781332146963	-0.014231639931140383	-0.014244001768877641	0.0002429724502854063	0.00011485859899341977	0.00012722043673067847
ANGLE|A|O3-S1-C2	angle	CG312-SG3O1-OG2P1	TH_FGA3-CG302-FGA3	0.004212723565245824	0.0027834040144867345	0.002826567093329402	4.3548911379442655e-06	6.667664999584861e-13	0.0028198309138134556	0.0008642507078831311	0.0005710222502350538	0.0005798772631183912	0.0005784953191515208	0.0002932284576480773	0.0002843734447647399
ANGLE|A|O3-S1-C2	angle	CG312-SG3O1-OG2P1	LAMBDA_CS	-0.16751855760887224	-0.1621575367445871	-0.16617531887220593	8.709773320784165e-05	1.3335368415485378e-11	0.0067913573341592875	-0.0034366848371305543	-0.003326702161904526	-0.003409127960657646	0.00013932638333918218	0.00010998267522602809	2.7556876472908335e-05
ANGLE|A|O3-S1-C2	angle	CG312-SG3O1-OG2P1	LAMBDA_CC	0.059082803063006395	0.060235869933151776	0.06852154565507362	8.709760972642345e-05	1.3335349857000825e-11	0.010678907071939032	0.0012120983867106238	0.0012357538400848017	0.001405736536481905	0.00021908043225245263	2.3655453374177857e-05	0.0001936381497712812
ANGLE|A|C1-C3-C4	angle	CG302-CG312-CG312	R_OG2P1-SG3O1	-0.10695581108421948	1.135775974702824	1.2271540929660318	0.0045989969822335655	7.234953063083707e-10	2.5814406868195285	-7.601018513850309e-05	0.0008071608380871123	0.0008721004389969243	0.0018345500121981413	0.0008831710232256154	0.0009481106241354274
ANGLE|A|C1-C3-C4	angle	CG302-CG312-CG312	R_CG312-SG3O1	-2.2638212208718755	-3.8557888483730096	-2.6783233713629784	0.004598979782246526	7.23483928782122e-10	2.0110687577744835	-0.001608827686636388	-0.002740189815296999	-0.0019034015380218685	0.0014292043326596914	0.001131362128660611	0.0002945738513854806
ANGLE|A|C1-C3-C4	angle	CG302-CG312-CG312	R_CG312-CG312	-125.56971834586506	-127.01836673512545	-125.89279927798458	0.004599020513050128	7.23498608873726e-10	1.7763283418929725	-0.08923851301303555	-0.09026802259416127	-0.08946811663359795	0.0012623815832478512	0.0010295095811257149	0.0002296036205624019
ANGLE|A|C1-C3-C4	angle	CG302-CG312-CG312	R_CG302-CG312	-80.94960429456677	-81.06318317294736	-82.03789683710738	0.004599100911685422	7.235042548023137e-10	1.2064705218328933	-0.05752837874768277	-0.0576090957417948	-0.058301794579929865	0.0008574012650556665	8.071699411203032e-05	0.0007734158322470971
ANGLE|A|C1-C3-C4	angle	CG302-CG312-CG312	TH_OG2P1-SG3O1-OG2P1	0.008786911478864567	0.0070477396773860335	0.006417158752107355	4.598976285261481e-06	7.23493240234052e-13	0.004113523504521008	0.003122293036412103	0.0025043052465109346	0.0022802380715282716	0.0014616769298491999	0.0006179877899011683	0.0008420549648838313
ANGLE|A|C1-C3-C4	angle	CG302-CG312-CG312	TH_FGA2-CG312-FGA2	0.047943123766089	0.04472711480766023	0.04469144826806826	4.598978857125911e-06	7.234957327598828e-13	0.006472283435306645	0.017035847218759774	0.01589308819585465	0.01588041464286976	0.0022998257747732127	0.0011427590229051224	0.0011554325758900141
ANGLE|A|C1-C3-C4	angle	CG302-CG312-CG312	TH_CG312-CG312-SG3O1	0.007549863535864176	0.0072897407346523835	0.007984484095885591	4.598978186762748e-06	7.234894020351875e-13	0.0006993423394199705	0.0026827271903889067	0.0025902965777909364	0.0028371628816213105	0.00024850047957024357	9.24306125979703e-05	0.00015443569123240386
ANGLE|A|C1-C3-C4	angle	CG302-CG312-CG312	TH_FGA3-CG302-FGA3	0.08411505280829346	0.08501706993881086	0.08484621235740519	4.598950720500342e-06	7.234969736269585e-13	0.001637775630349645	0.02988898252503027	0.03020950035568251	0.03014878875776505	0.0005819582293671761	0.00032051783065224076	0.0002598062327347807
ANGLE|A|C1-C3-C4	angle	CG302-CG312-CG312	LAMBDA_CS	0.008690666544453052	-0.011719406571728541	-0.05056495217814927	9.197997615007158e-05	1.4470171868923728e-11	0.07975767181493398	0.000308809388814188	-0.0004164309793925289	-0.0017967473378114347	0.0028340654609666006	0.0007252403682067169	0.0021055567266256227
ANGLE|A|C1-C3-C4	angle	CG302-CG312-CG312	LAMBDA_CC	0.039860409173684275	-0.020972995689660934	0.013326321696922605	9.198001807535195e-05	1.446981776816774e-11	0.08745947235818223	0.0014163779650095388	-0.0007452429508598067	0.0004735302220282022	0.0031077370264746933	0.0021616209158693456	0.0009428477429813365
ANGLE|A|C2-C1-C3	angle	CG312-CG312-CG312	R_OG2P1-SG3O1	-1.9735927946058496	-3.636994852517006	-2.3882059100444053	0.0046123835176319645	7.605590320050157e-10	2.0826275568673442	-0.0014025713253474606	-0.002584699693127644	-0.0016972240360872322	0.0014800589567535085	0.0011821283677801834	0.00029465271073977157
ANGLE|A|C2-C1-C3	angle	CG312-CG312-CG312	R_CG312-SG3O1	-9.587253537574725	-8.723572066624996	-9.198620596528428	0.004612395532862439	7.605645266119615e-10	1.2569268075288875	-0.006813364406979304	-0.006199572712614139	-0.006537175002211111	0.0008932589859057642	0.000613791694365165	0.0002761894047681934
ANGLE|A|C2-C1-C3	angle	CG312-CG312-CG312	R_CG312-CG312	-113.56015120330198	-115.79125551508085	-114.37126415645338	0.004612496924360626	7.605717105023613e-10	3.0468297618546187	-0.08070368528665138	-0.08228926207843587	-0.08128011816217535	0.0021652876261366617	0.0015855767917844904	0.0005764328755239745
ANGLE|A|C2-C1-C3	angle	CG312-CG312-CG312	R_CG302-CG312	-17.692854950318804	-18.616490698637023	-18.398131430600984	0.004612400816036191	7.605661775005345e-10	1.633524629416435	-0.01257376449927959	-0.01323016384325657	-0.013074982668696004	0.0011608954039203899	0.0006563993439769808	0.0005012181694164144
ANGLE|A|C2-C1-C3	angle	CG312-CG312-CG312	TH_OG2P1-SG3O1-OG2P1	0.02432833227670983	0.023380093444739458	0.023227780321626312	4.612373752433432e-06	7.605659786323017e-13	0.0020534031608063223	0.008644696448553089	0.008307754451465938	0.008253632339869133	0.000729645041417971	0.000336941997087151	0.00039106410868395593
ANGLE|A|C2-C1-C3	angle	CG312-CG312-CG312	TH_FGA2-CG312-FGA2	0.08123046255174415	0.08185342490759595	0.08083839169325557	4.612374108144096e-06	7.605685980950134e-13	0.0010196455884485215	0.028863988009882397	0.029085348044099367	0.02872467169672919	0.0003623152831434378	0.00022136003421696984	0.00013931631315320867
ANGLE|A|C2-C1-C3	angle	CG312-CG312-CG312	TH_CG312-CG312-SG3O1	-0.07741965038815835	-0.07873301262814891	-0.0782244247724293	4.612389992694276e-06	7.605654543179451e-13	0.002122749014254218	-0.02750987487126045	-0.02797655782192778	-0.027795838996645804	0.0007542860174702753	0.0004666829506673291	0.00028596412538535454
ANGLE|A|C2-C1-C3	angle	CG312-CG312-CG312	TH_FGA3-CG302-FGA3	0.017052818445769446	0.017943206270256695	0.017141817987003094	4.6123787101661965e-06	7.605712037868897e-13	0.0009839997444310625	0.006059455180867021	0.00637584071755868	0.006091079790777578	0.0003496490840107335	0.00031638553669165875	3.162460991055702e-05
ANGLE|A|C2-C1-C3	angle	CG312-CG312-CG312	LAMBDA_CS	0.3151204030686472	0.30002397577916895	0.2906245836122423	9.224825045542611e-05	1.5211314858388293e-11	0.039684494996338554	0.01119731594541738	0.010660887759996188	0.010326894902780175	0.0014101271269050027	0.0005364281854211908	0.0008704210426372042
ANGLE|A|C2-C1-C3	angle	CG312-CG312-CG312	LAMBDA_CC	-0.10862535033922427	-0.0958423528145147	-0.11269948425479015	9.224811268414157e-05	1.521129995419027e-11	0.016949379552959595	-0.0038598337511169603	-0.003405609712876948	-0.00400460179600485	0.0006022699770790202	0.0004542240382400123	0.0001447680448878894
BOND|B|S1-O1	bond	OG2P1-SG3O1	R_OG2P1-SG3O1	8.576369430796426	8.570959225466968	8.574767851802667	6.062181440735123e-05	1.2144234601565759e-11	0.007072406137623825	0.4764649683775792	0.4761644014148315	0.47637599176681483	0.0003929114520902125	0.0003005669627476615	8.897661076434638e-05
BOND|B|S1-O1	bond	OG2P1-SG3O1	R_CG312-SG3O1	-0.04603578886597237	-0.04888791317808616	-0.046314123506752125	6.062181440706528e-05	1.2144163115573992e-11	0.0031910807673006096	-0.002557543825887354	-0.002715995176560342	-0.0025730068614862292	0.00017728226485003385	0.00015845135067298803	1.546303559887526e-05
BOND|B|S1-O1	bond	OG2P1-SG3O1	R_CG312-CG312	-0.01979024443321542	-0.012693307887778893	-0.014277069446788637	6.062181440722552e-05	1.2144203172381193e-11	0.012670733346270537	-0.0010994580240675234	-0.0007051837715432718	-0.0007931705248215909	0.0007039296303483631	0.0003942742525242515	0.0003062874992459325
BOND|B|S1-O1	bond	OG2P1-SG3O1	R_CG302-CG312	-0.0063423235936443945	-0.004212461563901648	-0.0020729557124177234	6.062181440730489e-05	1.2144223016425375e-11	0.006459851725376722	-0.0003523513107580219	-0.00023402564243898044	-0.00011516420624542907	0.00035888065140981786	0.00011832566831904145	0.00023718710451259284
BOND|B|S1-O1	bond	OG2P1-SG3O1	TH_OG2P1-SG3O1-OG2P1	-0.0006088333082088226	-0.0006116449614139707	-0.0006110791152359463	6.062181440770141e-08	1.214432214660447e-14	5.118082046679417e-06	-0.016912036339133962	-0.016990137817054742	-0.016974419867665173	0.0001421689457410949	7.81014779207799e-05	6.238352853121104e-05
BOND|B|S1-O1	bond	OG2P1-SG3O1	TH_FGA2-CG312-FGA2	2.002105902609852e-05	2.559911459892872e-05	2.361309509391063e-05	6.062181440717791e-08	1.2144191269572346e-14	9.230713455049486e-06	0.0005561405285027366	0.0007110865166369088	0.0006559193081641841	0.0002564087070847079	0.00015494598813417223	9.977877966144751e-05
BOND|B|S1-O1	bond	OG2P1-SG3O1	TH_CG312-CG312-SG3O1	-8.447348148865608e-06	-1.6242544868760866e-05	-1.5993896939514585e-05	6.062181440718834e-08	1.2144193877074981e-14	1.5402367324951424e-05	-0.0002346485596907113	-0.00045118180191002405	-0.0004442749149865162	0.0004278435368042062	0.00021653324221931276	0.00020962635529580493
BOND|B|S1-O1	bond	OG2P1-SG3O1	TH_FGA3-CG302-FGA3	-4.664795194453397e-06	5.806885974568576e-06	5.0496448249504056e-06	6.06218144073141e-08	1.2144225319120466e-14	2.024674300283309e-05	-0.00012957764429037214	0.00016130238818246043	0.00014026791180417791	0.0005624095278564746	0.00029088003247283256	0.0002698455560945501
BOND|B|S1-O1	bond	OG2P1-SG3O1	LAMBDA_CS	-0.00015968715515457532	-0.000147600326765307	-4.340438191308138e-05	1.2124362881432313e-06	2.4288374372631904e-13	0.0001295820379189055	-0.0004435754309849314	-0.00041000090768140827	-0.00012056772753633716	0.00035995010533029304	3.3574523303523155e-05	0.00032300770344859423
BOND|B|S1-O1	bond	OG2P1-SG3O1	LAMBDA_CC	4.036132385198954e-05	4.566807748074275e-05	2.2032329094479053e-05	1.2124362881442857e-06	2.4288400729917315e-13	2.4848184674407985e-05	0.00011211478847774871	0.00012685577077984099	6.120091415133071e-05	6.902273520668884e-05	1.4740982302092272e-05	5.0913874326418006e-05
BOND|B|S1-O2	bond	OG2P1-SG3O1	R_OG2P1-SG3O1	8.568767581018433	8.571438494425765	8.567282685178256	6.06218144226699e-05	1.2148064271855489e-11	0.004216431061931583	0.4760426433899129	0.47619102746809805	0.47596014917656976	0.00023424617010731015	0.00014838407818512644	8.249421334316498e-05
BOND|B|S1-O2	bond	OG2P1-SG3O1	R_CG312-SG3O1	-0.056967865841528464	-0.057794141279710054	-0.06135885211133729	6.062181442267825e-05	1.2148066356105648e-11	0.005277883522413095	-0.00316488143564047	-0.0032107856266505586	-0.003408825117296516	0.0002932157512451719	4.5904191010088646e-05	0.00024394368165604622
BOND|B|S1-O2	bond	OG2P1-SG3O1	R_CG312-CG312	-0.012117714197179552	-0.018621898307702445	-0.015967340947331543	6.0621814422465165e-05	1.2148013086281064e-11	0.010414432675097349	-0.0006732063442877529	-0.001034549905983469	-0.0008870744970739746	0.0005785795930609638	0.00036134356169571617	0.0002138681527862217
BOND|B|S1-O2	bond	OG2P1-SG3O1	R_CG302-CG312	-0.0024021711374500043	-0.0021337927685327607	-0.0019230646810530772	6.062181442232267e-05	1.2147977461881448e-11	0.0008081066397364934	-0.0001334539520805558	-0.00011854404269626447	-0.00010683692672517095	4.489481331869408e-05	1.4909909384291315e-05	2.6617025355384844e-05
BOND|B|S1-O2	bond	OG2P1-SG3O1	TH_OG2P1-SG3O1-OG2P1	-0.0005709392469066543	-0.0005669229215875538	-0.0005682701469189588	6.062181442296787e-08	1.2148138760317063e-14	6.746047121219024e-06	-0.01585942352518484	-0.015747858932987604	-0.015785281858859967	0.00018739019781163953	0.00011156459219723719	7.414166632487354e-05
BOND|B|S1-O2	bond	OG2P1-SG3O1	TH_FGA2-CG312-FGA2	9.227147180435047e-06	1.2956779267381258e-05	1.2251724861966906e-05	6.062181442250629e-08	1.2148023364329e-14	6.814831582900576e-06	0.0002563096439009735	0.0003599105352050349	0.0003403256906101918	0.00018930087730279377	0.0001036008913040614	8.401604670921832e-05
BOND|B|S1-O2	bond	OG2P1-SG3O1	TH_CG312-CG312-SG3O1	-1.638012190030569e-05	-6.918607296624302e-06	-6.473420789521178e-06	6.062181442248512e-08	1.2148018072604575e-14	1.9428837528888383e-05	-0.00045500338611960243	-0.0001921835360173417	-0.00017981724415336604	0.0005396899313580106	0.00026281985010226074	0.00027518614196623636
BOND|B|S1-O2	bond	OG2P1-SG3O1	TH_FGA3-CG302-FGA3	1.421891124986363e-05	7.165324687641306e-06	4.530519934209387e-06	6.06218144224618e-08	1.2148012241680298e-14	1.680259969229903e-05	0.0003949697569406564	0.00019903679687892513	0.00012584777595026075	0.00046673888034163966	0.00019593296006173124	0.0002691219809903956
BOND|B|S1-O2	bond	OG2P1-SG3O1	LAMBDA_CS	0.00012110464333581206	0.00010054772688006253	8.881143160888172e-06	1.2124362884516949e-06	2.4296085961062707e-13	0.0001339928529191251	0.0003364017870439224	0.000279299241333507	2.4669842113578255e-05	0.0003722023692197919	5.71025457104154e-05	0.00031173194493034414
BOND|B|S1-O2	bond	OG2P1-SG3O1	LAMBDA_CC	-7.879955555178952e-05	5.09077729682339e-05	-5.899317507829238e-06	1.212436288451542e-06	2.429608213581259e-13	0.00020382000285243526	-0.00021888765431052643	0.0001414104804673164	-1.6386993077303437e-05	0.0005661666745900979	0.00036029813477784286	0.000202500661233223
BOND|B|S1-O3	bond	OG2P1-SG3O1	R_OG2P1-SG3O1	8.569212184832308	8.56545675413467	8.567612161907823	6.062181439974042e-05	1.214233190087423e-11	0.005416075436522493	0.47606734360179487	0.47585870856303725	0.47597845343932343	0.00030089307980680515	0.0002086350387576208	8.889016247143333e-05
BOND|B|S1-O3	bond	OG2P1-SG3O1	R_CG312-SG3O1	-0.04884399858873234	-0.0453993370234107	-0.04310368008864085	6.0621814399605467e-05	1.2142298159713423e-11	0.009245601879812734	-0.0027135554771517967	-0.0025221853901894833	-0.0023946488938133806	0.0005136445488784851	0.0001913700869623134	0.0003189065833384161
BOND|B|S1-O3	bond	OG2P1-SG3O1	R_CG312-CG312	-0.010949294714013291	-0.013841840901529512	-0.011178006483314462	6.0621814399695225e-05	1.2142320601664807e-11	0.0031818797712170866	-0.0006082941507785162	-0.0007689911611960839	-0.0006210003601841368	0.00017677109840094925	0.00016069701041756775	1.270620940562058e-05
BOND|B|S1-O3	bond	OG2P1-SG3O1	R_CG302-CG312	0.007220434088406336	0.0033122783121841692	0.0009555302379338215	6.0621814399661926e-05	1.2142312277134637e-11	0.010233681441094343	0.0004011352271336853	0.00018401546178800938	5.308501321854564e-05	0.0005685378578385746	0.0002171197653456759	0.00034805021391513965
BOND|B|S1-O3	bond	OG2P1-SG3O1	TH_OG2P1-SG3O1-OG2P1	-0.000627921161872047	-0.0006264354115139148	-0.0006293546165628827	6.062181439991111e-08	1.2142374571991116e-14	2.979826863367832e-06	-0.01744225449644575	-0.0174009836531643	-0.017482072682302296	8.277296842688422e-05	4.1270843281451114e-05	3.9818185856545923e-05
BOND|B|S1-O3	bond	OG2P1-SG3O1	TH_FGA2-CG312-FGA2	3.3996640014133384e-05	2.59347241611807e-05	3.0312663072740165e-05	6.062181439963906e-08	1.2142306558202736e-14	1.1806514608745541e-05	0.000944351111503705	0.0007204090044772416	0.0008420184186872267	0.0003279587391318206	0.0002239421070264634	0.00010233269281647824
BOND|B|S1-O3	bond	OG2P1-SG3O1	TH_CG312-CG312-SG3O1	-1.1381290375700459e-05	-1.2222202210587785e-05	-1.1150416699523547e-05	6.062181439966224e-08	1.2142312352175861e-14	1.1324073254639004e-06	-0.0003161469548805683	-0.0003395056169607718	-0.0003097337972089874	3.1455759040663896e-05	2.3358662080203503e-05	6.413157671580905e-06
BOND|B|S1-O3	bond	OG2P1-SG3O1	TH_FGA3-CG302-FGA3	7.567155374199608e-06	5.254937059384623e-07	4.545478463735542e-06	6.06218143995999e-08	1.2142296768610618e-14	1.0123960393124812e-05	0.00021019876039443352	1.4597047387179509e-05	0.00012626329065932058	0.00028122112203124477	0.00019560171300725401	8.393546973511294e-05
BOND|B|S1-O3	bond	OG2P1-SG3O1	LAMBDA_CS	-1.4764574958192611e-05	6.368102995146785e-05	6.921147528426985e-06	1.212436287992074e-06	2.4284595436461255e-13	0.00010134376368427213	-4.1012708217201694e-05	0.00017689174986518845	1.9225409801186068e-05	0.0002815104546785337	0.00021790445808239016	6.023811801838776e-05
BOND|B|S1-O3	bond	OG2P1-SG3O1	LAMBDA_CC	0.00013191731892847613	-7.350752826429385e-05	-9.305169079709685e-06	1.2124362879930246e-06	2.428461920554298e-13	0.00034785977148894885	0.0003664369970235448	-0.00020418757851192737	-2.584769188808246e-05	0.0009662771430248579	0.0005706245755354722	0.0003922846889116273
BOND|B|S1-C2	bond	CG312-SG3O1	R_OG2P1-SG3O1	-0.4456552939494651	-0.45088063029108394	-0.43941245784762106	6.0621822463773296e-05	1.415834011898517e-11	0.011528794265926649	-0.04288320065458426	-0.043386008878490916	-0.04228248347059986	0.0011093587454774276	0.0005028082239066575	0.0006007171839843978
BOND|B|S1-C2	bond	CG312-SG3O1	R_CG312-SG3O1	7.179290492435486	7.172136484199232	7.183182508525787	6.062182246314694e-05	1.4158183528146628e-11	0.011106646149018472	0.690827549733025	0.6901391549695273	0.6912020591559292	0.0010687375239882893	0.0006883947634976906	0.00037450942290429
BOND|B|S1-C2	bond	CG312-SG3O1	R_CG312-CG312	-1.2308944373087272	-1.2638372793610242	-1.2490312096954392	6.062182246382799e-05	1.415835379140387e-11	0.05114023626147293	-0.11844287245403445	-0.12161279890849529	-0.12018808419065098	0.0049209715286637435	0.0031699264544608335	0.0017452117366165282
BOND|B|S1-C2	bond	CG312-SG3O1	R_CG302-CG312	0.010806578925603993	0.0036955965832530246	0.0008725884881322088	6.062182246292547e-05	1.415812816374789e-11	0.017105594602285678	0.001039863541952734	0.00035560894702623254	8.39648664191499e-05	0.0016459866080463746	0.0006842545949265015	0.0009558986755335841
BOND|B|S1-C2	bond	CG312-SG3O1	TH_OG2P1-SG3O1-OG2P1	0.0009635391077822408	0.0009810285598180202	0.0009826030262922725	6.062182246348038e-08	1.4158266890214306e-14	3.661399236827446e-05	0.04635829693773406	0.04719975859113708	0.04727551014469871	0.0017615915291608472	0.0008414616534030209	0.0009172132069646538
BOND|B|S1-C2	bond	CG312-SG3O1	TH_FGA2-CG312-FGA2	0.0009381032646009757	0.0009424421386768911	0.0009569570647876002	6.062182246304688e-08	1.4158158513373726e-14	2.325329608500295e-05	0.04513451436208668	0.04534326853839581	0.046041618246502936	0.0011187747295185438	0.00020875417630913246	0.0009071038844162549
BOND|B|S1-C2	bond	CG312-SG3O1	TH_CG312-CG312-SG3O1	-0.0008614150885549732	-0.0008754625193820864	-0.000851771059541373	6.06218224628316e-08	1.4158104692302444e-14	2.3752081663176244e-05	-0.041444852771768265	-0.0421207101025563	-0.040980854209512044	0.0011427725618373985	0.0006758573307880378	0.00046399856225622094
BOND|B|S1-C2	bond	CG312-SG3O1	TH_FGA3-CG302-FGA3	3.0456555999869295e-05	9.10918818891604e-06	1.0706590837572527e-05	6.062182246298425e-08	1.4158142855893906e-14	4.1157954795713005e-05	0.0014653417337594542	0.000438266021080803	0.0005151210918479733	0.00198021302338328	0.0010270757126786512	0.0009502206419114809
BOND|B|S1-C2	bond	CG312-SG3O1	LAMBDA_CS	-0.00035906373660354873	-0.00021088229272825387	-7.14915224864221e-05	1.2124364492633148e-06	2.8316376457262384e-13	0.00043696609444168484	-0.0017275462082024314	-0.001014607903949857	-0.0003439637479359332	0.002102354102105385	0.0007129383042525743	0.001383582460266498
BOND|B|S1-C2	bond	CG312-SG3O1	LAMBDA_CC	0.00032315678905048273	0.00014536793147335025	-1.8635575353975753e-05	1.2124364492710217e-06	2.831656912740714e-13	0.000520793658430862	0.0015547888262395944	0.0006994017863973154	-8.966045372601214e-05	0.0025056696573942353	0.000855387039842279	0.0016444492799656066
BOND|B|F1-C1	bond	CG312-FGA2	R_OG2P1-SG3O1	-0.016186327703837655	-0.026958963959322624	-0.02368914610528794	6.062181225426183e-05	1.1605962251759663e-11	0.018336076469189513	-0.0006358590045495159	-0.001059048123855598	-0.0009305975473093331	0.0007203091117621663	0.0004231891193060821	0.00029473854275981713
BOND|B|F1-C1	bond	CG312-FGA2	R_CG312-SG3O1	-0.09302767734409301	-0.08451127791764268	-0.08848422444329707	6.062181225416601e-05	1.1605938295101621e-11	0.013120474139500434	-0.0036544723048912405	-0.0033199165390170042	-0.0034759886184382127	0.0005154209020235272	0.00033455576587423626	0.00017848368645302778
BOND|B|F1-C1	bond	CG312-FGA2	R_CG312-CG312	-0.3222049229016921	-0.32531877539709875	-0.32687962569555307	6.062181225421968e-05	1.1605951715587496e-11	0.007849177101521804	-0.012657404773081958	-0.012779728451699552	-0.012841044442280335	0.00030834479751223545	0.00012232367861759325	0.0001836396691983766
BOND|B|F1-C1	bond	CG312-FGA2	R_CG302-CG312	-0.03425876506590875	-0.03474251339807832	-0.03224383183053625	6.062181225423269e-05	1.1605954969257279e-11	0.0025593033797963044	-0.0013458113940656043	-0.001364814823291426	-0.0012666573410450464	0.0001005389319426454	1.9003429225821628e-05	7.91540530205579e-05
BOND|B|F1-C1	bond	CG312-FGA2	TH_OG2P1-SG3O1-OG2P1	-4.759583558899827e-05	-4.664659123937431e-05	-4.739440220236091e-05	6.062181225422383e-08	1.1605952749499825e-14	1.2112995485155424e-06	-0.0009348705028116859	-0.0009162255829055161	-0.0009309139774325567	2.3792170133431762e-05	1.8644919906169854e-05	3.956525379129254e-06
BOND|B|F1-C1	bond	CG312-FGA2	TH_FGA2-CG312-FGA2	-0.00019447752497714355	-0.0001924154632372277	-0.000197200074394277	6.062181225419713e-08	1.1605946076892994e-14	4.845232969303509e-06	-0.003819899352769844	-0.003779396635005404	-0.003873375273741248	9.516936358397618e-05	4.0502717764439884e-05	5.347592097140405e-05
BOND|B|F1-C1	bond	CG312-FGA2	TH_CG312-CG312-SG3O1	-9.371362852395038e-05	-9.376570868296907e-05	-9.689213094199456e-05	6.062181225426619e-08	1.1605963344694715e-14	3.2912043893171457e-06	-0.0018407095060800661	-0.001841732457013605	-0.0019031411897972017	6.464535949880788e-05	1.0229509335387722e-06	6.243168371713559e-05
BOND|B|F1-C1	bond	CG312-FGA2	TH_FGA3-CG302-FGA3	3.905084552546789e-05	4.0938669589651866e-05	4.125083237460636e-05	6.062181225422311e-08	1.16059525715471e-14	4.148432725576666e-06	0.0007670310467257415	0.0008041114133221759	0.000810242869490937	8.148291420976257e-05	3.7080366596434406e-05	4.321182276519552e-05
BOND|B|F1-C1	bond	CG312-FGA2	LAMBDA_CS	-1.6637075457293093e-05	-0.00018753963263784534	-0.00016543038213745476	1.2124362450820844e-06	2.321184569015908e-13	0.000320908300105796	-3.2678302430456195e-05	-0.00036836262772070675	-0.00032493595839910047	0.0006303234309551557	0.00033568432529025057	0.0002922576559686443
BOND|B|F1-C1	bond	CG312-FGA2	LAMBDA_CC	2.900062451072216e-05	3.4148948120371614e-05	4.6588086568544185e-05	1.21243624508615e-06	2.3211947333902024e-13	2.3948221912557627e-05	5.6962606250490125e-05	6.707486885083994e-05	9.150764426423197e-05	4.703875031036047e-05	1.0112262600349811e-05	3.454503801374185e-05
BOND|B|F2-C1	bond	CG312-FGA2	R_OG2P1-SG3O1	-0.02468807797750827	-0.03117056229845483	-0.030983924487415493	6.062181222241277e-05	1.1597999985959457e-11	0.012838952643076192	-0.0009698392973532425	-0.001224495331924175	-0.001217163506267968	0.0005043616931806735	0.0002546560345709324	0.0002473242089147254
BOND|B|F2-C1	bond	CG312-FGA2	R_CG312-SG3O1	-0.05895652418630437	-0.05925171889331615	-0.06086344185851633	6.062181222229722e-05	1.1597971101630652e-11	0.002262734191446039	-0.0023160310026291405	-0.002327627345912385	-0.0023909418035838927	8.888859393300855e-05	1.1596343283244714e-05	7.491080095475226e-05
BOND|B|F2-C1	bond	CG312-FGA2	R_CG312-CG312	-0.2854514314669654	-0.280738286821236	-0.28554008265579967	6.062181222244707e-05	1.1598008563227826e-11	0.004862417646786085	-0.011213591271649904	-0.011028441463888332	-0.011217073819249069	0.0001910138050557542	0.00018514980776157194	3.482547599164762e-06
BOND|B|F2-C1	bond	CG312-FGA2	R_CG302-CG312	-0.06714082250058873	-0.06487728081572275	-0.06610582529820164	6.062181222233723e-05	1.1597981099222526e-11	0.0033591606994754037	-0.002637540604700479	-0.0025486202894300816	-0.002596882074682867	0.00013196029498302247	8.892031527039761e-05	4.0658530017612105e-05
BOND|B|F2-C1	bond	CG312-FGA2	TH_OG2P1-SG3O1-OG2P1	4.693804490751852e-06	-3.5697061367967464e-07	-7.003103307257064e-07	6.062181222229004e-08	1.1597969303105514e-14	1.0505511738131374e-05	9.219502736040289e-05	-7.011565044922813e-06	-1.3755393994198355e-05	0.00020634773860743247	9.920659240532571e-05	0.00010595042135460125
BOND|B|F2-C1	bond	CG312-FGA2	TH_FGA2-CG312-FGA2	-5.3388664124187635e-05	-5.337853388981406e-05	-5.70032688458344e-05	6.062181222237016e-08	1.1597989331804316e-14	3.685356768242707e-06	-0.0010486524011306675	-0.0010484534245356518	-0.0011196499430747046	7.238724338655994e-05	1.9897659501565829e-07	7.099754194403712e-05
BOND|B|F2-C1	bond	CG312-FGA2	TH_CG312-CG312-SG3O1	-4.23598263218361e-05	-3.699699435316672e-05	-3.974107573156971e-05	6.06218122223007e-08	1.1597971969770414e-14	8.042204371158074e-06	-0.0008320255678348533	-0.0007266895997401277	-0.0007805884483733632	0.00015796381240372134	0.00010533596809472561	5.143711946149006e-05
BOND|B|F2-C1	bond	CG312-FGA2	TH_FGA3-CG302-FGA3	-1.4448712618464477e-05	-1.5114544512584427e-05	-1.042700574882538e-05	6.062181222241369e-08	1.1598000214981774e-14	4.748160575981461e-06	-0.00028379951866477416	-0.00029687769220539914	-0.00020480573534626504	9.326268170664207e-05	1.3078173540624985e-05	7.899378331850912e-05
BOND|B|F2-C1	bond	CG312-FGA2	LAMBDA_CS	7.16373513554025e-05	1.720335892518854e-05	-3.4191657571902567e-06	1.2124362444465661e-06	2.3195957744155617e-13	0.0001307029457872533	0.0001407090470268012	3.379058820885259e-05	-6.715875813639076e-06	0.00025672483135340143	0.0001069184588179486	0.00014742492284044027
BOND|B|F2-C1	bond	CG312-FGA2	LAMBDA_CC	-3.183107262882956e-05	-9.56182906963754e-06	3.201274477726557e-05	1.2124362444463273e-06	2.319595176912165e-13	8.732549720973348e-05	-6.252213141190803e-05	-1.8781206043576005e-05	6.287896921221866e-05	0.00017152347568747078	4.374092536833202e-05	0.00012540110062412668
BOND|B|F3-C2	bond	CG312-FGA2	R_OG2P1-SG3O1	-0.056906718009841484	-0.056545935296248295	-0.05696344531413988	6.062181190839289e-05	1.1519495016042582e-11	0.00047813182979997983	-0.0022355070111016416	-0.002221334127584051	-0.002237735470076521	1.8782792175149887e-05	1.4172883517590482e-05	2.2284589748793222e-06
BOND|B|F3-C2	bond	CG312-FGA2	R_CG312-SG3O1	-0.380857369055132	-0.37818490990754183	-0.37968009797506586	6.062181190839596e-05	1.1519495781810377e-11	0.00391035203956473	-0.014961490462430635	-0.014856506352113689	-0.014915242886652325	0.00015361313577793708	0.00010498411031694549	4.624757577830971e-05
BOND|B|F3-C2	bond	CG312-FGA2	R_CG312-CG312	-0.20941518476691456	-0.20849034804243383	-0.20940921629586384	6.062181190854937e-05	1.1519534134893257e-11	0.0009914270074400083	-0.008226605401784394	-0.008190274384041579	-0.008226370938098101	3.8946931111795314e-05	3.633101774281472e-05	2.3446368629248537e-07
BOND|B|F3-C2	bond	CG312-FGA2	R_CG302-CG312	0.003530615759750333	-0.00327636646568763	0.0007022537437118004	6.062181190838974e-05	1.1519494225926225e-11	0.009695966053384885	0.0001386956858601975	-0.00012870783030777364	2.7587132460680772e-05	0.00038089351925016775	0.00026740351616797115	0.00011110855339951673
BOND|B|F3-C2	bond	CG312-FGA2	TH_OG2P1-SG3O1-OG2P1	0.00011195828609311675	0.00010875058821696593	0.00010889420588988674	6.062181190850721e-08	1.151952359752716e-14	6.332399891289348e-06	0.002199068425179622	0.002136063288506735	0.002138884206018417	0.00012438008067543486	6.300513667288708e-05	6.018421916120526e-05
BOND|B|F3-C2	bond	CG312-FGA2	TH_FGA2-CG312-FGA2	-0.00010931923519919007	-0.0001103006730189815	-0.00011608350546543633	6.06218119083954e-08	1.1519495646496866e-14	7.80632989794609e-06	-0.0021472325700965115	-0.0021665098294767187	-0.0022800953860698803	0.00015333080019491583	1.9277259380207253e-05	0.00013286281597336882
BOND|B|F3-C2	bond	CG312-FGA2	TH_CG312-CG312-SG3O1	0.0001485672899007584	0.0001528754573226765	0.0001516840006845488	6.06218119083303e-08	1.1519479369254798e-14	7.4855000176168044e-06	0.0029181371708703876	0.003002757570829422	0.0029793551522652602	0.00014702910619524622	8.46203999590343e-05	6.121798139487261e-05
BOND|B|F3-C2	bond	CG312-FGA2	TH_FGA3-CG302-FGA3	2.697322058597962e-06	-2.355840134082854e-08	2.0805086778930004e-06	6.062181190842584e-08	1.151950325239355e-14	3.3983156525521776e-06	5.298040885218547e-05	-4.627307039448365e-07	4.0865049845988864e-05	6.674922340366756e-05	5.3443139556130307e-05	1.2115359006196605e-05
BOND|B|F3-C2	bond	CG312-FGA2	LAMBDA_CS	1.98131608741825e-05	-0.00011376288197140205	-0.00013668894030649525	1.2124362381673618e-06	2.303897763458888e-13	0.00029129058026442964	3.891672336354009e-05	-0.00022345140358139787	-0.00026848243501090556	0.0005721487350020627	0.000262368126944938	0.00030739915837444564
BOND|B|F3-C2	bond	CG312-FGA2	LAMBDA_CC	4.003559401333234e-05	-4.057926387135424e-06	4.684960141831951e-05	1.212436238168789e-06	2.3039013312847014e-13	5.211996404362372e-05	7.863733337683014e-05	-7.970520183053573e-06	9.202130794105729e-05	0.00010237327780679268	8.660785355988371e-05	1.3383974564227147e-05
BOND|B|F4-C2	bond	CG312-FGA2	R_OG2P1-SG3O1	-0.05084072051531052	-0.05728222560685836	-0.05911971893091117	6.062181190234859e-05	1.1517983940888629e-11	0.014781125319050833	-0.0019972121242658944	-0.0022502583426704027	-0.0023224418976605554	0.0005806574414816121	0.0002530462184045083	0.00032522977339466104
BOND|B|F4-C2	bond	CG312-FGA2	R_CG312-SG3O1	-0.365824281178484	-0.3655121862889965	-0.36597761098300374	6.0621811902431436e-05	1.1518004653031742e-11	0.000526046505909664	-0.014370934996888907	-0.014358674751737226	-0.014376958360474127	2.0665058419345153e-05	1.2260245151680255e-05	6.023363585220057e-06
BOND|B|F4-C2	bond	CG312-FGA2	R_CG312-CG312	-0.21267672082947442	-0.19792375820848473	-0.20669678508467015	6.062181190246148e-05	1.1518012165575479e-11	0.020793520177696413	-0.008354730638835536	-0.007775179532619232	-0.008119816576823818	0.0008168466179104689	0.0005795511062163042	0.00023491406201171794
BOND|B|F4-C2	bond	CG312-FGA2	R_CG302-CG312	-0.0413435431816378	-0.034450614793346546	-0.03744245992320927	6.062181190265134e-05	1.151805962867975e-11	0.010854633458622432	-0.0016241277634452744	-0.0013533479631344964	-0.0014708787397781564	0.00042641027366035057	0.000270779800310778	0.000153249023667118
BOND|B|F4-C2	bond	CG312-FGA2	TH_OG2P1-SG3O1-OG2P1	9.565927498256244e-05	9.51334046878638e-05	9.36896061730641e-05	6.062181190268288e-08	1.1518067515980626e-14	2.5561609160996584e-06	0.0018789256117655155	0.001868596543670905	0.001840237662546407	5.0207742154946834e-05	1.0329068094610356e-05	3.86879492191084e-05
BOND|B|F4-C2	bond	CG312-FGA2	TH_FGA2-CG312-FGA2	-1.3100657971110152e-05	-1.8075103256853797e-05	-2.2393650291774314e-05	6.06218119025141e-08	1.1518025317676603e-14	1.4328059418310322e-05	-0.00025732122470493296	-0.0003550285578768992	-0.00043985283268982575	0.0002814296659980836	9.770733317196624e-05	0.00018253160798489278
BOND|B|F4-C2	bond	CG312-FGA2	TH_CG312-CG312-SG3O1	0.0001429838847359921	0.00014943504259290474	0.00013956058685693495	6.062181190266496e-08	1.1518063034687286e-14	9.935077547872455e-06	0.0028084687360337697	0.0029351814434539865	0.002741228815358691	0.00019514335293652305	0.00012671270742021677	6.72399206750789e-05
BOND|B|F4-C2	bond	CG312-FGA2	TH_FGA3-CG302-FGA3	3.2604436109195944e-05	3.7198048709496945e-05	4.16084669879746e-05	6.062181190263468e-08	1.1518055464454321e-14	1.3658265290982293e-05	0.0006404116074882219	0.0007306386802609109	0.0008172674767214845	0.0002682736668471787	9.022707277268904e-05	0.0001768558692332627
BOND|B|F4-C2	bond	CG312-FGA2	LAMBDA_CS	0.0003148572522948534	6.765818652221256e-05	-1.8228594496072503e-05	1.2124362380470188e-06	2.3035969053551835e-13	0.0005814973488016137	0.0006184380505651515	0.0001328932291462244	-3.580434105464624e-05	0.0011421686627211673	0.0004855448214189271	0.0006542423916197978
BOND|B|F4-C2	bond	CG312-FGA2	LAMBDA_CC	-1.6270784115590686e-05	-2.3909172525149458e-05	6.430104932952929e-06	1.2124362380474446e-06	2.303597970472582e-13	3.155171369614983e-05	-3.195883828710149e-05	-4.696205006970076e-05	1.262991889397802e-05	6.197341864612227e-05	1.5003211782599269e-05	4.4588757181079515e-05
BOND|B|F5-C3	bond	CG312-FGA2	R_OG2P1-SG3O1	-0.006971697085189632	-0.009842422765860004	-0.0072549919489794945	6.062181219310052e-05	1.159067192310828e-11	0.0032146423566533347	-0.0002738741269620043	-0.00038664688228024803	-0.00028500300025428936	0.00012628307830439317	0.00011277275531824374	1.1128873292285063e-05
BOND|B|F5-C3	bond	CG312-FGA2	R_CG312-SG3O1	0.007546867231478238	0.0006324143675406901	0.0004919812235382182	6.062181219301069e-05	1.1590649466719499e-11	0.014029960684070579	0.0002964689442273783	2.4843582655990203e-05	1.93268477433516e-05	0.0005511489077492756	0.00027162536157138807	0.0002771420964840267
BOND|B|F5-C3	bond	CG312-FGA2	R_CG312-CG312	-0.20702018196427918	-0.20453646412871285	-0.20738669396103138	6.062181219313606e-05	1.1590680806030432e-11	0.0029108516445116653	-0.008132520806078602	-0.008034951154740662	-0.008146918757094695	0.00011434905204790068	9.756965133794065e-05	1.4397951016093327e-05
BOND|B|F5-C3	bond	CG312-FGA2	R_CG302-CG312	-0.11627565859895217	-0.11253442161335281	-0.1146757456768066	6.062181219305093e-05	1.1590659526414108e-11	0.005401771719937975	-0.004567739260125055	-0.004420769591094875	-0.004504888744760771	0.0002122016340883257	0.0001469696690301796	6.285051536428395e-05
BOND|B|F5-C3	bond	CG312-FGA2	TH_OG2P1-SG3O1-OG2P1	2.0366700339780053e-05	1.7479246056495423e-05	1.4283015383864672e-05	6.062181219299658e-08	1.1590645937801998e-14	9.031761051393006e-06	0.00040003977557368994	0.0003433248171271148	0.00028054491760340247	0.00017740054126379269	5.6714958446575116e-05	0.00011949485797028747
BOND|B|F5-C3	bond	CG312-FGA2	TH_FGA2-CG312-FGA2	-0.0001341831070712507	-0.0001323175040149338	-0.0001364061329515165	6.062181219298773e-08	1.159064372632034e-14	4.149250748775671e-06	-0.0026356051369656095	-0.0025989612321843866	-0.002679269489040308	8.149898170285103e-05	3.6643904781222866e-05	4.3664352074698504e-05
BOND|B|F5-C3	bond	CG312-FGA2	TH_CG312-CG312-SG3O1	-8.699950578172633e-06	-6.160431873902805e-06	-7.911219321310448e-06	6.062181219318241e-08	1.1590692397907855e-14	3.3888717733251953e-06	-0.00017088316805038037	-0.00012100230980762289	-0.00015539102304312928	6.656372809694239e-05	4.988085824275748e-05	1.5492145007251087e-05
BOND|B|F5-C3	bond	CG312-FGA2	TH_FGA3-CG302-FGA3	0.00012469406273984962	0.00012596894386118773	0.0001284294033743194	6.062181219314516e-08	1.1590683083752362e-14	5.070843568001043e-06	0.002449222703806902	0.0024742637339764824	0.0025225917230478814	9.960077425749237e-05	2.5041030169580328e-05	7.336901924097925e-05
BOND|B|F5-C3	bond	CG312-FGA2	LAMBDA_CS	7.208702214933638e-05	3.2268685427050414e-05	-1.1559026857899113e-05	1.2124362438591242e-06	2.318127169748444e-13	0.00012467682197338058	0.0001415922838815017	6.338168412623022e-05	-2.2704072986494152e-05	0.00024488840631712607	7.821059975527149e-05	0.00016429635686799585
BOND|B|F5-C3	bond	CG312-FGA2	LAMBDA_CC	-2.2604152991601012e-05	-1.6825825306376885e-05	-2.1587173770765133e-05	1.2124362438595372e-06	2.3181282020167417e-13	8.007743149919543e-06	-4.439874962038684e-05	-3.304904214777588e-05	-4.2401213777667785e-05	1.572869300918954e-05	1.134970747261096e-05	1.997535842719054e-06
BOND|B|F6-C3	bond	CG312-FGA2	R_OG2P1-SG3O1	-0.021820959768770187	-0.01192875898164969	-0.013482566839195798	6.062181227510739e-05	1.161117364310566e-11	0.018291215528969996	-0.0008572082569164578	-0.0004686059092813573	-0.0005296452466553459	0.0007185468075932983	0.00038860234763510044	0.00032756301026111185
BOND|B|F6-C3	bond	CG312-FGA2	R_CG312-SG3O1	-0.022885498809244176	-0.01935681017672941	-0.016129487560245792	6.062181227528928e-05	1.1611219115472338e-11	0.010345321693788437	-0.0008990272999362898	-0.0007604073187836745	-0.0006336261128285479	0.0004064026179574503	0.0001386199811526153	0.0002654011871077419
BOND|B|F6-C3	bond	CG312-FGA2	R_CG312-CG312	-0.27894112598569887	-0.2765674836353593	-0.27487940334625094	6.062181227545523e-05	1.1611260602659353e-11	0.006495986802062929	-0.010957842318683266	-0.01086459684079234	-0.010798282784147012	0.0002551864621242785	9.324547789092696e-05	0.0001595595345362539
BOND|B|F6-C3	bond	CG312-FGA2	R_CG302-CG312	-0.13610475760161833	-0.1400025134253302	-0.13912985259867394	6.062181227535204e-05	1.161123480429081e-11	0.006983472633042842	-0.005346699836214202	-0.0054998181459006475	-0.005465536791000398	0.00027433671416973715	0.0001531183096864456	0.00011883695478619605
BOND|B|F6-C3	bond	CG312-FGA2	TH_OG2P1-SG3O1-OG2P1	2.1316920018499275e-05	2.262707257294494e-05	2.4689824721479958e-05	6.062181227534025e-08	1.1611231857300229e-14	4.743679069701689e-06	0.0004187038527525584	0.0004444376792980419	0.0004849539579684928	9.31746566099655e-05	2.5733826545483538e-05	6.625010521593445e-05
BOND|B|F6-C3	bond	CG312-FGA2	TH_FGA2-CG312-FGA2	-0.00018234243721459986	-0.0001868070600358207	-0.0001841823826317368	6.062181227528321e-08	1.1611217596809773e-14	6.365190050633071e-06	-0.003581543718125718	-0.003669237192356981	-0.00361768365927768	0.00012502414023177191	8.7693474231263e-05	3.6139941151962056e-05
BOND|B|F6-C3	bond	CG312-FGA2	TH_CG312-CG312-SG3O1	-2.5587032227991635e-05	-2.714018176180888e-05	-2.6831489994716406e-05	6.062181227511406e-08	1.1611175305770963e-14	2.8582291128171295e-06	-0.0005025767777458784	-0.0005330835157336256	-0.000527020236794527	5.614092188493894e-05	3.0506737987747216e-05	2.4443459048648672e-05
BOND|B|F6-C3	bond	CG312-FGA2	TH_FGA3-CG302-FGA3	0.00016429984057630964	0.00016345927536876026	0.00016137897113444044	6.062181227535933e-08	1.1611236622825598e-14	3.822056461693942e-06	0.0032271536505382565	0.003210643390585822	0.00316978235639086	7.507227894837911e-05	1.651025995243454e-05	5.7371294147396616e-05
BOND|B|F6-C3	bond	CG312-FGA2	LAMBDA_CS	-0.00013142206624294772	0.00010609360605706719	3.9134825857711775e-05	1.2124362455074141e-06	2.3222478940440967e-13	0.00040928500064618185	-0.0002581373173276	0.00020838752300968443	7.686805762372957e-05	0.0008039116649857103	0.0004665248403372844	0.00033500537495132957
BOND|B|F6-C3	bond	CG312-FGA2	LAMBDA_CC	8.982700402171417e-05	-4.725864838572846e-05	-5.268371590094745e-05	1.2124362455045615e-06	2.3222407624835224e-13	0.0002808088085756088	0.0001764368991039594	-9.282475206460913e-05	-0.00010348059103240414	0.0005515605910020227	0.0002692616511685685	0.00027991749013636354
BOND|B|F7-C4	bond	CG302-FGA3	R_OG2P1-SG3O1	-0.012635653183212803	-0.00033037700630789146	-0.003600026064698447	6.0621811809759526e-05	1.1494836674146655e-11	0.021401525107229025	-0.0007019807324007112	-1.835427812821619e-05	-0.00020000144803880262	0.0011889736170682791	0.0006836264542724951	0.0005019792843619086
BOND|B|F7-C4	bond	CG302-FGA3	R_CG312-SG3O1	0.0036193219827840295	-0.002906467942320745	-0.003466794607942525	6.0621811810058915e-05	1.1494911520929943e-11	0.013672528327641388	0.00020107344348800163	-0.0001614704412400414	-0.00019259970044125136	0.0007595849070911882	0.000362543884728043	0.000393673143929253
BOND|B|F7-C4	bond	CG302-FGA3	R_CG312-CG312	-0.10191827626182537	-0.0820235479673248	-0.08961443740251873	6.0621811809888926e-05	1.149486902424719e-11	0.03225918896561709	-0.005662126458990298	-0.004556863775962489	-0.004978579855695484	0.0017921771647565047	0.0011052626830278089	0.0006835466032948136
BOND|B|F7-C4	bond	CG302-FGA3	R_CG302-CG312	-0.11659143402042993	-0.1157217167482294	-0.11862938947571067	6.0621811810177866e-05	1.1494941260300907e-11	0.0029682945392914477	-0.006477301890023885	-0.006428984263790522	-0.0065905216375394815	0.0001649052521828582	4.831762623336289e-05	0.00011321974751559664
BOND|B|F7-C4	bond	CG302-FGA3	TH_OG2P1-SG3O1-OG2P1	5.241771443009746e-06	8.61233076665524e-06	7.3492574188538384e-06	6.062181181007814e-08	1.1494916328671229e-14	5.538667111299665e-06	0.00014560476230582626	0.00023923141018486778	0.0002041460394126066	0.00015385186420276844	9.362664787904151e-05	5.8541277106780346e-05
BOND|B|F7-C4	bond	CG302-FGA3	TH_FGA2-CG312-FGA2	8.911245836162873e-05	8.384455835741544e-05	8.343561751089634e-05	6.06218118100933e-08	1.1494920117482675e-14	1.1005362666755772e-05	0.002475346065600798	0.0023290155099282067	0.0023176560419693425	0.0003057045185209936	0.00014633055567259134	0.00015769002363145556
BOND|B|F7-C4	bond	CG302-FGA3	TH_CG312-CG312-SG3O1	6.3488289623325755e-06	8.257552533641466e-06	1.1628454651413378e-06	6.062181180999328e-08	1.149489511472838e-14	7.155328880310121e-06	0.00017635636006479375	0.00022937645926781846	3.2301262920592715e-05	0.00019875913556417	5.3020099203024705e-05	0.00014405509714420102
BOND|B|F7-C4	bond	CG302-FGA3	TH_FGA3-CG302-FGA3	-0.001231605641613509	-0.0012218708650543197	-0.0012236423168338062	6.062181181045383e-08	1.1495010250969914e-14	1.775872315070261e-05	-0.03421126782259747	-0.03394085736261999	-0.03399006435649461	0.0004932978652972947	0.00027041045997748536	0.00022120346610286085
BOND|B|F7-C4	bond	CG302-FGA3	LAMBDA_CS	0.00018282675450231878	0.00011707043940045736	-1.1903433678739361e-05	1.2124362361971763e-06	2.2989722995736704e-13	0.00026169893951911673	0.0005078520958397744	0.00032519566500127043	-3.306509355205378e-05	0.0007269414986642132	0.000182656430838504	0.0005409171893918282
BOND|B|F7-C4	bond	CG302-FGA3	LAMBDA_CC	-1.544862891611487e-05	-1.7257476924159576e-05	8.430891198507595e-06	1.2124362361981953e-06	2.29897484669133e-13	2.6900804358865365e-05	-4.2912858100319085e-05	-4.793743590044326e-05	2.341914221807665e-05	7.472445655240379e-05	5.024577800124178e-06	6.633200031839573e-05
BOND|B|F8-C4	bond	CG302-FGA3	R_OG2P1-SG3O1	-0.013044131443873397	-0.015734462807948102	-0.009148634431133118	6.062181193565638e-05	1.1526310888163875e-11	0.00664645018875064	-0.0007246739691040776	-0.0008741368226637834	-0.0005082574683962843	0.00036924723270836886	0.00014946285355970583	0.00021641650070779324
BOND|B|F8-C4	bond	CG302-FGA3	R_CG312-SG3O1	-0.0015061769490509747	0.00018483834501870078	-0.004643144740024141	6.062181193563414e-05	1.1526305328738197e-11	0.004888604896978476	-8.36764971694986e-05	1.0268796945483376e-05	-0.0002579524855568967	0.00027158916094324867	9.394529411498197e-05	0.00017427598838739813
BOND|B|F8-C4	bond	CG302-FGA3	R_CG312-CG312	-0.05037679400010653	-0.0614620281118583	-0.05485341374045216	6.062181193560658e-05	1.1526298438205193e-11	0.015622475664033013	-0.0027987107777836958	-0.003414557117325461	-0.0030474118744695643	0.0008679153146685007	0.0006158463395417651	0.00024870109668586856
BOND|B|F8-C4	bond	CG302-FGA3	R_CG302-CG312	-0.2338558367850352	-0.23241110945415588	-0.232803206019927	6.06218119354304e-05	1.1526254395895597e-11	0.002557979907922931	-0.012991990932501954	-0.012911728303008659	-0.012933511445551498	0.00014210999488460728	8.026262949329538e-05	5.847948695045582e-05
BOND|B|F8-C4	bond	CG302-FGA3	TH_OG2P1-SG3O1-OG2P1	1.2997517117030455e-06	9.686591489699303e-06	1.0653981203812002e-05	6.062181193566363e-08	1.1526312702126959e-14	1.780169108204088e-05	3.610421421397348e-05	0.00026907198582498063	0.00029594392232811114	0.00049449141894558	0.00023296777161100715	0.00025983970811413763
BOND|B|F8-C4	bond	CG302-FGA3	TH_FGA2-CG312-FGA2	1.4369468358199633e-05	2.044509992638055e-05	2.3398779734229436e-05	6.062181193550452e-08	1.1526272924337234e-14	1.5165564756146225e-05	0.00039915189883887864	0.0005679194423994597	0.0006499661037285954	0.0004212656876707284	0.00016876754356058105	0.0002508142048897167
BOND|B|F8-C4	bond	CG302-FGA3	TH_CG312-CG312-SG3O1	-9.843615150328944e-06	-1.1140804961562445e-05	-7.909317761956025e-06	6.062181193561505e-08	1.152630055368809e-14	3.292109011542035e-06	-0.00027343375417580396	-0.00030946680448784564	-0.00021970327116544513	9.14474725428343e-05	3.603305031204168e-05	5.373048301035883e-05
BOND|B|F8-C4	bond	CG302-FGA3	TH_FGA3-CG302-FGA3	-0.0010678420410745737	-0.0010729161723085356	-0.0010773316803448507	6.062181193582428e-08	1.1526352861602946e-14	1.4624392316174783e-05	-0.029662278918738155	-0.02980322700857043	-0.029925880009579183	0.00040623311989374395	0.00014094808983227541	0.00026360109084102787
BOND|B|F8-C4	bond	CG302-FGA3	LAMBDA_CS	0.00011590343128364822	5.123886385738352e-05	3.24394422190899e-05	1.2124362387089805e-06	2.3052518103435786e-13	0.000149340992729532	0.0003219539757879117	0.0001423301773816209	9.010956171969416e-05	0.0004148360909153666	0.00017962379840629083	0.00023184441406821758
BOND|B|F8-C4	bond	CG302-FGA3	LAMBDA_CC	1.0793833560285293e-05	9.010575681145383e-06	-2.528747689245492e-05	1.2124362387125148e-06	2.3052606459695746e-13	3.9077004570592635e-05	2.998287100079248e-05	2.5029376892070508e-05	-7.024299136793033e-05	0.00010854723491831287	4.9534941087219705e-06	0.0001002258623687228
BOND|B|F9-C4	bond	CG302-FGA3	R_OG2P1-SG3O1	-0.0043693432520974795	-0.005213102784396018	-0.0039756184788686255	6.062181183909962e-05	1.1502171700893627e-11	0.0012981061173664918	-0.0002427412917831933	-0.0002896168213553343	-0.0002208676932704792	7.211700652036065e-05	4.687552957214101e-05	2.1873598512714106e-05
BOND|B|F9-C4	bond	CG302-FGA3	R_CG312-SG3O1	-0.0016840739163193064	-0.0021287819866877555	-0.00011146484091284492	6.062181183895017e-05	1.1502134337679954e-11	0.0020779389576138607	-9.355966201773924e-05	-0.00011826566592709753	-6.192491161824717e-06	0.00011544105320077004	2.4706003909358287e-05	8.736717085591452e-05
BOND|B|F9-C4	bond	CG302-FGA3	R_CG312-CG312	-0.0452033866984447	-0.049723751586627785	-0.04855987828489283	6.062181183908211e-05	1.1502167323717093e-11	0.007937478286470293	-0.0025112992610247056	-0.0027624306437015436	-0.0026977710158273796	0.0004409710159150163	0.00025113138267683806	0.00018647175480267404
BOND|B|F9-C4	bond	CG302-FGA3	R_CG302-CG312	-0.13469883994488008	-0.13367297289518243	-0.13515204548630866	6.06218118390568e-05	1.1502160993192367e-11	0.001539694402965286	-0.00748326888582667	-0.007426276271954579	-0.007508446971461592	8.553857794251589e-05	5.6992613872090814e-05	2.517808563492173e-05
BOND|B|F9-C4	bond	CG302-FGA3	TH_OG2P1-SG3O1-OG2P1	1.791940589357388e-05	1.3686837927795459e-05	1.0986803137935652e-05	6.062181183890892e-08	1.1502124022815507e-14	1.122579253325556e-05	0.0004977612748214966	0.00038018994243876273	0.0003051889760537681	0.00031182757036820995	0.00011757133238273387	0.0001925722987677285
BOND|B|F9-C4	bond	CG302-FGA3	TH_FGA2-CG312-FGA2	3.466980611821491e-05	3.896476212600364e-05	3.521097172509702e-05	6.062181183901455e-08	1.1502150430780549e-14	4.896743426509855e-06	0.000963050169950414	0.001082354503500101	0.0009780825479193615	0.00013602065073638485	0.00011930433354968698	1.5032377968947483e-05
BOND|B|F9-C4	bond	CG302-FGA3	TH_CG312-CG312-SG3O1	9.445613528002994e-07	-2.8964746639492667e-06	6.450894312060029e-07	6.062181183898775e-08	1.1502143731274156e-14	4.20112975018285e-06	2.623781535556387e-05	-8.045762955414629e-05	1.7919150866833412e-05	0.00011669804861619026	0.00010669544490971016	8.318664488730459e-06
BOND|B|F9-C4	bond	CG302-FGA3	TH_FGA3-CG302-FGA3	-0.0012002133458216546	-0.001201328364635823	-0.001198753845984113	6.062181183920374e-08	1.1502197727363103e-14	2.635140463549304e-06	-0.03333925960615707	-0.03337023235099508	-0.03329871794400313	7.319834620970289e-05	3.097274483800788e-05	4.0541662153940894e-05
BOND|B|F9-C4	bond	CG302-FGA3	LAMBDA_CS	-0.0001409406289942794	-9.274602799425047e-05	-2.7175061243500664e-05	1.212436236781173e-06	2.3004322916030776e-13	0.00016317260498758884	-0.00039150174720633163	-0.0002576278555395846	-7.548628123194629e-05	0.00045325723607663566	0.00013387389166674701	0.00031601546597438533
BOND|B|F9-C4	bond	CG302-FGA3	LAMBDA_CC	1.1293138906243172e-05	1.906863278611226e-05	3.5458678748767625e-06	1.2124362367811196e-06	2.3004321575687143e-13	1.6735201148016617e-05	3.136983029511992e-05	5.296842440586739e-05	9.849632985768784e-06	4.6486669855601714e-05	2.1598594110747468e-05	2.1520197309351136e-05
BOND|B|C1-C2	bond	CG312-CG312	R_OG2P1-SG3O1	-0.07839326808734004	-0.07375941113291207	-0.07437653408093325	6.062181531076898e-05	1.2370089037383793e-11	0.008711212776145527	-0.005333986280088647	-0.00501869225010543	-0.005060682148194709	0.0005927229539547291	0.0003152940299832171	0.00027330413189393873
BOND|B|C1-C2	bond	CG312-CG312	R_CG312-SG3O1	-0.7518158484310922	-0.73888231856023	-0.7382749610017614	6.062181531098703e-05	1.2370143549051295e-11	0.02653503911550394	-0.05115458914427203	-0.050274573901031565	-0.05023324845354071	0.0018054807260493703	0.0008800152432404673	0.000921340690731319
BOND|B|C1-C2	bond	CG312-CG312	R_CG312-CG312	8.036903745585521	8.037972608457844	8.03586605873563	6.062181531153637e-05	1.2370280886650971e-11	0.0021671715375254494	0.5468420357929845	0.5469147626997122	0.5467714301459004	0.00014745734588945107	7.272690672766036e-05	7.060564708416539e-05
BOND|B|C1-C2	bond	CG312-CG312	R_CG302-CG312	-0.11973603237747099	-0.10574096266596777	-0.10084482632088942	6.062181531088394e-05	1.2370117777143438e-11	0.03294689758339567	-0.008147005087504716	-0.007194761206730752	-0.0068616213246047155	0.002241752435751544	0.0009522438807739635	0.0012853837629000003
BOND|B|C1-C2	bond	CG312-CG312	TH_OG2P1-SG3O1-OG2P1	0.00020999011298372672	0.0002003767716073912	0.00020194091399483582	6.062181531112774e-08	1.2370178729042412e-14	1.7723162180537537e-05	0.007144008719993323	0.006816956204782116	0.006870169409425143	0.0006029542218181867	0.00032705251521120745	0.00027383931056818023
BOND|B|C1-C2	bond	CG312-CG312	TH_FGA2-CG312-FGA2	0.0005000571553541722	0.0004907792685987511	0.0004845182914190449	6.062181531081416e-08	1.237010033315181e-14	2.4877372505859152e-05	0.01701228990063026	0.016696649783378766	0.016483647014191406	0.0008463453997291422	0.0003156401172514957	0.0005286428864388557
BOND|B|C1-C2	bond	CG312-CG312	TH_CG312-CG312-SG3O1	-0.0009615248133595378	-0.0009526269880165139	-0.0009519989421249431	6.062181531081414e-08	1.2370100328661364e-14	1.8484318392929366e-05	-0.03271173844105135	-0.03240902827562339	-0.03238766172049284	0.0006288492820252627	0.0003027101654279607	0.00032407672055851516
BOND|B|C1-C2	bond	CG312-CG312	TH_FGA3-CG302-FGA3	-6.645389882264929e-06	-1.5277252233325544e-05	-8.501549103479e-06	6.062181531083038e-08	1.237010438623518e-14	1.0548643387585516e-05	-0.00022608075490837578	-0.0005197426756033656	-0.00028922857398249076	0.0003588721358078933	0.00029366192069498983	6.314781907411498e-05
BOND|B|C1-C2	bond	CG312-CG312	LAMBDA_CS	1.2361763790380564e-05	2.462950364323646e-05	0.00010642626676382605	1.212436306219459e-06	2.4740280066463855e-13	0.00010754467913252084	4.205557445450792e-05	8.379127297770645e-05	0.000362069512223192	0.00036587442836946937	4.173569852319853e-05	0.00032001393776868406
BOND|B|C1-C2	bond	CG312-CG312	LAMBDA_CC	5.7138546813995106e-05	3.041526864588917e-05	6.581286657203478e-05	1.21243630621843e-06	2.474025433216688e-13	3.661003423236404e-05	0.00019438928380335763	0.00010347484523902826	0.00022389991890466268	0.0001245498657432177	9.091443856432937e-05	2.951063510130505e-05
BOND|B|C1-C3	bond	CG312-CG312	R_OG2P1-SG3O1	-0.019925494076922234	-0.013849893102935162	-0.009530593650053376	6.0621816149442755e-05	1.2579757483772132e-11	0.016531123217005374	-0.001355758148925222	-0.000942365863730088	-0.0006484747607900066	0.0011248004654649869	0.00041339228519513406	0.0007072833881352154
BOND|B|C1-C3	bond	CG312-CG312	R_CG312-SG3O1	-0.091710020339697	-0.11584572139905491	-0.11016119962592441	6.062181614965135e-05	1.2579809630659372e-11	0.04264750216173498	-0.006240076503681235	-0.007882302953119522	-0.007495520237121999	0.0029017949750137022	0.0016422264494382862	0.001255443733440764
BOND|B|C1-C3	bond	CG312-CG312	R_CG312-CG312	8.040923951142641	8.025686786613639	8.035199407034787	6.0621816150327416e-05	1.2579978648573074e-11	0.02102233045300775	0.5471155761339858	0.5460788184055722	0.546726070243033	0.0014303884115011373	0.0010367577284136065	0.0003895058909527682
BOND|B|C1-C3	bond	CG312-CG312	R_CG302-CG312	-0.49486872351767186	-0.4911476694020589	-0.4890151379055574	6.062181614913364e-05	1.257968020464036e-11	0.009635261543876563	-0.03367155173002061	-0.03341836606645019	-0.033273265676815676	0.0006555965089099681	0.0002531856635704169	0.0003982860532049312
BOND|B|C1-C3	bond	CG312-CG312	TH_OG2P1-SG3O1-OG2P1	3.447535488843023e-05	5.1302028779676156e-05	5.8703392406100896e-05	6.06218161496129e-08	1.2579800020793174e-14	4.11153332250662e-05	0.0011728753913613854	0.0017453304622192243	0.0019971299661850008	0.0013987720417487786	0.0005724550708578388	0.0008242545748236153
BOND|B|C1-C3	bond	CG312-CG312	TH_FGA2-CG312-FGA2	0.0006043786477917257	0.0006199666434502094	0.0006286272487299183	6.062181614949735e-08	1.2579771131233219e-14	3.989721841282576e-05	0.020561379146152765	0.02109169352776394	0.02138633330274923	0.0013573309342749564	0.0005303143816111737	0.0008249541565964642
BOND|B|C1-C3	bond	CG312-CG312	TH_CG312-CG312-SG3O1	-7.017603837899955e-05	-7.164837914536148e-05	-6.420534231565966e-05	6.062181614947038e-08	1.2579764388329406e-14	7.5036586458512915e-06	-0.0023874373083127504	-0.002437527358383377	-0.0021843101032512652	0.00025527965119943126	5.0090050070626495e-05	0.00020312720506148515
BOND|B|C1-C3	bond	CG312-CG312	TH_FGA3-CG302-FGA3	0.0003415296914627275	0.0003397354208080072	0.00032885449367614505	6.062181614955994e-08	1.2579786779303187e-14	1.4530090257452262e-05	0.011619076056859091	0.011558033729574172	0.011187857071220456	0.0004943237089908764	6.104232728491865e-05	0.0004312189856386355
BOND|B|C1-C3	bond	CG312-CG312	LAMBDA_CS	-0.0001812103101306306	0.00018610459621482	0.00014366096148910046	1.2124363229910466e-06	2.5159569757568226e-13	0.0006933986142881728	-0.0006164899943771366	0.0006331406937680649	0.0004887445161193345	0.002358989990776318	0.0012496306881452017	0.0011052345104964711
BOND|B|C1-C3	bond	CG312-CG312	LAMBDA_CC	-0.00014979340799081697	-0.00026339983432377423	-0.0003351506832371953	1.2124363229869142e-06	2.5159466444759605e-13	0.0003001761379023225	-0.000509607522791725	-0.0008961044339262133	-0.0011402057789948392	0.0010212199594722333	0.00038649691113448834	0.0006305982562031142
BOND|B|C3-C4	bond	CG302-CG312	R_OG2P1-SG3O1	-0.003961002165930871	-0.00949689983109625	-0.005171686848992607	6.0621815442223675e-05	1.240295271119362e-11	0.006807204163669338	-0.0003811476111268133	-0.0009138396123250554	-0.0004976457990717217	0.0006550235260538725	0.0005326920011982421	0.00011649818794490837
BOND|B|C3-C4	bond	CG302-CG312	R_CG312-SG3O1	9.972044856532136e-05	-0.00010733302330256933	0.0008176436235851625	6.062181544217036e-05	1.2402939384583884e-11	0.0009855984623299023	9.595604637149754e-06	-1.0328124982779131e-05	7.867779436301245e-05	9.483925625650841e-05	1.9923729619928885e-05	6.908218972586269e-05
BOND|B|C3-C4	bond	CG302-CG312	R_CG312-CG312	-0.5790533690023247	-0.592214421879178	-0.5892504448274938	6.062181544229023e-05	1.240296935023088e-11	0.023418750517464653	-0.05571943641144199	-0.056985859314987015	-0.05670065049021005	0.002253470319223818	0.0012664229035450267	0.0009812140787680626
BOND|B|C3-C4	bond	CG302-CG312	R_CG302-CG312	9.080732430164606	9.074079705651771	9.07716650686574	6.0621815442335917e-05	1.2402980771663576e-11	0.01027926962714179	0.8737938854990834	0.8731537267843619	0.8734507543696652	0.0009891231810505096	0.0006401587147215615	0.0003431311294181949
BOND|B|C3-C4	bond	CG302-CG312	TH_OG2P1-SG3O1-OG2P1	6.783991450265425e-06	6.320213701116462e-06	1.0925179523946227e-05	6.062181544169914e-08	1.2402821578162403e-14	4.665587638271464e-06	0.000326394940832572	0.0003040814234729626	0.0005256379449246119	0.00022447318990698504	2.2313517359609405e-05	0.0001992430040920399
BOND|B|C3-C4	bond	CG302-CG312	TH_FGA2-CG312-FGA2	0.0002077353102288848	0.00023386118960594393	0.0002285536244025499	6.062181544228298e-08	1.2402967537332166e-14	4.70048153661665e-05	0.009994669773403091	0.011251651730999821	0.010996291381089734	0.002261520233738741	0.00125698195759673	0.0010016216076866435
BOND|B|C3-C4	bond	CG302-CG312	TH_CG312-CG312-SG3O1	-4.631428747925437e-05	-5.7274244152139e-05	-5.083095738478427e-05	6.062181544207158e-08	1.240291468870482e-14	1.5537248393856604e-05	-0.002228297195289436	-0.002755608356572484	-0.0024456055774393	0.0007475362118882661	0.000527311161283048	0.0002173083821498641
BOND|B|C3-C4	bond	CG302-CG312	TH_FGA3-CG302-FGA3	0.0009651824228094075	0.0009723119514513101	0.000969312358898522	6.062181544249072e-08	1.2403019471472983e-14	1.1320086546459623e-05	0.046437360968842226	0.046780380575558694	0.04663606261157441	0.0005446379179040271	0.0003430196067164687	0.0001987016427321825
BOND|B|C3-C4	bond	CG302-CG312	LAMBDA_CS	-0.000385768884976212	-6.408794360757142e-05	4.605624466247349e-06	1.2124363088434365e-06	2.480587950451732e-13	0.0007132678871199433	-0.0018560314132166481	-0.00030834326244700763	2.215882104478528e-05	0.003431711721941791	0.0015476881507696405	0.0018781902342614335
BOND|B|C3-C4	bond	CG302-CG312	LAMBDA_CC	2.791166265447842e-05	-8.315428791094703e-05	-0.00012770839327158612	1.2124363088413132e-06	2.4805826415308654e-13	0.0002678984428003313	0.00013429004955910952	-0.000400076254247141	-0.0006144372936093737	0.0012889269838854405	0.0005343663038062505	0.0007487273431684832
ANGLE|B|S1-C2-F3	angle	FGA2-CG312-SG3O1	R_OG2P1-SG3O1	-10.791672121740703	-11.769115404742791	-13.085633754442938	0.004521824511726811	6.747905050149393e-10	3.2759267402160503	-0.005423019286114011	-0.005914203016958117	-0.006575778379923766	0.001646215126967986	0.0004911837308441058	0.0011527590938097548
ANGLE|B|S1-C2-F3	angle	FGA2-CG312-SG3O1	R_CG312-SG3O1	-51.92112320142428	-54.54983478539788	-53.09328711226158	0.00452189761410805	6.747949359584212e-10	3.8053973924250037	-0.026091346114081926	-0.02741232338773363	-0.026680380642118733	0.0019122841407379645	0.001320977273651703	0.0005890345280368074
ANGLE|B|S1-C2-F3	angle	FGA2-CG312-SG3O1	R_CG312-CG312	115.88943710593469	116.73883923241135	115.96628743503601	0.004521811433001512	6.747887587472161e-10	0.9307742670109821	0.05823663334028424	0.05866347396901956	0.05827525208371521	0.00046773166790810603	0.00042684062873531853	3.861874343096677e-05
ANGLE|B|S1-C2-F3	angle	FGA2-CG312-SG3O1	R_CG302-CG312	1.4262450935476068	1.4725065856637798	0.6460035264481689	0.00452186205862884	6.748014736861411e-10	0.8310249212742397	0.0007167151264216287	0.0007399624009051636	0.0003246289864356072	0.0004176057356517103	2.3247274483534862e-05	0.0003920861399860215
ANGLE|B|S1-C2-F3	angle	FGA2-CG312-SG3O1	TH_OG2P1-SG3O1-OG2P1	-0.010655204555831688	-0.01160984886627503	-0.010992923165453306	4.521829419352095e-06	6.747902682747369e-13	0.0012968847494843122	-0.002677220876983271	-0.002917084285012674	-0.0027620758703798933	0.0003258545538161759	0.00023986340802940312	8.485499339662243e-05
ANGLE|B|S1-C2-F3	angle	FGA2-CG312-SG3O1	TH_FGA2-CG312-FGA2	-0.15658785953161214	-0.15671071573662587	-0.15534866798874702	4.521857068740146e-06	6.747999258187189e-13	0.0013665696049475875	-0.03934418005994196	-0.03937504884291147	-0.03903282146970975	0.00034336353253904196	3.086878296951201e-05	0.000311358590232208
ANGLE|B|S1-C2-F3	angle	FGA2-CG312-SG3O1	TH_CG312-CG312-SG3O1	-0.06634983728179833	-0.0684504919964084	-0.06856027968755996	4.521871452558183e-06	6.747847807137569e-13	0.004315618991824257	-0.016671023876125703	-0.01719883323237212	-0.01722641842768645	0.0010843400707585536	0.0005278093562464184	0.0005553945515607457
ANGLE|B|S1-C2-F3	angle	FGA2-CG312-SG3O1	TH_FGA3-CG302-FGA3	-0.00018237866743930908	-0.0008517398026377521	-0.0005726408026376362	4.521856704832009e-06	6.74780350457702e-13	0.001064145127101602	-4.58243643682724e-05	-0.0002140076776030897	-0.0001438814153028029	0.0002673765234152327	0.00016818331323481731	9.805705093453049e-05
ANGLE|B|S1-C2-F3	angle	FGA2-CG312-SG3O1	LAMBDA_CS	0.11763499386304943	0.06238793967625611	0.08128292591024433	9.043706171819298e-05	1.3495788009693887e-11	0.09168955920131662	0.0029556904307537508	0.001567555964768699	0.0020423103568677093	0.002303786856544286	0.0013881344659850518	0.0009133800738860415
ANGLE|B|S1-C2-F3	angle	FGA2-CG312-SG3O1	LAMBDA_CC	-0.04130542803366666	-0.014838122170814927	-0.027541000041253483	9.043661202925955e-05	1.3495613077246579e-11	0.040322170467294166	-0.0010378379287325737	-0.0003728218472276278	-0.0006919936627878818	0.0010131326528239712	0.0006650160815049458	0.00034584426594469193
ANGLE|B|S1-C2-F4	angle	FGA2-CG312-SG3O1	R_OG2P1-SG3O1	-17.557951174516973	-18.653051754487393	-15.77269780683821	0.004522285843828112	6.700567148843259e-10	2.884876233493012	-0.00882320244443223	-0.009373511191623511	-0.00792607887226422	0.0014497048535015208	0.0005503087471912822	0.0008971235721680088
ANGLE|B|S1-C2-F4	angle	FGA2-CG312-SG3O1	R_CG312-SG3O1	-68.86194111664423	-63.737689316653245	-65.74009288039662	0.00452235283476475	6.70016734257556e-10	8.250622389073367	-0.03460442742719032	-0.032029394010239805	-0.033035639661725756	0.0041460937502215195	0.002575033416950513	0.0015687877654645618
ANGLE|B|S1-C2-F4	angle	FGA2-CG312-SG3O1	R_CG312-CG312	126.2468885404715	125.24999824807281	125.52831315034751	0.004522276085006493	6.700284160020906e-10	1.7199879586076832	0.06344144852099437	0.06294049230023163	0.06308035080089976	0.0008643264700956091	0.0005009562207627383	0.0003610977200946136
ANGLE|B|S1-C2-F4	angle	FGA2-CG312-SG3O1	R_CG302-CG312	3.2483659209390225	0.5902827443051706	1.5498878411719375	0.004522300040174759	6.700333637339045e-10	4.361083556441112	0.001632365294171517	0.0002966282398608404	0.0007788479448941304	0.002191526944864225	0.0013357370543106767	0.0008535173492773866
ANGLE|B|S1-C2-F4	angle	FGA2-CG312-SG3O1	TH_OG2P1-SG3O1-OG2P1	0.0325286244062184	0.03560466718442967	0.03260020367240912	4.5222739493461435e-06	6.700400260551459e-13	0.003152144318351345	0.008173124401653306	0.00894600923001764	0.008191109368980851	0.0007920060597743935	0.0007728848283643334	1.7984967327544857e-05
ANGLE|B|S1-C2-F4	angle	FGA2-CG312-SG3O1	TH_FGA2-CG312-FGA2	-0.16470916094831978	-0.16629014097437533	-0.16850770184776565	4.522305934162962e-06	6.700133987365677e-13	0.0053840432314355875	-0.04138473381816931	-0.041781969996008146	-0.04233915312985727	0.0013527917616457928	0.00039723617783883614	0.0009544193116879582
ANGLE|B|S1-C2-F4	angle	FGA2-CG312-SG3O1	TH_CG312-CG312-SG3O1	-0.06764425971113752	-0.06549081678187108	-0.06481979280179928	4.52230385258932e-06	6.700346733056175e-13	0.004982432142457278	-0.0169962597487271	-0.016455186854498264	-0.01628658573576879	0.0012518831787831344	0.0005410728942288369	0.0007096740129583119
ANGLE|B|S1-C2-F4	angle	FGA2-CG312-SG3O1	TH_FGA3-CG302-FGA3	-0.0085427192571359	-0.008949936680458848	-0.0071240371689569315	4.52229871329701e-06	6.70052501259295e-13	0.001830421810215213	-0.002146438974641166	-0.0022487562020091613	-0.0017899816880284742	0.0004599107842853775	0.0001023172273679953	0.0003564572866126918
ANGLE|B|S1-C2-F4	angle	FGA2-CG312-SG3O1	LAMBDA_CS	-0.06267327729872818	-0.05625175900711099	-0.07331133651788946	9.044624694417056e-05	1.3400566223755759e-11	0.01715002375772264	-0.0015747253422862136	-0.0014133786244248635	-0.001842016637191813	0.00043091056022762856	0.00016134671786135015	0.0002672912949055993
ANGLE|B|S1-C2-F4	angle	FGA2-CG312-SG3O1	LAMBDA_CC	0.03328797804428518	0.0058202637397641865	0.018315696546693516	9.044587364100285e-05	1.340132276902844e-11	0.042530441675753664	0.000836391918200625	0.00014623962883112524	0.0004601991910559887	0.0010686175545952202	0.0006901522893694998	0.00037619272714463635
ANGLE|B|S1-C2-C1	angle	CG312-CG312-SG3O1	R_OG2P1-SG3O1	-12.263652159958838	-10.602674048286076	-12.105894874913758	0.004286020553000881	6.98220185256939e-10	1.8230214172708419	-0.008715398085464177	-0.007534992341265437	-0.008603284864857752	0.0012955649069792121	0.0011804057441987398	0.00011211322060642424
ANGLE|B|S1-C2-C1	angle	CG312-CG312-SG3O1	R_CG312-SG3O1	-98.94132549919732	-103.69207165736327	-103.18624088519357	0.0042860807052669805	6.982346381160423e-10	8.99994762486747	-0.07031453824534163	-0.07369074652582379	-0.07333126824921948	0.006395984269282397	0.003376208280482157	0.0030167300038778516
ANGLE|B|S1-C2-C1	angle	CG312-CG312-SG3O1	R_CG312-CG312	-183.49860549498942	-180.84214147019395	-180.97015818882056	0.004286067988183345	6.982246940310503e-10	5.189197398952509	-0.1304067804726243	-0.12851891369575996	-0.12860989121614894	0.003687802009224484	0.0018878667768643387	0.0017968892564753647
ANGLE|B|S1-C2-C1	angle	CG312-CG312-SG3O1	R_CG302-CG312	-9.168857125445129	-8.922241994252289	-8.990570028053924	0.004286050639365422	6.98223636329287e-10	0.4291882792234108	-0.0065160230243571475	-0.006340761282242326	-0.006389319901421256	0.0003050108286062097	0.00017526174211482132	0.0001267031229358912
ANGLE|B|S1-C2-C1	angle	CG312-CG312-SG3O1	TH_OG2P1-SG3O1-OG2P1	0.08597235033147399	0.08547765267185525	0.08713245052191354	4.286011641339071e-06	6.982435780126644e-13	0.0016590838616996261	0.03054894446240959	0.030373161303392657	0.03096116811515291	0.0005895297796806546	0.00017578315901693384	0.0004122236527433175
ANGLE|B|S1-C2-C1	angle	CG312-CG312-SG3O1	TH_FGA2-CG312-FGA2	-0.08257429472806166	-0.08206266950440266	-0.08099798232905187	4.286050797114067e-06	6.982353531853758e-13	0.0020922236734659035	-0.02934149798097008	-0.02915969987398725	-0.028781379759854883	0.0007434393099318288	0.00018179810698282922	0.0005601182211151974
ANGLE|B|S1-C2-C1	angle	CG312-CG312-SG3O1	TH_CG312-CG312-SG3O1	0.31674022019524983	0.3181704685584812	0.31660831093892483	4.286061199252498e-06	6.982492666241903e-13	0.0015664436807556116	0.11254873640710174	0.11305695303311401	0.11250186449386436	0.0005566115247796925	0.0005082166260122756	4.687191323737849e-05
ANGLE|B|S1-C2-C1	angle	CG312-CG312-SG3O1	TH_FGA3-CG302-FGA3	0.007276360911262714	0.009373870848552457	0.007425951341986092	4.286051394216511e-06	6.982413140640243e-13	0.0022513864194073385	0.0025855422645719543	0.0033308599665605957	0.0026386969095555687	0.0007999953290182287	0.0007453177019886414	5.3154644983614396e-05
ANGLE|B|S1-C2-C1	angle	CG312-CG312-SG3O1	LAMBDA_CS	0.023612484413746415	0.05442441215741667	0.014437563994391667	8.572068788204131e-05	1.3964573901089027e-11	0.04007256885090704	0.0008390330986577369	0.001933887276532371	0.0005130164976723786	0.0014239167308704836	0.001094854177874634	0.0003260166009853583
ANGLE|B|S1-C2-C1	angle	CG312-CG312-SG3O1	LAMBDA_CC	0.06880332741189932	0.0683799138404595	0.06947698841528904	8.572041189247915e-05	1.3964279490600255e-11	0.0011827949867220277	0.002444819781977757	0.0024297744358534805	0.0024687572833950117	4.202878974516017e-05	1.5045346124276365e-05	2.3937501417254856e-05
ANGLE|B|F1-C1-F2	angle	FGA2-CG312-FGA2	R_OG2P1-SG3O1	0.5365646293356008	1.258827065406365	1.444929413025875	0.005085111841211711	6.416330674799743e-10	1.63571233160225	0.0002201551341056404	0.0005165030012200249	0.0005928617193641568	0.0006711408990340055	0.0002963478671143845	0.00037270658525851634
ANGLE|B|F1-C1-F2	angle	FGA2-CG312-FGA2	R_CG312-SG3O1	6.984943976199531	6.97907427041855	7.358692152450885	0.005085127680635434	6.416356567377508e-10	0.3847030097129703	0.0028659572281250303	0.0028635488586710605	0.0030193079623436494	0.00015784555683268745	2.408369453969772e-06	0.00015335073421861908
ANGLE|B|F1-C1-F2	angle	FGA2-CG312-FGA2	R_CG312-CG312	23.04360863314514	21.707689060647795	22.299449177332065	0.005085112780989106	6.416358376585436e-10	2.0851641410914112	0.009454907147326863	0.00890677270730296	0.00914957482418553	0.0008555532102119385	0.0005481344400239032	0.0003053323231413333
ANGLE|B|F1-C1-F2	angle	FGA2-CG312-FGA2	R_CG302-CG312	10.354331595976873	9.535282403103196	9.457619206067136	0.005085119686608212	6.416353828879394e-10	1.7208467024700231	0.0042484337141440245	0.003912373759689891	0.0038805081639652563	0.0007060719545130111	0.00033605995445413345	0.0003679255501787683
ANGLE|B|F1-C1-F2	angle	FGA2-CG312-FGA2	TH_OG2P1-SG3O1-OG2P1	-0.011567951540065735	-0.011555959171353436	-0.011750252196890187	5.085123878751347e-06	6.416296357810043e-13	0.00019937814941550278	-0.002373194004405599	-0.0023707337401636477	-0.002410593437163988	4.0902922800424015e-05	2.4602642419513723e-06	3.7399432758389046e-05
ANGLE|B|F1-C1-F2	angle	FGA2-CG312-FGA2	TH_FGA2-CG312-FGA2	0.8430548247116718	0.8426744009831069	0.8434609077206545	5.0851199476764975e-06	6.416307427693376e-13	0.0007915918574953307	0.17295479225179947	0.1728767473785445	0.17303810119019455	0.0001623970366436662	7.804487325496767e-05	8.330893839508802e-05
ANGLE|B|F1-C1-F2	angle	FGA2-CG312-FGA2	TH_CG312-CG312-SG3O1	-0.007839751076019752	-0.008233437904728191	-0.007912861904586066	5.085119926885785e-06	6.416311291169967e-13	0.0004718827772016392	-0.001608344414756832	-0.001689110245964577	-0.0016233432829151021	9.680792435536341e-05	8.0765831207745e-05	1.4998868158270107e-05
ANGLE|B|F1-C1-F2	angle	FGA2-CG312-FGA2	TH_FGA3-CG302-FGA3	-0.00592224034669897	-0.00643714571500098	-0.006691657520896399	5.0851146686462125e-06	6.416293226751582e-13	0.001289407657168085	-0.001214962323688561	-0.0013205964395178224	-0.0013728101689503384	0.00026452518500164643	0.0001056341158292614	0.00015784784526177748
ANGLE|B|F1-C1-F2	angle	FGA2-CG312-FGA2	LAMBDA_CS	-0.01459813037243407	-0.004203589048472622	-0.005600915526429162	0.00010170259901964916	1.2832702857208172e-11	0.019493458768986005	-0.00029948427217559855	-8.623767390681494e-05	-0.00011490417383290996	0.00039991315070310587	0.00021324659826878363	0.0001845800983426886
ANGLE|B|F1-C1-F2	angle	FGA2-CG312-FGA2	LAMBDA_CC	-0.14886297975749585	-0.14626362801173798	-0.1520432712402453	0.00010170231292683558	1.283270463038432e-11	0.005881345541434161	-0.0030539610216627315	-0.0030006346746685535	-0.0031192054917228156	0.00012065726527663029	5.332634699417799e-05	6.524447006008407e-05
ANGLE|B|F1-C1-C2	angle	CG312-CG312-FGA2	R_OG2P1-SG3O1	-8.179440371627322	-11.333428159439052	-11.069121212337052	0.0048730507364819296	7.035262440865252e-10	6.048541679257941	-0.0020551617202858308	-0.0028476309691899647	-0.0027812213500216583	0.0015197532787064219	0.0007924692489041339	0.0007260596297358275
ANGLE|B|F1-C1-C2	angle	CG312-CG312-FGA2	R_CG312-SG3O1	-32.24950371210156	-31.419018064717363	-33.80268793253549	0.00487304501402545	7.035115165243158e-10	2.388542912832153	-0.008102992688501101	-0.007894325318338315	-0.008493244907401101	0.0006001439876914255	0.00020866737016278676	0.0003902522188999995
ANGLE|B|F1-C1-C2	angle	CG312-CG312-FGA2	R_CG312-CG312	56.98932964525483	64.85397380708591	61.74103420829624	0.004873102744801779	7.035034360026355e-10	12.621221827617296	0.014319107839938491	0.016295174036487947	0.015513018533137584	0.003171201302882592	0.001976066196549456	0.001193910693199093
ANGLE|B|F1-C1-C2	angle	CG312-CG312-FGA2	R_CG302-CG312	15.623630327802118	14.029154975087721	15.614211871863404	0.004873045690045938	7.035309252207455e-10	1.6087668543431577	0.003925584822767953	0.003524957816523768	0.003923218346673012	0.0004042178811376206	0.00040062700624418504	2.3664760949405547e-06
ANGLE|B|F1-C1-C2	angle	CG312-CG312-FGA2	TH_OG2P1-SG3O1-OG2P1	0.055259907855990775	0.0581778225423939	0.05536731678690643	4.873031055649613e-06	7.035583964933939e-13	0.0030301966483744255	0.0069422871328762925	0.007308863958068213	0.006955780887534642	0.00038068277741100246	0.0003665768251919204	1.3493754658349538e-05
ANGLE|B|F1-C1-C2	angle	CG312-CG312-FGA2	TH_FGA2-CG312-FGA2	-0.21254828367882084	-0.2183001528427866	-0.22142581238196613	4.873053159232889e-06	7.034927292189721e-13	0.014634270920270271	-0.026702382833207167	-0.027424988585483288	-0.02781766433979593	0.0018384994592024815	0.000722605752276121	0.0011152815065887632
ANGLE|B|F1-C1-C2	angle	CG312-CG312-FGA2	TH_CG312-CG312-SG3O1	-0.12127255361551903	-0.11514126111928746	-0.11988994924620044	4.873048946841967e-06	7.035525604720663e-13	0.0075187699144969936	-0.015235437792080864	-0.014465165190189892	-0.015061741582742389	0.0009445810110378439	0.0007702726018909718	0.0001736962093384746
ANGLE|B|F1-C1-C2	angle	CG312-CG312-FGA2	TH_FGA3-CG302-FGA3	-0.00265672583450538	-0.00045677843864666556	0.0018577282347393975	4.873049761212194e-06	7.035535570802331e-13	0.006719274514864705	-0.00033376374105674927	-5.738495050436985e-05	0.0002333858907984796	0.0008441406223183156	0.0002763787905523794	0.0005671496318552288
ANGLE|B|F1-C1-C2	angle	CG312-CG312-FGA2	LAMBDA_CS	0.14571204613730515	0.0671691413393205	0.011638923099042131	9.746099347826426e-05	1.4070146429532972e-11	0.21271348882972593	0.0018305764563348336	0.0008438440883063488	0.00014621947304289102	0.002672313751119907	0.0009867323680284848	0.0016843569832919426
ANGLE|B|F1-C1-C2	angle	CG312-CG312-FGA2	LAMBDA_CC	-0.07600266457600924	-0.09685128800434484	-0.05742621739713627	9.746075427209665e-05	1.4070583617460481e-11	0.039522531361480664	-0.0009548193994918879	-0.0012167400862615934	-0.0007214440008927299	0.0004965204821632028	0.00026192068676970546	0.000233375398599158
ANGLE|B|F1-C1-C3	angle	CG312-CG312-FGA2	R_OG2P1-SG3O1	6.074931951182805	8.268077384869343	8.326862692555892	0.00482143255539561	6.561363696049153e-10	4.449897607615021	0.0015263840840162874	0.0020774326078207964	0.0020922029721224538	0.0011180788424211491	0.000551048523804509	0.0005658188881061663
ANGLE|B|F1-C1-C3	angle	CG312-CG312-FGA2	R_CG312-SG3O1	28.781114179906808	26.163940176264333	27.399613792709943	0.004821427196236617	6.56126997563721e-10	4.003495818035577	0.007231527029024868	0.006573937318331358	0.006884411996292844	0.0010059161725894672	0.0006575897106935102	0.00034711503273202396
ANGLE|B|F1-C1-C3	angle	CG312-CG312-FGA2	R_CG312-CG312	30.0957669584605	28.191735357779635	28.798512464788928	0.004821473253328865	6.561343577536683e-10	3.206107567605769	0.007561845968120382	0.007083440028087183	0.007235898512581664	0.0008055648363081323	0.0004784059400331992	0.0003259474555387179
ANGLE|B|F1-C1-C3	angle	CG312-CG312-FGA2	R_CG302-CG312	14.8493639827052	14.029731672572154	15.534019576875835	0.0048214536788355414	6.561119778779968e-10	1.509109357982516	0.003731043083791717	0.003525102717218723	0.0039030692744342803	0.0003791779930334951	0.00020594036657299412	0.0001720261906425634
ANGLE|B|F1-C1-C3	angle	CG312-CG312-FGA2	TH_OG2P1-SG3O1-OG2P1	-0.020418971367327288	-0.02066710292064755	-0.02018474680114224	4.821425163168676e-06	6.561085885232622e-13	0.00048717754466848034	-0.002565229796607378	-0.002596402495888112	-0.0025358042283225458	6.120398189211959e-05	3.1172699280733896e-05	2.942556828483241e-05
ANGLE|B|F1-C1-C3	angle	CG312-CG312-FGA2	TH_FGA2-CG312-FGA2	-0.2096017556518177	-0.206152274927355	-0.20630240794249488	4.8214347113829795e-06	6.561295236467764e-13	0.00675364986849693	-0.02633221132184976	-0.025898854000463163	-0.02591771517015497	0.0008484591886074775	0.0004333573213865967	0.000414496151694789
ANGLE|B|F1-C1-C3	angle	CG312-CG312-FGA2	TH_CG312-CG312-SG3O1	0.04615659470865552	0.04540954963828625	0.04705774827365872	4.821430589108667e-06	6.561100476421345e-13	0.0016530200659615752	0.005798640388224007	0.005704789320045995	0.00591185206449699	0.00020766845945920754	9.385106817801168e-05	0.00011321167627298314
ANGLE|B|F1-C1-C3	angle	CG312-CG312-FGA2	TH_FGA3-CG302-FGA3	-0.010507487829094941	-0.008839508703992749	-0.00996239175287883	4.821428560387561e-06	6.56119300354822e-13	0.0022178966298786918	-0.0013200528264520426	-0.0011105050644782076	-0.0012515725552587165	0.0002786337479205062	0.00020954776197383497	6.848027119332615e-05
ANGLE|B|F1-C1-C3	angle	CG312-CG312-FGA2	LAMBDA_CS	-0.10756313353724067	-0.06521208344658191	-0.04771184508328474	9.642875490105792e-05	1.3122454558786483e-11	0.10229876729951574	-0.0013513127091587906	-0.0008192576234456765	-0.000599402606806131	0.0012851766198801978	0.0005320550857131142	0.0007519101023526596
ANGLE|B|F1-C1-C3	angle	CG312-CG312-FGA2	LAMBDA_CC	0.031745185704750156	0.05590872439725558	0.04914314447674428	9.642869961908374e-05	1.3122676658518075e-11	0.04165792616411863	0.00039881390107125085	0.0007023797777768395	0.0006173839819984361	0.000523347388752692	0.00030356587670558866	0.00021857008092718527
ANGLE|B|F2-C1-C2	angle	CG312-CG312-FGA2	R_OG2P1-SG3O1	-2.0241441485779887	-1.5591725738737239	-3.8629312605920063	0.004875434268445097	6.942763240904308e-10	2.3086341209867274	-0.000508585353214135	-0.00039175684931453254	-0.0009705979986604762	0.0005800661482973431	0.00011682850389960246	0.00046201264544634116
ANGLE|B|F2-C1-C2	angle	CG312-CG312-FGA2	R_CG312-SG3O1	-0.5288500447235833	-1.30215558612079	-0.4943589840635809	0.004875430027020879	6.942947573675134e-10	0.81267203208423	-0.0001328785733871817	-0.00032717890135060447	-0.00012421236832425628	0.00020419153091204973	0.00019430032796342276	8.666205062925436e-06
ANGLE|B|F2-C1-C2	angle	CG312-CG312-FGA2	R_CG312-CG312	45.39891098145432	42.59907628464887	43.00177361300683	0.0048754805072700035	6.942863648798074e-10	5.201847545760206	0.011406905576987076	0.010703420640296005	0.010804602151071907	0.001307013373175583	0.0007034849366910709	0.0006023034259151697
ANGLE|B|F2-C1-C2	angle	CG312-CG312-FGA2	R_CG302-CG312	16.040005985971106	20.78565456185899	18.5609171085801	0.00487543270882887	6.942898203334817e-10	7.271435131205706	0.004030203143221272	0.0052225922123958594	0.00466360589500367	0.0018270168195165166	0.0011923890691745874	0.0006334027517823975
ANGLE|B|F2-C1-C2	angle	CG312-CG312-FGA2	TH_OG2P1-SG3O1-OG2P1	0.004027078865640021	-0.00015219765172247435	0.0023128202887718885	4.875420934383239e-06	6.942600033629487e-13	0.005898410515165012	0.0005059208181249241	-1.912054942184226e-05	0.00029055898126430983	0.000741015702207926	0.0005250413675467664	0.0002153618368606143
ANGLE|B|F2-C1-C2	angle	CG312-CG312-FGA2	TH_FGA2-CG312-FGA2	-0.19029184727082793	-0.18566580234682917	-0.18487891354010344	4.87543497806116e-06	6.943059573558057e-13	0.010043854089701314	-0.023906312805339072	-0.023325144044875734	-0.02322628741898029	0.0012618066463869638	0.0005811687604633381	0.0006800253863587825
ANGLE|B|F2-C1-C2	angle	CG312-CG312-FGA2	TH_CG312-CG312-SG3O1	-0.054037818953212025	-0.05863349428449993	-0.0565064756535989	4.875441185419425e-06	6.942673331657019e-13	0.0070692074728602	-0.006788756437763632	-0.007366109874588414	-0.007098893104861362	0.0008881026042671889	0.0005773534368247821	0.0003101366670977303
ANGLE|B|F2-C1-C2	angle	CG312-CG312-FGA2	TH_FGA3-CG302-FGA3	-0.024947100880595485	-0.02420266137437821	-0.025358486316036988	4.875430325864645e-06	6.942632006434088e-13	0.0011607003719846431	-0.0031340974707606065	-0.0030405737388954496	-0.003185779710668805	0.00014581847075375006	9.352373186515689e-05	5.168223990819872e-05
ANGLE|B|F2-C1-C2	angle	CG312-CG312-FGA2	LAMBDA_CS	-0.0754425236502243	-0.04608624032833575	0.012866663190465033	9.750855492324462e-05	1.3885992558299056e-11	0.11776297871750113	-0.0009477823643382859	-0.0005789801786637694	0.00016164353828276376	0.0014794530856081804	0.00036880218567451645	0.0011094259026210496
ANGLE|B|F2-C1-C2	angle	CG312-CG312-FGA2	LAMBDA_CC	-0.11696631889719811	-0.06452562989998967	-0.08653223373528363	9.750863761253775e-05	1.3885345913571683e-11	0.08297228279673546	-0.0014694446700419036	-0.0008106337262863764	-0.0010871020892851118	0.0010423785228637565	0.0006588109437555272	0.00038234258075679176
ANGLE|B|F2-C1-C3	angle	CG312-CG312-FGA2	R_OG2P1-SG3O1	7.25716457399983	5.718716448356531	6.120471844198505	0.004823816226194402	6.815953554286831e-10	2.6799646716708185	0.0018234312071073353	0.0014368815713357924	0.0015378264126621967	0.0006733664596469778	0.00038654963577154297	0.00028560479444513865
ANGLE|B|F2-C1-C3	angle	CG312-CG312-FGA2	R_CG312-SG3O1	21.51691079653517	22.72607567124396	20.70714382168859	0.004823812347971831	6.815951849660117e-10	2.023755661903344	0.005406327254519266	0.0057101413605106415	0.005202865646702049	0.0005084877422644495	0.00030381410599137574	0.00020346160781721696
ANGLE|B|F2-C1-C3	angle	CG312-CG312-FGA2	R_CG312-CG312	43.65647130381234	46.72978198097155	46.29789251512051	0.004823851154489981	6.815905099787974e-10	5.719555739621874	0.010969101135277512	0.011741299497423738	0.011632783186125638	0.0014370924512007138	0.0007721983621462262	0.0006636820508481266
ANGLE|B|F2-C1-C3	angle	CG312-CG312-FGA2	R_CG302-CG312	-29.89447542154977	-29.482645493217774	-30.285867251720333	0.004823840836563065	6.816070209722222e-10	0.8080455993391222	-0.007511269566498649	-0.007407793403641363	-0.007609610463974881	0.00020302909594740304	0.0001034761628572866	9.834089747623193e-05
ANGLE|B|F2-C1-C3	angle	CG312-CG312-FGA2	TH_OG2P1-SG3O1-OG2P1	-0.024149590652093877	-0.021829853595942694	-0.022108799242680277	4.8238151811259735e-06	6.816161135592012e-13	0.0043653522807459095	-0.0030339064785480903	-0.0027424785456868377	-0.0027775224111084885	0.0005484180148847109	0.0002914279328612526	0.00025638406743960177
ANGLE|B|F2-C1-C3	angle	CG312-CG312-FGA2	TH_FGA2-CG312-FGA2	-0.15446451394893757	-0.15424855968345597	-0.1559367554414237	4.823816668833013e-06	6.815981922681421e-13	0.0016930195746365805	-0.019405334704289536	-0.019378204428892595	-0.01959029200093232	0.00021269358681047867	2.7130275396941572e-05	0.00018495729664278274
ANGLE|B|F2-C1-C3	angle	CG312-CG312-FGA2	TH_CG312-CG312-SG3O1	0.037124960365616744	0.03772933494321151	0.0359361114506882	4.823822966868321e-06	6.816203694978911e-13	0.0017980473154901788	0.004663998632180536	0.004739926045313543	0.004514643867663903	0.00022588819321161757	7.592741313300691e-05	0.00014935476451663314
ANGLE|B|F2-C1-C3	angle	CG312-CG312-FGA2	TH_FGA3-CG302-FGA3	0.01587423327492843	0.017105269293889336	0.017578751249530455	4.82380926419339e-06	6.816172882923703e-13	0.0029403778028271274	0.0019942755911936446	0.002148930310068878	0.002208413718851654	0.0003693988603737573	0.00015465471887523338	0.0002141381276580096
ANGLE|B|F2-C1-C3	angle	CG312-CG312-FGA2	LAMBDA_CS	0.04483833020671568	0.042559040214271704	0.017569320195605087	9.647631912096026e-05	1.3632031186614397e-11	0.029644776322675533	0.0005633027178853583	0.0005346680599560073	0.00022072288981225612	0.000372426515364873	2.8634657929351012e-05	0.00034257982807310214
ANGLE|B|F2-C1-C3	angle	CG312-CG312-FGA2	LAMBDA_CC	0.19990551427980563	0.155955604620317	0.1708332366179377	9.64765857369618e-05	1.363179819654259e-11	0.07311866390709353	0.0025114075166255633	0.001959266001812911	0.002146173286301902	0.0009185877778482236	0.0005521415148126525	0.0003652342303236615
ANGLE|B|F3-C2-F4	angle	FGA2-CG312-FGA2	R_OG2P1-SG3O1	4.305642435134871	5.150749743368266	5.0094352322176405	0.00513544218195885	6.46748943454051e-10	1.5540355474981233	0.0017666264898821206	0.0021133782185753843	0.0020553961723268977	0.0006376285085880922	0.0003467517286932637	0.00028876968244477704
ANGLE|B|F3-C2-F4	angle	FGA2-CG312-FGA2	R_CG312-SG3O1	29.871739362327787	29.246521404662218	29.34353578530846	0.005135436167725995	6.467570764472246e-10	1.1585569708526213	0.012256523120849832	0.011999993085529471	0.012039798568063413	0.00047536168308916167	0.0002565300353203608	0.0002167245527864188
ANGLE|B|F3-C2-F4	angle	FGA2-CG312-FGA2	R_CG312-CG312	18.26329142753025	17.999343280507674	18.212951469863015	0.005135421781646405	6.467523531187642e-10	0.31942352647145467	0.007493519240015882	0.007385220003488412	0.007472864505198894	0.00013106106042415905	0.00010829923652746955	2.0654734816987798e-05
ANGLE|B|F3-C2-F4	angle	FGA2-CG312-FGA2	R_CG302-CG312	-1.8853607808964057	-1.9295843853157635	-2.125108859374336	0.005135419301055998	6.467520892397059e-10	0.28910710219834423	-0.0007735728985149922	-0.000791718063196522	-0.0008719427266459206	0.00011862208087436172	1.8145164681529816e-05	9.836982813092848e-05
ANGLE|B|F3-C2-F4	angle	FGA2-CG312-FGA2	TH_OG2P1-SG3O1-OG2P1	-0.009547010875870399	-0.010012837838250022	-0.009684674536785565	5.135407966178743e-06	6.467511874752256e-13	0.0006086260312609677	-0.0019585930051779876	-0.002054158564074123	-0.0019868350473041894	0.0001248611427279108	9.556555889613525e-05	2.824204212620177e-05
ANGLE|B|F3-C2-F4	angle	FGA2-CG312-FGA2	TH_FGA2-CG312-FGA2	0.8348073002371947	0.835178197099296	0.8353504915965502	5.135429367252677e-06	6.467505994176989e-13	0.0009192236508239186	0.17126279211104625	0.17133888252397225	0.17137422916822984	0.0001885810162056361	7.609041292599983e-05	0.00011143705718358321
ANGLE|B|F3-C2-F4	angle	FGA2-CG312-FGA2	TH_CG312-CG312-SG3O1	-0.018703651151852796	-0.018489274656964483	-0.018836616055914135	5.135422880999544e-06	6.467550427002691e-13	0.00035247682183065166	-0.003837100511731457	-0.003793120641086914	-0.0038643785922128477	7.23114958913192e-05	4.3979870644542986e-05	2.7278080481390587e-05
ANGLE|B|F3-C2-F4	angle	FGA2-CG312-FGA2	TH_FGA3-CG302-FGA3	0.005409156678034321	0.0056334466528014104	0.005011754634104193	5.135417816984396e-06	6.467521018310736e-13	0.0006268274365142019	0.001109701934066765	0.0011557155797430948	0.0010281739172241086	0.0001285952062454769	4.601364567632981e-05	8.152801684265638e-05
ANGLE|B|F3-C2-F4	angle	FGA2-CG312-FGA2	LAMBDA_CS	0.07454816028413802	0.08976440969696853	0.08372496047456934	0.00010270887765790842	1.2935084514958206e-11	0.024495758480919737	0.0015293740331901375	0.0018415391710799214	0.0017176383695000734	0.0005025365723476742	0.0003121651378897839	0.0001882643363099359
ANGLE|B|F3-C2-F4	angle	FGA2-CG312-FGA2	LAMBDA_CC	-0.01114546703362862	-0.0036890281289458926	-0.006000850950584891	0.0001027087362166557	1.2934989961192774e-11	0.012703763723943112	-0.0002286520258050579	-7.568132877610799e-05	-0.00012310894844204005	0.00026062086963821965	0.0001529706970289499	0.00010554307736301786
ANGLE|B|F3-C2-C1	angle	CG312-CG312-FGA2	R_OG2P1-SG3O1	14.436041338946382	14.089054937976186	14.634611937218267	0.0048991770161679275	7.061714907280717e-10	0.5504561762582485	0.003627191862071586	0.0035400082484826506	0.0036770846021370587	0.00013830731819563247	8.718361358893553e-05	4.989274006547261e-05
ANGLE|B|F3-C2-C1	angle	CG312-CG312-FGA2	R_CG312-SG3O1	83.81935370268678	86.83670197630633	85.63248121559042	0.004899164162946962	7.061546646836825e-10	4.835374950686128	0.02106040503044687	0.021818542309645556	0.02151597045903563	0.0012149336690991767	0.000758137279198684	0.00045556542858875976
ANGLE|B|F3-C2-C1	angle	CG312-CG312-FGA2	R_CG312-CG312	-35.881893603004755	-34.78077587174866	-34.89097568280641	0.004899213809699061	7.061675821413088e-10	2.0969348652641373	-0.00901566498853185	-0.008738998748790649	-0.008766687493127515	0.0005268747089314848	0.0002766662397412009	0.0002489774954043348
ANGLE|B|F3-C2-C1	angle	CG312-CG312-FGA2	R_CG302-CG312	3.3830117384638925	0.653541004563607	2.938701926552767	0.004899170025121684	7.06161117569847e-10	3.1786797158365325	0.000850013681655505	0.0001642083558522296	0.0007383766409901577	0.0007986733292532805	0.0006858053258032754	0.00011163704066534733
ANGLE|B|F3-C2-C1	angle	CG312-CG312-FGA2	TH_OG2P1-SG3O1-OG2P1	-0.026041812878368376	-0.024020471353260575	-0.025031056311696886	4.8991457830583944e-06	7.061764205549685e-13	0.003036997237562348	-0.0032716258400830706	-0.0030176852562971875	-0.0031446447686422686	0.0003815371335734906	0.00025394058378588316	0.00012698107144080203
ANGLE|B|F3-C2-C1	angle	CG312-CG312-FGA2	TH_FGA2-CG312-FGA2	-0.19094967747994218	-0.19388176476745045	-0.19533802810826728	4.899174354859258e-06	7.061364230232568e-13	0.007325337090188226	-0.023988955834861533	-0.02435731316005986	-0.024540263125871938	0.0009202800981450061	0.0003683573251983263	0.0005513072910104042
ANGLE|B|F3-C2-C1	angle	CG312-CG312-FGA2	TH_CG312-CG312-SG3O1	-0.0994982406333591	-0.09749104319291746	-0.0976637125257156	4.899180352417794e-06	7.06158404150013e-13	0.003846624728437569	-0.012499936798535824	-0.012247773132243905	-0.012269465533368619	0.0004832504141488693	0.0002521636662919189	0.00023047126516720536
ANGLE|B|F3-C2-C1	angle	CG312-CG312-FGA2	TH_FGA3-CG302-FGA3	0.0016143407141768762	0.0010728799135115707	0.002550896023329585	4.899170622842692e-06	7.061756134971111e-13	0.0014829152804408572	0.00020280918305754048	0.0001347856105388952	0.0003204683707800723	0.0001862982417085976	6.80235725186453e-05	0.00011765918772253182
ANGLE|B|F3-C2-C1	angle	CG312-CG312-FGA2	LAMBDA_CS	-0.03082790844956662	-0.05346500525824638	-0.051376585503959404	9.798332109192056e-05	1.4123127536478094e-11	0.04328375718416446	-0.000387290171964543	-0.0006716794009696278	-0.0006454426406297183	0.000543772659457286	0.0002843892290050848	0.0002581524686651753
ANGLE|B|F3-C2-C1	angle	CG312-CG312-FGA2	LAMBDA_CC	-0.0027605191804980223	-0.028492575595819858	-0.006679648756318102	9.798327697093015e-05	1.412364622074872e-11	0.029749169268112847	-3.468032707686104e-05	-0.00035795144909913414	-8.391624490936072e-05	0.0003737380010875079	0.0003232711220222731	4.9235917832499685e-05
ANGLE|B|F4-C2-C1	angle	CG312-CG312-FGA2	R_OG2P1-SG3O1	20.67630350919103	20.433616080538286	20.163804056295476	0.0048996383554210906	7.032256660116181e-10	0.7600865199037187	0.005195116726628434	0.005134139215857427	0.005066346394013511	0.0001909789238430028	6.097751077100734e-05	0.00012877033261492286
ANGLE|B|F4-C2-C1	angle	CG312-CG312-FGA2	R_CG312-SG3O1	104.17786144495267	104.42616110888636	105.51362955288113	0.004899619391099499	7.032504222901048e-10	1.5889673912532516	0.026175672566253038	0.026238060204195415	0.026511296931474373	0.00039924307885582446	6.238763794237656e-05	0.00033562436522133546
ANGLE|B|F4-C2-C1	angle	CG312-CG312-FGA2	R_CG312-CG312	-12.169878921277189	-15.712804163406702	-15.199807163384094	0.00489967846906568	7.032476487395617e-10	6.577753162705484	-0.003057797130752391	-0.003947990591996531	-0.0038190952459622183	0.0016527226669899734	0.0008901934612441402	0.0007612981152098275
ANGLE|B|F4-C2-C1	angle	CG312-CG312-FGA2	R_CG302-CG312	3.615084596169993	8.577618238238216	6.39761474280931	0.004899608014059836	7.032410661688996e-10	7.7499633967216	0.0009083241811279803	0.0021552076735716274	0.001607461185995799	0.001947251570144985	0.0012468834924436471	0.0006991370048678187
ANGLE|B|F4-C2-C1	angle	CG312-CG312-FGA2	TH_OG2P1-SG3O1-OG2P1	-0.07552327530984826	-0.07857671915278885	-0.07739447074065708	4.899590320184287e-06	7.032091397446967e-13	0.004929538864069605	-0.009487968452328736	-0.00987157176844445	-0.009723046223291626	0.0006192966212724867	0.0003836033161157132	0.00023507777096288922
ANGLE|B|F4-C2-C1	angle	CG312-CG312-FGA2	TH_FGA2-CG312-FGA2	-0.183594617347687	-0.17988777216697827	-0.17894899651957275	4.899623227889001e-06	7.032516278307293e-13	0.00835736563205089	-0.023064941639058797	-0.022599251691318344	-0.022481313563107466	0.0010499335620198563	0.00046568994774045386	0.0005836280759513313
ANGLE|B|F4-C2-C1	angle	CG312-CG312-FGA2	TH_CG312-CG312-SG3O1	-0.09105113310705093	-0.09481164032564138	-0.09318725519792537	4.8996127597180416e-06	7.032255744846831e-13	0.005901528922224603	-0.011438728986848274	-0.011911160481753103	-0.011707089421765696	0.0007414074668352084	0.0004724314949048295	0.000268360434917422
ANGLE|B|F4-C2-C1	angle	CG312-CG312-FGA2	TH_FGA3-CG302-FGA3	-0.006184990157642289	-0.007047641609442934	-0.007874669036063153	4.899612638355924e-06	7.032098218943787e-13	0.0025572299428598642	-0.0007770186244295671	-0.0008853932907355555	-0.0009892925204867847	0.0003212640993609147	0.00010837466630598841	0.0002122738960572176
ANGLE|B|F4-C2-C1	angle	CG312-CG312-FGA2	LAMBDA_CS	-0.11403247004352579	-0.09162474794607078	-0.04803138560461662	9.79925064666406e-05	1.4065091368245145e-11	0.08850679904283082	-0.001432586807014459	-0.001151079206242437	-0.0006034169856492082	0.00111190849931991	0.00028150760077202204	0.0008291698213652508
ANGLE|B|F4-C2-C1	angle	CG312-CG312-FGA2	LAMBDA_CC	-0.051573478726396615	-0.03125297513989267	-0.05207236633737011	9.799253872295641e-05	1.406442665193525e-11	0.0209173837362004	-0.0006479162048061888	-0.00039263027318685247	-0.0006541837162385975	0.0002627845206396178	0.00025528593161933637	6.267511432408697e-06
ANGLE|B|F5-C3-F6	angle	FGA2-CG312-FGA2	R_OG2P1-SG3O1	1.9765529707314045	1.3054825045735186	1.2336154933265675	0.005085751850101704	6.407542810139057e-10	1.4190936954128246	0.0008109895072231933	0.0005356459597846265	0.0005061585678959076	0.0005822611960257855	0.00027534354743856675	0.0003048309393272856
ANGLE|B|F5-C3-F6	angle	FGA2-CG312-FGA2	R_CG312-SG3O1	2.0094883116570372	2.450589299694883	2.08134508101665	0.0050857450076763604	6.407542129678138e-10	0.518043502405135	0.0008245030412913559	0.0010054889689248068	0.0008539862308827985	0.00021255582367734536	0.0001809859276334509	2.948318959144255e-05
ANGLE|B|F5-C3-F6	angle	FGA2-CG312-FGA2	R_CG312-CG312	25.78350098735882	25.585554354357498	25.709833947274774	0.005085723439716334	6.407494200089861e-10	0.27669939652508546	0.010579098597336984	0.01049788011003541	0.010548872644670384	0.00011353113757118123	8.121848730157331e-05	3.0225952666600164e-05
ANGLE|B|F5-C3-F6	angle	FGA2-CG312-FGA2	R_CG302-CG312	6.529324946633608	6.548743642380117	6.463671967345874	0.005085737363697089	6.407547627338904e-10	0.09015741239793994	0.002679014475898943	0.002686982063273316	0.002652076732206402	3.699203438300335e-05	7.967587374372882e-06	2.6937743692541025e-05
ANGLE|B|F5-C3-F6	angle	FGA2-CG312-FGA2	TH_OG2P1-SG3O1-OG2P1	-0.0033225683685245144	-0.0031970713569329234	-0.0033697576906774884	5.085742261644949e-06	6.40756172643438e-13	0.00017777207600620993	-0.0006816331572707525	-0.0006558871334869866	-0.0006913141639742752	3.64703831501594e-05	2.5746023783765858e-05	9.68100670352271e-06
ANGLE|B|F5-C3-F6	angle	FGA2-CG312-FGA2	TH_FGA2-CG312-FGA2	0.8354686871618497	0.8350596015026817	0.8350656694232796	5.08574728460326e-06	6.407511195653807e-13	0.0008171891450227875	0.17139847728216295	0.17131455234262086	0.1713157971916101	0.00016764838378830176	8.392493954209601e-05	8.268009055284464e-05
ANGLE|B|F5-C3-F6	angle	FGA2-CG312-FGA2	TH_CG312-CG312-SG3O1	6.497777084746303e-05	0.0001921022443838183	-0.00014980234855954677	5.085745208637287e-06	6.407543244356088e-13	0.00034699033815200237	1.3330351156879407e-05	3.941025280280056e-05	-3.073232406066718e-05	7.118593013092134e-05	2.6079901645921152e-05	4.406267521754659e-05
ANGLE|B|F5-C3-F6	angle	FGA2-CG312-FGA2	TH_FGA3-CG302-FGA3	-0.007323078683121764	-0.007335116506329342	-0.007655480813518523	5.085729769696537e-06	6.407528042055706e-13	0.00034952568337403287	-0.0015023477894407105	-0.0015048173787853211	-0.0015705409124994497	7.170606250346645e-05	2.4695893446106086e-06	6.819312305873923e-05
ANGLE|B|F5-C3-F6	angle	FGA2-CG312-FGA2	LAMBDA_CS	0.019245778138383685	0.0019027317737396743	0.002652270596570361	0.00010171486028820132	1.2815035138982191e-11	0.03403826876674554	0.0003948319210185157	3.903501516056114e-05	5.4411990368748326e-05	0.0006983035421423269	0.00035579690585795453	0.0003404199306497674
ANGLE|B|F5-C3-F6	angle	FGA2-CG312-FGA2	LAMBDA_CC	-0.008348624011489392	0.003260989273385917	0.003867265826613675	0.0001017150423269596	1.2815090893643942e-11	0.023927218165305335	-0.0001712740962000145	6.690000528811389e-05	7.933791943521648e-05	0.0004908728264925346	0.00023817410148812838	0.00025061201563523095
ANGLE|B|F5-C3-C1	angle	CG312-CG312-FGA2	R_OG2P1-SG3O1	-3.483545815001321	-3.260720007737916	-2.9198919185731143	0.004826013969652913	7.005553540400918e-10	0.7913057176612645	-0.0008752738188160748	-0.0008192867281872292	-0.0007336504486589381	0.00019882304242010006	5.5987090628845646e-05	0.00014162337015713672
ANGLE|B|F5-C3-C1	angle	CG312-CG312-FGA2	R_CG312-SG3O1	-0.25669758658608544	-2.8412435945313064	-2.0301840428018636	0.0048260081715898046	7.005435727113063e-10	4.362858472332589	-6.449769540119795e-05	-0.0007138893137167438	-0.000510102933737925	0.0010962094368295724	0.0006493916183155458	0.00044560523833672705
ANGLE|B|F5-C3-C1	angle	CG312-CG312-FGA2	R_CG312-CG312	-31.925754738622913	-32.421813740608485	-33.460666247073334	0.004826048729539481	7.005543184788393e-10	2.0357965591655316	-0.008021647698251753	-0.008146287212150565	-0.008407308725519062	0.0005115131315339868	0.0001246395138988117	0.0003856610272673089
ANGLE|B|F5-C3-C1	angle	CG312-CG312-FGA2	R_CG302-CG312	54.98227430299352	56.50136236462089	56.86298628894093	0.0048260366602465	7.005341684166123e-10	3.404626084235032	0.013814816210865832	0.014196501447526913	0.014287362877237933	0.0008554444903685259	0.000381685236661081	0.00047254666637210063
ANGLE|B|F5-C3-C1	angle	CG312-CG312-FGA2	TH_OG2P1-SG3O1-OG2P1	0.00481933358168618	0.0050843581670179105	0.004940100351838339	4.826011532372556e-06	7.005381708827488e-13	0.0003906173670162613	0.000605451561742904	0.0006387465280218766	0.0006206234580966087	4.907315314354113e-05	3.3294966278972537e-05	1.5171896353704606e-05
ANGLE|B|F5-C3-C1	angle	CG312-CG312-FGA2	TH_FGA2-CG312-FGA2	-0.1361174479367051	-0.13570944975815635	-0.135232582060695	4.826019714089842e-06	7.005432259456544e-13	0.001297690074272952	-0.017100397811620704	-0.01704914111187091	-0.016989232353267877	0.00016302844964135655	5.1256699749795825e-05	0.00011116545835282779
ANGLE|B|F5-C3-C1	angle	CG312-CG312-FGA2	TH_CG312-CG312-SG3O1	0.004638174669651107	0.00436050154703338	0.005253149018344061	4.826006168343055e-06	7.005471340605473e-13	0.0008974734774790244	0.0005826926170970959	0.0005478086185331053	0.0006599516765784487	0.0001127493478823258	3.4883998563990594e-05	7.725905948135288e-05
ANGLE|B|F5-C3-C1	angle	CG312-CG312-FGA2	TH_FGA3-CG302-FGA3	-0.056641597900529916	-0.0561688694538276	-0.055897379168598604	4.826003758286958e-06	7.005407227212493e-13	0.0012217731823919186	-0.00711586847584242	-0.007056479730181847	-0.007022372479790517	0.00015349103124668358	5.9388745660572846e-05	9.349599605190315e-05
ANGLE|B|F5-C3-C1	angle	CG312-CG312-FGA2	LAMBDA_CS	-0.003155095133422492	-0.03125533119131774	-0.009678160335511166	9.652036404751455e-05	1.4010824363960965e-11	0.034719821624031436	-3.963737399787392e-05	-0.00039265987219656357	-0.00012158646399163131	0.0004361841708900763	0.00035302249819868964	8.19490899937574e-05
ANGLE|B|F5-C3-C1	angle	CG312-CG312-FGA2	LAMBDA_CC	-0.01370964456071988	0.013447842935221388	0.009471309165860475	9.652058177724993e-05	1.4011060127996285e-11	0.05043496180429887	-0.00017223389021607812	0.00016894488354454918	0.00011898779839626203	0.0006336130478059293	0.0003411787737606273	0.00029122168861234015
ANGLE|B|F5-C3-C4	angle	CG302-CG312-FGA2	R_OG2P1-SG3O1	1.9876948313921616	0.8001958923244956	1.1507965862591618	0.004869387300946892	6.800717009903828e-10	2.029266571501613	0.0009988542353722033	0.00040211356570060344	0.0005782970434308338	0.0010197448208002665	0.0005967406696715998	0.0004205571919413695
ANGLE|B|F5-C3-C4	angle	CG302-CG312-FGA2	R_CG312-SG3O1	-1.1263459769494943	0.3541418518082651	1.109653248093423	0.004869397372634223	6.800563457424964e-10	3.721356451173311	-0.0005660101499496614	0.0001779629765166152	0.0005576217380795512	0.0018700519787439997	0.0007439731264662767	0.0011236318880292126
ANGLE|B|F5-C3-C4	angle	CG302-CG312-FGA2	R_CG312-CG312	86.02787707544479	86.12010575509998	85.9709376561284	0.004869381068691287	6.800618679919289e-10	0.15403748004027729	0.04323063481364655	0.043276981468999	0.043202021678850615	7.74067462038574e-05	4.6346655352448585e-05	2.861313479593508e-05
ANGLE|B|F5-C3-C4	angle	CG302-CG312-FGA2	R_CG302-CG312	-2.1354833251834293	-2.389029148272215	-2.0151685914981954	0.004869506419860359	6.800649613891026e-10	0.37873006319387975	-0.0010731207478324159	-0.0012005323178850417	-0.001012660319289165	0.00019031901764268014	0.00012741157005262578	6.0460428543250826e-05
ANGLE|B|F5-C3-C4	angle	CG302-CG312-FGA2	TH_OG2P1-SG3O1-OG2P1	0.001024913362456914	0.00037205328944267535	-0.00012729529474597712	4.869427883054594e-06	6.800572889157521e-13	0.0018099381581001843	0.00025751917165841746	9.348190629536743e-05	-3.198414623106857e-05	0.0004547640730428229	0.00016403726536305002	0.00028950331788948604
ANGLE|B|F5-C3-C4	angle	CG302-CG312-FGA2	TH_FGA2-CG312-FGA2	-0.2417714975232812	-0.24205901506093142	-0.2418744084543505	4.869392166545359e-06	6.800465582202056e-13	0.0003952978608860512	-0.06074737441568664	-0.0608196159151588	-0.06077323176001868	9.932232462038921e-05	7.224149947216568e-05	2.5857344332039234e-05
ANGLE|B|F5-C3-C4	angle	CG302-CG312-FGA2	TH_CG312-CG312-SG3O1	-0.00018926787826245572	0.001263086417296222	0.0019854278324942243	4.869390664285374e-06	6.800617082126603e-13	0.003631919396979643	-4.755534371691126e-05	0.0003173624033307451	0.000498857512781207	0.0009125540839844939	0.00036491774704765635	0.0005464128564981183
ANGLE|B|F5-C3-C4	angle	CG302-CG312-FGA2	TH_FGA3-CG302-FGA3	0.0057963872197603905	0.0046392477348717875	0.005642887472035341	4.869368687060543e-06	6.800577621058847e-13	0.0013155086013007134	0.0014563970869361004	0.0011656548519754473	0.0014178288241619942	0.0003305339726514927	0.000290742234960653	3.8568262774106186e-05
ANGLE|B|F5-C3-C4	angle	CG302-CG312-FGA2	LAMBDA_CS	-0.006834444488248437	-0.02145308826470682	-0.01168467535990203	9.73880273702902e-05	1.3601231430542326e-11	0.01956626267548227	-0.00017172187892448932	-0.0005390291240030997	-0.00029358851489322713	0.0004916208473038641	0.0003673072450786104	0.00012186663596873781
ANGLE|B|F5-C3-C4	angle	CG302-CG312-FGA2	LAMBDA_CC	0.0408538133798686	0.021767259154543694	0.021903027227523353	9.73881290978748e-05	1.360136440322073e-11	0.03813472850676802	0.0010264906836077675	0.000546922964621592	0.0005503342658078277	0.0009581711055986332	0.0004795677189861756	0.00047615641779993987
ANGLE|B|F6-C3-C1	angle	CG312-CG312-FGA2	R_OG2P1-SG3O1	-0.3608167562774156	1.4985616700897708	0.36953279251861204	0.00481987499515107	6.798785795108604e-10	2.594547850158365	-9.065862110949235e-05	0.0003765277867345549	9.28486076148854e-05	0.0006519046757271623	0.0004671864078440473	0.00018350722872437775
ANGLE|B|F6-C3-C1	angle	CG312-CG312-FGA2	R_CG312-SG3O1	-2.8517344867822203	-1.105149567866448	-0.4780176315932749	0.004819848874003649	6.798831860192926e-10	4.125121622978721	-0.0007165252495737384	-0.00027767927680578936	-0.000120106449027972	0.0010364758059092673	0.00043884597276794903	0.0005964188005457664
ANGLE|B|F6-C3-C1	angle	CG312-CG312-FGA2	R_CG312-CG312	-40.21601124127017	-38.88873093004719	-38.27395938427003	0.004819886511483085	6.799032543123254e-10	3.274152054734599	-0.010104653019091522	-0.009771161293034495	-0.009616694130221643	0.0008226616569792305	0.000333491726057027	0.0004879588888698789
ANGLE|B|F6-C3-C1	angle	CG312-CG312-FGA2	R_CG302-CG312	53.45669623135052	52.53203313808186	53.18913810023673	0.004819875706560195	6.798840133275224e-10	1.1970411000890107	0.013431500297832973	0.013199169954055581	0.013364273787945613	0.0003007678930022358	0.0002323303437773913	6.722650988735986e-05
ANGLE|B|F6-C3-C1	angle	CG312-CG312-FGA2	TH_OG2P1-SG3O1-OG2P1	0.005855137579025893	0.004809432020763893	0.005957676966922065	4.819847369129982e-06	6.798916402319772e-13	0.0011530647935273023	0.000735579335058287	0.00060420763134828	0.0007484613303569352	0.0001448592151173743	0.00013137170371000696	1.2881995298648255e-05
ANGLE|B|F6-C3-C1	angle	CG312-CG312-FGA2	TH_FGA2-CG312-FGA2	-0.2019221089637071	-0.20308044917161183	-0.2029984669599969	4.819859177359406e-06	6.798814901214073e-13	0.002239518063371889	-0.025367419405677095	-0.025512941369662027	-0.02550264196680558	0.00028135004270560314	0.0001455219639849327	0.00013522256112848477
ANGLE|B|F6-C3-C1	angle	CG312-CG312-FGA2	TH_CG312-CG312-SG3O1	-0.012337571983799478	-0.010932021149230309	-0.010721527158750632	4.819872843684927e-06	6.798813515356039e-13	0.0030264155324617	-0.0015499657990251364	-0.0013733868315237412	-0.0013469425289841304	0.00038020775685148147	0.00017657896750139512	0.00020302327004100592
ANGLE|B|F6-C3-C1	angle	CG312-CG312-FGA2	TH_FGA3-CG302-FGA3	-0.06502382292083553	-0.06665222894300271	-0.06600221049329491	4.8198493415915095e-06	6.79881145356159e-13	0.002611613443968158	-0.008168925116019802	-0.008373501319879033	-0.00829183967955747	0.000328096283753418	0.0002045762038592313	0.00012291456353766793
ANGLE|B|F6-C3-C1	angle	CG312-CG312-FGA2	LAMBDA_CS	-0.0186952378059857	0.0037382754810977303	-0.004612156213426033	9.639697473083914e-05	1.3597939496271532e-11	0.03661299185437393	-0.00023486776200349116	4.696385277949429e-05	-5.794239255469876e-05	0.0004599680167927913	0.00028183161478298544	0.0001769253694487924
ANGLE|B|F6-C3-C1	angle	CG312-CG312-FGA2	LAMBDA_CC	0.03896291714937661	0.0031653136481679667	0.008410257728854731	9.63974364664959e-05	1.3597695054207455e-11	0.06644666035819702	0.0004894900640991895	3.9765748919561244e-05	0.00010565783816968827	0.0008347675794709153	0.00044972431517962825	0.0003838322259295012
ANGLE|B|F6-C3-C4	angle	CG302-CG312-FGA2	R_OG2P1-SG3O1	4.7719620642538985	4.531805706719183	3.55815537292159	0.004863248356861862	6.669991299587809e-10	1.458826297223886	0.0023980011637787894	0.002277318053330139	0.001788040351176971	0.0007330877973022903	0.00012068311044865056	0.0006099608126018184
ANGLE|B|F6-C3-C4	angle	CG302-CG312-FGA2	R_CG312-SG3O1	8.831904573277427	6.801119047121773	6.736123375262082	0.004863238105479828	6.670038990233068e-10	4.131429962276479	0.0044381990384522955	0.003417690914218541	0.0033850293601949567	0.0020761216715914008	0.0010205081242337546	0.0010531696782573388
ANGLE|B|F6-C3-C4	angle	CG302-CG312-FGA2	R_CG312-CG312	103.58032894268376	110.10769045746116	107.159654077428	0.004863218880954672	6.669907492451692e-10	10.111549868402589	0.05205107375219272	0.05533119633030219	0.053849752308955584	0.005081244994311956	0.0032801225781094664	0.001798678556762863
ANGLE|B|F6-C3-C4	angle	CG302-CG312-FGA2	R_CG302-CG312	-31.456090981116347	-33.566336529862184	-33.11887428722571	0.00486334549659176	6.670192326131146e-10	3.77789220035179	-0.015807280478128093	-0.01686771876611409	-0.016642860528738913	0.0018984622616631905	0.0010604382879859965	0.00083558005061082
ANGLE|B|F6-C3-C4	angle	CG302-CG312-FGA2	TH_OG2P1-SG3O1-OG2P1	-0.005278093090893776	-0.005067891586339357	-0.005928520537864301	4.863263750195455e-06	6.670066172043283e-13	0.0008654922152751398	-0.0013261707872016556	-0.0012733556719762625	-0.0014895968322736267	0.00021746310129099554	5.281511522539314e-05	0.00016342604507197105
ANGLE|B|F6-C3-C4	angle	CG302-CG312-FGA2	TH_FGA2-CG312-FGA2	-0.16379461731079914	-0.16546800340668355	-0.1663065862109221	4.863231660310297e-06	6.670086657885616e-13	0.004190218227667673	-0.041154946083316074	-0.04157540015978928	-0.04178610201716074	0.0010528319432486113	0.00042045407647320343	0.0006311559338446626
ANGLE|B|F6-C3-C4	angle	CG302-CG312-FGA2	TH_CG312-CG312-SG3O1	0.012634176668868236	0.014056809697670758	0.011917360582224035	4.86325737008642e-06	6.670107190600817e-13	0.0021443123728168098	0.0031744563292195604	0.003531906327015381	0.002994349510803674	0.0005387787556022759	0.0003574499977958205	0.00018010681841588647
ANGLE|B|F6-C3-C4	angle	CG302-CG312-FGA2	TH_FGA3-CG302-FGA3	0.04297802235614512	0.04568557524402905	0.04714207536417803	4.8632143008523685e-06	6.670200032149106e-13	0.006876469110217696	0.010798634423245416	0.011478932683029826	0.011844892107699652	0.0017277778728076627	0.0006802982597844103	0.0010462576844542364
ANGLE|B|F6-C3-C4	angle	CG302-CG312-FGA2	LAMBDA_CS	0.03360338502716331	-0.0010180882114241285	-0.026464916079618206	9.726463865983927e-05	1.3339902686769761e-11	0.09478703898402879	0.0008443168168253583	-2.5580428793771624e-05	-0.0006649560359419469	0.0023816139643849515	0.00086989724561913	0.0015092728527673052
ANGLE|B|F6-C3-C4	angle	CG302-CG312-FGA2	LAMBDA_CC	0.010817580081692313	0.0154413390729502	0.02349847167124608	9.726498439480192e-05	1.3339919610761542e-11	0.017401915565206455	0.0002718019262923903	0.0003879782421638644	0.0005904213157599911	0.0004372395800245093	0.00011617631587147411	0.0003186193894676008
ANGLE|B|F7-C4-F8	angle	FGA3-CG302-FGA3	R_OG2P1-SG3O1	1.1289270949248476	1.416156324040685	1.4104595501223116	0.005140451188292234	6.438050831901072e-10	0.5739021355015936	0.00046320439773755393	0.0005810559779532632	0.0005787185633019808	0.0002354748984503807	0.00011785158021570928	0.00011551416556442685
ANGLE|B|F7-C4-F8	angle	FGA3-CG302-FGA3	R_CG312-SG3O1	0.3593064029985271	1.4969349346962701	0.8653701616339049	0.005140429899996764	6.43796876593621e-10	1.6488327202331177	0.00014742520287836566	0.0006141998433693799	0.0003550656781484784	0.0006765242596966782	0.00046677464049101427	0.00020764047527011275
ANGLE|B|F7-C4-F8	angle	FGA3-CG302-FGA3	R_CG312-CG312	11.338235994337253	12.77424049016318	12.116971428469014	0.00514044507205377	6.438017627284856e-10	2.2198803750297413	0.004652134578728366	0.0052413343602091605	0.004971653597614087	0.0009108279505272372	0.0005891997814807945	0.000319519018885721
ANGLE|B|F7-C4-F8	angle	FGA3-CG302-FGA3	R_CG302-CG312	30.25334049467432	30.244082429572217	30.258867757517294	0.0051404364273851585	6.437974585835621e-10	0.019925764372462303	0.012413095961982952	0.012409297331859614	0.01241536382539754	8.17564015169751e-06	3.798630123338226e-06	2.267863414588331e-06
ANGLE|B|F7-C4-F8	angle	FGA3-CG302-FGA3	TH_OG2P1-SG3O1-OG2P1	0.00044742896232463636	0.0005551620757806575	0.0001181103579028786	5.140426176865533e-06	6.437988702827506e-13	0.0004421921440546444	9.179116346645862e-05	0.00011389287940503737	2.4230633423946568e-05	9.071681718505675e-05	2.210171593857875e-05	6.756053004251205e-05
ANGLE|B|F7-C4-F8	angle	FGA3-CG302-FGA3	TH_FGA2-CG312-FGA2	0.0006972282316581868	-0.0005482856134442216	-0.000542394170011562	5.1404371517976235e-06	6.438002034604597e-13	0.002490276683923955	0.00014303810431281634	-0.0001124821560689455	-0.0001112735118087014	0.0005108864499587801	0.00025552026038176185	0.00025431161612151775
ANGLE|B|F7-C4-F8	angle	FGA3-CG302-FGA3	TH_CG312-CG312-SG3O1	0.0012484975044344537	0.0016829358475476397	0.0018944354448251488	5.140436393120371e-06	6.438038300336668e-13	0.0010855167198970015	0.0002561323655080216	0.0003452584711620099	0.0003886481391127049	0.00022269645255852766	8.91261056539883e-05	0.00013251577360468334
ANGLE|B|F7-C4-F8	angle	FGA3-CG302-FGA3	TH_FGA3-CG302-FGA3	0.6083046806717078	0.6075703382265658	0.6086876545156628	5.14039043504957e-06	6.437732297564876e-13	0.0011224566795319975	0.12479521685597898	0.12464456467854242	0.12487378489174315	0.00023027477707217436	0.00015065217743656656	7.856803576417049e-05
ANGLE|B|F7-C4-F8	angle	FGA3-CG302-FGA3	LAMBDA_CS	0.004622349625691413	-0.011705021516661418	-0.010345532112268074	0.000102809187271469	1.2875986594948484e-11	0.03139806206758379	9.482865120901943e-05	-0.00024013142507183738	-0.00021224116211227378	0.0006441390456267532	0.0003349600762808568	0.0003070698133212932
ANGLE|B|F7-C4-F8	angle	FGA3-CG302-FGA3	LAMBDA_CC	-0.005717182622788641	0.0034082802964974235	0.006557736468408848	0.00010280883977728362	1.2876150257577744e-11	0.02150319085026084	-0.00011728942220669763	6.992171722855833e-05	0.0001345335932243315	0.00044114330376195864	0.00018721113943525596	0.00025182301543102915
ANGLE|B|F7-C4-F9	angle	FGA3-CG302-FGA3	R_OG2P1-SG3O1	0.5301721849235719	-0.16346064405325933	-0.2999167504853517	0.005147829132774637	6.500799334144271e-10	1.5288695935185295	0.00021753228239337658	-6.70687146431923e-05	-0.00012305733328972818	0.0006273027925972073	0.00028460099703656884	0.00034058961568310473
ANGLE|B|F7-C4-F9	angle	FGA3-CG302-FGA3	R_CG312-SG3O1	-0.5843989887921452	-0.962622267053348	-0.679873633210093	0.005147817603111631	6.500784694922316e-10	0.47884574028226207	-0.00023978180952413173	-0.00039496870033834005	-0.0002789555306312211	0.00019647278706815322	0.00015518689081420832	3.9173721107089364e-05
ANGLE|B|F7-C4-F9	angle	FGA3-CG302-FGA3	R_CG312-CG312	4.107284898140051	4.382786234838676	4.323156413846618	0.005147820562560582	6.500778213310332e-10	0.4965206729677525	0.0016852394066298522	0.0017982789742999618	0.0017738125623908182	0.00020372489979220775	0.0001130395676701096	8.857315576096597e-05
ANGLE|B|F7-C4-F9	angle	FGA3-CG302-FGA3	R_CG302-CG312	18.63601756727462	19.218931102553682	18.976743860932288	0.005147800365067717	6.500765220102924e-10	0.9287876293017964	0.007646450627576235	0.007885622948141347	0.007786252319250182	0.00038108618031305967	0.00023917232056511195	0.00013980169167394745
ANGLE|B|F7-C4-F9	angle	FGA3-CG302-FGA3	TH_OG2P1-SG3O1-OG2P1	0.00012659576420759322	-0.000562178793526158	-0.0001898150705272883	5.147819289180872e-06	6.500798402143184e-13	0.0010103332117578135	2.5971435613301154e-05	-0.0001153323764868287	-3.894103340258518e-05	0.00020727236903534524	0.00014130381210012986	6.491246901588633e-05
ANGLE|B|F7-C4-F9	angle	FGA3-CG302-FGA3	TH_FGA2-CG312-FGA2	-0.008532076510377351	-0.008847510578906537	-0.008688519142417306	5.147810048216367e-06	6.500762311433889e-13	0.0004770245106173568	-0.0017503766980201505	-0.0018150887810217079	-0.001782471292737699	9.78627637426283e-05	6.471208300155742e-05	3.209459471754852e-05
ANGLE|B|F7-C4-F9	angle	FGA3-CG302-FGA3	TH_CG312-CG312-SG3O1	0.0005871209311436587	0.0010965094875636794	0.0008988537418659348	5.147819761403076e-06	6.500806660155808e-13	0.0008262691869036999	0.00012044931799941181	0.00022495164616199564	0.00018440207876438362	0.00016951117694376225	0.00010450232816258383	6.395276076497181e-05
ANGLE|B|F7-C4-F9	angle	FGA3-CG302-FGA3	TH_FGA3-CG302-FGA3	0.6278384180482917	0.627137891137064	0.6273059943843435	5.147773803188092e-06	6.500457813233882e-13	0.0012380983489789943	0.1288026116194497	0.12865889678282608	0.12869338358173626	0.000253998952924791	0.00014371483662362072	0.00010922803771343248
ANGLE|B|F7-C4-F9	angle	FGA3-CG302-FGA3	LAMBDA_CS	0.03176353473421045	0.0064262128759651205	0.00472482802379659	0.0001029564929991562	1.300151932856507e-11	0.05247898506165835	0.0006516368082012979	0.00013183535404218873	9.693102101167607e-05	0.0010766194193869425	0.0005198014541591092	0.0005547057871896218
ANGLE|B|F7-C4-F9	angle	FGA3-CG302-FGA3	LAMBDA_CC	-0.0014079394864552341	0.0004478057983448025	-0.0006466038524877149	0.00010295641889432863	1.300155581216766e-11	0.0027200373376618844	-2.8884228432741798e-05	9.186847231242024e-06	-1.3265238712615558e-05	5.5802241902042666e-05	3.807107566398382e-05	1.561898972012624e-05
ANGLE|B|F7-C4-C3	angle	CG312-CG302-FGA3	R_OG2P1-SG3O1	-4.865691337961664	-2.048033341459643	-2.0335288396893247	0.0048984817988874186	7.231862759838614e-10	5.654718976573248	-0.001996417338116419	-0.0008403182585855078	-0.0008343669894227716	0.0023201592996517587	0.0011560990795309112	0.0011620503486936473
ANGLE|B|F7-C4-C3	angle	CG312-CG302-FGA3	R_CG312-SG3O1	-2.268866649679069	0.3476176947359022	0.43486430672601273	0.004898462148134393	7.232045527432241e-10	5.325113762968187	-0.0009309272624742666	0.00014262926778613581	0.00017842698629532926	0.0021849206423943976	0.0010735565302604025	0.001109354248769596
ANGLE|B|F7-C4-C3	angle	CG312-CG302-FGA3	R_CG312-CG312	0.610267017997046	-5.317762660318692	-2.1593792143548285	0.004898468233664696	7.231999560559757e-10	8.702574378901277	0.0002503955904692256	-0.002181904448442836	-0.00088600402361572	0.003570709518858329	0.0024323000389120616	0.0011363996140849456
ANGLE|B|F7-C4-C3	angle	CG312-CG302-FGA3	R_CG302-CG312	-10.527110698880904	-9.419374188503582	-9.515271375562406	0.004898565085288274	7.232016568733602e-10	2.1244743987811074	-0.004319325838765787	-0.0038648160431838277	-0.0039041631356364764	0.0008716824043112935	0.0004545097955819589	0.00041516270312931015
ANGLE|B|F7-C4-C3	angle	CG312-CG302-FGA3	TH_OG2P1-SG3O1-OG2P1	0.0016155721620805252	0.0006864504757650991	0.0018441884545836729	4.8984901225671344e-06	7.231999705945377e-13	0.001162636468941141	0.00033143864369199335	0.00014082702090899724	0.00037833984420262615	0.00023851776071485284	0.0001906116227829961	4.69012005106328e-05
ANGLE|B|F7-C4-C3	angle	CG312-CG302-FGA3	TH_FGA2-CG312-FGA2	0.004932361830213949	0.00702295050512447	0.0072740003262339314	4.8984525593673795e-06	7.232036637289934e-13	0.00443712562348987	0.0010118862862176423	0.0014407757479163814	0.0014922792425671454	0.0009102873477632823	0.00042888946169873914	0.0004803929563495031
ANGLE|B|F7-C4-C3	angle	CG312-CG302-FGA3	TH_CG312-CG312-SG3O1	0.00016129288817978704	-0.0035863664619775193	-0.0018102649325797415	4.8984733632813825e-06	7.231754667573433e-13	0.005724115644280116	3.308963681735463e-05	-0.000735751991671812	-0.000371380349364736	0.001174316548654272	0.0007688416284891667	0.00040446998618209065
ANGLE|B|F7-C4-C3	angle	CG312-CG302-FGA3	TH_FGA3-CG302-FGA3	-0.5425815451358176	-0.5440175626253243	-0.545885001211424	4.8984162467246005e-06	7.231868328876707e-13	0.004744371981359897	-0.11131195228106315	-0.11160655483748946	-0.11198966450394839	0.0009733197015769344	0.0002946025564263127	0.000677712222885235
ANGLE|B|F7-C4-C3	angle	CG312-CG302-FGA3	LAMBDA_CS	-0.09758989273478846	-0.024183304441578457	0.013891071584311021	9.79695483262324e-05	1.4464410776224585e-11	0.1849855221606357	-0.002002080900206377	-0.0004961265000868353	0.00028497878543558085	0.0037950239553905074	0.001505954400119542	0.002287059685641958
ANGLE|B|F7-C4-C3	angle	CG312-CG302-FGA3	LAMBDA_CC	0.003354184503621127	-0.00484176213376486	-0.0034666621256462804	9.796960282401461e-05	1.4463999043932385e-11	0.015114762869477409	6.881192859508292e-05	-9.932995333539866e-05	-7.111943496123059e-05	0.0003100831162338386	0.00016814188193048157	0.0001399313635563135
ANGLE|B|F8-C4-F9	angle	FGA3-CG302-FGA3	R_OG2P1-SG3O1	2.038459615576471	1.381890383747475	0.9550137260561087	0.005138200902362574	6.466698866633668e-10	1.7451533222517213	0.0008363901112748843	0.0005669964923515966	0.00039184687815324815	0.0007160450814116677	0.00026939361892328766	0.00044454323312163613
ANGLE|B|F8-C4-F9	angle	FGA3-CG302-FGA3	R_CG312-SG3O1	0.1189515365709326	0.19227382915332214	0.2348458122867214	0.005138214048878429	6.466725553752806e-10	0.19435478234705678	4.880640663599573e-05	7.889090768929306e-05	9.635840394875013e-05	7.974473312687639e-05	3.0084501053297328e-05	4.75519973127544e-05
ANGLE|B|F8-C4-F9	angle	FGA3-CG302-FGA3	R_CG312-CG312	7.215225734441333	8.481034925299724	7.935405659416972	0.005138206048767421	6.466710782486865e-10	1.9911273218827978	0.0029604429780161158	0.0034798107800097897	0.003255936380478234	0.0008169694359341312	0.0005193678019936739	0.0002954934024621183
ANGLE|B|F8-C4-F9	angle	FGA3-CG302-FGA3	R_CG302-CG312	24.34652338958898	24.309299941606355	24.18983998136781	0.005138221546133186	6.466755554025966e-10	0.1990450777499292	0.009989499547292351	0.009974226581587108	0.009925211566193462	8.166918464111997e-05	1.5272965705243405e-05	6.428798109888931e-05
ANGLE|B|F8-C4-F9	angle	FGA3-CG302-FGA3	TH_OG2P1-SG3O1-OG2P1	-0.0009631482893794896	-0.0015502869812635822	-0.0014841077018701299	5.138214964070687e-06	6.466748652513287e-13	0.0011132363193388035	-0.0001975922649565253	-0.00031804522661597195	-0.00030446838299517546	0.00022838319726626314	0.00012045296165944666	0.00010687611803865017
ANGLE|B|F8-C4-F9	angle	FGA3-CG302-FGA3	TH_FGA2-CG312-FGA2	-0.0018006672260355572	-0.003020879701299606	-0.002894513633869167	5.138218995132981e-06	6.46673550256017e-13	0.002319197102092791	-0.00036941135601722643	-0.0006197409775036162	-0.0005938166647549368	0.00047578904861924893	0.00025032962148638973	0.00022440530873771037
ANGLE|B|F8-C4-F9	angle	FGA3-CG302-FGA3	TH_CG312-CG312-SG3O1	0.000946937075653409	0.0014702691440824367	0.0005901331350486316	5.138212624976486e-06	6.466719887486381e-13	0.0008852742216587815	0.00019426649417631216	0.0003016293684766908	0.00012106727911573996	0.00018161620644924616	0.00010736287430037866	7.31992150605722e-05
ANGLE|B|F8-C4-F9	angle	FGA3-CG302-FGA3	TH_FGA3-CG302-FGA3	0.6172783737350045	0.6169404851699944	0.6174328372497158	5.138185334493172e-06	6.466423904117413e-13	0.0004974902650558076	0.12663619228723244	0.1265668736084792	0.126667880861112	0.00010206136412237129	6.931867875323294e-05	3.1688573879556925e-05
ANGLE|B|F8-C4-F9	angle	FGA3-CG302-FGA3	LAMBDA_CS	0.02833129966390402	0.005455382971604195	0.00014470093574914245	0.00010276439679467876	1.293343089468553e-11	0.05116527981724938	0.000581223652835369	0.00011191853730633717	2.968575654577762e-06	0.0010496684298466645	0.0004693051155290318	0.0005782550771807912
ANGLE|B|F8-C4-F9	angle	FGA3-CG302-FGA3	LAMBDA_CC	-0.0013887784496091626	-0.0008256312851528946	0.0022272298842551663	0.00010276413161927443	1.293339467067929e-11	0.0042819196299398714	-2.8491135000392987e-05	-1.6938030981442068e-05	4.569217453444918e-05	8.784464525049523e-05	1.155310401895092e-05	7.418330953484217e-05
ANGLE|B|F8-C4-C3	angle	CG312-CG302-FGA3	R_OG2P1-SG3O1	1.4522835858485905	0.15845542623793563	0.8088052247288147	0.004888853524122675	7.08688059287594e-10	1.9421953742545535	0.0005958791730230492	6.501504889797726e-05	0.00033185680341248026	0.0007968924146338538	0.000530864124125072	0.00026402236961056897
ANGLE|B|F8-C4-C3	angle	CG312-CG302-FGA3	R_CG312-SG3O1	1.4962468546144692	-1.9129911975106495	-1.0120919874907486	0.004888858549454042	7.086868509936201e-10	5.92246575277979	0.0006139175206921064	-0.0007849097957730835	-0.0004152663724949081	0.0024300171326123356	0.0013988273164651898	0.0010291838931870145
ANGLE|B|F8-C4-C3	angle	CG312-CG302-FGA3	R_CG312-CG312	-4.943165727283372	-2.2953315663691853	-3.454480071944488	0.004888853675455906	7.086893058568204e-10	4.141408669928526	-0.002028205465097493	-0.0009417859493210342	-0.0014173903420467988	0.0016992405597874587	0.0010864195157764588	0.0006108151230506942
ANGLE|B|F8-C4-C3	angle	CG312-CG302-FGA3	R_CG302-CG312	-34.5498296779283	-35.75863314650718	-34.72221906226025	0.004888986221864166	7.086782958487134e-10	1.3860818391326928	-0.014175966827127313	-0.01467194489795519	-0.014246699048282076	0.0005687162673273959	0.0004959780708278776	7.073222115476334e-05
ANGLE|B|F8-C4-C3	angle	CG312-CG302-FGA3	TH_OG2P1-SG3O1-OG2P1	-0.0010242487901876984	-0.0008676549464539107	-0.00048149639601291483	4.88888575303822e-06	7.086903135303224e-13	0.0007042351236616095	-0.00021012718452996922	-0.00017800156835767492	-9.87801821440082e-05	0.00014447558561920377	3.2125616172294294e-05	0.00011134700238596102
ANGLE|B|F8-C4-C3	angle	CG312-CG302-FGA3	TH_FGA2-CG312-FGA2	-0.015401740005785314	-0.014999845227954722	-0.01484151721577831	4.888861461791002e-06	7.086777347345846e-13	0.0009670064292993858	-0.003159705234980251	-0.003077255522613626	-0.0030447741374759786	0.00019838377194843681	8.244971236662495e-05	0.00011493109750427243
ANGLE|B|F8-C4-C3	angle	CG312-CG302-FGA3	TH_CG312-CG312-SG3O1	-0.0029444379147207655	0.0010515779766073763	-0.00017011363121355316	4.888866182586592e-06	7.086997395316106e-13	0.006775229041017941	-0.0006040587550317605	0.00021573383503605302	-3.489923416997435e-05	0.0013899550739756214	0.0008197925900678136	0.0005691595208617862
ANGLE|B|F8-C4-C3	angle	CG312-CG302-FGA3	TH_FGA3-CG302-FGA3	-0.504335884688949	-0.5032807265619184	-0.5035467124059281	4.888827733633758e-06	7.086844615666787e-13	0.0018492192377851317	-0.10346576000123923	-0.10324929168944731	-0.10330385934631156	0.00037937192187772844	0.00021646831179192305	0.00016190065492767414
ANGLE|B|F8-C4-C3	angle	CG312-CG302-FGA3	LAMBDA_CS	0.05086491485883471	0.03211227760502311	-0.005524907923728506	9.777745123015153e-05	1.4173421494463973e-11	0.07524023748760497	0.00104350636808513	0.0006587913548574217	-0.00011334485897587854	0.0015435721689980632	0.0003847150132277082	0.0011568512270610084
ANGLE|B|F8-C4-C3	angle	CG312-CG302-FGA3	LAMBDA_CC	0.03066330648508142	0.007870013217328165	0.0024682734419911867	9.777731465981255e-05	1.4173550936996683e-11	0.0510861036255033	0.0006290653522674856	0.00016145527682466317	5.063724301989745e-05	0.0010480441105979827	0.0004676100754428225	0.0005784281092475882
ANGLE|B|F9-C4-C3	angle	CG312-CG302-FGA3	R_OG2P1-SG3O1	0.3669160232036006	-0.28517580862796876	-0.45542299965006805	0.004896231489985992	7.203081377226916e-10	1.4793270861752241	0.00015054746786779548	-0.00011700905158417845	-0.0001868623201773567	0.0006069752556114006	0.0002675565194519739	0.0003374097880451522
ANGLE|B|F9-C4-C3	angle	CG312-CG302-FGA3	R_CG312-SG3O1	0.9194349819523495	0.9410994510083981	0.22401805829730392	0.004896246273882899	7.20296941385269e-10	0.721977638984977	0.00037724874262356865	0.0003861377819481841	9.191572267370074e-05	0.00029623101345466413	8.889039324615439e-06	0.0002853330199498679
ANGLE|B|F9-C4-C3	angle	CG312-CG302-FGA3	R_CG312-CG312	-14.712782961041171	-13.843298616755817	-14.821183057996734	0.004896229187288657	7.202968490627582e-10	0.9827806704282057	-0.006036727970432932	-0.00567997422269536	-0.006081205068954814	0.00040323979342892023	0.00035675374773757196	4.447709852188186e-05
ANGLE|B|F9-C4-C3	angle	CG312-CG302-FGA3	R_CG302-CG312	-17.238835265359853	-17.633853767510033	-18.249584469742786	0.004896350180944131	7.203067110787368e-10	1.410664056714056	-0.007073179785200818	-0.007235257839847779	-0.007487895207113049	0.0005788024733729572	0.00016207805464696096	0.00041471542191223124
ANGLE|B|F9-C4-C3	angle	CG312-CG302-FGA3	TH_OG2P1-SG3O1-OG2P1	-0.0003019514159561254	0.0014631089809533648	-8.03709964287691e-05	4.896278886642059e-06	7.202934082566627e-13	0.0019915370953234885	-6.194608332226691e-05	0.000300160443218003	-1.648830963651969e-05	0.0004085687840066961	0.0003621065265402699	4.545777368574722e-05
ANGLE|B|F9-C4-C3	angle	CG312-CG302-FGA3	TH_FGA2-CG312-FGA2	0.018298889360387705	0.0181367279508855	0.01748572851358432	4.896234379614773e-06	7.203050193878803e-13	0.0009802184906852033	0.0037540626243932843	0.00372079480826839	0.0035872406559948754	0.0002010942591732547	3.3267816124894246e-05	0.00016682196839840893
ANGLE|B|F9-C4-C3	angle	CG312-CG302-FGA3	TH_CG312-CG312-SG3O1	0.00037291405665484945	-0.0009987079036974933	-0.0008624393708416278	4.896249572188011e-06	7.203062541282335e-13	0.002611871637421008	7.650424540132795e-05	-0.00020488740819828047	-0.00017693158006028934	0.0005358319568279716	0.00028139165359960844	0.0002534358254616173
ANGLE|B|F9-C4-C3	angle	CG312-CG302-FGA3	TH_FGA3-CG302-FGA3	-0.525369742264445	-0.5237470591971878	-0.5228023765615504	4.896211123146948e-06	7.20300679848171e-13	0.00419494498127498	-0.1077809081512638	-0.10744801068770446	-0.10725420669749963	0.0008606033872023437	0.00033289746355934235	0.0005267014537641695
ANGLE|B|F9-C4-C3	angle	CG312-CG302-FGA3	LAMBDA_CS	-0.006661060516535144	-0.0073918304310893745	-0.004118062973219594	9.792475738580318e-05	1.4405945334853946e-11	0.0033716922152555837	-0.00013665331174731252	-0.00015164523813819913	-8.448308522006395e-05	6.917110364986983e-05	1.4991926390886615e-05	5.217022652724856e-05
ANGLE|B|F9-C4-C3	angle	CG312-CG302-FGA3	LAMBDA_CC	-0.02600075772036803	-0.005336580915269451	-0.005653430970937734	9.792489420540449e-05	1.4406093226991606e-11	0.041109428448734275	-0.0005334120057320828	-0.00010948128359872812	-0.00011598154122691038	0.0008433701401771498	0.0004239307221333547	0.00041743046450517244
ANGLE|B|O1-S1-O2	angle	OG2P1-SG3O1-OG2P1	R_OG2P1-SG3O1	-81.54930904822777	-81.55169007187268	-81.44507078574037	0.004779163564823972	7.015744051116415e-10	0.1113984496971385	-0.03346008679693582	-0.03346106374277085	-0.03341731731978026	4.5707337553356585e-05	9.76945835028109e-07	4.276947715556312e-05
ANGLE|B|O1-S1-O2	angle	OG2P1-SG3O1-OG2P1	R_CG312-SG3O1	17.14784229532995	17.723815500708895	17.695462272918405	0.004778944523151244	7.015809588354107e-10	1.1283721274905485	0.007035844917368757	0.007272169586082889	0.007260536115806862	0.0004629766918411111	0.00023632466871413224	0.0002246911984381053
ANGLE|B|O1-S1-O2	angle	OG2P1-SG3O1-OG2P1	R_CG312-CG312	6.334221430805087	6.744930410423677	6.662356499198552	0.004778947997799511	7.015807093410032e-10	0.7436229960098546	0.0025989625337034684	0.0027674784692363103	0.002733597983073991	0.00030511221101790466	0.0001685159355328419	0.0001346354493705227
ANGLE|B|O1-S1-O2	angle	OG2P1-SG3O1-OG2P1	R_CG302-CG312	0.7051543375879987	0.1746844151355731	0.6391237906413494	0.0047789521632328105	7.015815825321351e-10	0.6012794215623077	0.000289328329280835	7.16738836996347e-05	0.00026223566770135535	0.0002467079349843174	0.00021765444558120031	2.7092661579479667e-05
ANGLE|B|O1-S1-O2	angle	OG2P1-SG3O1-OG2P1	TH_OG2P1-SG3O1-OG2P1	0.48854937515667274	0.4873968813762133	0.48779037118390534	4.778884439164159e-06	7.015010700421797e-13	0.0019162766376660183	0.10022711834176036	0.09999068137879176	0.1000714067906484	0.0003931289140986212	0.00023643696296860028	0.00015571155111196444
ANGLE|B|O1-S1-O2	angle	OG2P1-SG3O1-OG2P1	TH_FGA2-CG312-FGA2	-0.006369574483493068	-0.006851236563466756	-0.007110234889701417	4.778948430108286e-06	7.015818190369852e-13	0.0012271014346121453	-0.0013067340334617912	-0.001405548206082071	-0.001458682356311031	0.00025174290861547854	9.881417262027985e-05	0.0001519483228492398
ANGLE|B|O1-S1-O2	angle	OG2P1-SG3O1-OG2P1	TH_CG312-CG312-SG3O1	0.020459534155541803	0.020823133984606557	0.020503084414407624	4.778949138345241e-06	7.015803265284396e-13	0.0004119290370689197	0.004197324273247039	0.004271917681712724	0.004206258717074255	8.45082655841569e-05	7.459340846568442e-05	8.934443827215803e-06
ANGLE|B|O1-S1-O2	angle	OG2P1-SG3O1-OG2P1	TH_FGA3-CG302-FGA3	-0.0011706159017350615	-0.0011512444586685433	-0.0010160723162258023	4.778942362435873e-06	7.015799657183665e-13	0.00017869397093821322	-0.00024015476118114125	-0.0002361806614986763	-0.00020844976057843005	3.6659512186337026e-05	3.974099682464959e-06	3.1705000602711195e-05
ANGLE|B|O1-S1-O2	angle	OG2P1-SG3O1-OG2P1	LAMBDA_CS	-0.02064997227464005	-0.019402127834524663	-0.021800240632217083	9.557888649925505e-05	1.403161434490866e-11	0.002493691684191675	-0.00042363931266122104	-0.0003980394738872088	-0.0004472373538546386	5.115870457498609e-05	2.5599838774012225e-05	2.3598041193417546e-05
ANGLE|B|O1-S1-O2	angle	OG2P1-SG3O1-OG2P1	LAMBDA_CC	-0.010998993849113958	-0.008066592992506116	-0.001088222204828071	9.557882688988183e-05	1.4031672577550294e-11	0.012938751327783611	-0.0002256470920266578	-0.00016548815976183585	-2.2325148951517343e-05	0.0002654416987246176	6.015893226482194e-05	0.00020332194307514046
ANGLE|B|O1-S1-O3	angle	OG2P1-SG3O1-OG2P1	R_OG2P1-SG3O1	-83.59777690886006	-82.8335613504727	-83.2506574171461	0.004780679666045249	7.051032546448532e-10	1.1161157297673483	-0.034300583340897396	-0.033987021899192386	-0.034158158488287196	0.0004579478309418298	0.00031356144170500977	0.00014242485261019983
ANGLE|B|O1-S1-O3	angle	OG2P1-SG3O1-OG2P1	R_CG312-SG3O1	13.220888604422498	13.460546978947718	12.81008112564308	0.004780469934750061	7.051213360228321e-10	0.6552463232393881	0.005424596301300116	0.005522929323453426	0.005256039951072052	0.00026885082295420695	9.83330221533095e-05	0.00016855635022806383
ANGLE|B|O1-S1-O3	angle	OG2P1-SG3O1-OG2P1	R_CG312-CG312	5.902673654361479	5.439364118831946	5.195406549418635	0.004780453394392436	7.051156452701243e-10	1.1753570938667686	0.0024218963362659367	0.0022317981312216955	0.0021317011280391003	0.0004822548570573203	0.00019009820504424122	0.0002901952082268364
ANGLE|B|O1-S1-O3	angle	OG2P1-SG3O1-OG2P1	R_CG302-CG312	-0.39702700082244746	0.06176162806070806	0.05816169334593724	0.004780450347737969	7.051169006244552e-10	0.9187577733992782	-0.00016290215163429275	2.5341102944345167e-05	2.386403183944717e-05	0.0003769708805885636	0.00018824325457863792	0.0001867661834737399
ANGLE|B|O1-S1-O3	angle	OG2P1-SG3O1-OG2P1	TH_OG2P1-SG3O1-OG2P1	0.5124973007572322	0.5113114420608653	0.5123034950674779	4.780408882616395e-06	7.050401825199898e-13	0.0013844447950038651	0.10514009478848535	0.10489681293010768	0.10510033506963179	0.00028402228999267065	0.00024328185837767247	3.975971885356033e-05
ANGLE|B|O1-S1-O3	angle	OG2P1-SG3O1-OG2P1	TH_FGA2-CG312-FGA2	-0.013624250712112485	-0.01345958280857218	-0.013893765994630769	4.780460260591563e-06	7.051192947952688e-13	0.0004389636463191814	-0.002795048889383602	-0.00276126685977824	-0.0028503406193284217	9.005448285192086e-05	3.3782029605361995e-05	5.529172994481971e-05
ANGLE|B|O1-S1-O3	angle	OG2P1-SG3O1-OG2P1	TH_CG312-CG312-SG3O1	-0.005717876959749901	-0.005053120340374306	-0.005716022605220417	4.780458035877905e-06	7.051199171431715e-13	0.0006713914319409575	-0.0011730366670199821	-0.0010366601946577775	-0.0011726562415802512	0.00013773762064726942	0.0001363764723622046	3.804254397308821e-07
ANGLE|B|O1-S1-O3	angle	OG2P1-SG3O1-OG2P1	TH_FGA3-CG302-FGA3	-0.00021347058356013804	6.502160551136171e-05	-0.00019362852599158487	4.780453842496136e-06	7.051169663048294e-13	0.0003031147004825491	-4.3794020684409366e-05	1.333934394710585e-05	-3.9723373267391096e-05	6.218473403358471e-05	5.713336463151522e-05	4.0706474170182705e-06
ANGLE|B|O1-S1-O3	angle	OG2P1-SG3O1-OG2P1	LAMBDA_CS	0.014800895384610158	0.010565433343217023	0.006798445585332047	9.560927355224605e-05	1.4102398813733945e-11	0.012333521114223492	0.00030364404678679806	0.00021675249050988988	0.00013947180057339732	0.00025302525049580843	8.689155627690818e-05	0.00016417224621340074
ANGLE|B|O1-S1-O3	angle	OG2P1-SG3O1-OG2P1	LAMBDA_CC	-0.014610993580390641	-0.00024042912464494748	0.001787409133555684	9.560914093639882e-05	1.4102270571974734e-11	0.030864576310628417	-0.0002997481640832905	-4.932463237900402e-06	3.666914253990773e-05	0.0006331944527534407	0.0002948157008453901	0.00033641730662319823
ANGLE|B|O1-S1-C2	angle	CG312-SG3O1-OG2P1	R_OG2P1-SG3O1	95.017732483754	97.68900806799863	95.07796375881838	0.004344422134695828	6.648550333101796e-10	2.7358512814437033	0.03898624786966886	0.040082285517940054	0.03901096106117306	0.001122533377768745	0.0010960376482711948	2.471319150420398e-05
ANGLE|B|O1-S1-C2	angle	CG312-SG3O1-OG2P1	R_CG312-SG3O1	-10.871645335335245	-14.540832122992953	-13.564539104294226	0.004344395260842665	6.648649957772668e-10	6.366424951877532	-0.00446069011241641	-0.005966175686997929	-0.005565597809316796	0.0026121757984487737	0.0015054855745815186	0.001104907696900386
ANGLE|B|O1-S1-C2	angle	CG312-SG3O1-OG2P1	R_CG312-CG312	-8.254797821081183	-8.32678984084012	-8.430671177137583	0.004344310389850296	6.648630972380985e-10	0.25220968620518736	-0.0033869845717661	-0.003416523255268571	-0.0034591462838345043	0.00010348288771475386	2.9538683502470728e-05	7.216171206840408e-05
ANGLE|B|O1-S1-C2	angle	CG312-SG3O1-OG2P1	R_CG302-CG312	-0.8529120257350087	3.1451759314151673	0.30547299525096605	0.004344343671266179	6.648680276598042e-10	5.160817321807417	-0.0003499540430730841	0.0012904813159673484	0.00012533708813121348	0.0021175089960441392	0.0016404353590404326	0.00047529113120429756
ANGLE|B|O1-S1-C2	angle	CG312-SG3O1-OG2P1	TH_OG2P1-SG3O1-OG2P1	-0.5755802798395777	-0.5739039025088886	-0.573361994440198	4.344294355797648e-06	6.648764929426685e-13	0.0038990070244246853	-0.11808172470625863	-0.11773781173112782	-0.11762663794421307	0.0007998909799588767	0.0003439129751308112	0.000455086762045559
ANGLE|B|O1-S1-C2	angle	CG312-SG3O1-OG2P1	TH_FGA2-CG312-FGA2	0.031568655442455906	0.03437521477645333	0.03594296265816155	4.344347488390921e-06	6.648822820733853e-13	0.00718521089719146	0.006476388111041206	0.00705216073261405	0.007373788106345975	0.0014740638705604094	0.000575772621572844	0.0008973999953047684
ANGLE|B|O1-S1-C2	angle	CG312-SG3O1-OG2P1	TH_CG312-CG312-SG3O1	-0.026852910586228518	-0.03072458451440241	-0.03002847557478816	4.344356192287075e-06	6.648641670801178e-13	0.007051583272925821	-0.005508941335322626	-0.00630322486266385	-0.006160416383895249	0.0014466498313822703	0.0007942835273412234	0.0006514750485726228
ANGLE|B|O1-S1-C2	angle	CG312-SG3O1-OG2P1	TH_FGA3-CG302-FGA3	-0.0009356050228745971	-0.0001247948523328546	-0.0001460757109299493	4.344340463858099e-06	6.64860825560434e-13	0.0016046838229502485	-0.0001919416953889781	-2.560197406699455e-05	-2.9967795090389113e-05	0.0003292048738622694	0.00016633972132198353	0.00016197390029858898
ANGLE|B|O1-S1-C2	angle	CG312-SG3O1-OG2P1	LAMBDA_CS	0.15400878180443556	0.13938066351251166	0.16778080049860478	8.688685049752998e-05	1.3297313224491702e-11	0.028487023836590648	0.003159528429369783	0.002859428947573956	0.003442064815179872	0.0005844183729349557	0.00030009948179582704	0.00028253638581008864
ANGLE|B|O1-S1-C2	angle	CG312-SG3O1-OG2P1	LAMBDA_CC	0.014774401411727922	0.012331878399223228	-0.002127281324391106	8.688644000009676e-05	1.329679344921978e-11	0.01943109218862382	0.00030310051634945803	0.000252991549789369	-4.3641704991965126e-05	0.0003986336848090952	5.010896656008901e-05	0.00034674222134142314
ANGLE|B|O2-S1-O3	angle	OG2P1-SG3O1-OG2P1	R_OG2P1-SG3O1	-82.42451064443657	-81.93926725197898	-82.0738798126115	0.0047796668451778185	7.025919156853606e-10	0.8406538911278401	-0.03381918636155193	-0.033620088586000345	-0.03367532078864302	0.0003449244695216783	0.00019909777555158353	0.00014386557290890778
ANGLE|B|O2-S1-O3	angle	OG2P1-SG3O1-OG2P1	R_CG312-SG3O1	15.018842557729783	15.796073454158233	15.406778508712193	0.004779437927650933	7.025989349710333e-10	1.1699462853385099	0.006162305744049381	0.006481207443637985	0.006321477792752415	0.0004800347754268301	0.00031890169958860397	0.00015917204870303375
ANGLE|B|O2-S1-O3	angle	OG2P1-SG3O1-OG2P1	R_CG312-CG312	4.7562746534595135	6.3447011526704955	5.887296821576626	0.004779446059107965	7.025987343322447e-10	2.724228113387203	0.001951523128671802	0.002603262415668341	0.002415587145352512	0.0011177643341488185	0.0006517392869965391	0.0004640640166807099
ANGLE|B|O2-S1-O3	angle	OG2P1-SG3O1-OG2P1	R_CG302-CG312	-0.42541534349282983	-0.22509135094139765	-0.05192615508775589	0.004779457676427037	7.02605429157227e-10	0.5785926386329332	-0.000174550029720058	-9.23560999797629e-05	-2.1305559501919787e-05	0.00023739943519664674	8.21939297402951e-05	0.00015324447021813822
ANGLE|B|O2-S1-O3	angle	OG2P1-SG3O1-OG2P1	TH_OG2P1-SG3O1-OG2P1	0.49530536298668437	0.4942519256902109	0.4946866159193064	4.779399723351674e-06	7.025291038337359e-13	0.0016769637635747662	0.1016131260334843	0.10139701075435736	0.10148618853504655	0.0003440332832945519	0.00021611527912693274	0.00012693749843774305
ANGLE|B|O2-S1-O3	angle	OG2P1-SG3O1-OG2P1	TH_FGA2-CG312-FGA2	-0.006692065118251378	-0.006972196310883305	-0.007586404337516228	4.779447059979349e-06	7.026020021735592e-13	0.001179249858956757	-0.0013728937885605778	-0.0014303633988453819	-0.0015563697017949155	0.00024192603896025836	5.7469610284804126e-05	0.00018347591323433776
ANGLE|B|O2-S1-O3	angle	OG2P1-SG3O1-OG2P1	TH_CG312-CG312-SG3O1	0.019260466015253996	0.019327845819226752	0.018690228648814866	4.779446924071279e-06	7.026049019008868e-13	0.0006423966173359574	0.00395133246462397	0.003965155598845472	0.0038343468518787682	0.00013178926237993808	1.3823134221502449e-05	0.00011698561274520137
ANGLE|B|O2-S1-O3	angle	OG2P1-SG3O1-OG2P1	TH_FGA3-CG302-FGA3	-0.0013555968199696622	-0.00034489687546468417	-0.00026506891527589005	4.779452588563222e-06	7.02606728009457e-13	0.0021060073017873135	-0.00027810405622817966	-7.075645105843535e-05	-5.437954665597288e-05	0.0004320526313172699	0.00020734760516974432	0.00022372450957220677
ANGLE|B|O2-S1-O3	angle	OG2P1-SG3O1-OG2P1	LAMBDA_CS	-0.0007493437820471627	-0.004112805452649582	-0.0023713227184885	9.558888426646742e-05	1.4052049222997582e-11	0.005081029491310223	-1.537297389804623e-05	-8.43752258790944e-05	-4.8648274835318985e-05	0.00010423858263255597	6.900225198104817e-05	3.327530093727275e-05
ANGLE|B|O2-S1-O3	angle	OG2P1-SG3O1-OG2P1	LAMBDA_CC	-0.008247076300591516	-0.0040785690753608606	0.0018420715085198935	9.558883147861298e-05	1.4052031934539107e-11	0.014353243865820677	-0.0001691908196766882	-8.367285809139446e-05	3.779055474571038e-05	0.00029446036463897144	8.551796158529375e-05	0.0002069813744223986
ANGLE|B|O2-S1-C2	angle	CG312-SG3O1-OG2P1	R_OG2P1-SG3O1	91.107181781787	90.45572039597971	91.51114601453969	0.004343409301896774	6.593607884196918e-10	1.0597690278618765	0.03738172948148421	0.03711443163716927	0.03754747801385704	0.000434828499110788	0.0002672978443149371	0.0001657485323728336
ANGLE|B|O2-S1-C2	angle	CG312-SG3O1-OG2P1	R_CG312-SG3O1	-23.542011161723053	-20.302312833340608	-20.36499231428479	0.004343363241755592	6.59345608792046e-10	6.421060539062463	-0.009659404181828613	-0.008330139856615789	-0.00835585755915989	0.002634593051405855	0.0013292643252128238	0.001303546622668723
ANGLE|B|O2-S1-C2	angle	CG312-SG3O1-OG2P1	R_CG312-CG312	-2.81075761090932	-3.2946118084780096	-2.986780425473512	0.0043433030425988565	6.593544443838513e-10	0.6642203151754801	-0.0011532678170277848	-0.0013517955990122467	-0.0012254908526647347	0.0002725328964457072	0.00019852778198446198	7.222303563694994e-05
ANGLE|B|O2-S1-C2	angle	CG312-SG3O1-OG2P1	R_CG302-CG312	0.209060150027085	-1.1453573865054523	-0.33690560231747213	0.004343350987921481	6.593481148570022e-10	1.9047266398650158	8.577841857065628e-05	-0.00046994582803049333	-0.0001382340430284926	0.0007815188066967978	0.0005557242466011496	0.00022401246159914887
ANGLE|B|O2-S1-C2	angle	CG312-SG3O1-OG2P1	TH_OG2P1-SG3O1-OG2P1	-0.5879475550443729	-0.5879083582294271	-0.589098950806239	4.343285184576018e-06	6.593761866852361e-13	0.0011949358619964424	-0.12061890194677526	-0.12061086062278639	-0.12085511364850088	0.0002451440614630271	8.041323988863813e-06	0.00023621170172562211
ANGLE|B|O2-S1-C2	angle	CG312-SG3O1-OG2P1	TH_FGA2-CG312-FGA2	-0.021741993939826898	-0.024192632790626334	-0.02409742497525258	4.343334275678738e-06	6.593399971662919e-13	0.004810413220500796	-0.0044604240848615155	-0.00496317873485615	-0.004943646614944083	0.0009868682258968942	0.0005027546499946347	0.0004832225300825674
ANGLE|B|O2-S1-C2	angle	CG312-SG3O1-OG2P1	TH_CG312-CG312-SG3O1	0.04195460121078298	0.04245022979718982	0.0432349189017458	4.3433450684661265e-06	6.593455713557432e-13	0.0017802896224381217	0.008607090694130992	0.008708770130252319	0.008869751049977375	0.00036523084000156947	0.0001016794361213269	0.00026266035584638324
ANGLE|B|O2-S1-C2	angle	CG312-SG3O1-OG2P1	TH_FGA3-CG302-FGA3	0.002938781949218594	0.0005584137307153014	0.0014472478304128344	4.343339197912669e-06	6.593474582138626e-13	0.003876245676506965	0.0006028984196541107	0.00011455996449513008	0.0002969064887702004	0.0007952214328723909	0.0004883384551589805	0.00030599193088391024
ANGLE|B|O2-S1-C2	angle	CG312-SG3O1-OG2P1	LAMBDA_CS	-0.04280166587165013	-0.058414478569517314	-0.045788748564490334	8.686646097174614e-05	1.3186962332679212e-11	0.018686761851679133	-0.0008780868114234391	-0.0011983875436503608	-0.000939367555146816	0.0003833635629831501	0.0003203007322269217	6.128074372337687e-05
ANGLE|B|O2-S1-C2	angle	CG312-SG3O1-OG2P1	LAMBDA_CC	-0.004518170224230289	-0.0058188314259410845	-0.0018245519376591801	8.686613030520245e-05	1.3187277693531776e-11	0.0040811456185871064	-9.269138489982205e-05	-0.00011937477266274745	-3.7431136395949834e-05	8.372571651594302e-05	2.6683387762925395e-05	5.526024850387222e-05
ANGLE|B|O3-S1-C2	angle	CG312-SG3O1-OG2P1	R_OG2P1-SG3O1	99.16809132165838	95.71089966869906	97.80617490120846	0.004344925410640611	6.647702777800111e-10	4.82345299881988	0.040689160727858525	0.03927065781064497	0.040130359651917136	0.001979086737644909	0.0014185029172135571	0.0005588010759413897
ANGLE|B|O3-S1-C2	angle	CG312-SG3O1-OG2P1	R_CG312-SG3O1	-17.93144419422532	-19.2957727387153	-18.979129705634534	0.00434488866078872	6.647445632111245e-10	2.4163589445599807	-0.007357360670932981	-0.007917151453356096	-0.007787231243188998	0.0009914440840904494	0.0005597907824231151	0.0004298705722560166
ANGLE|B|O3-S1-C2	angle	CG312-SG3O1-OG2P1	R_CG312-CG312	-8.484746342055871	-9.685399624071778	-8.98645720194935	0.004344808446614213	6.647449879396597e-10	1.7067089503559991	-0.0034813335927503224	-0.0039739676015255465	-0.003687188052033027	0.000700271164556973	0.0004926340087752241	0.00020585445928270442
ANGLE|B|O3-S1-C2	angle	CG312-SG3O1-OG2P1	R_CG302-CG312	0.7841158254748848	-2.020526921629795	-0.7102149034849958	0.004344849179837909	6.647362503902749e-10	4.3033183252443985	0.0003217266201939794	-0.0008290322378243095	-0.0002914047046190368	0.0017656728960433938	0.0011507588580182888	0.0006131313248130162
ANGLE|B|O3-S1-C2	angle	CG312-SG3O1-OG2P1	TH_OG2P1-SG3O1-OG2P1	-0.5615215754215654	-0.5593798861300989	-0.5607602858631111	4.344809635382466e-06	6.647538520301246e-13	0.002907323659556239	-0.11519754655950719	-0.11475817367933872	-0.11504136611481196	0.0005964446733571123	0.0004393728801684732	0.00015618044469523085
ANGLE|B|O3-S1-C2	angle	CG312-SG3O1-OG2P1	TH_FGA2-CG312-FGA2	0.020675096976148666	0.020979772428841414	0.020819626408794534	4.344846113575479e-06	6.647308391350634e-13	0.00045354973145219203	0.004241547521560721	0.004304052447788644	0.004271198093818682	9.304685446287711e-05	6.250492622792304e-05	2.9650572257961492e-05
ANGLE|B|O3-S1-C2	angle	CG312-SG3O1-OG2P1	TH_CG312-CG312-SG3O1	-0.053492150678160044	-0.05137532702394765	-0.050985771676728575	4.344853973421281e-06	6.647407844124664e-13	0.004627547509617287	-0.010974047637776405	-0.010539776004880867	-0.010459857757367255	0.0009493528708941498	0.000434271632895538	0.0005141898804091501
ANGLE|B|O3-S1-C2	angle	CG312-SG3O1-OG2P1	TH_FGA3-CG302-FGA3	0.0011630179331234558	0.0012077004863328966	0.00040311498671030677	4.344850685412599e-06	6.647443754679925e-13	0.0008089303503080025	0.00023859601903978005	0.0002477627558653025	8.270004125047591e-05	0.00016595407152974323	9.16673682552243e-06	0.00015589597778930414
ANGLE|B|O3-S1-C2	angle	CG312-SG3O1-OG2P1	LAMBDA_CS	-0.10405590550902843	-0.06669572422921988	-0.10242784709447506	8.689684817290821e-05	1.3294789564770984e-11	0.03907513654253485	-0.0021347327590518117	-0.0013682793562201801	-0.002101332736110341	0.000801636136206937	0.0007664534028316316	3.340002294147061e-05
ANGLE|B|O3-S1-C2	angle	CG312-SG3O1-OG2P1	LAMBDA_CC	0.028617623389806113	0.007609511129871294	0.0009985576011217745	8.689644450060881e-05	1.329509802975389e-11	0.04871407449311976	0.00058709765522271	0.00015611101176661403	2.0485657325137505e-05	0.0009993813435060655	0.000430986643456096	0.0005666119978975726
ANGLE|B|C1-C3-C4	angle	CG302-CG312-CG312	R_OG2P1-SG3O1	-3.756287085863619	-3.7952765151167966	-2.5732463237204684	0.004603510479492416	7.275700386067715e-10	1.2266337018758207	-0.002669476991811506	-0.0026971855726350856	-0.0018287265319221493	0.000871730613152864	2.7708580823579756e-05	0.0008407504598893565
ANGLE|B|C1-C3-C4	angle	CG302-CG312-CG312	R_CG312-SG3O1	-5.203027055081577	-4.294352265475254	-5.941822719947254	0.004603501272568001	7.275869408932659e-10	1.6520739557445678	-0.0036976303178700475	-0.003051863264275542	-0.004222669534502653	0.0011740778361239628	0.0006457670535945054	0.0005250392166326057
ANGLE|B|C1-C3-C4	angle	CG302-CG312-CG312	R_CG312-CG312	-119.60522995776302	-125.703478678453	-122.76235728808871	0.004603544173866239	7.275677529949668e-10	9.25997959518954	-0.08499973568957529	-0.08933357234212792	-0.08724340838441301	0.006580780943775817	0.004333836652552631	0.0022436726948377173
ANGLE|B|C1-C3-C4	angle	CG302-CG312-CG312	R_CG302-CG312	-74.6153253392805	-73.24020314597135	-74.80120335880969	0.004603644796240461	7.27573460972476e-10	1.5656038576345777	-0.053026802711471775	-0.052049545922505075	-0.053158900467866387	0.0011126262132559969	0.0009772567889667003	0.0001320977563946113
ANGLE|B|C1-C3-C4	angle	CG302-CG312-CG312	TH_OG2P1-SG3O1-OG2P1	-0.003546525544173562	-0.002563479574227756	-0.002125310581334361	4.603533024088446e-06	7.275799612075135e-13	0.002408864465809096	-0.0012602029776521242	-0.0009108928026472212	-0.0007551962306977408	0.0008559527161901234	0.00034931017500490296	0.0005050067469543833
ANGLE|B|C1-C3-C4	angle	CG302-CG312-CG312	TH_FGA2-CG312-FGA2	0.016058062899361403	0.01864428122059536	0.01865984528654252	4.603504092928036e-06	7.275835612564089e-13	0.0051926042125080025	0.005705984189045502	0.006624956853610642	0.006630487303626209	0.0018451115630964438	0.0009189726645651396	0.000924503114580707
ANGLE|B|C1-C3-C4	angle	CG302-CG312-CG312	TH_CG312-CG312-SG3O1	-0.0040268368968483514	-0.007597851027451696	-0.007210505106741039	4.6035183328763675e-06	7.275745736299461e-13	0.0067592858588289085	-0.0014308741850921195	-0.00269977880302652	-0.002562141423404961	0.0024018076452577844	0.0012689046179344006	0.0011312672383128413
ANGLE|B|C1-C3-C4	angle	CG302-CG312-CG312	TH_FGA3-CG302-FGA3	0.07389884621614584	0.07366008052543549	0.07096266960365227	4.603488292519546e-06	7.275771108211862e-13	0.0031795457914964398	0.02625881158522564	0.02617396989139132	0.025215486656675272	0.0011298024007208455	8.484169383431855e-05	0.0010433249285503668
ANGLE|B|C1-C3-C4	angle	CG302-CG312-CG312	LAMBDA_CS	-0.017543388720895337	0.044661019309018	0.04375266243130227	9.20701424829144e-05	1.4551632384043075e-11	0.12359252932459386	-0.000623377173766637	0.0015869602183090645	0.0015546831621364744	0.0043916692980342	0.0022103373920757015	0.0021780603359031116
ANGLE|B|C1-C3-C4	angle	CG302-CG312-CG312	LAMBDA_CC	-0.060803409657381735	-0.05043354723845539	-0.0586449105446718	9.207052390733114e-05	1.4551448573875077e-11	0.012620432055543609	-0.002160555082636238	-0.0017920780665988678	-0.0020838561564557865	0.00044844752582653437	0.0003684770160373701	7.669892618045139e-05
ANGLE|B|C2-C1-C3	angle	CG312-CG312-CG312	R_OG2P1-SG3O1	-2.6826150915724156	-1.3932586553124793	0.0019891520537385077	0.00461175502613256	7.196555168992098e-10	3.978572434912223	-0.001906451530765368	-0.0009901458112709168	1.4136288093242782e-06	0.002827448310653237	0.0009163057194944513	0.0019078651595746923
ANGLE|B|C2-C1-C3	angle	CG312-CG312-CG312	R_CG312-SG3O1	-19.48142072853898	-18.300585458035812	-16.516192395457097	0.004611729586107201	7.196573835067041e-10	4.150675333171155	-0.013844842849831826	-0.013005659764601005	-0.011737546833928459	0.0029497565146388407	0.000839183085230821	0.002107296015903367
ANGLE|B|C2-C1-C3	angle	CG312-CG312-CG312	R_CG312-CG312	-176.90050759158282	-181.3307425531967	-179.51998440508987	0.004611841023147435	7.196693032381205e-10	7.054323616144074	-0.12571771647398852	-0.12886614736545435	-0.12757929758437722	0.005013289494554055	0.0031484308914658254	0.0018615811103886992
ANGLE|B|C2-C1-C3	angle	CG312-CG312-CG312	R_CG302-CG312	-24.234973036115548	-26.293617452914475	-26.145328572972915	0.004611766744579792	7.196473133883765e-10	3.9736117204008736	-0.017223045373862458	-0.018686060255139154	-0.018580675937035447	0.0028239228843617192	0.001463014881276696	0.0013576305631729894
ANGLE|B|C2-C1-C3	angle	CG312-CG312-CG312	TH_OG2P1-SG3O1-OG2P1	-0.005846108443527953	-0.006344569828776514	-0.006154986481142544	4.6117222624457484e-06	7.196502514445546e-13	0.0008119511451255972	-0.0020773241800879035	-0.002254444720772242	-0.00218707921156448	0.0002885142763108925	0.00017712054068433824	0.00010975503147657656
ANGLE|B|C2-C1-C3	angle	CG312-CG312-CG312	TH_FGA2-CG312-FGA2	0.01442705611952988	0.012402766935661447	0.015443194939926741	4.611749785149275e-06	7.196501462772142e-13	0.0030450397540504434	0.005126431165977272	0.004407131325791166	0.0054875003733528644	0.0010820077614914438	0.0007192998401861061	0.0003610692073755927
ANGLE|B|C2-C1-C3	angle	CG312-CG312-CG312	TH_CG312-CG312-SG3O1	0.0949140756802791	0.09415800286992138	0.09632362736472544	4.611751891222158e-06	7.196412147355789e-13	0.002170236246695286	0.033726248212110205	0.03345758943746809	0.03422711059355057	0.000771159870760577	0.00026865877464211235	0.0005008623814403632
ANGLE|B|C2-C1-C3	angle	CG312-CG312-CG312	TH_FGA3-CG302-FGA3	0.025944579972879467	0.021154465009580292	0.020912409740127202	4.611744261160368e-06	7.19641771942782e-13	0.0098268969403126	0.009219005059605542	0.007516911823603688	0.00743090122886194	0.0034918357787123372	0.0017020932360018535	0.0017881038307436016
ANGLE|B|C2-C1-C3	angle	CG312-CG312-CG312	LAMBDA_CS	0.004865946787333542	0.005259757286566469	0.0074253615723307576	9.22347116740903e-05	1.4393103488643288e-11	0.0030454599959042336	0.000172903890134632	0.00018689733689210213	0.0002638487344033899	0.0001082157087931895	1.3993446757470116e-05	9.094484426875788e-05
ANGLE|B|C2-C1-C3	angle	CG312-CG312-CG312	LAMBDA_CC	0.09646181130065656	0.08113655646447171	0.06381352008745012	9.223502517684447e-05	1.4393332582092404e-11	0.048065781074568145	0.003427621211709949	0.002883061993475467	0.0022675146993029168	0.0017079431595483118	0.0005445592182344822	0.0011601065124070323
PES|T_CC_000	profile_energy	T_CC	R_OG2P1-SG3O1	32.493320340583054	32.486646576183276	32.49086815320368	1.126274877937734e-09	1.479860251968996e-10	0.009125952905429084	0.0663267124026885	0.06631308963815266	0.06632170689616086	1.8628273362475737e-05	1.3622764535842213e-05	5.0055065276416455e-06
PES|T_CC_000	profile_energy	T_CC	R_CG312-SG3O1	38.47292403728453	38.476553476338715	38.47588865081164	1.126273621740102e-09	1.479853970980837e-10	0.0065940537075727034	0.07853252733683737	0.07853993589828344	0.07853857882885902	1.3460055766717272e-05	7.408561446070605e-06	6.05149202165256e-06
PES|T_CC_000	profile_energy	T_CC	R_CG312-CG312	-232.1869886327672	-232.16260182104432	-232.18911460361014	1.126304833219831e-09	1.4800100283794818e-10	0.02651278369212174	-0.47394970588639806	-0.4738999265154194	-0.4739540455062091	5.411899308873444e-05	4.977937097866425e-05	4.339619811055684e-06
PES|T_CC_000	profile_energy	T_CC	R_CG302-CG312	-44.247282080903005	-44.235691865020854	-44.24580184177884	1.1262835362601812e-09	1.4799035435812328e-10	0.013070456132597856	-0.09031938633600486	-0.09029572790690489	-0.09031636481054528	2.667995685857995e-05	2.365842909997362e-05	3.021525459584451e-06
PES|T_CC_000	profile_energy	T_CC	TH_OG2P1-SG3O1-OG2P1	-0.01552861448171683	-0.0155209372765297	-0.015533672481119254	1.126245280484304e-12	1.4797122647018462e-13	1.2735205715798743e-05	-0.015848825788583206	-0.01584099027385024	-0.015853988087606224	1.2997814905451135e-05	7.83551473296576e-06	5.16229902301768e-06
PES|T_CC_000	profile_energy	T_CC	TH_FGA2-CG312-FGA2	0.1360068684089395	0.13611532781787705	0.13600656420865143	1.126249857800332e-12	1.479735151281985e-13	0.00010876361035187598	0.13881142879823283	0.13892212471894153	0.13881111832511392	0.00011100639497707771	0.00011069592070869771	3.1047311890852747e-07
PES|T_CC_000	profile_energy	T_CC	TH_CG312-CG312-SG3O1	-0.10678458386508005	-0.10676121163240904	-0.10677602227067418	1.1262666081408647e-12	1.47981890298465e-13	3.193382820315757e-05	-0.10898655952703486	-0.1089627053419542	-0.10897782138633524	3.259232692976443e-05	2.3854185080662837e-05	8.738140699612873e-06
PES|T_CC_000	profile_energy	T_CC	TH_FGA3-CG302-FGA3	0.06632404084619914	0.06633999174169425	0.06632125859118077	1.1262901296304017e-12	1.4799365104323343e-13	1.8733151639773694e-05	0.06769169073029056	0.06770797054483367	0.06768885110315334	1.911944282984481e-05	1.6279814543107562e-05	2.839627137221634e-06
PES|T_CC_000	profile_energy	T_CC	LAMBDA_CS	0.1335871087452034	0.13326226860421286	0.1335568339961668	2.252555272010096e-11	2.9597480846111334e-12	0.0003551149125527055	0.013634177193309865	0.013601023335251509	0.013631087289675261	3.6243763991966565e-05	3.3153858058356314e-05	3.089903634604166e-06
PES|T_CC_000	profile_energy	T_CC	LAMBDA_CC	0.9760005201004063	0.9760231267327946	0.9761254574091538	2.25255560536929e-11	2.9597497514071017e-12	0.0001475439636613642	0.09961263595570802	0.09961494323546444	0.09962538731638586	1.5058642733253568e-05	2.3072797564194225e-06	1.2751360677840107e-05
PES|T_CC_030	profile_energy	T_CC	R_OG2P1-SG3O1	18.70880297359001	18.707775939232896	18.71120023709416	1.0204365852930594e-09	9.506687887456228e-11	0.0034242988817018874	0.0381891841529668	0.0381870877278641	0.0381940775466036	6.989820822460568e-06	2.096425102703081e-06	4.893393636802579e-06
PES|T_CC_030	profile_energy	T_CC	R_CG312-SG3O1	63.59388251350406	63.59310499784865	63.59667449055895	1.0204307426039083e-09	9.506395752998676e-11	0.0035694937307287926	0.12981046910048893	0.1298088820033033	0.1298161681997873	7.286198566957532e-06	1.5870971856457583e-06	5.699099298372978e-06
PES|T_CC_030	profile_energy	T_CC	R_CG312-CG312	-131.52936183723708	-131.4987268369978	-131.5336719640303	1.0204375248575445e-09	9.506734865680481e-11	0.03494512805293805	-0.26848318557927453	-0.2684206521468943	-0.26849198358874965	7.133144393826371e-05	6.253343238021847e-05	8.79800947511944e-06
PES|T_CC_030	profile_energy	T_CC	R_CG302-CG312	-71.50372533365167	-71.48010842047059	-71.49852821223756	1.0204342339801826e-09	9.506570321812393e-11	0.02881403561563439	-0.14595636814630455	-0.1459081603241435	-0.14594575956664133	5.881640390723802e-05	4.820782216105601e-05	1.0608579663229367e-05
PES|T_CC_030	profile_energy	T_CC	TH_OG2P1-SG3O1-OG2P1	-0.08192807281931191	-0.08173868443092713	-0.08192944841873828	1.020403948540003e-12	9.505056049803408e-14	0.00019076398883155284	-0.08361748917370743	-0.08342419545922795	-0.08361889313899287	0.00019469768080637227	0.00019329371447947274	1.4039652854458406e-06
PES|T_CC_030	profile_energy	T_CC	TH_FGA2-CG312-FGA2	0.009818429527485684	0.009896834250000097	0.009820177199450164	1.0203869537142951e-12	9.504206308518021e-14	8.015239549928095e-05	0.010020892674089862	0.01010091415891687	0.01002267638431934	8.18051960979122e-05	8.002148482700797e-05	1.783710229477653e-06
PES|T_CC_030	profile_energy	T_CC	TH_CG312-CG312-SG3O1	-0.09872582843451294	-0.09872639332468935	-0.0987175808120222	1.0204182377718046e-12	9.50577051139349e-14	8.812513687573897e-06	-0.10076162670754638	-0.10076220324616843	-0.10075320901309077	8.994234119103592e-06	5.765386220518698e-07	8.41769445560081e-06
PES|T_CC_030	profile_energy	T_CC	TH_FGA3-CG302-FGA3	0.10356963299808797	0.10350447438019827	0.10356484196259519	1.0204467470191067e-12	9.507195973758598e-14	6.994965440291958e-05	0.10570531403859777	0.10563881180269163	0.10570042420847409	7.139206707132488e-05	6.650223590613791e-05	4.889830123686045e-06
PES|T_CC_030	profile_energy	T_CC	LAMBDA_CS	-0.1682760096964664	-0.16855490582934785	-0.16835502041109507	2.0408721088036747e-11	1.9013322685790255e-12	0.00035790686791885767	-0.01717459832116571	-0.01720306303853217	-0.017182662318459583	3.652871674328732e-05	2.846471736646025e-05	8.063997293871611e-06
PES|T_CC_030	profile_energy	T_CC	LAMBDA_CC	0.6075416145363377	0.6076801780592689	0.6076511591993317	2.0408659623638136e-11	1.9013015363797204e-12	0.0002481082063337929	0.06200695638002878	0.06202109846036811	0.06201813673537796	2.532243777145659e-05	1.4142080339327179e-05	1.118035534918016e-05
PES|T_CC_060	profile_energy	T_CC	R_OG2P1-SG3O1	5.953863259560155	5.9568800443954295	5.9521577584851215	9.082907242826987e-10	3.899394836938198e-11	0.004722286818598712	0.012153272486855183	0.012159430473113674	0.01214979114736385	9.639327603864794e-06	6.157986258491233e-06	3.4813394913322387e-06
PES|T_CC_060	profile_energy	T_CC	R_CG312-SG3O1	26.730179204110804	26.725314023362976	26.730271979565234	9.082876240368579e-10	3.899239824646158e-11	0.004957957110545542	0.054562749819354696	0.05455281881073921	0.054562939196458035	1.012038757286686e-05	9.931008615488013e-06	1.8937710333927216e-07
PES|T_CC_060	profile_energy	T_CC	R_CG312-CG312	-85.9078456735185	-85.90530444604427	-85.9072905161331	9.08309592920161e-10	3.900338268811315e-11	0.0030963857679268667	-0.1753586556682365	-0.17535346840937635	-0.17535752245796887	6.320470981863896e-06	5.187258860145372e-06	1.1332102676231415e-06
PES|T_CC_060	profile_energy	T_CC	R_CG302-CG312	-36.980132183556336	-36.9749337744385	-36.980398052222526	9.082852795325936e-10	3.899122599432938e-11	0.005464278692313861	-0.0754853787253228	-0.07547476751714534	-0.07548592142746509	1.1153912173776235e-05	1.061120817745509e-05	5.427021422949041e-07
PES|T_CC_060	profile_energy	T_CC	TH_OG2P1-SG3O1-OG2P1	-0.03220034826027751	-0.03211603816085096	-0.032202040579111024	9.082770738111818e-13	3.8987123133623533e-14	8.600241916834423e-05	-0.0328643428239983	-0.03277829418909898	-0.03286607003967505	8.777585150308274e-05	8.604863489931891e-05	1.7272156767542124e-06
PES|T_CC_060	profile_energy	T_CC	TH_FGA2-CG312-FGA2	0.03734240328262395	0.037317598346677805	0.03733688062846552	9.082335859741652e-13	3.896537921511523e-14	3.032759101280656e-05	0.038112430754858435	0.03808711432312074	0.03810679421956093	3.0952967962163735e-05	2.5316431737698597e-05	5.636535297504075e-06
PES|T_CC_060	profile_energy	T_CC	TH_CG312-CG312-SG3O1	-0.028813591184870813	-0.028803950752927854	-0.028806000137906018	9.082856693060447e-13	3.8991420881055e-14	1.72314798160389e-05	-0.02940774835837036	-0.029397909133720243	-0.029400000778504836	1.7586805442651103e-05	9.839224650115552e-06	7.747579865522575e-06
PES|T_CC_060	profile_energy	T_CC	TH_FGA3-CG302-FGA3	0.046179710119383266	0.04611559927067388	0.04617736977832232	9.082743338198929e-13	3.89857531379791e-14	6.645119067860782e-05	0.04713196927588744	0.04706653641492295	0.04712958067529435	6.782146248457459e-05	6.543286096449136e-05	2.3886005930881526e-06
PES|T_CC_060	profile_energy	T_CC	LAMBDA_CS	-0.03050133958652168	-0.030568918306643766	-0.03047714085085751	1.816580168021007e-11	7.798725646656882e-13	9.177747395205886e-05	-0.003113029935763807	-0.0031199271600042015	-0.003110560162647236	9.366999211004937e-06	6.8972242403945484e-06	2.4697731165709315e-06
PES|T_CC_060	profile_energy	T_CC	LAMBDA_CC	0.08472759692399912	0.08451175617710582	0.08466837331022603	1.8165783714382305e-11	7.798635817518065e-13	0.0002750643788321609	0.008647474149833476	0.008625444995850568	0.008641429665063987	2.807364060643352e-05	2.202915398290782e-05	6.044484769488628e-06
PES|T_CC_090	profile_energy	T_CC	R_OG2P1-SG3O1	36.09326162201265	36.082559266790156	36.09783853334125	9.234008337719338e-10	4.6549003113999534e-11	0.01527926747449807	0.0736750617722581	0.07365321568114051	0.07368440435338565	3.118867413001972e-05	2.1846091117591615e-05	9.34258112754438e-06
PES|T_CC_090	profile_energy	T_CC	R_CG312-SG3O1	-22.42822175561665	-22.44486052216765	-22.439074269837267	9.234046100720927e-10	4.6550891264078995e-11	0.02749128169502161	-0.0457814159493746	-0.045815379689373964	-0.0458035685512636	5.6116343773265316e-05	3.3963739999365306e-05	2.2152601889001422e-05
PES|T_CC_090	profile_energy	T_CC	R_CG312-CG312	-60.883342274139714	-60.88646569000966	-60.885762951481844	9.234223403678076e-10	4.655975641193646e-11	0.005544094135495505	-0.12427760200571891	-0.12428397765166548	-0.12428254319265236	1.1316834764933843e-05	6.3756459465630355e-06	4.941186933449249e-06
PES|T_CC_090	profile_energy	T_CC	R_CG302-CG312	40.82666461269113	40.83517429570982	40.8321943968688	9.233989555523256e-10	4.6548064004195386e-11	0.014039468119753805	0.08333708016736324	0.08335445048508709	0.08334836779204909	2.8657944294556984e-05	1.7370317723849893e-05	1.1287624685843434e-05
PES|T_CC_090	profile_energy	T_CC	TH_OG2P1-SG3O1-OG2P1	0.08973299172382898	0.0895637051808078	0.08972850714985636	9.233812381230374e-13	4.6539205289551346e-14	0.00017377111791717402	0.09158335117365288	0.09141057381918555	0.09157877412450843	0.00017735440455420164	0.00017277735446732945	4.577049144444123e-06
PES|T_CC_090	profile_energy	T_CC	TH_FGA2-CG312-FGA2	-0.039580962512547835	-0.03945560465087228	-0.039578967222753114	9.23369698341829e-13	4.653343539894705e-14	0.00012735315239364718	-0.040397150701654755	-0.04026920786984163	-0.04039511426753557	0.00012997926687472572	0.00012794283181312427	2.0364341191819735e-06
PES|T_CC_090	profile_energy	T_CC	TH_CG312-CG312-SG3O1	-0.05526207360420665	-0.05525756709351093	-0.055268785297323486	9.234088450968172e-13	4.655300877644118e-14	1.1218204735966294e-05	-0.05640161769101384	-0.056397018252795125	-0.056408467784116505	1.1449532263829628e-05	4.599438218712282e-06	6.850093102667154e-06
PES|T_CC_090	profile_energy	T_CC	TH_FGA3-CG302-FGA3	-0.044714402568833744	-0.04472348409912752	-0.04471404499366649	9.233774309192307e-13	4.653730168764798e-14	9.439106384406205e-06	-0.045636446019598355	-0.04564571481764143	-0.045636081070971495	9.633747612350922e-06	9.268798043075843e-06	3.649486268603175e-07
PES|T_CC_090	profile_energy	T_CC	LAMBDA_CS	-0.20416682465104863	-0.20499975093092537	-0.204686520136228	1.8468234196531907e-11	9.31088822826606e-13	0.001352621783524362	-0.020837689283306475	-0.020922699465767	-0.020890730481653044	0.00013805138269200055	8.50101824605258e-05	5.3041198346568535e-05
PES|T_CC_090	profile_energy	T_CC	LAMBDA_CC	-0.1632834081214174	-0.16363909109703645	-0.1635074795339353	1.846816131100429e-11	9.310523800627982e-13	0.0005797544066051163	-0.016665043056670478	-0.01670134479835637	-0.01668791224944604	5.9170936346357516e-05	3.630174168589226e-05	2.2869192775561153e-05
PES|T_CC_120	profile_energy	T_CC	R_OG2P1-SG3O1	-16.710766246056163	-16.709983479624935	-16.714614835922514	8.899030423818919e-10	2.980010741897859e-11	0.004631357187482757	-0.034110708761468274	-0.03410911094618137	-0.03411856466263645	9.453718271586801e-06	1.5978152869064455e-06	7.85590116817586e-06
PES|T_CC_120	profile_energy	T_CC	R_CG312-SG3O1	-7.983376663001973	-7.986808365439746	-7.984658789316423	8.898927184010055e-10	2.979494542853536e-11	0.004713829642115756	-0.016295999373998275	-0.016303004307266285	-0.01629861650337844	9.622064464658203e-06	7.004933268009439e-06	2.6171293801662e-06
PES|T_CC_120	profile_energy	T_CC	R_CG312-CG312	-138.0082483576719	-138.00739493755975	-138.00956282050691	8.899320202446523e-10	2.9814596350358735e-11	0.0021678838370945454	-0.281708157309659	-0.28170641527314977	-0.28171084044568534	4.42517435209044e-06	1.7420365092113421e-06	2.6831360263601667e-06
PES|T_CC_120	profile_energy	T_CC	R_CG302-CG312	-4.87459383293487	-4.870336152366095	-4.871739490678539	8.898964415683376e-10	2.979680701220142e-11	0.00711202371500292	-0.009950222995006752	-0.009941532040939033	-0.009944396593274023	1.4517357616941973e-05	8.690954067719359e-06	5.826401732729122e-06
PES|T_CC_120	profile_energy	T_CC	TH_OG2P1-SG3O1-OG2P1	-0.06620549306238033	-0.06608689060916584	-0.0662099250889101	8.898824170353732e-13	2.9789794745719154e-14	0.00012303448063414858	-0.06757069840508478	-0.06744965028316069	-0.06757522182321997	0.00012557154096750107	0.00012104812192409442	4.523418135185531e-06
PES|T_CC_120	profile_energy	T_CC	TH_FGA2-CG312-FGA2	0.16511947332313603	0.16507269012111625	0.1651206324226817	8.898942140794749e-13	2.979569326777002e-14	4.7942302455356526e-05	0.16852435676615932	0.1684766088605418	0.16852553976717932	4.8930907545751915e-05	4.77479056175123e-05	1.1830010200053476e-06
PES|T_CC_120	profile_energy	T_CC	TH_CG312-CG312-SG3O1	0.05836558711042095	0.0583756938462594	0.058369586022108066	8.898975693597944e-13	2.9797370907929806e-14	1.4105648415472763e-05	0.059569127899372576	0.05957944304344313	0.059573209271522536	1.4396517128752635e-05	1.0315144070550952e-05	4.081372149959683e-06
PES|T_CC_120	profile_energy	T_CC	TH_FGA3-CG302-FGA3	-0.016211248008723533	-0.01620164299916338	-0.016213230432241765	8.8989697678181e-13	2.9797074618937634e-14	1.1587433968283032e-05	-0.016545535714617716	-0.016535732642785662	-0.01654755901714845	1.1826375271036112e-05	9.803071832053395e-06	2.0233025307334063e-06
PES|T_CC_120	profile_energy	T_CC	LAMBDA_CS	-0.1573223542232327	-0.15751214811305037	-0.1573425058532507	1.7797970886246692e-11	5.95957167683998e-13	0.00020994553763363456	-0.016056645540846265	-0.016076016298610902	-0.01605870225797249	2.1427476707361983e-05	1.9370757764636953e-05	2.056717126226737e-06
PES|T_CC_120	profile_energy	T_CC	LAMBDA_CC	-0.07044206262905917	-0.07046867735061912	-0.07043650584847683	1.7797910191225192e-11	5.959268201732477e-13	3.217151994020766e-05	-0.007189462911265445	-0.0071921792649099515	-0.00718889577472214	3.283492004303465e-06	2.7163536445067374e-06	5.671365433052369e-07
PES|T_CC_150	profile_energy	T_CC	R_OG2P1-SG3O1	-27.69666507397228	-27.688637811603744	-27.70105807707923	8.610790363840295e-10	1.538810442004736e-11	0.012420266336566505	-0.05653558083999683	-0.05651919525930153	-0.05654454802003891	2.5352762495045714e-05	1.6385580695298108e-05	8.967180042077083e-06
PES|T_CC_150	profile_energy	T_CC	R_CG312-SG3O1	-7.144693699689286	-7.142151426684951	-7.14002853919693	8.610699263706846e-10	1.5383549413374896e-11	0.007207434357761988	-0.01458404494393042	-0.014578855550890859	-0.0145745222249517	1.4712113775934213e-05	5.189393039561896e-06	9.522718978719966e-06
PES|T_CC_150	profile_energy	T_CC	R_CG312-CG312	-94.50273999294944	-94.48371213635276	-94.50691811711287	8.61095945112384e-10	1.5396558784224545e-11	0.023205981621206323	-0.19290291023136277	-0.19286406978172885	-0.19291143879159808	4.7369011626966534e-05	3.884044963392563e-05	8.528560235310234e-06
PES|T_CC_150	profile_energy	T_CC	R_CG302-CG312	-37.9642922452198	-37.955862842674435	-37.9567475160133	8.610718405984101e-10	1.5384506527237678e-11	0.015974132612939857	-0.07749428703890739	-0.0774770805930135	-0.07747888642490455	3.260706165437869e-05	1.7206445893883093e-05	1.5400614002833435e-05
PES|T_CC_150	profile_energy	T_CC	TH_OG2P1-SG3O1-OG2P1	-0.05901069789364233	-0.05889827397663716	-0.05901759314973698	8.610585274799635e-13	1.5377849968014368e-14	0.0001193191739608774	-0.06022754133539741	-0.060112799155585886	-0.06023457877667979	0.0001217796219727212	0.00011474217981152085	7.037441282380097e-06
PES|T_CC_150	profile_energy	T_CC	TH_FGA2-CG312-FGA2	0.06134630634428773	0.06128768723494271	0.061346523593929225	8.610634992486566e-13	1.5380335852360942e-14	5.8836359847577236e-05	0.06261131172831975	0.06255148385037321	0.06261153345780661	6.00496083122252e-05	5.98278779465472e-05	2.21729486854505e-07
PES|T_CC_150	profile_energy	T_CC	TH_CG312-CG312-SG3O1	0.05984718333329342	0.059847694165750476	0.05984698414184997	8.610709851260198e-13	1.5384078791042476e-14	7.100247615785466e-07	0.06108127571223609	0.06108179707842935	0.06108107241332043	7.24665987753634e-07	5.21366193266537e-07	2.0329891566028824e-07
PES|T_CC_150	profile_energy	T_CC	TH_FGA3-CG302-FGA3	0.030978484889101265	0.03094429050621411	0.030985626491754292	8.61072567799187e-13	1.5384870127626158e-14	4.133598640125326e-05	0.031617283742840514	0.03158238424694765	0.03162457261052619	4.218836445737284e-05	3.4899495892866395e-05	7.288867685674438e-06
PES|T_CC_150	profile_energy	T_CC	LAMBDA_CS	-0.13940075734703683	-0.13969309303417776	-0.1395497660253353	1.7221492463987366e-11	3.0771795655433583e-13	0.0004413443826609036	-0.014227530219073897	-0.014257366605203112	-0.014242738353618806	4.504452243178572e-05	2.9836386129215506e-05	1.520813454490913e-05
PES|T_CC_150	profile_energy	T_CC	LAMBDA_CC	-0.02233830291826111	-0.022180260342973268	-0.022162985881932773	1.7221444232804597e-11	3.0769384096295096e-13	0.0003333596288376239	-0.0022798934945610053	-0.0022637633417655636	-0.002262000274468447	3.402337464565696e-05	1.6130152795441714e-05	1.789322009255849e-05
PES|T_CC_180	profile_energy	T_CC	R_OG2P1-SG3O1	-32.363056306883294	-32.36073171874998	-32.369431140176985	8.695011172930925e-10	1.9599144874578823e-11	0.008699422296504646	-0.06606081205735423	-0.06605606701169695	-0.06607382463132494	1.7757621402856176e-05	4.745045657283953e-06	1.3012573970710983e-05
PES|T_CC_180	profile_energy	T_CC	R_CG312-SG3O1	-36.670313934751285	-36.68021361890528	-36.67704811806893	8.69503770544295e-10	1.96004715001801e-11	0.016633868341143745	-0.07485296487317694	-0.07487317251883693	-0.07486671096731244	3.3953741570364535e-05	2.0207645659992002e-05	1.3746094135499987e-05
PES|T_CC_180	profile_energy	T_CC	R_CG312-CG312	-4.835135536926272	-4.83131053537289	-4.835061174713218	8.694969771840017e-10	1.9597074820033474e-11	0.00389936463593227	-0.009869679085556115	-0.009861871333830168	-0.009869527294324344	7.959544732572966e-06	7.807751725947415e-06	1.517912317713921e-07
PES|T_CC_180	profile_energy	T_CC	R_CG302-CG312	-7.592688662284797	-7.612742585504373	-7.608730953154952	8.695039853569607e-10	1.9600578906513023e-11	0.03609621495923539	-0.015498510832010618	-0.015539445731368045	-0.015531257021124942	7.368109024661983e-05	4.093489935742649e-05	3.2746189114323324e-05
PES|T_CC_180	profile_energy	T_CC	TH_OG2P1-SG3O1-OG2P1	0.011909053089866228	0.011902620873864733	0.011907949088790781	8.695018329556948e-13	1.959950270588006e-14	7.536217946444019e-06	0.012154626412453184	0.012148061559486922	0.01215349964607388	7.691620232997138e-06	6.564852966262427e-06	1.126766379304367e-06
PES|T_CC_180	profile_energy	T_CC	TH_FGA2-CG312-FGA2	-0.19951892284787287	-0.19935117546020553	-0.19952911923064054	8.695309920335842e-13	1.961408224482468e-14	0.0001779437713045383	-0.2036331479195887	-0.20346194145897628	-0.20364355455917324	0.00018161310108442592	0.0001712064606124164	1.0406639584542576e-05
PES|T_CC_180	profile_energy	T_CC	TH_CG312-CG312-SG3O1	0.05400771348135747	0.05401218680162523	0.054010581076601394	8.695020371113529e-13	1.9599604783709042e-14	7.340916381190843e-06	0.05512139175156579	0.055125957314945816	0.055124318478705976	7.492291407648324e-06	4.56556338002817e-06	2.9267271401886563e-06
PES|T_CC_180	profile_energy	T_CC	TH_FGA3-CG302-FGA3	0.0010901121393402935	0.0010715755216897938	0.0010724259636709643	8.695072463813148e-13	1.960220941868997e-14	3.622279418933616e-05	0.0011125910432489483	0.0010936721870819512	0.0010945401657943303	3.6969734509052096e-05	1.8918856166997037e-05	1.8050877454618003e-05
PES|T_CC_180	profile_energy	T_CC	LAMBDA_CS	-0.21533630532504677	-0.21580262640416015	-0.21549400614244707	1.7389996020606867e-11	3.919697348640854e-13	0.0006240219139036673	-0.0219776696309387	-0.022025263326777525	-0.021993764903215807	6.368896989079003e-05	4.759369583882608e-05	1.6095272277107803e-05
PES|T_CC_180	profile_energy	T_CC	LAMBDA_CC	0.02084735836280771	0.020852069685706187	0.020860101601338776	1.739006378011699e-11	3.92003614619148e-13	1.7454578819605607e-05	0.0021277246030759417	0.0021282054504557233	0.002129025204412262	1.7814504909676856e-06	4.80847379781546e-07	1.300601336320234e-06
PES|T_CC_210	profile_energy	T_CC	R_OG2P1-SG3O1	-30.203864096677858	-30.19624288910133	-30.206694164435998	8.496106273348888e-10	9.649827932513535e-12	0.010451276184277459	-0.06165337941435794	-0.061637822689536	-0.061659156265978725	2.133357817698479e-05	1.5556724821938483e-05	5.776851620786783e-06
PES|T_CC_210	profile_energy	T_CC	R_CG312-SG3O1	-14.408914260277239	-14.418636593929223	-14.413693258245708	8.496099210351712e-10	9.653546745618242e-12	0.014501332470062894	-0.029412073070992806	-0.029431918701456512	-0.02942182815974659	2.9600720951756425e-05	1.984563046370652e-05	9.755088753785751e-06
PES|T_CC_210	profile_energy	T_CC	R_CG312-CG312	-45.45616336639579	-45.446920311543984	-45.45771835850854	8.496283536712552e-10	9.643974724763311e-12	0.010798047814180908	-0.0927870049268858	-0.09276813762017623	-0.09279017904124437	2.2041422802432047e-05	1.8867306709566267e-05	3.1741143585728437e-06
PES|T_CC_210	profile_energy	T_CC	R_CG302-CG312	1.386755221080227	1.3849694526171241	1.3869759526768943	8.496076649606892e-10	9.652418708377293e-12	0.002006500909377876	0.002830702241489196	0.0028270570568780656	0.00283115280797415	4.095752830338523e-06	3.6451846111302394e-06	4.505664849539272e-07
PES|T_CC_210	profile_energy	T_CC	TH_OG2P1-SG3O1-OG2P1	-0.04469060214710807	-0.044596891209906786	-0.04469948792638623	8.496499737138621e-13	9.658432190740305e-15	0.00010259671732909165	-0.04561215481589379	-0.045516511491118315	-0.04562122382639316	0.00010471233614201465	9.564332477547677e-05	9.069010499365704e-06
PES|T_CC_210	profile_energy	T_CC	TH_FGA2-CG312-FGA2	-0.09077188179959372	-0.09057909584124044	-0.09077822526350388	8.499228061621049e-13	9.64946338747916e-15	0.00019912942311336158	-0.09264366391717996	-0.09244690257237204	-0.0926501381879223	0.0002032356164177128	0.00019676134480792196	6.47427074233764e-06
PES|T_CC_210	profile_energy	T_CC	TH_CG312-CG312-SG3O1	0.042779490266132925	0.04278803998440489	0.04278493351804491	8.496385549336739e-13	9.653313553153222e-15	1.3992971033589958e-05	0.04366163442016059	0.04367036043983179	0.04366718991587967	1.4281516257433637e-05	8.726019671195795e-06	5.555495719081205e-06
PES|T_CC_210	profile_energy	T_CC	TH_FGA3-CG302-FGA3	-0.016360101769956947	-0.016342798275035875	-0.016359021449091737	8.49607505586219e-13	9.652339021142154e-15	1.838381663589007e-05	-0.01669745894849936	-0.016679798642947913	-0.016696356350633424	1.8762904284508115e-05	1.766030555144793e-05	1.1025978659366664e-06
PES|T_CC_210	profile_energy	T_CC	LAMBDA_CS	-0.1104159789340331	-0.11067456046964685	-0.11056212816204614	1.6992132061563822e-11	1.930377553425636e-13	0.00040473078061892476	-0.011269283659928233	-0.011295675027393192	-0.011284199953050467	4.130766232144521e-05	2.6391367464958376e-05	1.4916293122233318e-05
PES|T_CC_210	profile_energy	T_CC	LAMBDA_CC	-0.06089363950047666	-0.06106330124521997	-0.06108133052342257	1.6992167844899475e-11	1.930556470103901e-13	0.0003573527846813908	-0.00621493105654809	-0.006232247085860234	-0.006234087191361361	3.6472165859669687e-05	1.7316029312143717e-05	1.9156134813270997e-05
PES|T_CC_240	profile_energy	T_CC	R_OG2P1-SG3O1	-29.4569671340823	-29.45163290051389	-29.4598039647469	9.071896618192482e-10	3.844341713765676e-11	0.0081710651402005	-0.060128782373696496	-0.0601178939150203	-0.060134573030042285	1.66791168737786e-05	1.0888458676194812e-05	5.790656345788792e-06
PES|T_CC_240	profile_energy	T_CC	R_CG312-SG3O1	-14.975640564292458	-14.97716493481116	-14.97634519419222	9.071781419217734e-10	3.843765718891933e-11	0.0022290013256414426	-0.030568898294868387	-0.030572009903159857	-0.030570336614628324	4.549929903174017e-06	3.1116082914693644e-06	1.4383197599367181e-06
PES|T_CC_240	profile_energy	T_CC	R_CG312-CG312	-160.73540685014365	-160.71049518618528	-160.73681399199336	9.072146576356038e-10	3.845591504583453e-11	0.026318806715288988	-0.3280997753179232	-0.3280489245968052	-0.32810264763419617	5.372303924282784e-05	5.085072111804534e-05	2.872316272939379e-06
PES|T_CC_240	profile_energy	T_CC	R_CG302-CG312	-26.222774608508637	-26.227434545291526	-26.22433535779134	9.071818541476875e-10	3.843951330187641e-11	0.006220686972774527	-0.053527014525714234	-0.05353652658184065	-0.05353020039184676	1.2697924110730122e-05	9.5120561264192e-06	3.18586613252958e-06
PES|T_CC_240	profile_energy	T_CC	TH_OG2P1-SG3O1-OG2P1	-0.07083974219024869	-0.0707041844956382	-0.07083905165559257	9.071640709857332e-13	3.843062172089918e-14	0.00013624823017377525	-0.07230050911517455	-0.07216215612246467	-0.07229980434119238	0.00013905776761792665	0.00013835299270988088	7.047739821741672e-07
PES|T_CC_240	profile_energy	T_CC	TH_FGA2-CG312-FGA2	0.12020690948685431	0.12024708270757656	0.12021197552139107	9.071564514027827e-13	3.8426811929424e-14	4.52392561661673e-05	0.12268566324988148	0.12272666487158719	0.12269083374972914	4.6172122479236434e-05	4.100162170571353e-05	5.170499847662047e-06
PES|T_CC_240	profile_energy	T_CC	TH_CG312-CG312-SG3O1	0.03423047690380043	0.034223802455305874	0.034216169910492145	9.071808022406272e-13	3.843898734834627e-14	2.0981442710028357e-05	0.03493633419434818	0.03492952211387895	0.03492173218044872	2.1414095294586396e-05	6.812080469230375e-06	1.460201389946042e-05
PES|T_CC_240	profile_energy	T_CC	TH_FGA3-CG302-FGA3	0.025115029436304948	0.02509531155646516	0.025112107399856587	9.071838477801244e-13	3.844051011809478e-14	2.263991719533128e-05	0.025632919580802733	0.02561279510396232	0.02562993728984094	2.310676872809353e-05	2.0124476840414213e-05	2.9822909617914506e-06
PES|T_CC_240	profile_energy	T_CC	LAMBDA_CS	-0.19482825888623267	-0.1951123253871856	-0.19492868999761548	1.814370255624645e-11	7.688230026838771e-13	0.0003844976304794239	-0.01988457590608886	-0.019913568321936876	-0.019894826113471712	3.9242625082657735e-05	2.8992415848017733e-05	1.0250207382853788e-05
PES|T_CC_240	profile_energy	T_CC	LAMBDA_CC	-0.2038168343236091	-0.20394305881692	-0.20377040879302477	1.814363310821353e-11	7.687882786674169e-13	0.00017265004203884866	-0.020801968545092454	-0.020814851278494667	-0.020797230259218723	1.7621021127718515e-05	1.2882733402212743e-05	4.738285873731596e-06
PES|T_CC_270	profile_energy	T_CC	R_OG2P1-SG3O1	-7.272030206022961	-7.301811727294494	-7.302626466180406	8.91153441461593e-10	3.042530695882914e-11	0.06037778232013087	-0.014843969499052239	-0.014904760774784821	-0.014906423853571563	0.00012324563207096343	6.0791275732581876e-05	6.24543545193236e-05
PES|T_CC_270	profile_energy	T_CC	R_CG312-SG3O1	-23.234654540631006	-23.222793634082304	-23.227213983747497	8.911484082022222e-10	3.042279032914374e-11	0.019301464323358806	-0.04742753997865521	-0.04740332900454591	-0.04741235200551625	3.939894906730238e-05	2.42109741092969e-05	1.5187973138958144e-05
PES|T_CC_270	profile_energy	T_CC	R_CG312-CG312	-99.9886368708176	-99.98330825430202	-99.99466426386228	8.911614763292077e-10	3.042932439263648e-11	0.011356010451420871	-0.20410095034161635	-0.20409007334870125	-0.20411325370614858	2.3180359266411663e-05	1.0876992915104244e-05	1.2303364532229022e-05
PES|T_CC_270	profile_energy	T_CC	R_CG302-CG312	-25.025505829827654	-25.025299747848837	-25.024375154158562	8.911490722539048e-10	3.042312235498503e-11	0.0013367585390581538	-0.05108309986510289	-0.05108267920202516	-0.051080791883058016	2.728646941667312e-06	4.2066307773258593e-07	2.307982044875978e-06
PES|T_CC_270	profile_energy	T_CC	TH_OG2P1-SG3O1-OG2P1	0.00844599297550186	0.008424037290391873	0.008445368290153077	8.911407477208895e-13	3.041896008847736e-14	2.2580371349909787e-05	0.008620155483796075	0.008597747056515788	0.008619517916981779	2.3045995004099655e-05	2.2408427280287344e-05	6.375668142964003e-07
PES|T_CC_270	profile_energy	T_CC	TH_FGA2-CG312-FGA2	0.08335388675621447	0.083250986782206	0.08336217610719432	8.911196082876533e-13	3.040839037185927e-14	0.00011118932587944517	0.08507270442935748	0.08496768258316313	0.08508116471277392	0.00011348213052028213	0.00010502184619434751	8.460283416444891e-06
PES|T_CC_270	profile_energy	T_CC	TH_CG312-CG312-SG3O1	0.03317127920853258	0.03318199722293258	0.03317406459010508	8.911510300693499e-13	3.0424101262707586e-14	1.3503396863653859e-05	0.03385529507345727	0.03386623410109719	0.03385813789162043	1.3781846712604444e-05	1.0939027639919607e-05	2.8428181631581784e-06
PES|T_CC_270	profile_energy	T_CC	TH_FGA3-CG302-FGA3	0.030743678596797164	0.030706490424653454	0.030745764668020925	8.911473533753203e-13	3.042226291569272e-14	3.9274244258618225e-05	0.03137763557428225	0.03133968055502438	0.03137976466180946	4.00841076946027e-05	3.7955019257865374e-05	2.129087527211193e-06
PES|T_CC_270	profile_energy	T_CC	LAMBDA_CS	-0.15227571715582755	-0.1521620492017206	-0.15204957784177964	1.7823087746184303e-11	6.08515597652803e-13	0.0003398072859779447	-0.015541575302006335	-0.015529974115020164	-0.015518495054914653	3.468143589691524e-05	1.160118698617131e-05	2.308024709168216e-05
PES|T_CC_270	profile_energy	T_CC	LAMBDA_CC	-0.18469616686664025	-0.1847004325561663	-0.1847305037069713	1.782302998716857e-11	6.084867181449399e-13	3.8602547680131316e-05	-0.018850473594633568	-0.018850908959747732	-0.01885397808372484	3.939856024490844e-06	4.353651141646153e-07	3.5044890912723503e-06
PES|T_CC_330	profile_energy	T_CC	R_OG2P1-SG3O1	9.741202007767846	9.74292406817634	9.740702893881625	9.43251641995922e-10	5.647440722599364e-11	0.0022211752379658876	0.01988414533367187	0.019887660474761083	0.019883126521717885	4.5339549686011895e-06	3.5151410892123036e-06	1.0188119539851492e-06
PES|T_CC_330	profile_energy	T_CC	R_CG312-SG3O1	16.068984912165796	16.06150763850378	16.06076796390976	9.43250380363989e-10	5.6473776410027047e-11	0.015694222861300414	0.032800678099406476	0.03278541517845723	0.03278390532401469	3.2035698266423856e-05	1.5262920949242476e-05	1.6772775391783734e-05
PES|T_CC_330	profile_energy	T_CC	R_CG312-CG312	-63.10557133377159	-63.075165870757566	-63.10651292327929	9.43248612841101e-10	5.647289264858304e-11	0.031347053464972706	-0.1288137080787881	-0.1287516431873069	-0.12881563009032226	6.398690494077212e-05	6.206489148119498e-05	1.9220115341778143e-06
PES|T_CC_330	profile_energy	T_CC	R_CG302-CG312	-20.54123377748507	-20.533093807122427	-20.534703952557187	9.432530778233368e-10	5.6475125139700975e-11	0.014669796233775892	-0.04192961786838419	-0.04191300222345932	-0.041916288919065015	2.9944596169461122e-05	1.6615644924874995e-05	1.3328949319178773e-05
PES|T_CC_330	profile_energy	T_CC	TH_OG2P1-SG3O1-OG2P1	-0.0027089593485900565	-0.0026977543081381228	-0.0027098405478014342	9.432296691797472e-13	5.6463420817906135e-14	1.208624060654113e-05	-0.0027648200574949765	-0.0027533839609722756	-0.002765719427673984	1.2335467664388348e-05	1.1436096522700941e-05	8.993701790076247e-07
PES|T_CC_330	profile_energy	T_CC	TH_FGA2-CG312-FGA2	0.022818065312619318	0.0228445548038958	0.022817248518881783	9.432418941760487e-13	5.646953331605696e-14	2.7306285957259e-05	0.023288590388924023	0.023315626112746225	0.023287756752306498	2.7869361402420943e-05	2.7035723822201735e-05	8.336366175247523e-07
PES|T_CC_330	profile_energy	T_CC	TH_CG312-CG312-SG3O1	-0.08868625785097972	-0.0886729232294452	-0.08868523265702688	9.43247046970749e-13	5.647210971340715e-14	1.4359816430610694e-05	-0.09051503288824955	-0.09050142329713592	-0.09051398655405296	1.465592627292927e-05	1.3609591113628028e-05	1.046334196591614e-06
PES|T_CC_330	profile_energy	T_CC	TH_FGA3-CG302-FGA3	0.034612716075525185	0.03460928891150816	0.03460891150035916	9.43250648648527e-13	5.647391055229614e-14	7.231740126295187e-06	0.035326455415360565	0.035322957580732846	0.0353225723870919	7.380863859097328e-06	3.497834627719243e-06	3.88302826866832e-06
PES|T_CC_330	profile_energy	T_CC	LAMBDA_CS	-0.1288185174808909	-0.12904031246892878	-0.12882799061184613	1.8865100184840436e-11	1.1295218169808704e-12	0.00023126813785820003	-0.013147484885415743	-0.013170121741590721	-0.013148451732795196	2.3603705479842792e-05	2.2636856174977626e-05	9.668473794528787e-07
PES|T_CC_330	profile_energy	T_CC	LAMBDA_CC	0.5164827104827907	0.5165040307528646	0.5164862567423434	1.886504888621582e-11	1.1294961676685635e-12	2.486654849157047e-05	0.05271329590218541	0.052715471893137876	0.05271365784078539	2.5379314778550993e-06	2.1759909524660115e-06	3.6193859997979416e-07
PES|T_CS_000	profile_energy	T_CS	R_OG2P1-SG3O1	-46.24642540463686	-46.22545100711051	-46.2487753426144	9.416967142891194e-10	5.56969433725923e-11	0.023324336445590392	-0.0906967021431371	-0.09065556796533991	-0.0907013107506768	4.574278718371877e-05	4.113417779719186e-05	4.60860753970227e-06
PES|T_CS_000	profile_energy	T_CS	R_CG312-SG3O1	-78.85335983962705	-78.85890613187118	-78.84979645255719	9.417130261177987e-10	5.570509928693199e-11	0.009109680255707004	-0.15464416174408155	-0.1546550389180742	-0.1546371733670801	1.786555284093882e-05	1.0877173992646094e-05	6.988377001443391e-06
PES|T_CS_000	profile_energy	T_CS	R_CG312-CG312	-35.53453781739968	-35.520349310528495	-35.53257597335158	9.417083973734914e-10	5.5702784914778325e-11	0.016150351860998134	-0.06968896220670068	-0.0696611362553911	-0.06968511471397609	3.167344588100733e-05	2.7825951309581876e-05	3.8474927245846224e-06
PES|T_CS_000	profile_energy	T_CS	R_CG302-CG312	-6.748720066801717	-6.7453956421488215	-6.7449747158221385	9.416993867132842e-10	5.569827958467465e-11	0.007069776574172739	-0.0132353289663066	-0.013228809233161762	-0.013227983728718092	1.3864972580172288e-05	6.519733144838211e-06	7.34523758850851e-06
PES|T_CS_000	profile_energy	T_CS	TH_OG2P1-SG3O1-OG2P1	0.1933336715040639	0.19313197276661098	0.1933178827748563	9.417599605471512e-13	5.572856650160816e-14	0.0002174874676022642	0.18957926223726138	0.1893814803530038	0.1895637801145067	0.00021326400793573533	0.00019778188425756404	1.548212275467864e-05
PES|T_CS_000	profile_energy	T_CS	TH_FGA2-CG312-FGA2	0.08537458122060215	0.08532664788575506	0.08537240179660621	9.41679973346394e-13	5.5688572901229634e-14	5.0112759784714985e-05	0.08371666454012741	0.08366966203825492	0.08371452743907284	4.913960385043259e-05	4.700250187249233e-05	2.13710105456677e-06
PES|T_CS_000	profile_energy	T_CS	TH_CG312-CG312-SG3O1	-0.00281136817519112	-0.0027958884942638207	-0.0028065774905590146	9.417027791169832e-13	5.5699975786524227e-14	2.027036650110776e-05	-0.002756773304844858	-0.002741594228861687	-0.002752075652071286	1.9876729680158842e-05	1.5179075983170857e-05	4.697652773571863e-06
PES|T_CS_000	profile_energy	T_CS	TH_FGA3-CG302-FGA3	0.001858543011711511	0.0018299956308553966	0.0018544420597512712	9.416929818607698e-13	5.5695077158417496e-14	3.264833375804702e-05	0.0018224513622247113	0.0017944583522156166	0.0018184300479805633	3.201432517664843e-05	2.799301000909471e-05	4.02131424414795e-06
PES|T_CS_000	profile_energy	T_CS	LAMBDA_CS	3.790084695791105	3.7898220720626163	3.7900563242327934	1.8834136536644244e-11	1.114039992882775e-12	0.00029099530563434737	0.37164838119246574	0.37162262881715236	0.3716455991322838	2.853443734218142e-05	2.575237531338148e-05	2.782060181949486e-06
PES|T_CS_000	profile_energy	T_CS	LAMBDA_CC	-0.14042368611855593	-0.14030746596558785	-0.1404138352820361	1.8834070694853827e-11	1.114007071987566e-12	0.00012607100832198487	-0.013769675301714327	-0.013758278978101692	-0.013768709347721253	1.2362279452540755e-05	1.1396323612635276e-05	9.659539930741146e-07
PES|T_CS_010	profile_energy	T_CS	R_OG2P1-SG3O1	-40.038391888383984	-40.02313935665658	-40.04361573912529	9.493396357366768e-10	5.951840409637094e-11	0.020476383418054495	-0.07852174674297886	-0.07849183406724435	-0.0785319915571581	4.0157491775564466e-05	2.9912675734516947e-05	1.0244814179244388e-05
PES|T_CS_010	profile_energy	T_CS	R_CG312-SG3O1	-80.55878536998051	-80.57142088766733	-80.55982192602772	9.493560837503757e-10	5.952662810322047e-11	0.013672074683384428	-0.15798877638187064	-0.1580135566708127	-0.15799080923552897	2.6813144462259655e-05	2.478028894206674e-05	2.032853658323619e-06
PES|T_CS_010	profile_energy	T_CS	R_CG312-CG312	-55.362527817997886	-55.332407160970654	-55.35716124976098	9.493534416685023e-10	5.952530706228377e-11	0.03548722621349483	-0.10857484987145948	-0.10851577840301944	-0.1085643251652437	6.95961765176506e-05	5.907146844003064e-05	1.0524706215778168e-05
PES|T_CS_010	profile_energy	T_CS	R_CG302-CG312	-11.716924816682628	-11.699685439173102	-11.715065320744955	9.493402622109316e-10	5.951871733349838e-11	0.01909887439653889	-0.022978780107524726	-0.022944970906631165	-0.022975133335958714	3.7455974321388245e-05	3.380920089356143e-05	3.6467715660119804e-06
PES|T_CS_010	profile_energy	T_CS	TH_OG2P1-SG3O1-OG2P1	0.193750446653441	0.193569239566862	0.19374814843558852	9.493994965781684e-13	5.954833451711677e-14	0.00018350530538085224	0.18998794389484877	0.18981025572745117	0.1899856903068341	0.00017994175634322474	0.00017768816739760496	2.2535880146723475e-06
PES|T_CS_010	profile_energy	T_CS	TH_FGA2-CG312-FGA2	0.09590079964388121	0.0958275240878943	0.09589467641742289	9.493189222076776e-13	5.950804733187139e-14	7.939878339454695e-05	0.09403847091409659	0.09396661831989532	0.09403246659655869	7.785691267006186e-05	7.185259420126877e-05	6.004317537902648e-06
PES|T_CS_010	profile_energy	T_CS	TH_CG312-CG312-SG3O1	-0.0012595693101102867	-0.001258379894120143	-0.0012616714397699624	9.49346038314014e-13	5.952160538503965e-14	3.291546599165521e-06	-0.0012351093251874912	-0.0012339430068521984	-0.001237170632909566	3.227626988277877e-06	1.1663183352927323e-06	2.0613077220748514e-06
PES|T_CS_010	profile_energy	T_CS	TH_FGA3-CG302-FGA3	0.00980296977055417	0.009746791957038425	0.009800475121414465	9.493305620562676e-13	5.951386725616638e-14	5.86724636047819e-05	0.009612602721387673	0.009557515843051565	0.009610156516648649	5.7533084006027964e-05	5.5086878336108036e-05	2.4462047390240438e-06
PES|T_CS_010	profile_energy	T_CS	LAMBDA_CS	3.650401996811663	3.6499750412583687	3.6501864136830697	1.8987022992929652e-11	1.1904832210254792e-12	0.0006425387008745952	0.35795136565770647	0.35790949922121257	0.3579302259927161	6.300610334611767e-05	4.1866436493898096e-05	2.113966499034392e-05
PES|T_CS_010	profile_energy	T_CS	LAMBDA_CC	-0.16366857580544902	-0.16369265148183487	-0.1636877324617636	1.8986967079268965e-11	1.1904552641951357e-12	4.3232351687394005e-05	-0.01604902426526778	-0.016051385079569595	-0.016050902729967072	4.239280862933231e-06	2.3608143018168104e-06	1.8784646992932308e-06
PES|T_CS_020	profile_energy	T_CS	R_OG2P1-SG3O1	-25.342662110062086	-25.33105690690718	-25.348608873088097	9.420374845493758e-10	5.5867328502720535e-11	0.017551967122955075	-0.04970104947138273	-0.04967828979548039	-0.04971271203319517	3.4422239562264215e-05	2.275967590233824e-05	1.166256181243941e-05
PES|T_CS_020	profile_energy	T_CS	R_CG312-SG3O1	-67.68576345530607	-67.69179003668756	-67.68231612045827	9.420507237548153e-10	5.587394810544034e-11	0.009473917171347443	-0.13274270332731966	-0.132754522425806	-0.13273594254745089	1.857988020263938e-05	1.1819098486326451e-05	6.760779868775213e-06
PES|T_CS_020	profile_energy	T_CS	R_CG312-CG312	-71.63336183783464	-71.6021779231597	-71.63307400693152	9.420512229400598e-10	5.587419769806246e-11	0.03147174652011076	-0.14048458070591216	-0.1404234240176669	-0.14048401622306922	6.172117293572717e-05	6.115668824527298e-05	5.6448284294075e-07
PES|T_CS_020	profile_energy	T_CS	R_CG302-CG312	-11.857181665272165	-11.839016834130245	-11.853505128465613	9.420313826609359e-10	5.586427755850052e-11	0.021841368890503296	-0.02325384641824514	-0.023218222253455233	-0.0232466361363532	4.283444852932874e-05	3.5624164789908874e-05	7.210281891940895e-06
PES|T_CS_020	profile_energy	T_CS	TH_OG2P1-SG3O1-OG2P1	0.16383027483102275	0.1636906728298877	0.16383001805222275	9.420819081786908e-13	5.5889540317378006e-14	0.0001398587808771356	0.16064880159243344	0.16051191056783262	0.16064854980010423	0.00013714281785381	0.00013689102460082148	2.517923292089108e-07
PES|T_CS_020	profile_energy	T_CS	TH_FGA2-CG312-FGA2	0.09519706197609956	0.095121367049952	0.09518810306070691	9.420174574784785e-13	5.5857314967271864e-14	8.465384248223395e-05	0.09334839935631412	0.09327417437448597	0.09333961441700493	8.300992206106169e-05	7.42249818281443e-05	8.784939309183781e-06
PES|T_CS_020	profile_energy	T_CS	TH_CG312-CG312-SG3O1	0.000318559335324764	0.0002994199419812382	0.0003237752308793418	9.420410655493336e-13	5.5869119002699426e-14	2.4355289840144632e-05	0.0003123731282804075	0.0002936054090232987	0.0003174877346676487	2.3882326568097227e-05	1.8767719257108833e-05	5.114606387241166e-06
PES|T_CS_020	profile_energy	T_CS	TH_FGA3-CG302-FGA3	0.010879647324689046	0.010823196092077048	0.010877939277485815	9.42014122916574e-13	5.5855647686319624e-14	5.815928075724274e-05	0.010668371924922497	0.010613016937104239	0.01066669704684184	5.702986682263502e-05	5.535498781825826e-05	1.6748780806569163e-06
PES|T_CS_020	profile_energy	T_CS	LAMBDA_CS	2.870702166206982	2.8703564143749993	2.870596978049722	1.8840966141885158e-11	1.1174547955032321e-12	0.000450940008083693	0.2814955069846631	0.2814616032281604	0.281485192437231	4.421830578227767e-05	3.3903756502695614e-05	1.0314547432055399e-05
PES|T_CS_020	profile_energy	T_CS	LAMBDA_CC	-0.17560913912761933	-0.17570558960086302	-0.17563128397465988	1.884095036459143e-11	1.1174469068563665e-12	0.00011859533912519305	-0.017219892830326176	-0.01722935057734858	-0.017222064311233586	1.1629229777317563e-05	9.457747022403179e-06	2.171480907409845e-06
PES|T_CS_030	profile_energy	T_CS	R_OG2P1-SG3O1	3.9038660523424973	3.8951919132408364	3.9063780788715086	9.230323477982257e-10	4.636476012714556e-11	0.011186166553704555	0.007656111222825703	0.007639099836463016	0.007661037712168046	2.1937877515245574e-05	1.701138636268744e-05	4.926489342342404e-06
PES|T_CS_030	profile_energy	T_CS	R_CG312-SG3O1	-32.97265819741879	-33.026439526768755	-32.97412856871418	9.230368609608199e-10	4.636701670844257e-11	0.05525170156839387	-0.06466470290910135	-0.06477017677364845	-0.06466758654445806	0.00010835750171401748	0.0001054738645470954	2.8836353567068818e-06
PES|T_CS_030	profile_energy	T_CS	R_CG312-CG312	-63.390111846199915	-63.361854125478125	-63.37627135970347	9.230296030150331e-10	4.636338773554919e-11	0.042098208141260814	-0.12431823741253945	-0.12426281946278173	-0.1242910939853383	8.256137876906906e-05	5.5417949757718965e-05	2.7143427201142822e-05
PES|T_CS_030	profile_energy	T_CS	R_CG302-CG312	16.033791968212086	15.823113495399221	16.03945713479904	9.230248003596403e-10	4.6360986407852797e-11	0.2163436403228434	0.03144485312415411	0.031031678645705378	0.03145596342991359	0.0004242847860184144	0.0004131744784487343	1.111030575947497e-05
PES|T_CS_030	profile_energy	T_CS	TH_OG2P1-SG3O1-OG2P1	0.12133486020435003	0.12131948761693345	0.12143012570769596	9.230492865518563e-13	4.6373229503960787e-14	0.00011063809168555415	0.1189786192040449	0.11896354514188884	0.11907203471568588	0.00010848957470217467	1.5074062156061885e-05	9.341551164097905e-05
PES|T_CS_030	profile_energy	T_CS	TH_FGA2-CG312-FGA2	0.08075522212750963	0.0807560923446462	0.08075991268546812	9.230205434751607e-13	4.635885796561294e-14	5.560776018079799e-06	0.07918701027936374	0.07918786359747153	0.07919160974985605	5.452789505174554e-06	8.53318107785217e-07	4.599470492305802e-06
PES|T_CS_030	profile_energy	T_CS	TH_CG312-CG312-SG3O1	-0.016552448782026552	-0.016498843848171685	-0.016537833857193984	9.23021607832343e-13	4.635939014420403e-14	6.821985961045657e-05	-0.016231011411018945	-0.016178447448759174	-0.016216680298151456	6.689507603236122e-05	5.256396225977039e-05	1.4331112867489032e-05
PES|T_CS_030	profile_energy	T_CS	TH_FGA3-CG302-FGA3	-0.02594101780234226	-0.025524289381273935	-0.025942073037762636	9.230101667081766e-13	4.6353669582120936e-14	0.0004177836574117118	-0.025437260764730962	-0.025028624928020174	-0.025438295508192488	0.0004096705810774003	0.0004086358367107884	1.0347434615254336e-06
PES|T_CS_030	profile_energy	T_CS	LAMBDA_CS	1.771784131821219	1.7719910459034383	1.771954553326962	1.8460758083501406e-11	9.273507663113562e-13	0.0003773356064229157	0.17373772811597016	0.1737580177110254	0.17375443931949552	3.7000800390842584e-05	2.0289595055233978e-05	1.6711203525365814e-05
PES|T_CS_030	profile_energy	T_CS	LAMBDA_CC	-0.1265645246486624	-0.12635640974426376	-0.12642266845124261	1.8460757687144173e-11	9.27350568132738e-13	0.0003499711202792047	-0.01241067270984855	-0.012390265364490893	-0.012396762565256866	3.4317491759569084e-05	2.0407345357657466e-05	1.391014459168477e-05
PES|T_CS_040	profile_energy	T_CS	R_OG2P1-SG3O1	14.133118777127418	14.138662455126516	14.132203489842343	8.933394085651326e-10	3.1518290510598985e-11	0.006458966177512299	0.027717326320191273	0.027728198367227612	0.027715531294142375	1.2667074837219622e-05	1.0872047036338678e-05	1.7950260488980296e-06
PES|T_CS_040	profile_energy	T_CS	R_CG312-SG3O1	-8.540238081022888	-8.552696768642454	-8.542481013981806	8.933428744875749e-10	3.1520023471819975e-11	0.014701621471826217	-0.016748784856101505	-0.016773218352749936	-0.016753183609534275	2.8832251833190987e-05	2.4433496648431502e-05	4.3987534327702416e-06
PES|T_CS_040	profile_energy	T_CS	R_CG312-CG312	-39.43167321665886	-39.420478036747085	-39.434321565607	8.933345000108716e-10	3.1515836233468405e-11	0.013843529753249966	-0.07733187353282982	-0.07730991797866509	-0.07733706737243189	2.714939551877842e-05	2.195555416473205e-05	5.193839602068984e-06
PES|T_CS_040	profile_energy	T_CS	R_CG302-CG312	21.09669508197909	21.07301571074327	21.07475965595107	8.933409022986591e-10	3.1519037377362236e-11	0.04561479815717856	0.041374023036664744	0.04132758396897203	0.04133100412691249	8.945797919694219e-05	4.643906769271483e-05	4.301890975225153e-05
PES|T_CS_040	profile_energy	T_CS	TH_OG2P1-SG3O1-OG2P1	0.0695089970989482	0.06943741080240184	0.069498197886114	8.93336558568211e-13	3.1516865512138134e-14	8.238551027389244e-05	0.06815917934188484	0.0680889832028472	0.06814858984246695	8.07856393315147e-05	7.01961390376371e-05	1.0589499417887338e-05
PES|T_CS_040	profile_energy	T_CS	TH_FGA2-CG312-FGA2	0.053792096060827355	0.05379328545112316	0.05378463234189779	8.933330393662941e-13	3.151510591117957e-14	8.653110118709138e-06	0.052747489902156976	0.0527486561952969	0.05274017112360585	8.485072567031746e-06	1.1662931399258891e-06	7.31877855112556e-06
PES|T_CS_040	profile_energy	T_CS	TH_CG312-CG312-SG3O1	-0.023116318636591693	-0.023103038378585072	-0.023105433089866345	8.933320626284004e-13	3.1514617542232844e-14	2.416580562530023e-05	-0.022667415348155695	-0.02265439298378621	-0.022656741191392486	2.369652200867234e-05	1.3022364369483924e-05	1.0674156763208764e-05
PES|T_CS_040	profile_energy	T_CS	TH_FGA3-CG302-FGA3	-0.031464786752629426	-0.031445788548458475	-0.03146916960396773	8.933354347106467e-13	3.15163035833559e-14	2.338105640258828e-05	-0.030853761854364076	-0.030835132582481214	-0.030858059593690843	2.2927012085617533e-05	1.862927188286262e-05	4.297739326766803e-06
PES|T_CS_040	profile_energy	T_CS	LAMBDA_CS	0.7398166063073663	0.7392094932660109	0.7394078171701679	1.7866853119304096e-11	6.303982842127021e-13	0.0010159021964207045	0.07254498677002408	0.07248545443839277	0.07250490169718717	9.961740622021044e-05	5.953233163130678e-05	4.0085072836912317e-05
PES|T_CS_040	profile_energy	T_CS	LAMBDA_CC	-0.07240092654876129	-0.0725868168785837	-0.07248250996414463	1.786682519807356e-11	6.303843235974315e-13	0.0002674737630725737	-0.007099494947583303	-0.00711772299410547	-0.007107494859641479	2.6227960332329746e-05	1.822804652216667e-05	7.999912058176233e-06
PES|T_CS_050	profile_energy	T_CS	R_OG2P1-SG3O1	14.315730301505791	14.319739175669199	14.322218871893	8.644374951163177e-10	1.7067333786191474e-11	0.010497445415053349	0.028075456984119063	0.02808331903319089	0.028088182117588175	2.058718423624313e-05	7.862049071827304e-06	1.2725133469112387e-05
PES|T_CS_050	profile_energy	T_CS	R_CG312-SG3O1	2.4282113407028127	2.4184929139579037	2.4243711223708164	8.644384924007661e-10	1.7067832428415652e-11	0.0135586459413439	0.0047621142343734395	0.004743054831445088	0.00475458294659986	2.659069239723391e-05	1.9059402928351364e-05	7.531287773579129e-06
PES|T_CS_050	profile_energy	T_CS	R_CG312-CG312	-21.152012528800057	-21.146953460444596	-21.153268965343972	8.644328047105264e-10	1.7064988583295774e-11	0.006315505763809183	-0.04148250947542714	-0.04147258782609441	-0.04148497355021753	1.2385725818411822e-05	9.921649332729487e-06	2.464074790389792e-06
PES|T_CS_050	profile_energy	T_CS	R_CG302-CG312	14.352373453154987	14.353394791348006	14.353542088551663	8.644382640977641e-10	1.706771827691478e-11	0.002189974454132014	0.028147320116926288	0.028149323125917128	0.028149611999500106	4.294893259957249e-06	2.003008990839744e-06	2.2918825738175996e-06
PES|T_CS_050	profile_energy	T_CS	TH_OG2P1-SG3O1-OG2P1	0.028931597650812657	0.028903336667662538	0.02893394713683084	8.644273309503534e-13	1.7062251703209285e-14	3.061047003272912e-05	0.028369765573251715	0.028342053399298683	0.02837206943383895	3.0016035387910188e-05	2.7712173953031716e-05	2.303860587235529e-06
PES|T_CS_050	profile_energy	T_CS	TH_FGA2-CG312-FGA2	0.029914256817280105	0.029915730784357053	0.029907708901529606	8.644330510801066e-13	1.7065111768085846e-14	8.02188369188003e-06	0.029333342162680243	0.029334787506312503	0.02932692140302925	7.866104130897693e-06	1.4453436322607593e-06	6.420759650991453e-06
PES|T_CS_050	profile_energy	T_CS	TH_CG312-CG312-SG3O1	-0.01647089017543024	-0.01646287716132888	-0.01646907991575053	8.644317419585009e-13	1.7064457207283112e-14	9.823274645505025e-06	-0.016151036617454324	-0.016143179210672494	-0.016149261511794417	9.632513289386803e-06	7.857406781830445e-06	1.775105659906906e-06
PES|T_CS_050	profile_energy	T_CS	TH_FGA3-CG302-FGA3	-0.021587886682481017	-0.02158016622490444	-0.021595350234584032	8.644345169356205e-13	1.7065844695842893e-14	1.5184010544026399e-05	-0.021168664509846252	-0.021161093978339172	-0.021175983124810484	1.4889147318959463e-05	7.570531507079814e-06	7.318614964231529e-06
PES|T_CS_050	profile_energy	T_CS	LAMBDA_CS	0.057679904220839795	0.05733971946821237	0.0575064506500933	1.7288824327353763e-11	3.4138388823753524e-13	0.000513638340662746	0.005655979945465865	0.005622622086006749	0.0056389714235055045	5.0366383114783853e-05	3.335785945911534e-05	1.700852196036013e-05
PES|T_CS_050	profile_energy	T_CS	LAMBDA_CC	-0.05171347273900562	-0.05171478692997278	-0.05174208439770567	1.7288768151473406e-11	3.4135580029735666e-13	2.992586695597983e-05	-0.005070923204073811	-0.005071052071100468	-0.005073728808035884	2.9344726840331283e-06	1.2886702665648037e-07	2.8056039620728834e-06
PES|T_CS_060	profile_energy	T_CS	R_OG2P1-SG3O1	9.106621649378587	9.104273789077439	9.104992586520034	8.489545743576373e-10	6.727070060025742e-12	0.003976924008655903	0.017859554420418436	0.017854949887537382	0.01785635956530127	7.799389663158498e-06	4.604532881053586e-06	3.194855117166079e-06
PES|T_CS_060	profile_energy	T_CS	R_CG312-SG3O1	4.711855621892968	4.708420142686409	4.7109854637906174	8.489545743576373e-10	6.726915235246018e-12	0.004305638157864667	0.009240709138947737	0.009233971609904357	0.009239002618507814	8.444051148239089e-06	6.73752904338e-06	1.7065204399226847e-06
PES|T_CS_060	profile_energy	T_CS	R_CG312-CG312	-7.834205805568872	-7.827399149378605	-7.82886544096556	8.489545743576373e-10	6.725706573988048e-12	0.012147021642533564	-0.01536414164465291	-0.015350792693600415	-0.015353668327990606	2.382226937973559e-05	1.334895105249527e-05	1.0473316662304444e-05
PES|T_CS_060	profile_energy	T_CS	R_CG302-CG312	6.978192184392884	6.978427823195521	6.980217645434994	8.489545743576373e-10	6.727086665163126e-12	0.0022611006937011133	0.013685360814546146	0.013685822940258763	0.013689333070460663	4.434383292069293e-06	4.6212571261708413e-07	3.972255914516665e-06
PES|T_CS_060	profile_energy	T_CS	TH_OG2P1-SG3O1-OG2P1	0.00544296306309755	0.005435160306704101	0.005440291525812657	8.489545743576374e-13	6.722739467683716e-15	1.0474294527296535e-05	0.005337264398172916	0.005329613166036377	0.005334644740336963	1.0270890804962145e-05	7.65123213653917e-06	2.619657835952957e-06
PES|T_CS_060	profile_energy	T_CS	TH_FGA2-CG312-FGA2	0.013174803599665386	0.013173287301386255	0.013166574895196015	8.489545743576374e-13	6.725091124493409e-15	9.745003597455893e-06	0.012918957815855052	0.012917470963063954	0.012910888907266415	9.555762212203748e-06	1.4868527910983503e-06	8.068908588636584e-06
PES|T_CS_060	profile_energy	T_CS	TH_CG312-CG312-SG3O1	-0.005726755706500997	-0.005717127869502875	-0.005723031206022966	8.489545743576374e-13	6.725110840020262e-15	1.335233832510696e-05	-0.005615545980197581	-0.00560610510928852	-0.005611893807002222	1.3093044936887153e-05	9.440870909060463e-06	3.652173195358918e-06
PES|T_CS_060	profile_energy	T_CS	TH_FGA3-CG302-FGA3	-0.01095937162440247	-0.010947710943236155	-0.010958775957098432	8.489545743576374e-13	6.7259779787384324e-15	1.2256349319306526e-05	-0.010746548032604471	-0.01073511379398739	-0.010745963932756992	1.2018339297029543e-05	1.1434238617080358e-05	5.840998474788972e-07
PES|T_CS_060	profile_energy	T_CS	LAMBDA_CS	-0.20919713119263883	-0.20960119869383342	-0.20933399095363292	1.6979091487152746e-11	1.3457824763847636e-13	0.0005409272791677756	-0.020513466425747987	-0.0205530885040826	-0.020526886629439037	5.304228369059884e-05	3.9622078334612676e-05	1.3420203691050236e-05
PES|T_CS_060	profile_energy	T_CS	LAMBDA_CC	-0.03652374667065028	-0.03653944368188333	-0.036531268448852794	1.6979091487152746e-11	1.3454210255867694e-13	2.3218806414655477e-05	-0.003581448018907025	-0.0035829872374951483	-0.003582185589942247	2.276791288281954e-06	1.5392185881233506e-06	7.375710352219324e-07
PES|T_CS_070	profile_energy	T_CS	R_OG2P1-SG3O1	-0.09924789089387973	-0.10110154541109057	-0.1029906657504763	8.489545743576373e-10	3.48613417495282e-12	0.00559643022276199	-0.00019464112782723863	-0.0001982764434252069	-0.00020198131322291956	1.097550265858608e-05	3.6353155979682657e-06	7.340185395680925e-06
PES|T_CS_070	profile_energy	T_CS	R_CG312-SG3O1	-0.5926140920172115	-0.5861311023542068	-0.5927604261472298	8.489545743576373e-10	3.4863633166379448e-12	0.0066293246419775196	-0.001162211853548397	-0.0011494976647799043	-0.001162498838388577	1.3001175273609569e-05	1.2714188768492632e-05	2.8698484018005975e-07
PES|T_CS_070	profile_energy	T_CS	R_CG312-CG312	-1.865425055927343	-1.8665565550908223	-1.8662435881931159	8.489545743576373e-10	3.4865899569776457e-12	0.0019500322782065604	-0.003658399523584014	-0.00366061857601255	-0.003660004797428506	3.824327937965788e-06	2.2190524285362577e-06	1.6052738444922304e-06
PES|T_CS_070	profile_energy	T_CS	R_CG302-CG312	1.80726453824092	1.812005322597992	1.8107549251912025	8.489545743576373e-10	3.486537809436103e-12	0.008231172156308976	0.003544337364121041	0.003553634807177366	0.0035511825761093026	1.614265670952349e-05	9.29744305632526e-06	6.845211988261695e-06
PES|T_CS_070	profile_energy	T_CS	TH_OG2P1-SG3O1-OG2P1	0.0006590362471319278	0.0006607366041467503	0.0006559526398183524	8.489545743576374e-13	3.4865940494402588e-15	4.783965177352482e-06	0.000646238208517434	0.0006479055457479445	0.0006432144827743228	4.69106380609013e-06	1.6673372305104532e-06	3.023725743111225e-06
PES|T_CS_070	profile_energy	T_CS	TH_FGA2-CG312-FGA2	0.006168642140296367	0.006164103482731836	0.006161017563695026	8.489545743576374e-13	3.4883020509092193e-15	1.2163235014826093e-05	0.006048851278027296	0.006044400758125938	0.006041374765551695	1.1927033209425631e-05	4.450519901357669e-06	7.4765124756003346e-06
PES|T_CS_070	profile_energy	T_CS	TH_CG312-CG312-SG3O1	0.006211300065965583	0.0062194321763862324	0.00621411532361377	8.489545743576374e-13	3.4876439895989747e-15	1.0947368917791134e-05	0.006090680815603589	0.006098655005934662	0.006093441402850492	1.0734778410445408e-05	7.974190331072953e-06	2.760587246903104e-06
PES|T_CS_070	profile_energy	T_CS	TH_FGA3-CG302-FGA3	-0.0038958286045650097	-0.003895829508962714	-0.0038966209188575525	8.489545743576374e-13	3.4870883528618015e-15	7.932195392017099e-07	-0.003820174245440372	-0.003820175132275284	-0.003820951173524713	7.778157517216531e-07	8.868349119298125e-10	7.769280843412246e-07
PES|T_CS_070	profile_energy	T_CS	LAMBDA_CS	-0.036538254435946466	-0.03677833184153916	-0.0365899947418738	1.6979091487152746e-11	6.969928334289691e-14	0.00029181772849912164	-0.003582870622336715	-0.003606412148796136	-0.0035879441767513827	2.8615082539025822e-05	2.354152645942095e-05	5.073554414667791e-06
PES|T_CS_070	profile_energy	T_CS	LAMBDA_CC	-0.027293307327915864	-0.027241906718451225	-0.027210296245219895	1.6979091487152746e-11	6.9731293828782e-14	0.00013441170913969905	-0.0026763289741447683	-0.002671288729708792	-0.0026681890677887833	1.3180152456897754e-05	5.040244435976227e-06	8.139906355984945e-06
PES|T_CS_080	profile_energy	T_CS	R_OG2P1-SG3O1	-11.775476014579345	-11.771769960265285	-11.77947783879063	8.489545743576373e-10	6.137979421358085e-12	0.007707879374299399	-0.023093608453916878	-0.023086340283430023	-0.023101456676895074	1.5116395129989225e-05	7.268170486855047e-06	7.848222978196207e-06
PES|T_CS_080	profile_energy	T_CS	R_CG312-SG3O1	-12.334084620458901	-12.332364978310222	-12.333354640296362	8.489545743576373e-10	6.138413009783075e-12	0.00244962316017261	-0.024189130062317155	-0.02418575756659696	-0.024187698453435106	4.804106267180371e-06	3.3724957201955452e-06	1.4316088820486017e-06
PES|T_CS_080	profile_energy	T_CS	R_CG312-CG312	-2.070112154636705	-2.066411761830783	-2.068950376912043	8.489545743576373e-10	6.138041385242606e-12	0.004862171379539038	-0.004059823950699294	-0.0040525668833433885	-0.004057545517126791	9.535502593346889e-06	7.257067355905672e-06	2.278433572503076e-06
PES|T_CS_080	profile_energy	T_CS	R_CG302-CG312	-0.1883291472275228	-0.18339600764818997	-0.1854727019598712	8.489545743576373e-10	6.137283912311829e-12	0.007789585695939017	-0.00036934384488131823	-0.00035966916219735864	-0.00036374189482006234	1.527663441015242e-05	9.67468268395959e-06	5.601950061255893e-06
PES|T_CS_080	profile_energy	T_CS	TH_OG2P1-SG3O1-OG2P1	0.01691922072323135	0.016913590557002867	0.01691617193690248	8.489545743576374e-13	6.143426864903089e-15	8.67895340630509e-06	0.016590660888950014	0.01658514005674544	0.016587671307991617	8.51041399544466e-06	5.520832204574527e-06	2.989580958397825e-06
PES|T_CS_080	profile_energy	T_CS	TH_FGA2-CG312-FGA2	0.00924016554373805	0.00923901976272705	0.00923732093355642	8.489545743576374e-13	6.1353726877793586e-15	3.990392041583802e-06	0.009060727772374615	0.009059604241656655	0.009057938402600637	3.912901324407915e-06	1.123530717959606e-06	2.7893697739783674e-06
PES|T_CS_080	profile_energy	T_CS	TH_CG312-CG312-SG3O1	0.015043826377509562	0.01505700633908938	0.015050153190009574	8.489545743576374e-13	6.136599058940556e-15	1.9506774928785054e-05	0.014751685434235214	0.014764609449866732	0.014757889384311447	1.912796654021875e-05	1.2924015631517877e-05	6.203950076232728e-06
PES|T_CS_080	profile_energy	T_CS	TH_FGA3-CG302-FGA3	-0.002376003205783961	-0.0023725987514937735	-0.002376225869861387	8.489545743576374e-13	6.137043548736281e-15	3.627119216567999e-06	-0.002329862828971429	-0.002326524486883198	-0.0023300811690629233	3.5566830121937698e-06	3.3383420882308716e-06	2.1834009149420894e-07
PES|T_CS_080	profile_energy	T_CS	LAMBDA_CS	0.5355458072036323	0.5352817209643884	0.5354668795458895	1.6979091487152746e-11	1.2276457392505256e-13	0.00034301391396585724	0.05251458694911771	0.05248869116282586	0.052506847455521685	3.3635281552802745e-05	2.5895786291849077e-05	7.739493596024827e-06
PES|T_CS_080	profile_energy	T_CS	LAMBDA_CC	-0.02995832540152954	-0.029916199958174017	-0.029906843231357616	1.6979091487152746e-11	1.2274557826865566e-13	9.36076305065381e-05	-0.0029376554964800294	-0.0029335247569090956	-0.0029326072543587075	9.178983357192713e-06	4.130739570933767e-06	5.048242121321808e-06
PES|T_CS_090	profile_energy	T_CS	R_OG2P1-SG3O1	-24.774981512189154	-24.77352294556645	-24.783934612571777	8.627936304606522e-10	1.6245401458358727e-11	0.010411667868118772	-0.048587736222905	-0.04858487573841614	-0.04860529469735044	2.04189606263787e-05	2.8604844888591163e-06	1.7558474445442118e-05
PES|T_CS_090	profile_energy	T_CS	R_CG312-SG3O1	-28.994089655951292	-29.00022260874757	-28.995544537046	8.627976604705104e-10	1.6247416463287838e-11	0.007587834753785044	-0.056862088051751684	-0.05687411576174559	-0.056864941308325485	1.4880968259795172e-05	1.2027709993908675e-05	2.8532565738009774e-06
PES|T_CS_090	profile_energy	T_CS	R_CG312-CG312	-4.745196845243882	-4.740688408759519	-4.746466272227634	8.627954125419424e-10	1.6246292499003862e-11	0.005777864330910342	-0.009306096657591339	-0.009297254886203046	-0.009308586208730275	1.1331324219309061e-05	8.841771388292535e-06	2.4895511389361885e-06
PES|T_CS_090	profile_energy	T_CS	R_CG302-CG312	-0.047310212715201416	-0.05247148177578431	-0.05742675764808247	8.627928219028995e-10	1.6244997179482363e-11	0.015277814856256773	-9.278296070270675e-05	-0.00010290504210840478	-0.00011262313763459087	2.9962260029658093e-05	1.0122081405698028e-05	1.9840176931884115e-05
PES|T_CS_090	profile_energy	T_CS	TH_OG2P1-SG3O1-OG2P1	0.055374845401888084	0.055336250045590285	0.055373333292423554	8.628196518177333e-13	1.6258412136899212e-14	4.010746662514869e-05	0.05429950332046366	0.05426165745990664	0.05429802057514322	3.9328606723539336e-05	3.78458605570231e-05	1.4827453204413477e-06
PES|T_CS_090	profile_energy	T_CS	TH_FGA2-CG312-FGA2	0.02078715347442639	0.02079600631722045	0.020793180073016115	8.627871208070436e-13	1.624214663155443e-14	1.4879442246573173e-05	0.020383480999643887	0.020392161926212675	0.02038939056576112	1.4590493532048746e-05	8.680926568787467e-06	5.909566117231341e-06
PES|T_CS_090	profile_energy	T_CS	TH_CG312-CG312-SG3O1	0.017010912677581258	0.01702937100466062	0.017020134675310716	8.627918881145754e-13	1.62445302853203e-14	2.7680325671612764e-05	0.01668057224750187	0.016698672126341477	0.01668961516026664	2.714279245041477e-05	1.8099878839605843e-05	9.042912764770789e-06
PES|T_CS_090	profile_energy	T_CS	TH_FGA3-CG302-FGA3	-0.004947703416348093	-0.0049441280467853455	-0.004945827439651218	8.627920690578984e-13	1.62446207569818e-14	5.4513471224138055e-06	-0.004851622359120887	-0.004848116420819204	-0.004849782812623885	5.345485644722283e-06	3.5059383016837475e-06	1.839546497002173e-06
PES|T_CS_090	profile_energy	T_CS	LAMBDA_CS	1.398786329713193	1.3984797694765772	1.3986533978847993	1.7255873019223515e-11	3.249082341724098e-13	0.0004394920822655786	0.1371622844337385	0.13713222372934245	0.1371492493955278	4.309574429887906e-05	3.0060704396067672e-05	1.303503821070695e-05
PES|T_CS_090	profile_energy	T_CS	LAMBDA_CC	-0.046272572325527506	-0.046226372882409716	-0.04623795664675079	1.7255857050886167e-11	3.249002500037362e-13	8.08151391503634e-05	-0.004537399023692274	-0.0045328687955773755	-0.0045340046771238365	7.924576375411909e-06	4.530228114898484e-06	3.3943465684374563e-06
PES|T_CS_100	profile_energy	T_CS	R_OG2P1-SG3O1	-37.18400575824576	-37.167445692817935	-37.18703416204594	8.911733743119625e-10	3.043527338401385e-11	0.019588470119177987	-0.0729238349826314	-0.072891358022338	-0.07292977417112069	3.8416150530429904e-05	3.2476960293403856e-05	5.9391884892900926e-06
PES|T_CS_100	profile_energy	T_CS	R_CG312-SG3O1	-48.20837808974687	-48.2133256738766	-48.20577158986605	8.911820518229492e-10	3.043961213950715e-11	0.007554084901725301	-0.0945444079224147	-0.09455411093319262	-0.09453929615558605	1.481477935432075e-05	9.703010777920018e-06	5.111766828644337e-06
PES|T_CS_100	profile_energy	T_CS	R_CG312-CG312	-9.790407650215105	-9.785385855700435	-9.78803344765744	8.911782391521438e-10	3.043770580410456e-11	0.007395997963512976	-0.019200569097874966	-0.019190720548558214	-0.019195912903578524	1.450474536094045e-05	9.84854931675161e-06	4.656194296442234e-06
PES|T_CS_100	profile_energy	T_CS	R_CG302-CG312	0.06585857229923775	0.07316922693600958	0.07251876278679958	8.911739978618173e-10	3.043558515894127e-11	0.013970846015507661	0.00012915928665045175	0.00014349665997738913	0.000142220994827499	2.7399083251720608e-05	1.433737332693738e-05	1.3061708177047253e-05
PES|T_CS_100	profile_energy	T_CS	TH_OG2P1-SG3O1-OG2P1	0.10873220990033472	0.10862943991933549	0.1087283693828871	8.912157801209854e-13	3.045647628852533e-14	0.00010661049933806212	0.10662070385343718	0.10651992959602821	0.1066169379162434	0.00010454019547666335	0.00010077425740896706	3.7659371937837083e-06
PES|T_CS_100	profile_energy	T_CS	TH_FGA2-CG312-FGA2	0.039182490805449444	0.039181934759142	0.039183119009321477	8.911645088404023e-13	3.0430840648233754e-14	1.1842510706401631e-06	0.038421593309260885	0.03842104806099702	0.0384222093138382	1.1612537150360268e-06	5.452482638654277e-07	6.160045773126455e-07
PES|T_CS_100	profile_energy	T_CS	TH_CG312-CG312-SG3O1	0.01283939771916831	0.012844878502330292	0.012840501608149868	8.9117394228289e-13	3.043555736947763e-14	6.5846730347131366e-06	0.012590065290926522	0.012595439640982814	0.012591147743129945	6.45680313358279e-06	5.374350056291943e-06	1.082452203423484e-06
PES|T_CS_100	profile_energy	T_CS	TH_FGA3-CG302-FGA3	-0.007586395896032716	-0.007579463825466037	-0.007586655471677695	8.911718962731341e-13	3.043453436459967e-14	7.191647102829139e-06	-0.007439073213790585	-0.007432275759350374	-0.007439327748651931	7.0519901754228465e-06	6.797454440211383e-06	2.545348613460646e-07
PES|T_CS_100	profile_energy	T_CS	LAMBDA_CS	2.388463718042546	2.388293881535608	2.388471973226576	1.7823504162239195e-11	6.087238056802505e-13	0.000178091708791223	0.23420813665014073	0.23419148281046773	0.23420894613753412	1.7463328814144805e-05	1.6653839673003157e-05	8.094873933939262e-07
PES|T_CS_100	profile_energy	T_CS	LAMBDA_CC	-0.07271809221558456	-0.07290992772107874	-0.07296370324092472	1.782349494783042e-11	6.08719198475864e-13	0.0004374465486578239	-0.007130595599971256	-0.007149406618931154	-0.007154679742489774	4.2895163226155e-05	1.881101895989841e-05	2.4084142518518425e-05
PES|T_CS_110	profile_energy	T_CS	R_OG2P1-SG3O1	-45.668697537284864	-45.65119165236609	-45.67340054983271	9.201544922716467e-10	4.492583236385597e-11	0.02220889838677374	-0.08956368457807012	-0.08952935271314567	-0.08957290794451402	4.355523317290717e-05	3.433186492445006e-05	9.223366443891767e-06
PES|T_CS_110	profile_energy	T_CS	R_CG312-SG3O1	-66.71861901708853	-66.73941414579355	-66.72789353190733	9.2016826969884e-10	4.493272107745255e-11	0.03006964444398485	-0.1308459770338835	-0.1308867596365968	-0.13086416585389896	5.8971424533336784e-05	4.0782602713285154e-05	1.818882001544675e-05
PES|T_CS_110	profile_energy	T_CS	R_CG312-CG312	-19.674546681883065	-19.66611949856589	-19.674953844646126	9.201630710114358e-10	4.4930121733750516e-11	0.008834347000397993	-0.0385849605584669	-0.03856843349224425	-0.038585759070341535	1.7325579901876638e-05	1.6527066222647713e-05	7.985118746361985e-07
PES|T_CS_110	profile_energy	T_CS	R_CG302-CG312	-1.9055493876671825	-1.905483195207891	-1.903560585803099	9.201568421954451e-10	4.492700732575526e-11	0.0020549952435318123	-0.0037370898122422104	-0.003736959998149295	-0.003733189450890814	4.0301772488881035e-06	1.2981409291523e-07	3.900361351396545e-06
PES|T_CS_110	profile_energy	T_CS	TH_OG2P1-SG3O1-OG2P1	0.1614163048924473	0.16125495803148904	0.16141632500908232	9.202110869052878e-13	4.495412968067661e-14	0.00016136697851349132	0.15828170931896757	0.1581234957050285	0.15828172904495114	0.00015823334082496152	0.00015821361393905664	1.9725983568807948e-08
PES|T_CS_110	profile_energy	T_CS	TH_FGA2-CG312-FGA2	0.06189880385408708	0.0618953197114005	0.061915655745817144	9.201422449470433e-13	4.4919708701554275e-14	2.0336035336788132e-05	0.06069677090770045	0.06069335442471063	0.060713295547079785	1.9941123271422137e-05	3.4164829898139515e-06	1.652463937933807e-05
PES|T_CS_110	profile_energy	T_CS	TH_CG312-CG312-SG3O1	0.006174372083890933	0.0061854540963790505	0.006186123765415719	9.201584051550995e-13	4.492778880558236e-14	2.283369493306099e-05	0.006054469949988927	0.00606533675728254	0.006065993421799005	2.2390280005981286e-05	1.0866807293613036e-05	1.1523471810078248e-05
PES|T_CS_110	profile_energy	T_CS	TH_FGA3-CG302-FGA3	-0.005826807774498288	-0.005820277627210713	-0.005819814935468237	9.201525796879376e-13	4.4924876072001366e-14	1.3522987237779298e-05	-0.005713655104638639	-0.005707251768399027	-0.005706798061817554	1.3260379962981314e-05	6.4033362396119856e-06	6.8570428210850895e-06
PES|T_CS_110	profile_energy	T_CS	LAMBDA_CS	3.2832249277963665	3.2830544779911586	3.283282583778684	1.8403209568089143e-11	8.985765086052233e-13	0.00022810580592851076	0.3219466918143834	0.3219299778358672	0.32195234544859325	2.23676145306401e-05	1.6713978516214034e-05	5.653634209845659e-06
PES|T_CS_110	profile_energy	T_CS	LAMBDA_CC	-0.10455126857314312	-0.10519446006453492	-0.10515611854445162	1.8403178564545832e-11	8.985610068335682e-13	0.0012480414811034785	-0.010252095358179555	-0.010315165472902317	-0.010311405777535287	0.00012238053588307457	6.307011472276268e-05	5.931041935573235e-05
PES|T_CS_120	profile_energy	T_CS	R_OG2P1-SG3O1	-47.244051274856425	-47.237656115260314	-47.260586163957896	9.415418423228805e-10	5.561950738947286e-11	0.02293004963912348	-0.0926532074429504	-0.09264066550311459	-0.09268563502840559	4.4969527137516095e-05	1.25419398358112e-05	3.242758545518587e-05
PES|T_CS_120	profile_energy	T_CS	R_CG312-SG3O1	-79.41200447478458	-79.42604987063805	-79.41479858759593	9.4155842993635e-10	5.562780119620752e-11	0.016839509606374523	-0.1557397540117093	-0.15576729929922198	-0.1557452337177663	3.302499541624494e-05	2.754528751267027e-05	5.479706056993328e-06
PES|T_CS_120	profile_energy	T_CS	R_CG312-CG312	-35.344800946224275	-35.334795397944596	-35.34867759560267	9.41553545928762e-10	5.562535919241362e-11	0.013882198599630734	-0.06931685758801936	-0.06929723509343387	-0.06932446032295313	2.7225231365802904e-05	1.9622494585494477e-05	7.6027349337620675e-06
PES|T_CS_120	profile_energy	T_CS	R_CG302-CG312	-6.455957058676631	-6.466118208293903	-6.458111214269202	9.415446822879117e-10	5.562092737198843e-11	0.012315306151387047	-0.012661173469657396	-0.012681101123572397	-0.012665398116350408	2.4152302454535316e-05	1.9927653915001453e-05	4.2246466930122295e-06
PES|T_CS_120	profile_energy	T_CS	TH_OG2P1-SG3O1-OG2P1	0.1943909350154165	0.19418920104236337	0.1943814501491401	9.41605686976721e-13	5.565142971639322e-14	0.00021121884027111348	0.19061599440560686	0.19041817797000063	0.19060669372902472	0.000207117113111701	0.00019781643560623507	9.300676582141287e-06
PES|T_CS_120	profile_energy	T_CS	TH_FGA2-CG312-FGA2	0.08317370588826467	0.08311971156733966	0.08316289826434087	9.415248385556826e-13	5.5611005505873986e-14	6.480194579033836e-05	0.08155852871963244	0.08150558293193633	0.08154793097246263	6.354353578917637e-05	5.2945787696115354e-05	1.059774716981321e-05
PES|T_CS_120	profile_energy	T_CS	TH_CG312-CG312-SG3O1	0.0007762384383367404	0.0007816895688335102	0.0007765443879064193	9.415479919268459e-13	5.562258219145557e-14	5.7570810079965865e-06	0.0007611644123615057	0.0007665096855873075	0.0007614644205972687	5.645282384828657e-06	5.345273225801817e-06	3.0000823576304455e-07
PES|T_CS_120	profile_energy	T_CS	TH_FGA3-CG302-FGA3	0.0011913853972274069	0.0011725147369743283	0.0011920592050662648	9.415382356291578e-13	5.561770404261149e-14	1.9544469033474787e-05	0.001168249497821546	0.0011497452930398484	0.0011689102207674592	1.9164928650864972e-05	1.8504204781697592e-05	6.607229459131871e-07
PES|T_CS_120	profile_energy	T_CS	LAMBDA_CS	3.7933810458484807	3.7930172091658676	3.7931855583269503	1.8831040250791527e-11	1.1124918499564152e-12	0.0005593242229745478	0.3719716149091233	0.3719359377871155	0.37195244578052816	5.4846252449468105e-05	3.5677122007804485e-05	1.91691285951201e-05
PES|T_CS_120	profile_energy	T_CS	LAMBDA_CC	-0.1369871849569826	-0.13690510504062559	-0.13696565762666424	1.8830973380124967e-11	1.1124584146231367e-12	0.00010360726550632575	-0.013432698638611506	-0.013424650040627305	-0.013430587710200566	1.0159528241668147e-05	8.048597984200434e-06	2.1109284109397525e-06
PES|T_CC_300_ANCHOR_ZERO	profile_anchor	T_CC	R_OG2P1-SG3O1	0.0	0.0	0.0	0.0	0.0	0.0	0.0	0.0	0.0	0.0	0.0	0.0
PES|T_CC_300_ANCHOR_ZERO	profile_anchor	T_CC	R_CG312-SG3O1	0.0	0.0	0.0	0.0	0.0	0.0	0.0	0.0	0.0	0.0	0.0	0.0
PES|T_CC_300_ANCHOR_ZERO	profile_anchor	T_CC	R_CG312-CG312	0.0	0.0	0.0	0.0	0.0	0.0	0.0	0.0	0.0	0.0	0.0	0.0
PES|T_CC_300_ANCHOR_ZERO	profile_anchor	T_CC	R_CG302-CG312	0.0	0.0	0.0	0.0	0.0	0.0	0.0	0.0	0.0	0.0	0.0	0.0
PES|T_CC_300_ANCHOR_ZERO	profile_anchor	T_CC	TH_OG2P1-SG3O1-OG2P1	0.0	0.0	0.0	0.0	0.0	0.0	0.0	0.0	0.0	0.0	0.0	0.0
PES|T_CC_300_ANCHOR_ZERO	profile_anchor	T_CC	TH_FGA2-CG312-FGA2	0.0	0.0	0.0	0.0	0.0	0.0	0.0	0.0	0.0	0.0	0.0	0.0
PES|T_CC_300_ANCHOR_ZERO	profile_anchor	T_CC	TH_CG312-CG312-SG3O1	0.0	0.0	0.0	0.0	0.0	0.0	0.0	0.0	0.0	0.0	0.0	0.0
PES|T_CC_300_ANCHOR_ZERO	profile_anchor	T_CC	TH_FGA3-CG302-FGA3	0.0	0.0	0.0	0.0	0.0	0.0	0.0	0.0	0.0	0.0	0.0	0.0
PES|T_CC_300_ANCHOR_ZERO	profile_anchor	T_CC	LAMBDA_CS	0.0	0.0	0.0	0.0	0.0	0.0	0.0	0.0	0.0	0.0	0.0	0.0
PES|T_CC_300_ANCHOR_ZERO	profile_anchor	T_CC	LAMBDA_CC	0.0	0.0	0.0	0.0	0.0	0.0	0.0	0.0	0.0	0.0	0.0	0.0
AB_ENERGY|GEO_B_REVISED-GEO_A	AB_energy	AB_energy	R_OG2P1-SG3O1	-30.925246502151005	-30.90983973972272	-30.913139938455902	8.757809979083061e-10	2.2739085182185614e-11	0.027513326999167857	-0.30925246502151005	-0.3090983973972272	-0.309131399384559	0.0002751332699916786	0.0001540676242828276	0.00012106563695102324
AB_ENERGY|GEO_B_REVISED-GEO_A	AB_energy	AB_energy	R_CG312-SG3O1	-29.577845196223638	-29.582299790630874	-29.582642412643523	8.757852436410024e-10	2.2741208048533798e-11	0.009251811702905254	-0.2957784519622364	-0.2958229979063087	-0.29582642412643523	9.251811702905254e-05	4.454594407232726e-05	4.797216419882844e-05
AB_ENERGY|GEO_B_REVISED-GEO_A	AB_energy	AB_energy	R_CG312-CG312	-1.5891905277247709	-1.5741384734703212	-1.6003198814531494	8.757750571493412e-10	2.2736114802703184e-11	0.026181408858603254	-0.01589190527724771	-0.015741384734703212	-0.016003198814531494	0.0002618140885860325	0.00015052054254449665	0.00011129353728378533
AB_ENERGY|GEO_B_REVISED-GEO_A	AB_energy	AB_energy	R_CG302-CG312	2.062123720363296	2.053770040571168	2.06238021044447	8.757844332020539e-10	2.2740802829059613e-11	0.008610170749086531	0.02062123720363296	0.02053770040571168	0.0206238021044447	8.610170749086531e-05	8.353679792127977e-05	2.564900811741211e-06
AB_ENERGY|GEO_B_REVISED-GEO_A	AB_energy	AB_energy	TH_OG2P1-SG3O1-OG2P1	-0.0010394687797561364	-0.0010278040115917486	-0.0010414044992830274	8.757889103546667e-13	2.2743041405365984e-14	1.3600488567067662e-05	-0.005197343898780682	-0.005139020057958743	-0.005207022496415137	6.800244283533831e-05	5.8323840821938866e-05	9.678597634454889e-06
AB_ENERGY|GEO_B_REVISED-GEO_A	AB_energy	AB_energy	TH_FGA2-CG312-FGA2	-0.20374860252079352	-0.2035754172904518	-0.20373861537499982	8.757992490387308e-13	2.2748210747398065e-14	0.00018317237701120906	-1.0187430126039676	-1.017877086452259	-1.018693076874999	0.0009158618850560453	0.0008659261517085515	4.993572896849763e-05
AB_ENERGY|GEO_B_REVISED-GEO_A	AB_energy	AB_energy	TH_CG312-CG312-SG3O1	0.04603412205521029	0.04602370184966542	0.04603298161723224	8.757802750645895e-13	2.2738723760327373e-14	1.1560644398703461e-05	0.23017061027605146	0.2301185092483271	0.2301649080861612	5.780322199351731e-05	5.2101027724349436e-05	5.702189890266496e-06
AB_ENERGY|GEO_B_REVISED-GEO_A	AB_energy	AB_energy	TH_FGA3-CG302-FGA3	-0.014430787376195076	-0.014401343587416293	-0.014403551167901485	8.757880685504705e-13	2.2742620503267917e-14	5.66799979481611e-05	-0.07215393688097538	-0.07200671793708147	-0.07201775583950742	0.0002833999897408055	0.000147218943893912	0.00013618104146795318
AB_ENERGY|GEO_B_REVISED-GEO_A	AB_energy	AB_energy	LAMBDA_CS	-0.16205490782744025	-0.16198018823972316	-0.1617235665607053	1.7515629607858208e-11	4.547865284897564e-13	0.00040606087196768016	-0.08102745391372013	-0.08099009411986158	-0.08086178328035265	0.00020303043598384008	3.735979385854904e-05	0.00016567063336747623
AB_ENERGY|GEO_B_REVISED-GEO_A	AB_energy	AB_energy	LAMBDA_CC	0.0371390385516257	0.03715483371415029	0.03731019836520133	1.751567332998182e-11	4.548083895515615e-13	0.00018695499361589093	0.01856951927581285	0.018577416857075146	0.018655099182600665	9.347749680794546e-05	7.897581262295006e-06	8.55799067878138e-05
