ray_id	basin	observable_id	quantity_class	qm_value	baseline_error	tangent_response_per_unit_ray	budget	no_new_flag_abs_error_limit	heavy_backbone_scope	baseline_major_flag	predicted_error_at_geometry_endpoint	predicted_BASE_change	endpoint_error_increase	endpoint_budget_pass
individual_CC_FOURIER_1_minus	A	BOND|A|S1-O1	bonds	1.4824048021793783	-0.03077275852866168	-1.287601768664981e-05	0.005	0.03577275852866168	False	False	-0.03079851056403498	-2.575203537329962e-05	2.5752035373298454e-05	True
individual_CC_FOURIER_1_minus	B	BOND|B|S1-O1	bonds	1.480465887667455	-0.027146956557600577	1.966808704543226e-05	0.005	0.032146956557600574	False	False	-0.027107620383509713	3.933617409086452e-05	-3.933617409086418e-05	True
individual_CC_FOURIER_1_minus	A	BOND|A|S1-O2	bonds	1.4795360895746836	-0.026059641892111962	1.0342220474958452e-05	0.005	0.031059641892111963	False	False	-0.026038957451162047	2.0684440949916904e-05	-2.068444094991545e-05	True
individual_CC_FOURIER_1_minus	B	BOND|B|S1-O2	bonds	1.4806664390483129	-0.026749760721457516	-3.126624794964386e-05	0.005	0.031749760721457514	False	False	-0.026812293217356804	-6.253249589928772e-05	6.253249589928747e-05	True
individual_CC_FOURIER_1_minus	A	BOND|A|S1-O3	bonds	1.4813346426421938	-0.029070129905947928	-5.447642924230536e-05	0.005	0.034070129905947925	False	False	-0.02917908276443254	-0.00010895285848461072	0.00010895285848461222	True
individual_CC_FOURIER_1_minus	B	BOND|B|S1-O3	bonds	1.4823240170020167	-0.02932586961957817	7.253998909747992e-05	0.005	0.03432586961957817	False	False	-0.029180789641383213	0.00014507997819495985	-0.0001450799781949584	True
individual_CC_FOURIER_1_minus	A	BOND|A|S1-C2	bonds	1.8736790713925773	-0.10442979261240293	-4.817972515301161e-05	0.005	0.10942979261240293	True	True	-0.10452615206270895	-9.635945030602321e-05	9.635945030601889e-05	True
individual_CC_FOURIER_1_minus	B	BOND|B|S1-C2	bonds	1.8779260960849893	-0.10068060525356004	0.00024908836890456863	0.005	0.10568060525356004	True	True	-0.1001824285157509	0.0004981767378091373	-0.0004981767378091362	True
individual_CC_FOURIER_1_minus	A	BOND|A|F1-C1	bonds	1.3595551426661177	0.006032455246079316	4.066306856742763e-06	0.005	0.011032455246079317	False	False	0.006040587859792801	8.132613713485526e-06	8.132613713485518e-06	True
individual_CC_FOURIER_1_minus	B	BOND|B|F1-C1	bonds	1.3609327811824499	0.005805030997336091	-5.493015823614975e-05	0.005	0.010805030997336092	False	False	0.005695170680863792	-0.0001098603164722995	-0.00010986031647229957	True
individual_CC_FOURIER_1_minus	A	BOND|A|F2-C1	bonds	1.3774984810535549	-0.009230855726468201	6.110144533728708e-05	0.005	0.014230855726468202	False	False	-0.009108652835793627	0.00012220289067457415	-0.0001222028906745741	True
individual_CC_FOURIER_1_minus	B	BOND|B|F2-C1	bonds	1.361694349976532	0.003761666180506884	-5.786993670108469e-05	0.005	0.008761666180506885	False	False	0.0036459263071047148	-0.00011573987340216938	-0.00011573987340216928	True
individual_CC_FOURIER_1_minus	A	BOND|A|F3-C2	bonds	1.375531096363811	-0.0240095301631027	2.788237245134244e-05	0.005	0.0290095301631027	False	False	-0.023953765418200015	5.576474490268488e-05	-5.576474490268449e-05	True
individual_CC_FOURIER_1_minus	B	BOND|B|F3-C2	bonds	1.3737307862856514	-0.02089804406329554	3.201354173591895e-05	0.005	0.02589804406329554	False	False	-0.0208340169798237	6.40270834718379e-05	-6.40270834718383e-05	True
individual_CC_FOURIER_1_minus	A	BOND|A|F4-C2	bonds	1.3712622667249406	-0.01461903729287295	-3.294964067979791e-05	0.005	0.01961903729287295	False	False	-0.014684936574232546	-6.589928135959582e-05	6.589928135959655e-05	True
individual_CC_FOURIER_1_minus	B	BOND|B|F4-C2	bonds	1.3746418065114232	-0.02205963693614743	-2.838635896549313e-05	0.005	0.027059636936147432	False	False	-0.022116409654078416	-5.677271793098626e-05	5.677271793098557e-05	True
individual_CC_FOURIER_1_minus	A	BOND|A|F5-C3	bonds	1.3493720025730402	0.010698904702354683	0.00010623721587352151	0.005	0.015698904702354684	False	False	0.010911379134101727	0.00021247443174704302	0.00021247443174704332	True
individual_CC_FOURIER_1_minus	B	BOND|B|F5-C3	bonds	1.3601883799422818	0.004084868184351498	1.2580771160846993e-06	0.005	0.009084868184351499	False	False	0.0040873843385836675	2.5161542321693987e-06	2.5161542321697206e-06	True
individual_CC_FOURIER_1_minus	A	BOND|A|F6-C3	bonds	1.3764797496427925	-0.008515701225140004	7.653440649399848e-05	0.005	0.013515701225140005	False	False	-0.008362632412152007	0.00015306881298799696	-0.00015306881298799736	True
individual_CC_FOURIER_1_minus	B	BOND|B|F6-C3	bonds	1.3700696599680562	-0.0024912806564183487	9.17271823372042e-05	0.005	0.007491280656418349	False	False	-0.0023078262917439404	0.0001834543646744084	-0.0001834543646744083	True
individual_CC_FOURIER_1_minus	A	BOND|A|F7-C4	bonds	1.330175822145935	0.01643273077393781	-6.101638590606662e-05	0.005	0.02143273077393781	False	False	0.016310698002125677	-0.00012203277181213323	-0.00012203277181213265	True
individual_CC_FOURIER_1_minus	B	BOND|B|F7-C4	bonds	1.3403759103553696	0.008485827134460555	5.6546393456901714e-05	0.005	0.013485827134460556	False	False	0.008598919921374359	0.00011309278691380343	0.00011309278691380362	True
individual_CC_FOURIER_1_minus	A	BOND|A|F8-C4	bonds	1.3572512969131418	-0.0034453906866040995	2.974761272547788e-06	0.005	0.0084453906866041	False	False	-0.003439441164059004	5.949522545095576e-06	-5.94952254509562e-06	True
individual_CC_FOURIER_1_minus	B	BOND|B|F8-C4	bonds	1.3559843534831049	-0.0020621055111986752	9.476844742530659e-05	0.005	0.007062105511198675	False	False	-0.001872568616348062	0.00018953689485061317	-0.00018953689485061323	True
individual_CC_FOURIER_1_minus	A	BOND|A|F9-C4	bonds	1.351186931996573	0.0005750218207176694	6.0575440370532264e-05	0.005	0.0055750218207176695	False	False	0.0006961727014587339	0.00012115088074106453	0.00012115088074106449	True
individual_CC_FOURIER_1_minus	B	BOND|B|F9-C4	bonds	1.3442475330395833	0.005794006790206252	-7.184855078456209e-06	0.005	0.010794006790206253	False	False	0.005779637080049339	-1.4369710156912418e-05	-1.436971015691263e-05	True
individual_CC_FOURIER_1_minus	A	BOND|A|C1-C2	bonds	1.5463338589367104	-0.059583577632589035	-2.611266690213192e-05	0.005	0.06458357763258904	True	False	-0.0596358029663933	-5.222533380426384e-05	5.222533380426497e-05	True
individual_CC_FOURIER_1_minus	B	BOND|B|C1-C2	bonds	1.5414727177177037	-0.05181762879074103	-0.00010896206204566852	0.005	0.05681762879074103	True	False	-0.05203555291483237	-0.00021792412409133704	0.00021792412409133571	True
individual_CC_FOURIER_1_minus	A	BOND|A|C1-C3	bonds	1.5536251466595754	-0.02761777676931043	-0.0001117100618340471	0.005	0.03261777676931043	True	False	-0.027841196892978527	-0.0002234201236680942	0.00022342012366809508	True
individual_CC_FOURIER_1_minus	B	BOND|B|C1-C3	bonds	1.5582651596570543	-0.03491559976130598	0.0004210528933824662	0.005	0.03991559976130598	True	False	-0.03407349397454105	0.0008421057867649324	-0.0008421057867649337	True
individual_CC_FOURIER_1_minus	A	BOND|A|C3-C4	bonds	1.5480468386153412	-0.05273299037939738	-8.332384521393888e-05	0.005	0.05773299037939738	True	False	-0.05289963806982526	-0.00016664769042787776	0.00016664769042788047	True
individual_CC_FOURIER_1_minus	B	BOND|B|C3-C4	bonds	1.545069010019299	-0.050153542777362725	0.00028474955534849825	0.005	0.05515354277736272	True	False	-0.04958404366666573	0.0005694991106969965	-0.0005694991106969943	True
individual_CC_FOURIER_1_minus	A	ANGLE|A|S1-C2-F3	angles	109.67733398017896	-0.7823903616519488	-0.04435928962705533	0.5	1.2823903616519488	True	False	-0.8711089409060594	-0.08871857925411065	0.08871857925411064	True
individual_CC_FOURIER_1_minus	B	ANGLE|B|S1-C2-F3	angles	109.47537283316586	-1.442183808451432	-0.029435212089155765	0.5	1.942183808451432	True	False	-1.5010542326297436	-0.05887042417831153	0.058870424178311564	True
individual_CC_FOURIER_1_minus	A	ANGLE|A|S1-C2-F4	angles	108.96744940646958	-1.582693562191352	0.0617255890812667	0.5	2.082693562191352	True	False	-1.4592423840288187	0.1234511781625334	-0.12345117816253337	True
individual_CC_FOURIER_1_minus	B	ANGLE|B|S1-C2-F4	angles	109.71820108431614	-2.443790762484298	0.05038478222713976	0.5	2.943790762484298	True	False	-2.3430211980300184	0.10076956445427952	-0.10076956445427943	True
individual_CC_FOURIER_1_minus	A	ANGLE|A|S1-C2-C1	angles	119.96985166647593	-6.6544355331031255	-0.009838030689873834	0.5	7.1544355331031255	True	True	-6.6741115944828735	-0.01967606137974767	0.019676061379747978	True
individual_CC_FOURIER_1_minus	B	ANGLE|B|S1-C2-C1	angles	116.91210244206768	-5.110195931532331	-0.01564560043683981	0.5	5.610195931532331	True	False	-5.141487132406011	-0.03129120087367962	0.03129120087367987	True
individual_CC_FOURIER_1_minus	A	ANGLE|A|F1-C1-F2	angles	107.3508090300338	-5.555335602249812	-0.02351742103431892	0.5	6.055335602249812	False	False	-5.60237044431845	-0.04703484206863784	0.04703484206863795	True
individual_CC_FOURIER_1_minus	B	ANGLE|B|F1-C1-F2	angles	108.74266895623758	-6.040644790562524	0.07544832187239767	0.5	6.540644790562524	False	False	-5.889748146817729	0.15089664374479533	-0.1508966437447956	True
individual_CC_FOURIER_1_minus	A	ANGLE|A|F1-C1-C2	angles	109.50557562604796	0.9169602415963993	-0.06812842789008375	0.5	1.4169602415963993	True	False	0.7807033858162318	-0.1362568557801675	-0.13625685578016755	True
individual_CC_FOURIER_1_minus	B	ANGLE|B|F1-C1-C2	angles	110.38735878107522	2.269310803102499	0.07308068670326905	0.5	2.769310803102499	True	False	2.415472176509037	0.1461613734065381	0.1461613734065379	True
individual_CC_FOURIER_1_minus	A	ANGLE|A|F1-C1-C3	angles	105.39046626206549	2.3213646253494176	0.06888730564659692	0.5	2.8213646253494176	True	False	2.4591392366426112	0.13777461129319385	0.13777461129319368	True
individual_CC_FOURIER_1_minus	B	ANGLE|B|F1-C1-C3	angles	104.5121831407152	0.5245552027159022	-0.053889897520001236	0.5	1.0245552027159022	True	False	0.4167754076758997	-0.10777979504000247	-0.10777979504000246	True
individual_CC_FOURIER_1_minus	A	ANGLE|A|F2-C1-C2	angles	106.7104538689189	-0.956037483035729	-0.060711591765437195	0.5	1.456037483035729	True	False	-1.0774606665666033	-0.12142318353087439	0.12142318353087433	True
individual_CC_FOURIER_1_minus	B	ANGLE|B|F2-C1-C2	angles	109.60661113251722	1.5639524053591458	-0.03976449007215392	0.5	2.063952405359146	True	False	1.484423425214838	-0.07952898014430784	-0.07952898014430776	True
individual_CC_FOURIER_1_minus	A	ANGLE|A|F2-C1-C3	angles	105.69935642344878	1.7485644339946873	-0.04307229001896245	0.5	2.2485644339946873	True	False	1.6624198539567625	-0.0861445800379249	-0.0861445800379248	True
individual_CC_FOURIER_1_minus	B	ANGLE|B|F2-C1-C3	angles	106.15292052824611	2.9739531591271344	-0.022515251999424935	0.5	3.4739531591271344	True	False	2.9289226551282845	-0.04503050399884987	-0.04503050399884989	True
individual_CC_FOURIER_1_minus	A	ANGLE|A|F3-C2-F4	angles	107.18253818691385	-4.320229494934907	0.012327633597051772	0.5	4.820229494934907	False	False	-4.295574227740803	0.024655267194103544	-0.02465526719410338	True
individual_CC_FOURIER_1_minus	B	ANGLE|B|F3-C2-F4	angles	107.21219794496402	-3.6872045886707525	-0.0004218587715761487	0.5	4.1872045886707525	False	False	-3.6880483062139047	-0.0008437175431522973	0.000843717543152156	True
individual_CC_FOURIER_1_minus	A	ANGLE|A|F3-C2-C1	angles	105.91890064776834	7.499900209372981	-0.06509236679934806	0.5	7.999900209372981	False	False	7.369715475774285	-0.13018473359869612	-0.1301847335986963	True
individual_CC_FOURIER_1_minus	B	ANGLE|B|F3-C2-C1	angles	107.32580921305703	5.758592402520563	0.03207578659626582	0.5	6.258592402520563	False	False	5.822743975713094	0.06415157319253165	0.06415157319253151	True
individual_CC_FOURIER_1_minus	A	ANGLE|A|F4-C2-C1	angles	104.39286289405992	5.906852248244604	0.05432007237456838	0.5	6.406852248244604	False	False	6.015492392993741	0.10864014474913676	0.10864014474913652	True
individual_CC_FOURIER_1_minus	B	ANGLE|B|F4-C2-C1	angles	105.74424590376499	6.866016775183212	-0.03465310060387434	0.5	7.366016775183212	False	False	6.796710573975464	-0.06930620120774868	-0.06930620120774833	True
individual_CC_FOURIER_1_minus	A	ANGLE|A|F5-C3-F6	angles	107.79480751174968	-5.897166543490641	-0.006626194130407407	0.5	6.397166543490641	False	False	-5.910418931751456	-0.013252388260814815	0.013252388260815096	True
individual_CC_FOURIER_1_minus	B	ANGLE|B|F5-C3-F6	angles	107.77152882883	-5.210913209698276	-0.00984958075448335	0.5	5.710913209698276	False	False	-5.2306123712072425	-0.0196991615089667	0.019699161508966334	True
individual_CC_FOURIER_1_minus	A	ANGLE|A|F5-C3-C1	angles	110.4150854742138	3.0319442086500885	-0.019616469949798956	0.5	3.5319442086500885	False	False	2.9927112687504906	-0.03923293989959791	-0.03923293989959786	True
individual_CC_FOURIER_1_minus	B	ANGLE|B|F5-C3-C1	angles	110.16968887384166	2.0107778103275535	-0.020801543799325122	0.5	2.5107778103275535	False	False	1.9691747227289034	-0.041603087598650244	-0.04160308759865017	True
individual_CC_FOURIER_1_minus	A	ANGLE|A|F5-C3-C4	angles	108.29467545540544	1.710937329063583	0.025512761973805927	0.5	2.210937329063583	True	False	1.7619628530111948	0.05102552394761185	0.05102552394761184	True
individual_CC_FOURIER_1_minus	B	ANGLE|B|F5-C3-C4	angles	106.87356801362543	2.010937356349231	0.0011287701420884106	0.5	2.510937356349231	True	False	2.013194896633408	0.002257540284176821	0.0022575402841766845	True
individual_CC_FOURIER_1_minus	A	ANGLE|A|F6-C3-C1	angles	105.21783735379346	2.6931331393982703	0.014853311130527073	0.5	3.1931331393982703	False	False	2.7228397616593245	0.029706622261054146	0.02970662226105425	True
individual_CC_FOURIER_1_minus	B	ANGLE|B|F6-C3-C1	angles	106.39321950632629	2.461458339119673	0.020283734034590942	0.5	2.961458339119673	False	False	2.502025807188855	0.040567468069181885	0.04056746806918188	True
individual_CC_FOURIER_1_minus	A	ANGLE|A|F6-C3-C4	angles	105.03763419113301	1.4584341884600747	-0.015118031338970661	0.5	1.9584341884600747	True	False	1.4281981257821332	-0.030236062677941322	-0.030236062677941433	True
individual_CC_FOURIER_1_minus	B	ANGLE|B|F6-C3-C4	angles	105.92765861305558	0.8526376530387978	0.01132263139600268	0.5	1.3526376530387978	True	False	0.8752829158308032	0.02264526279200536	0.022645262792005405	True
individual_CC_FOURIER_1_minus	A	ANGLE|A|F7-C4-F8	angles	108.2237040724793	-4.968682652980235	0.0023990251738812618	0.5	5.468682652980235	False	False	-4.963884602632472	0.0047980503477625235	-0.004798050347762484	True
individual_CC_FOURIER_1_minus	B	ANGLE|B|F7-C4-F8	angles	107.7280972686723	-4.675805010702277	-0.00920124994992285	0.5	5.175805010702277	False	False	-4.694207510602123	-0.0184024998998457	0.018402499899845992	True
individual_CC_FOURIER_1_minus	A	ANGLE|A|F7-C4-F9	angles	109.2768804736617	-5.5096088398768615	-0.024048471095340335	0.5	6.0096088398768615	False	False	-5.557705782067542	-0.04809694219068067	0.04809694219068028	True
individual_CC_FOURIER_1_minus	B	ANGLE|B|F7-C4-F9	angles	109.46339202165414	-5.403088264707165	-0.00165526971705317	0.5	5.903088264707165	False	False	-5.406398804141271	-0.00331053943410634	0.0033105394341061967	True
individual_CC_FOURIER_1_minus	A	ANGLE|A|F7-C4-C3	angles	113.14632954629842	3.3334235029319785	0.031897372014678356	0.5	3.8334235029319785	False	False	3.3972182469613355	0.06379474402935671	0.06379474402935692	True
individual_CC_FOURIER_1_minus	B	ANGLE|B|F7-C4-C3	angles	111.75127911230354	4.072787513537989	-0.03647292429473043	0.5	4.572787513537989	False	False	3.999841664948528	-0.07294584858946086	-0.07294584858946074	True
individual_CC_FOURIER_1_minus	A	ANGLE|A|F8-C4-F9	angles	107.67123653178818	-4.270990659538697	0.0028442840392779315	0.5	4.770990659538697	False	False	-4.265302091460141	0.005688568078555863	-0.005688568078555889	True
individual_CC_FOURIER_1_minus	B	ANGLE|B|F8-C4-F9	angles	107.99167256109826	-4.479603946274096	-0.007230289214192635	0.5	4.979603946274096	False	False	-4.494064524702481	-0.01446057842838527	0.014460578428384885	True
individual_CC_FOURIER_1_minus	A	ANGLE|A|F8-C4-C3	angles	107.77202503419944	5.685092670391896	-0.012445623345855654	0.5	6.185092670391896	False	False	5.660201423700184	-0.02489124669171131	-0.02489124669171172	True
individual_CC_FOURIER_1_minus	B	ANGLE|B|F8-C4-C3	angles	108.36126926334	5.121998235266133	0.054631257253641444	0.5	5.621998235266133	False	False	5.2312607497734165	0.10926251450728289	0.10926251450728319	True
individual_CC_FOURIER_1_minus	A	ANGLE|A|F9-C4-C3	angles	110.56871903744958	4.33052090530758	-0.0035126128729373817	0.5	4.83052090530758	False	False	4.323495679561705	-0.007025225745874763	-0.007025225745874941	True
individual_CC_FOURIER_1_minus	B	ANGLE|B|F9-C4-C3	angles	111.3974313862652	3.9580423138960867	-0.001607946796594888	0.5	4.458042313896087	False	False	3.954826420302897	-0.003215893593189776	-0.0032158935931896337	True
individual_CC_FOURIER_1_minus	A	ANGLE|A|O1-S1-O2	angles	115.87508867620741	-3.618181495307482	0.0009152397274537065	0.5	4.118181495307482	False	False	-3.6163510158525747	0.001830479454907413	-0.00183047945490733	True
individual_CC_FOURIER_1_minus	B	ANGLE|B|O1-S1-O2	angles	115.8617593435942	-3.516363558456277	-0.007067677759063747	0.5	4.016363558456277	False	False	-3.5304989139744043	-0.014135355518127495	0.01413535551812739	True
individual_CC_FOURIER_1_minus	A	ANGLE|A|O1-S1-O3	angles	115.79825616835085	-2.9801946734126403	-0.008057080808334888	0.5	3.4801946734126403	False	False	-2.99630883502931	-0.016114161616669776	0.016114161616669787	True
individual_CC_FOURIER_1_minus	B	ANGLE|B|O1-S1-O3	angles	115.96678545732925	-3.054015124304769	-0.014236413723812905	0.5	3.554015124304769	False	False	-3.0824879517523947	-0.02847282744762581	0.028472827447625804	True
individual_CC_FOURIER_1_minus	A	ANGLE|A|O1-S1-C2	angles	101.68837783605547	4.182271180870245	0.036089689565694846	0.5	4.682271180870245	True	False	4.254450560001635	0.07217937913138969	0.07217937913138961	True
individual_CC_FOURIER_1_minus	B	ANGLE|B|O1-S1-C2	angles	102.50601319835522	3.926857923886118	-0.0050996405861632186	0.5	4.426857923886118	True	False	3.9166586427137915	-0.010199281172326437	-0.01019928117232638	True
individual_CC_FOURIER_1_minus	A	ANGLE|A|O2-S1-O3	angles	116.27786596346955	-3.59984973875882	0.007354689736247292	0.5	4.09984973875882	False	False	-3.5851403592863256	0.014709379472494583	-0.014709379472494621	True
individual_CC_FOURIER_1_minus	B	ANGLE|B|O2-S1-O3	angles	116.12933095760322	-3.619903218732915	-0.005876062469721876	0.5	4.119903218732915	False	False	-3.631655343672359	-0.011752124939443751	0.011752124939443664	True
individual_CC_FOURIER_1_minus	A	ANGLE|A|O2-S1-C2	angles	101.28230695055689	4.524678198083862	0.019419413633571594	0.5	5.024678198083862	True	False	4.563517025351005	0.03883882726714319	0.03883882726714294	True
individual_CC_FOURIER_1_minus	B	ANGLE|B|O2-S1-C2	angles	100.92184273605463	4.633089992091186	-0.008536296602460754	0.5	5.133089992091186	True	False	4.616017398886265	-0.017072593204921507	-0.017072593204921382	True
individual_CC_FOURIER_1_minus	A	ANGLE|A|O3-S1-C2	angles	102.18621881661765	4.56016837451304	-0.05518566095012244	0.5	5.06016837451304	True	False	4.449797052612795	-0.11037132190024487	-0.1103713219002449	True
individual_CC_FOURIER_1_minus	B	ANGLE|B|O3-S1-C2	angles	101.71880765541988	4.7008584538955915	0.04479014598914498	0.5	5.2008584538955915	True	False	4.790438745873882	0.08958029197828996	0.0895802919782902	True
individual_CC_FOURIER_1_minus	A	ANGLE|A|C1-C3-C4	angles	119.38890145578634	-3.52236001432712	-0.00020831523545258507	0.5	4.02236001432712	True	False	-3.522776644798025	-0.00041663047090517014	0.00041663047090523264	True
individual_CC_FOURIER_1_minus	B	ANGLE|B|C1-C3-C4	angles	119.16297945581584	-2.638853839530924	-0.001239280378943431	0.5	3.138853839530924	True	False	-2.6413324002888108	-0.002478560757886862	0.002478560757886772	True
individual_CC_FOURIER_1_minus	A	ANGLE|A|C2-C1-C3	angles	121.44059188743243	0.38867399549285153	0.10117543088721045	0.5	0.8886739954928515	True	False	0.5910248572672725	0.2023508617744209	0.20235086177442096	True
individual_CC_FOURIER_1_minus	B	ANGLE|B|C2-C1-C3	angles	117.05902651940126	-1.8073461989810227	-0.02254617245979082	0.5	2.3073461989810227	True	False	-1.8524385439006044	-0.04509234491958164	0.045092344919581695	True
individual_CC_FOURIER_1_plus	A	BOND|A|S1-O1	bonds	1.4824048021793783	-0.03077275852866168	1.287601768664981e-05	0.005	0.03577275852866168	False	False	-0.030747006493288383	2.575203537329962e-05	-2.5752035373298454e-05	True
individual_CC_FOURIER_1_plus	B	BOND|B|S1-O1	bonds	1.480465887667455	-0.027146956557600577	-1.966808704543226e-05	0.005	0.032146956557600574	False	False	-0.02718629273169144	-3.933617409086452e-05	3.933617409086418e-05	True
individual_CC_FOURIER_1_plus	A	BOND|A|S1-O2	bonds	1.4795360895746836	-0.026059641892111962	-1.0342220474958452e-05	0.005	0.031059641892111963	False	False	-0.026080326333061878	-2.0684440949916904e-05	2.068444094991545e-05	True
individual_CC_FOURIER_1_plus	B	BOND|B|S1-O2	bonds	1.4806664390483129	-0.026749760721457516	3.126624794964386e-05	0.005	0.031749760721457514	False	False	-0.02668722822555823	6.253249589928772e-05	-6.253249589928747e-05	True
individual_CC_FOURIER_1_plus	A	BOND|A|S1-O3	bonds	1.4813346426421938	-0.029070129905947928	5.447642924230536e-05	0.005	0.034070129905947925	False	False	-0.028961177047463316	0.00010895285848461072	-0.00010895285848461222	True
individual_CC_FOURIER_1_plus	B	BOND|B|S1-O3	bonds	1.4823240170020167	-0.02932586961957817	-7.253998909747992e-05	0.005	0.03432586961957817	False	False	-0.02947094959777313	-0.00014507997819495985	0.0001450799781949584	True
individual_CC_FOURIER_1_plus	A	BOND|A|S1-C2	bonds	1.8736790713925773	-0.10442979261240293	4.817972515301161e-05	0.005	0.10942979261240293	True	True	-0.10433343316209691	9.635945030602321e-05	-9.635945030601889e-05	True
individual_CC_FOURIER_1_plus	B	BOND|B|S1-C2	bonds	1.8779260960849893	-0.10068060525356004	-0.00024908836890456863	0.005	0.10568060525356004	True	True	-0.10117878199136918	-0.0004981767378091373	0.0004981767378091362	True
individual_CC_FOURIER_1_plus	A	BOND|A|F1-C1	bonds	1.3595551426661177	0.006032455246079316	-4.066306856742763e-06	0.005	0.011032455246079317	False	False	0.00602432263236583	-8.132613713485526e-06	-8.132613713485518e-06	True
individual_CC_FOURIER_1_plus	B	BOND|B|F1-C1	bonds	1.3609327811824499	0.005805030997336091	5.493015823614975e-05	0.005	0.010805030997336092	False	False	0.005914891313808391	0.0001098603164722995	0.00010986031647229957	True
individual_CC_FOURIER_1_plus	A	BOND|A|F2-C1	bonds	1.3774984810535549	-0.009230855726468201	-6.110144533728708e-05	0.005	0.014230855726468202	False	False	-0.009353058617142775	-0.00012220289067457415	0.0001222028906745741	True
individual_CC_FOURIER_1_plus	B	BOND|B|F2-C1	bonds	1.361694349976532	0.003761666180506884	5.786993670108469e-05	0.005	0.008761666180506885	False	False	0.0038774060539090533	0.00011573987340216938	0.00011573987340216928	True
individual_CC_FOURIER_1_plus	A	BOND|A|F3-C2	bonds	1.375531096363811	-0.0240095301631027	-2.788237245134244e-05	0.005	0.0290095301631027	False	False	-0.024065294908005384	-5.576474490268488e-05	5.576474490268449e-05	True
individual_CC_FOURIER_1_plus	B	BOND|B|F3-C2	bonds	1.3737307862856514	-0.02089804406329554	-3.201354173591895e-05	0.005	0.02589804406329554	False	False	-0.02096207114676738	-6.40270834718379e-05	6.40270834718383e-05	True
individual_CC_FOURIER_1_plus	A	BOND|A|F4-C2	bonds	1.3712622667249406	-0.01461903729287295	3.294964067979791e-05	0.005	0.01961903729287295	False	False	-0.014553138011513353	6.589928135959582e-05	-6.589928135959655e-05	True
individual_CC_FOURIER_1_plus	B	BOND|B|F4-C2	bonds	1.3746418065114232	-0.02205963693614743	2.838635896549313e-05	0.005	0.027059636936147432	False	False	-0.022002864218216445	5.677271793098626e-05	-5.677271793098557e-05	True
individual_CC_FOURIER_1_plus	A	BOND|A|F5-C3	bonds	1.3493720025730402	0.010698904702354683	-0.00010623721587352151	0.005	0.015698904702354684	False	False	0.01048643027060764	-0.00021247443174704302	-0.00021247443174704332	True
individual_CC_FOURIER_1_plus	B	BOND|B|F5-C3	bonds	1.3601883799422818	0.004084868184351498	-1.2580771160846993e-06	0.005	0.009084868184351499	False	False	0.004082352030119328	-2.5161542321693987e-06	-2.5161542321697206e-06	True
individual_CC_FOURIER_1_plus	A	BOND|A|F6-C3	bonds	1.3764797496427925	-0.008515701225140004	-7.653440649399848e-05	0.005	0.013515701225140005	False	False	-0.008668770038128002	-0.00015306881298799696	0.00015306881298799736	True
individual_CC_FOURIER_1_plus	B	BOND|B|F6-C3	bonds	1.3700696599680562	-0.0024912806564183487	-9.17271823372042e-05	0.005	0.007491280656418349	False	False	-0.002674735021092757	-0.0001834543646744084	0.0001834543646744083	True
individual_CC_FOURIER_1_plus	A	BOND|A|F7-C4	bonds	1.330175822145935	0.01643273077393781	6.101638590606662e-05	0.005	0.02143273077393781	False	False	0.016554763545749942	0.00012203277181213323	0.00012203277181213265	True
individual_CC_FOURIER_1_plus	B	BOND|B|F7-C4	bonds	1.3403759103553696	0.008485827134460555	-5.6546393456901714e-05	0.005	0.013485827134460556	False	False	0.008372734347546752	-0.00011309278691380343	-0.00011309278691380362	True
individual_CC_FOURIER_1_plus	A	BOND|A|F8-C4	bonds	1.3572512969131418	-0.0034453906866040995	-2.974761272547788e-06	0.005	0.0084453906866041	False	False	-0.003451340209149195	-5.949522545095576e-06	5.94952254509562e-06	True
individual_CC_FOURIER_1_plus	B	BOND|B|F8-C4	bonds	1.3559843534831049	-0.0020621055111986752	-9.476844742530659e-05	0.005	0.007062105511198675	False	False	-0.0022516424060492883	-0.00018953689485061317	0.000189536894850613	True
individual_CC_FOURIER_1_plus	A	BOND|A|F9-C4	bonds	1.351186931996573	0.0005750218207176694	-6.0575440370532264e-05	0.005	0.0055750218207176695	False	False	0.00045387093997660484	-0.00012115088074106453	-0.00012115088074106454	True
individual_CC_FOURIER_1_plus	B	BOND|B|F9-C4	bonds	1.3442475330395833	0.005794006790206252	7.184855078456209e-06	0.005	0.010794006790206253	False	False	0.005808376500363165	1.4369710156912418e-05	1.436971015691263e-05	True
individual_CC_FOURIER_1_plus	A	BOND|A|C1-C2	bonds	1.5463338589367104	-0.059583577632589035	2.611266690213192e-05	0.005	0.06458357763258904	True	False	-0.05953135229878477	5.222533380426384e-05	-5.222533380426497e-05	True
individual_CC_FOURIER_1_plus	B	BOND|B|C1-C2	bonds	1.5414727177177037	-0.05181762879074103	0.00010896206204566852	0.005	0.05681762879074103	True	False	-0.0515997046666497	0.00021792412409133704	-0.00021792412409133571	True
individual_CC_FOURIER_1_plus	A	BOND|A|C1-C3	bonds	1.5536251466595754	-0.02761777676931043	0.0001117100618340471	0.005	0.03261777676931043	True	False	-0.027394356645642336	0.0002234201236680942	-0.00022342012366809508	True
individual_CC_FOURIER_1_plus	B	BOND|B|C1-C3	bonds	1.5582651596570543	-0.03491559976130598	-0.0004210528933824662	0.005	0.03991559976130598	True	False	-0.035757705548070916	-0.0008421057867649324	0.0008421057867649337	True
individual_CC_FOURIER_1_plus	A	BOND|A|C3-C4	bonds	1.5480468386153412	-0.05273299037939738	8.332384521393888e-05	0.005	0.05773299037939738	True	False	-0.0525663426889695	0.00016664769042787776	-0.00016664769042788047	True
individual_CC_FOURIER_1_plus	B	BOND|B|C3-C4	bonds	1.545069010019299	-0.050153542777362725	-0.00028474955534849825	0.005	0.05515354277736272	True	False	-0.05072304188805972	-0.0005694991106969965	0.0005694991106969943	True
individual_CC_FOURIER_1_plus	A	ANGLE|A|S1-C2-F3	angles	109.67733398017896	-0.7823903616519488	0.04435928962705533	0.5	1.2823903616519488	True	False	-0.6936717823978381	0.08871857925411065	-0.08871857925411064	True
individual_CC_FOURIER_1_plus	B	ANGLE|B|S1-C2-F3	angles	109.47537283316586	-1.442183808451432	0.029435212089155765	0.5	1.942183808451432	True	False	-1.3833133842731204	0.05887042417831153	-0.058870424178311564	True
individual_CC_FOURIER_1_plus	A	ANGLE|A|S1-C2-F4	angles	108.96744940646958	-1.582693562191352	-0.0617255890812667	0.5	2.082693562191352	True	False	-1.7061447403538854	-0.1234511781625334	0.12345117816253337	True
individual_CC_FOURIER_1_plus	B	ANGLE|B|S1-C2-F4	angles	109.71820108431614	-2.443790762484298	-0.05038478222713976	0.5	2.943790762484298	True	False	-2.5445603269385773	-0.10076956445427952	0.10076956445427943	True
individual_CC_FOURIER_1_plus	A	ANGLE|A|S1-C2-C1	angles	119.96985166647593	-6.6544355331031255	0.009838030689873834	0.5	7.1544355331031255	True	True	-6.6347594717233775	0.01967606137974767	-0.019676061379747978	True
individual_CC_FOURIER_1_plus	B	ANGLE|B|S1-C2-C1	angles	116.91210244206768	-5.110195931532331	0.01564560043683981	0.5	5.610195931532331	True	False	-5.0789047306586514	0.03129120087367962	-0.03129120087367987	True
individual_CC_FOURIER_1_plus	A	ANGLE|A|F1-C1-F2	angles	107.3508090300338	-5.555335602249812	0.02351742103431892	0.5	6.055335602249812	False	False	-5.508300760181174	0.04703484206863784	-0.04703484206863795	True
individual_CC_FOURIER_1_plus	B	ANGLE|B|F1-C1-F2	angles	108.74266895623758	-6.040644790562524	-0.07544832187239767	0.5	6.540644790562524	False	False	-6.19154143430732	-0.15089664374479533	0.1508966437447956	True
individual_CC_FOURIER_1_plus	A	ANGLE|A|F1-C1-C2	angles	109.50557562604796	0.9169602415963993	0.06812842789008375	0.5	1.4169602415963993	True	False	1.0532170973765669	0.1362568557801675	0.13625685578016755	True
individual_CC_FOURIER_1_plus	B	ANGLE|B|F1-C1-C2	angles	110.38735878107522	2.269310803102499	-0.07308068670326905	0.5	2.769310803102499	True	False	2.123149429695961	-0.1461613734065381	-0.1461613734065379	True
individual_CC_FOURIER_1_plus	A	ANGLE|A|F1-C1-C3	angles	105.39046626206549	2.3213646253494176	-0.06888730564659692	0.5	2.8213646253494176	True	False	2.183590014056224	-0.13777461129319385	-0.13777461129319368	True
individual_CC_FOURIER_1_plus	B	ANGLE|B|F1-C1-C3	angles	104.5121831407152	0.5245552027159022	0.053889897520001236	0.5	1.0245552027159022	True	False	0.6323349977559046	0.10777979504000247	0.10777979504000246	True
individual_CC_FOURIER_1_plus	A	ANGLE|A|F2-C1-C2	angles	106.7104538689189	-0.956037483035729	0.060711591765437195	0.5	1.456037483035729	True	False	-0.8346142995048547	0.12142318353087439	-0.12142318353087433	True
individual_CC_FOURIER_1_plus	B	ANGLE|B|F2-C1-C2	angles	109.60661113251722	1.5639524053591458	0.03976449007215392	0.5	2.063952405359146	True	False	1.6434813855034536	0.07952898014430784	0.07952898014430776	True
individual_CC_FOURIER_1_plus	A	ANGLE|A|F2-C1-C3	angles	105.69935642344878	1.7485644339946873	0.04307229001896245	0.5	2.2485644339946873	True	False	1.834709014032612	0.0861445800379249	0.0861445800379248	True
individual_CC_FOURIER_1_plus	B	ANGLE|B|F2-C1-C3	angles	106.15292052824611	2.9739531591271344	0.022515251999424935	0.5	3.4739531591271344	True	False	3.0189836631259843	0.04503050399884987	0.04503050399884989	True
individual_CC_FOURIER_1_plus	A	ANGLE|A|F3-C2-F4	angles	107.18253818691385	-4.320229494934907	-0.012327633597051772	0.5	4.820229494934907	False	False	-4.34488476212901	-0.024655267194103544	0.02465526719410338	True
individual_CC_FOURIER_1_plus	B	ANGLE|B|F3-C2-F4	angles	107.21219794496402	-3.6872045886707525	0.0004218587715761487	0.5	4.1872045886707525	False	False	-3.6863608711276004	0.0008437175431522973	-0.000843717543152156	True
individual_CC_FOURIER_1_plus	A	ANGLE|A|F3-C2-C1	angles	105.91890064776834	7.499900209372981	0.06509236679934806	0.5	7.999900209372981	False	False	7.630084942971678	0.13018473359869612	0.1301847335986963	True
individual_CC_FOURIER_1_plus	B	ANGLE|B|F3-C2-C1	angles	107.32580921305703	5.758592402520563	-0.03207578659626582	0.5	6.258592402520563	False	False	5.694440829328031	-0.06415157319253165	-0.06415157319253151	True
individual_CC_FOURIER_1_plus	A	ANGLE|A|F4-C2-C1	angles	104.39286289405992	5.906852248244604	-0.05432007237456838	0.5	6.406852248244604	False	False	5.798212103495468	-0.10864014474913676	-0.10864014474913652	True
individual_CC_FOURIER_1_plus	B	ANGLE|B|F4-C2-C1	angles	105.74424590376499	6.866016775183212	0.03465310060387434	0.5	7.366016775183212	False	False	6.93532297639096	0.06930620120774868	0.06930620120774833	True
individual_CC_FOURIER_1_plus	A	ANGLE|A|F5-C3-F6	angles	107.79480751174968	-5.897166543490641	0.006626194130407407	0.5	6.397166543490641	False	False	-5.883914155229826	0.013252388260814815	-0.013252388260815096	True
individual_CC_FOURIER_1_plus	B	ANGLE|B|F5-C3-F6	angles	107.77152882883	-5.210913209698276	0.00984958075448335	0.5	5.710913209698276	False	False	-5.19121404818931	0.0196991615089667	-0.019699161508966334	True
individual_CC_FOURIER_1_plus	A	ANGLE|A|F5-C3-C1	angles	110.4150854742138	3.0319442086500885	0.019616469949798956	0.5	3.5319442086500885	False	False	3.0711771485496864	0.03923293989959791	0.03923293989959786	True
individual_CC_FOURIER_1_plus	B	ANGLE|B|F5-C3-C1	angles	110.16968887384166	2.0107778103275535	0.020801543799325122	0.5	2.5107778103275535	False	False	2.052380897926204	0.041603087598650244	0.04160308759865039	True
individual_CC_FOURIER_1_plus	A	ANGLE|A|F5-C3-C4	angles	108.29467545540544	1.710937329063583	-0.025512761973805927	0.5	2.210937329063583	True	False	1.6599118051159711	-0.05102552394761185	-0.05102552394761184	True
individual_CC_FOURIER_1_plus	B	ANGLE|B|F5-C3-C4	angles	106.87356801362543	2.010937356349231	-0.0011287701420884106	0.5	2.510937356349231	True	False	2.0086798160650545	-0.002257540284176821	-0.0022575402841766845	True
individual_CC_FOURIER_1_plus	A	ANGLE|A|F6-C3-C1	angles	105.21783735379346	2.6931331393982703	-0.014853311130527073	0.5	3.1931331393982703	False	False	2.663426517137216	-0.029706622261054146	-0.02970662226105425	True
individual_CC_FOURIER_1_plus	B	ANGLE|B|F6-C3-C1	angles	106.39321950632629	2.461458339119673	-0.020283734034590942	0.5	2.961458339119673	False	False	2.4208908710504913	-0.040567468069181885	-0.04056746806918188	True
individual_CC_FOURIER_1_plus	A	ANGLE|A|F6-C3-C4	angles	105.03763419113301	1.4584341884600747	0.015118031338970661	0.5	1.9584341884600747	True	False	1.488670251138016	0.030236062677941322	0.030236062677941433	True
individual_CC_FOURIER_1_plus	B	ANGLE|B|F6-C3-C4	angles	105.92765861305558	0.8526376530387978	-0.01132263139600268	0.5	1.3526376530387978	True	False	0.8299923902467924	-0.02264526279200536	-0.022645262792005405	True
individual_CC_FOURIER_1_plus	A	ANGLE|A|F7-C4-F8	angles	108.2237040724793	-4.968682652980235	-0.0023990251738812618	0.5	5.468682652980235	False	False	-4.973480703327997	-0.0047980503477625235	0.004798050347762484	True
individual_CC_FOURIER_1_plus	B	ANGLE|B|F7-C4-F8	angles	107.7280972686723	-4.675805010702277	0.00920124994992285	0.5	5.175805010702277	False	False	-4.657402510802431	0.0184024998998457	-0.018402499899845992	True
individual_CC_FOURIER_1_plus	A	ANGLE|A|F7-C4-F9	angles	109.2768804736617	-5.5096088398768615	0.024048471095340335	0.5	6.0096088398768615	False	False	-5.461511897686181	0.04809694219068067	-0.04809694219068028	True
individual_CC_FOURIER_1_plus	B	ANGLE|B|F7-C4-F9	angles	109.46339202165414	-5.403088264707165	0.00165526971705317	0.5	5.903088264707165	False	False	-5.399777725273059	0.00331053943410634	-0.0033105394341061967	True
individual_CC_FOURIER_1_plus	A	ANGLE|A|F7-C4-C3	angles	113.14632954629842	3.3334235029319785	-0.031897372014678356	0.5	3.8334235029319785	False	False	3.2696287589026216	-0.06379474402935671	-0.06379474402935692	True
individual_CC_FOURIER_1_plus	B	ANGLE|B|F7-C4-C3	angles	111.75127911230354	4.072787513537989	0.03647292429473043	0.5	4.572787513537989	False	False	4.14573336212745	0.07294584858946086	0.07294584858946074	True
individual_CC_FOURIER_1_plus	A	ANGLE|A|F8-C4-F9	angles	107.67123653178818	-4.270990659538697	-0.0028442840392779315	0.5	4.770990659538697	False	False	-4.276679227617253	-0.005688568078555863	0.005688568078555889	True
individual_CC_FOURIER_1_plus	B	ANGLE|B|F8-C4-F9	angles	107.99167256109826	-4.479603946274096	0.007230289214192635	0.5	4.979603946274096	False	False	-4.4651433678457115	0.01446057842838527	-0.014460578428384885	True
individual_CC_FOURIER_1_plus	A	ANGLE|A|F8-C4-C3	angles	107.77202503419944	5.685092670391896	0.012445623345855654	0.5	6.185092670391896	False	False	5.7099839170836075	0.02489124669171131	0.02489124669171172	True
individual_CC_FOURIER_1_plus	B	ANGLE|B|F8-C4-C3	angles	108.36126926334	5.121998235266133	-0.054631257253641444	0.5	5.621998235266133	False	False	5.01273572075885	-0.10926251450728289	-0.10926251450728319	True
individual_CC_FOURIER_1_plus	A	ANGLE|A|F9-C4-C3	angles	110.56871903744958	4.33052090530758	0.0035126128729373817	0.5	4.83052090530758	False	False	4.337546131053455	0.007025225745874763	0.007025225745874941	True
individual_CC_FOURIER_1_plus	B	ANGLE|B|F9-C4-C3	angles	111.3974313862652	3.9580423138960867	0.001607946796594888	0.5	4.458042313896087	False	False	3.9612582074892764	0.003215893593189776	0.0032158935931896337	True
individual_CC_FOURIER_1_plus	A	ANGLE|A|O1-S1-O2	angles	115.87508867620741	-3.618181495307482	-0.0009152397274537065	0.5	4.118181495307482	False	False	-3.6200119747623893	-0.001830479454907413	0.00183047945490733	True
individual_CC_FOURIER_1_plus	B	ANGLE|B|O1-S1-O2	angles	115.8617593435942	-3.516363558456277	0.007067677759063747	0.5	4.016363558456277	False	False	-3.5022282029381495	0.014135355518127495	-0.01413535551812739	True
individual_CC_FOURIER_1_plus	A	ANGLE|A|O1-S1-O3	angles	115.79825616835085	-2.9801946734126403	0.008057080808334888	0.5	3.4801946734126403	False	False	-2.9640805117959705	0.016114161616669776	-0.016114161616669787	True
individual_CC_FOURIER_1_plus	B	ANGLE|B|O1-S1-O3	angles	115.96678545732925	-3.054015124304769	0.014236413723812905	0.5	3.554015124304769	False	False	-3.025542296857143	0.02847282744762581	-0.028472827447625804	True
individual_CC_FOURIER_1_plus	A	ANGLE|A|O1-S1-C2	angles	101.68837783605547	4.182271180870245	-0.036089689565694846	0.5	4.682271180870245	True	False	4.1100918017388555	-0.07217937913138969	-0.07217937913138961	True
individual_CC_FOURIER_1_plus	B	ANGLE|B|O1-S1-C2	angles	102.50601319835522	3.926857923886118	0.0050996405861632186	0.5	4.426857923886118	True	False	3.9370572050584443	0.010199281172326437	0.01019928117232638	True
individual_CC_FOURIER_1_plus	A	ANGLE|A|O2-S1-O3	angles	116.27786596346955	-3.59984973875882	-0.007354689736247292	0.5	4.09984973875882	False	False	-3.614559118231315	-0.014709379472494583	0.014709379472494621	True
individual_CC_FOURIER_1_plus	B	ANGLE|B|O2-S1-O3	angles	116.12933095760322	-3.619903218732915	0.005876062469721876	0.5	4.119903218732915	False	False	-3.6081510937934715	0.011752124939443751	-0.011752124939443664	True
individual_CC_FOURIER_1_plus	A	ANGLE|A|O2-S1-C2	angles	101.28230695055689	4.524678198083862	-0.019419413633571594	0.5	5.024678198083862	True	False	4.485839370816719	-0.03883882726714319	-0.03883882726714294	True
individual_CC_FOURIER_1_plus	B	ANGLE|B|O2-S1-C2	angles	100.92184273605463	4.633089992091186	0.008536296602460754	0.5	5.133089992091186	True	False	4.6501625852961075	0.017072593204921507	0.017072593204921382	True
individual_CC_FOURIER_1_plus	A	ANGLE|A|O3-S1-C2	angles	102.18621881661765	4.56016837451304	0.05518566095012244	0.5	5.06016837451304	True	False	4.670539696413285	0.11037132190024487	0.1103713219002449	True
individual_CC_FOURIER_1_plus	B	ANGLE|B|O3-S1-C2	angles	101.71880765541988	4.7008584538955915	-0.04479014598914498	0.5	5.2008584538955915	True	False	4.611278161917301	-0.08958029197828996	-0.0895802919782902	True
individual_CC_FOURIER_1_plus	A	ANGLE|A|C1-C3-C4	angles	119.38890145578634	-3.52236001432712	0.00020831523545258507	0.5	4.02236001432712	True	False	-3.5219433838562146	0.00041663047090517014	-0.00041663047090523264	True
individual_CC_FOURIER_1_plus	B	ANGLE|B|C1-C3-C4	angles	119.16297945581584	-2.638853839530924	0.001239280378943431	0.5	3.138853839530924	True	False	-2.6363752787730372	0.002478560757886862	-0.002478560757886772	True
individual_CC_FOURIER_1_plus	A	ANGLE|A|C2-C1-C3	angles	121.44059188743243	0.38867399549285153	-0.10117543088721045	0.5	0.8886739954928515	True	False	0.18632313371843062	-0.2023508617744209	-0.2023508617744209	True
individual_CC_FOURIER_1_plus	B	ANGLE|B|C2-C1-C3	angles	117.05902651940126	-1.8073461989810227	0.02254617245979082	0.5	2.3073461989810227	True	False	-1.762253854061441	0.04509234491958164	-0.045092344919581695	True
individual_CC_FOURIER_2_minus	A	BOND|A|S1-O1	bonds	1.4824048021793783	-0.03077275852866168	-4.185268860563518e-06	0.005	0.03577275852866168	False	False	-0.03078112906638281	-8.370537721127036e-06	8.37053772112864e-06	True
individual_CC_FOURIER_2_minus	B	BOND|B|S1-O1	bonds	1.480465887667455	-0.027146956557600577	-5.268738245155991e-05	0.005	0.032146956557600574	False	False	-0.027252331322503695	-0.00010537476490311982	0.00010537476490311837	True
individual_CC_FOURIER_2_minus	A	BOND|A|S1-O2	bonds	1.4795360895746836	-0.026059641892111962	-1.572658947745893e-05	0.005	0.031059641892111963	False	False	-0.02609109507106688	-3.145317895491786e-05	3.145317895491759e-05	True
individual_CC_FOURIER_2_minus	B	BOND|B|S1-O2	bonds	1.4806664390483129	-0.026749760721457516	8.193001519083642e-05	0.005	0.031749760721457514	False	False	-0.026585900691075845	0.00016386003038167284	-0.00016386003038167118	True
individual_CC_FOURIER_2_minus	A	BOND|A|S1-O3	bonds	1.4813346426421938	-0.029070129905947928	-0.00012570548005319396	0.005	0.034070129905947925	False	False	-0.029321540866054315	-0.00025141096010638793	0.0002514109601063873	True
individual_CC_FOURIER_2_minus	B	BOND|B|S1-O3	bonds	1.4823240170020167	-0.02932586961957817	-9.205570205454956e-05	0.005	0.03432586961957817	False	False	-0.02950998102368727	-0.00018411140410909912	0.00018411140410909757	True
individual_CC_FOURIER_2_minus	A	BOND|A|S1-C2	bonds	1.8736790713925773	-0.10442979261240293	0.00014165934661728778	0.005	0.10942979261240293	True	True	-0.10414647391916836	0.00028331869323457555	-0.0002833186932345716	True
individual_CC_FOURIER_2_minus	B	BOND|B|S1-C2	bonds	1.8779260960849893	-0.10068060525356004	-0.00041256248718217475	0.005	0.10568060525356004	True	True	-0.10150573022792439	-0.0008251249743643495	0.0008251249743643496	True
individual_CC_FOURIER_2_minus	A	BOND|A|F1-C1	bonds	1.3595551426661177	0.006032455246079316	-8.580329668361682e-05	0.005	0.011032455246079317	False	False	0.005860848652712082	-0.00017160659336723364	-0.00017160659336723331	True
individual_CC_FOURIER_2_minus	B	BOND|B|F1-C1	bonds	1.3609327811824499	0.005805030997336091	-8.965444497408112e-05	0.005	0.010805030997336092	False	False	0.005625722107387929	-0.00017930888994816224	-0.00017930888994816246	True
individual_CC_FOURIER_2_minus	A	BOND|A|F2-C1	bonds	1.3774984810535549	-0.009230855726468201	4.7612731401435135e-05	0.005	0.014230855726468202	False	False	-0.009135630263665331	9.522546280287027e-05	-9.522546280286981e-05	True
individual_CC_FOURIER_2_minus	B	BOND|B|F2-C1	bonds	1.361694349976532	0.003761666180506884	-2.6839341902370607e-05	0.005	0.008761666180506885	False	False	0.003707987496702143	-5.3678683804741214e-05	-5.3678683804741275e-05	True
individual_CC_FOURIER_2_minus	A	BOND|A|F3-C2	bonds	1.375531096363811	-0.0240095301631027	-8.155342919423028e-05	0.005	0.0290095301631027	False	False	-0.02417263702149116	-0.00016310685838846057	0.00016310685838846067	True
individual_CC_FOURIER_2_minus	B	BOND|B|F3-C2	bonds	1.3737307862856514	-0.02089804406329554	-5.1908546521154977e-05	0.005	0.02589804406329554	False	False	-0.02100186115633785	-0.00010381709304230995	0.00010381709304230907	True
individual_CC_FOURIER_2_minus	A	BOND|A|F4-C2	bonds	1.3712622667249406	-0.01461903729287295	-5.636551916146653e-05	0.005	0.01961903729287295	False	False	-0.014731768331195882	-0.00011273103832293306	0.00011273103832293296	True
individual_CC_FOURIER_2_minus	B	BOND|B|F4-C2	bonds	1.3746418065114232	-0.02205963693614743	-3.1095839210468946e-05	0.005	0.027059636936147432	False	False	-0.022121828614568368	-6.219167842093789e-05	6.219167842093712e-05	True
individual_CC_FOURIER_2_minus	A	BOND|A|F5-C3	bonds	1.3493720025730402	0.010698904702354683	-7.407311084675019e-05	0.005	0.015698904702354684	False	False	0.010550758480661183	-0.00014814622169350038	-0.0001481462216935004	True
individual_CC_FOURIER_2_minus	B	BOND|B|F5-C3	bonds	1.3601883799422818	0.004084868184351498	2.152315060370329e-05	0.005	0.009084868184351499	False	False	0.004127914485558905	4.304630120740658e-05	4.3046301207406816e-05	True
individual_CC_FOURIER_2_minus	A	BOND|A|F6-C3	bonds	1.3764797496427925	-0.008515701225140004	-9.571630250207344e-05	0.005	0.013515701225140005	False	False	-0.008707133830144152	-0.00019143260500414688	0.00019143260500414754	True
individual_CC_FOURIER_2_minus	B	BOND|B|F6-C3	bonds	1.3700696599680562	-0.0024912806564183487	-7.397781191527297e-05	0.005	0.007491280656418349	False	False	-0.0026392362802488945	-0.00014795562383054594	0.00014795562383054578	True
individual_CC_FOURIER_2_minus	A	BOND|A|F7-C4	bonds	1.330175822145935	0.01643273077393781	3.58234082671939e-05	0.005	0.02143273077393781	False	False	0.016504377590472196	7.16468165343878e-05	7.164681653438684e-05	True
individual_CC_FOURIER_2_minus	B	BOND|B|F7-C4	bonds	1.3403759103553696	0.008485827134460555	-9.215224295867497e-06	0.005	0.013485827134460556	False	False	0.00846739668586882	-1.8430448591734995e-05	-1.8430448591734774e-05	True
individual_CC_FOURIER_2_minus	A	BOND|A|F8-C4	bonds	1.3572512969131418	-0.0034453906866040995	-6.689143908983563e-06	0.005	0.0084453906866041	False	False	-0.0034587689744220666	-1.3378287817967127e-05	1.337828781796703e-05	True
individual_CC_FOURIER_2_minus	B	BOND|B|F8-C4	bonds	1.3559843534831049	-0.0020621055111986752	7.809900441525616e-05	0.005	0.007062105511198675	False	False	-0.001905907502368163	0.00015619800883051233	-0.00015619800883051225	True
individual_CC_FOURIER_2_minus	A	BOND|A|F9-C4	bonds	1.351186931996573	0.0005750218207176694	-5.732532872075735e-05	0.005	0.0055750218207176695	False	False	0.0004603711632761547	-0.0001146506574415147	-0.00011465065744151469	True
individual_CC_FOURIER_2_minus	B	BOND|B|F9-C4	bonds	1.3442475330395833	0.005794006790206252	-5.798688729974044e-05	0.005	0.010794006790206253	False	False	0.005678033015606771	-0.00011597377459948088	-0.00011597377459948103	True
individual_CC_FOURIER_2_minus	A	BOND|A|C1-C2	bonds	1.5463338589367104	-0.059583577632589035	0.00019556581793505964	0.005	0.06458357763258904	True	False	-0.05919244599671892	0.0003911316358701193	-0.0003911316358701164	True
individual_CC_FOURIER_2_minus	B	BOND|B|C1-C2	bonds	1.5414727177177037	-0.05181762879074103	-0.00010047283580826197	0.005	0.05681762879074103	True	False	-0.05201857446235756	-0.00020094567161652393	0.00020094567161652727	True
individual_CC_FOURIER_2_minus	A	BOND|A|C1-C3	bonds	1.5536251466595754	-0.02761777676931043	0.00014568224671359297	0.005	0.03261777676931043	True	False	-0.027326412275883245	0.00029136449342718595	-0.0002913644934271868	True
individual_CC_FOURIER_2_minus	B	BOND|B|C1-C3	bonds	1.5582651596570543	-0.03491559976130598	-6.68349122079844e-05	0.005	0.03991559976130598	True	False	-0.03504926958572195	-0.0001336698244159688	0.00013366982441596897	True
individual_CC_FOURIER_2_minus	A	BOND|A|C3-C4	bonds	1.5480468386153412	-0.05273299037939738	5.315248719305385e-05	0.005	0.05773299037939738	True	False	-0.052626685405011274	0.0001063049743861077	-0.00010630497438610803	True
individual_CC_FOURIER_2_minus	B	BOND|B|C3-C4	bonds	1.545069010019299	-0.050153542777362725	-7.483235931431622e-05	0.005	0.05515354277736272	True	False	-0.050303207495991355	-0.00014966471862863244	0.00014966471862862957	True
individual_CC_FOURIER_2_minus	A	ANGLE|A|S1-C2-F3	angles	109.67733398017896	-0.7823903616519488	0.03850764952436505	0.5	1.2823903616519488	True	False	-0.7053750626032187	0.0770152990487301	-0.07701529904873006	True
individual_CC_FOURIER_2_minus	B	ANGLE|B|S1-C2-F3	angles	109.47537283316586	-1.442183808451432	0.016899982375954983	0.5	1.942183808451432	True	False	-1.408383843699522	0.03379996475190997	-0.03379996475191005	True
individual_CC_FOURIER_2_minus	A	ANGLE|A|S1-C2-F4	angles	108.96744940646958	-1.582693562191352	-0.037471266477289905	0.5	2.082693562191352	True	False	-1.657636095145932	-0.07494253295457981	0.07494253295457987	True
individual_CC_FOURIER_2_minus	B	ANGLE|B|S1-C2-F4	angles	109.71820108431614	-2.443790762484298	-0.05127601114454147	0.5	2.943790762484298	True	False	-2.5463427847733806	-0.10255202228908294	0.10255202228908278	True
individual_CC_FOURIER_2_minus	A	ANGLE|A|S1-C2-C1	angles	119.96985166647593	-6.6544355331031255	-0.059758548755921084	0.5	7.1544355331031255	True	True	-6.773952630614968	-0.11951709751184217	0.11951709751184225	True
individual_CC_FOURIER_2_minus	B	ANGLE|B|S1-C2-C1	angles	116.91210244206768	-5.110195931532331	0.04065010609838521	0.5	5.610195931532331	True	False	-5.028895719335561	0.08130021219677042	-0.08130021219677008	True
individual_CC_FOURIER_2_minus	A	ANGLE|A|F1-C1-F2	angles	107.3508090300338	-5.555335602249812	-0.011556361892227971	0.5	6.055335602249812	False	False	-5.578448326034268	-0.023112723784455943	0.023112723784455724	True
individual_CC_FOURIER_2_minus	B	ANGLE|B|F1-C1-F2	angles	108.74266895623758	-6.040644790562524	0.005679862707997154	0.5	6.540644790562524	False	False	-6.02928506514653	0.011359725415994308	-0.011359725415994504	True
individual_CC_FOURIER_2_minus	A	ANGLE|A|F1-C1-C2	angles	109.50557562604796	0.9169602415963993	0.08478034557992982	0.5	1.4169602415963993	True	False	1.086520932756259	0.16956069115985964	0.16956069115985972	True
individual_CC_FOURIER_2_minus	B	ANGLE|B|F1-C1-C2	angles	110.38735878107522	2.269310803102499	0.0046892993845144585	0.5	2.769310803102499	True	False	2.278689401871528	0.009378598769028917	0.009378598769028912	True
individual_CC_FOURIER_2_minus	A	ANGLE|A|F1-C1-C3	angles	105.39046626206549	2.3213646253494176	0.04845001462437098	0.5	2.8213646253494176	True	False	2.4182646545981594	0.09690002924874196	0.09690002924874186	True
individual_CC_FOURIER_2_minus	B	ANGLE|B|F1-C1-C3	angles	104.5121831407152	0.5245552027159022	-0.021205429518447484	0.5	1.0245552027159022	True	False	0.4821443436790072	-0.04241085903689497	-0.042410859036894955	True
individual_CC_FOURIER_2_minus	A	ANGLE|A|F2-C1-C2	angles	106.7104538689189	-0.956037483035729	-0.029722748189676122	0.5	1.456037483035729	True	False	-1.0154829794150813	-0.059445496379352245	0.05944549637935226	True
individual_CC_FOURIER_2_minus	B	ANGLE|B|F2-C1-C2	angles	109.60661113251722	1.5639524053591458	0.03097622540723831	0.5	2.063952405359146	True	False	1.6259048561736225	0.06195245081447662	0.061952450814476645	True
individual_CC_FOURIER_2_minus	A	ANGLE|A|F2-C1-C3	angles	105.69935642344878	1.7485644339946873	-0.04721793415156243	0.5	2.2485644339946873	True	False	1.6541285656915625	-0.09443586830312486	-0.09443586830312478	True
individual_CC_FOURIER_2_minus	B	ANGLE|B|F2-C1-C3	angles	106.15292052824611	2.9739531591271344	0.024715662710279362	0.5	3.4739531591271344	True	False	3.023384484547693	0.049431325420558725	0.049431325420558725	True
individual_CC_FOURIER_2_minus	A	ANGLE|A|F3-C2-F4	angles	107.18253818691385	-4.320229494934907	-0.0059948590207863335	0.5	4.820229494934907	False	False	-4.332219212976479	-0.011989718041572667	0.011989718041572672	True
individual_CC_FOURIER_2_minus	B	ANGLE|B|F3-C2-F4	angles	107.21219794496402	-3.6872045886707525	0.023192685057300502	0.5	4.1872045886707525	False	False	-3.6408192185561514	0.046385370114601004	-0.04638537011460109	True
individual_CC_FOURIER_2_minus	A	ANGLE|A|F3-C2-C1	angles	105.91890064776834	7.499900209372981	0.07640830971390684	0.5	7.999900209372981	False	False	7.652716828800795	0.1528166194278137	0.15281661942781355	True
individual_CC_FOURIER_2_minus	B	ANGLE|B|F3-C2-C1	angles	107.32580921305703	5.758592402520563	-0.04691640329210817	0.5	6.258592402520563	False	False	5.664759595936347	-0.09383280658421635	-0.09383280658421622	True
individual_CC_FOURIER_2_minus	A	ANGLE|A|F4-C2-C1	angles	104.39286289405992	5.906852248244604	-0.01199133052540455	0.5	6.406852248244604	False	False	5.882869587193795	-0.0239826610508091	-0.02398266105080893	True
individual_CC_FOURIER_2_minus	B	ANGLE|B|F4-C2-C1	angles	105.74424590376499	6.866016775183212	0.015110071540738313	0.5	7.366016775183212	False	False	6.896236918264688	0.030220143081476625	0.03022014308147636	True
individual_CC_FOURIER_2_minus	A	ANGLE|A|F5-C3-F6	angles	107.79480751174968	-5.897166543490641	0.0016343509505874919	0.5	6.397166543490641	False	False	-5.8938978415894665	0.0032687019011749838	-0.0032687019011747864	True
individual_CC_FOURIER_2_minus	B	ANGLE|B|F5-C3-F6	angles	107.77152882883	-5.210913209698276	0.012822743968412811	0.5	5.710913209698276	False	False	-5.18526772176145	0.025645487936825622	-0.025645487936825972	True
individual_CC_FOURIER_2_minus	A	ANGLE|A|F5-C3-C1	angles	110.4150854742138	3.0319442086500885	-0.012884110913672907	0.5	3.5319442086500885	False	False	3.006175986822743	-0.025768221827345814	-0.025768221827345617	True
individual_CC_FOURIER_2_minus	B	ANGLE|B|F5-C3-C1	angles	110.16968887384166	2.0107778103275535	-0.04587856385504842	0.5	2.5107778103275535	False	False	1.9190206826174567	-0.09175712771009684	-0.09175712771009681	True
individual_CC_FOURIER_2_minus	A	ANGLE|A|F5-C3-C4	angles	108.29467545540544	1.710937329063583	-0.020615103867898218	0.5	2.210937329063583	True	False	1.6697071213277865	-0.041230207735796436	-0.04123020773579644	True
individual_CC_FOURIER_2_minus	B	ANGLE|B|F5-C3-C4	angles	106.87356801362543	2.010937356349231	-0.024072875353718173	0.5	2.510937356349231	True	False	1.962791605641795	-0.04814575070743635	-0.04814575070743632	True
individual_CC_FOURIER_2_minus	A	ANGLE|A|F6-C3-C1	angles	105.21783735379346	2.6931331393982703	-0.011807708684160168	0.5	3.1931331393982703	False	False	2.66951772202995	-0.023615417368320336	-0.02361541736832029	True
individual_CC_FOURIER_2_minus	B	ANGLE|B|F6-C3-C1	angles	106.39321950632629	2.461458339119673	-0.025166418950145812	0.5	2.961458339119673	False	False	2.4111255012193817	-0.050332837900291624	-0.050332837900291416	True
individual_CC_FOURIER_2_minus	A	ANGLE|A|F6-C3-C4	angles	105.03763419113301	1.4584341884600747	0.004849519987605492	0.5	1.9584341884600747	True	False	1.4681332284352857	0.009699039975210984	0.009699039975211043	True
individual_CC_FOURIER_2_minus	B	ANGLE|B|F6-C3-C4	angles	105.92765861305558	0.8526376530387978	0.005378368511599746	0.5	1.3526376530387978	True	False	0.8633943900619973	0.010756737023199492	0.010756737023199459	True
individual_CC_FOURIER_2_minus	A	ANGLE|A|F7-C4-F8	angles	108.2237040724793	-4.968682652980235	-0.0019601116499633406	0.5	5.468682652980235	False	False	-4.9726028762801615	-0.003920223299926681	0.003920223299926917	True
individual_CC_FOURIER_2_minus	B	ANGLE|B|F7-C4-F8	angles	107.7280972686723	-4.675805010702277	-0.00949771307180157	0.5	5.175805010702277	False	False	-4.69480043684588	-0.01899542614360314	0.01899542614360339	True
individual_CC_FOURIER_2_minus	A	ANGLE|A|F7-C4-F9	angles	109.2768804736617	-5.5096088398768615	0.016204674939992787	0.5	6.0096088398768615	False	False	-5.477199489996876	0.032409349879985574	-0.03240934987998578	True
individual_CC_FOURIER_2_minus	B	ANGLE|B|F7-C4-F9	angles	109.46339202165414	-5.403088264707165	0.010712584919078415	0.5	5.903088264707165	False	False	-5.381663094869008	0.02142516983815683	-0.021425169838156677	True
individual_CC_FOURIER_2_minus	A	ANGLE|A|F7-C4-C3	angles	113.14632954629842	3.3334235029319785	-0.024128176026637686	0.5	3.8334235029319785	False	False	3.2851671508787033	-0.04825635205327537	-0.048256352053275275	True
individual_CC_FOURIER_2_minus	B	ANGLE|B|F7-C4-C3	angles	111.75127911230354	4.072787513537989	-0.045833621161837194	0.5	4.572787513537989	False	False	3.9811202712143148	-0.09166724232367439	-0.09166724232367418	True
individual_CC_FOURIER_2_minus	A	ANGLE|A|F8-C4-F9	angles	107.67123653178818	-4.270990659538697	-0.00406977874943193	0.5	4.770990659538697	False	False	-4.279130217037561	-0.00813955749886386	0.008139557498863859	True
individual_CC_FOURIER_2_minus	B	ANGLE|B|F8-C4-F9	angles	107.99167256109826	-4.479603946274096	0.004612919890461035	0.5	4.979603946274096	False	False	-4.4703781064931745	0.00922583978092207	-0.009225839780921952	True
individual_CC_FOURIER_2_minus	A	ANGLE|A|F8-C4-C3	angles	107.77202503419944	5.685092670391896	0.001951425814499646	0.5	6.185092670391896	False	False	5.688995522020895	0.003902851628999292	0.003902851628999393	True
individual_CC_FOURIER_2_minus	B	ANGLE|B|F8-C4-C3	angles	108.36126926334	5.121998235266133	0.031874702381173986	0.5	5.621998235266133	False	False	5.185747640028481	0.06374940476234797	0.0637494047623477	True
individual_CC_FOURIER_2_minus	A	ANGLE|A|F9-C4-C3	angles	110.56871903744958	4.33052090530758	0.01339684302738993	0.5	4.83052090530758	False	False	4.35731459136236	0.02679368605477986	0.02679368605477972	True
individual_CC_FOURIER_2_minus	B	ANGLE|B|F9-C4-C3	angles	111.3974313862652	3.9580423138960867	0.009600348609927698	0.5	4.458042313896087	False	False	3.977243011115942	0.019200697219855397	0.01920069721985529	True
individual_CC_FOURIER_2_minus	A	ANGLE|A|O1-S1-O2	angles	115.87508867620741	-3.618181495307482	-0.002313369847516435	0.5	4.118181495307482	False	False	-3.622808235002515	-0.00462673969503287	0.0046267396950328	True
individual_CC_FOURIER_2_minus	B	ANGLE|B|O1-S1-O2	angles	115.8617593435942	-3.516363558456277	2.5229822208791576e-05	0.5	4.016363558456277	False	False	-3.5163130988118594	5.045964441758315e-05	-5.045964441752204e-05	True
individual_CC_FOURIER_2_minus	A	ANGLE|A|O1-S1-O3	angles	115.79825616835085	-2.9801946734126403	0.007418366425424267	0.5	3.4801946734126403	False	False	-2.9653579405617916	0.014836732850848534	-0.014836732850848744	True
individual_CC_FOURIER_2_minus	B	ANGLE|B|O1-S1-O3	angles	115.96678545732925	-3.054015124304769	0.02220189608228884	0.5	3.554015124304769	False	False	-3.0096113321401914	0.04440379216457768	-0.04440379216457746	True
individual_CC_FOURIER_2_minus	A	ANGLE|A|O1-S1-C2	angles	101.68837783605547	4.182271180870245	-0.0427218760109572	0.5	4.682271180870245	True	False	4.09682742884833	-0.0854437520219144	-0.08544375202191468	True
individual_CC_FOURIER_2_minus	B	ANGLE|B|O1-S1-C2	angles	102.50601319835522	3.926857923886118	-0.016024271466695852	0.5	4.426857923886118	True	False	3.894809380952726	-0.032048542933391704	-0.032048542933391655	True
individual_CC_FOURIER_2_minus	A	ANGLE|A|O2-S1-O3	angles	116.27786596346955	-3.59984973875882	0.004143137295265336	0.5	4.09984973875882	False	False	-3.5915634641682894	0.008286274590530673	-0.008286274590530773	True
individual_CC_FOURIER_2_minus	B	ANGLE|B|O2-S1-O3	angles	116.12933095760322	-3.619903218732915	0.005494937624755141	0.5	4.119903218732915	False	False	-3.608913343483405	0.010989875249510282	-0.010989875249510117	True
individual_CC_FOURIER_2_minus	A	ANGLE|A|O2-S1-C2	angles	101.28230695055689	4.524678198083862	0.0022432293988399236	0.5	5.024678198083862	True	False	4.529164656881542	0.004486458797679847	0.004486458797679838	True
individual_CC_FOURIER_2_minus	B	ANGLE|B|O2-S1-C2	angles	100.92184273605463	4.633089992091186	-0.021509287246198102	0.5	5.133089992091186	True	False	4.59007141759879	-0.043018574492396204	-0.04301857449239588	True
individual_CC_FOURIER_2_minus	A	ANGLE|A|O3-S1-C2	angles	102.18621881661765	4.56016837451304	0.02945719391415723	0.5	5.06016837451304	True	False	4.619082762341354	0.05891438782831446	0.05891438782831404	True
individual_CC_FOURIER_2_minus	B	ANGLE|B|O3-S1-C2	angles	101.71880765541988	4.7008584538955915	0.005285250067051896	0.5	5.2008584538955915	True	False	4.711428954029695	0.010570500134103792	0.010570500134103433	True
individual_CC_FOURIER_2_minus	A	ANGLE|A|C1-C3-C4	angles	119.38890145578634	-3.52236001432712	0.035873099995763394	0.5	4.02236001432712	True	False	-3.450613814335593	0.07174619999152679	-0.07174619999152698	True
individual_CC_FOURIER_2_minus	B	ANGLE|B|C1-C3-C4	angles	119.16297945581584	-2.638853839530924	0.07211440195078486	0.5	3.138853839530924	True	False	-2.4946250356293542	0.14422880390156972	-0.14422880390156978	True
individual_CC_FOURIER_2_minus	A	ANGLE|A|C2-C1-C3	angles	121.44059188743243	0.38867399549285153	-0.04741466234992215	0.5	0.8886739954928515	True	False	0.29384467079300725	-0.0948293246998443	-0.09482932469984429	True
individual_CC_FOURIER_2_minus	B	ANGLE|B|C2-C1-C3	angles	117.05902651940126	-1.8073461989810227	-0.0414941781586242	0.5	2.3073461989810227	True	False	-1.890334555298271	-0.0829883563172484	0.08298835631724844	True
individual_CC_FOURIER_2_plus	A	BOND|A|S1-O1	bonds	1.4824048021793783	-0.03077275852866168	4.185268860563518e-06	0.005	0.03577275852866168	False	False	-0.030764387990940553	8.370537721127036e-06	-8.37053772112864e-06	True
individual_CC_FOURIER_2_plus	B	BOND|B|S1-O1	bonds	1.480465887667455	-0.027146956557600577	5.268738245155991e-05	0.005	0.032146956557600574	False	False	-0.02704158179269746	0.00010537476490311982	-0.00010537476490311837	True
individual_CC_FOURIER_2_plus	A	BOND|A|S1-O2	bonds	1.4795360895746836	-0.026059641892111962	1.572658947745893e-05	0.005	0.031059641892111963	False	False	-0.026028188713157045	3.145317895491786e-05	-3.145317895491759e-05	True
individual_CC_FOURIER_2_plus	B	BOND|B|S1-O2	bonds	1.4806664390483129	-0.026749760721457516	-8.193001519083642e-05	0.005	0.031749760721457514	False	False	-0.026913620751839187	-0.00016386003038167284	0.00016386003038167118	True
individual_CC_FOURIER_2_plus	A	BOND|A|S1-O3	bonds	1.4813346426421938	-0.029070129905947928	0.00012570548005319396	0.005	0.034070129905947925	False	False	-0.02881871894584154	0.00025141096010638793	-0.0002514109601063873	True
individual_CC_FOURIER_2_plus	B	BOND|B|S1-O3	bonds	1.4823240170020167	-0.02932586961957817	9.205570205454956e-05	0.005	0.03432586961957817	False	False	-0.029141758215469073	0.00018411140410909912	-0.00018411140410909757	True
individual_CC_FOURIER_2_plus	A	BOND|A|S1-C2	bonds	1.8736790713925773	-0.10442979261240293	-0.00014165934661728778	0.005	0.10942979261240293	True	True	-0.1047131113056375	-0.00028331869323457555	0.0002833186932345716	True
individual_CC_FOURIER_2_plus	B	BOND|B|S1-C2	bonds	1.8779260960849893	-0.10068060525356004	0.00041256248718217475	0.005	0.10568060525356004	True	True	-0.09985548027919569	0.0008251249743643495	-0.0008251249743643496	True
individual_CC_FOURIER_2_plus	A	BOND|A|F1-C1	bonds	1.3595551426661177	0.006032455246079316	8.580329668361682e-05	0.005	0.011032455246079317	False	False	0.006204061839446549	0.00017160659336723364	0.00017160659336723331	True
individual_CC_FOURIER_2_plus	B	BOND|B|F1-C1	bonds	1.3609327811824499	0.005805030997336091	8.965444497408112e-05	0.005	0.010805030997336092	False	False	0.005984339887284254	0.00017930888994816224	0.00017930888994816246	True
individual_CC_FOURIER_2_plus	A	BOND|A|F2-C1	bonds	1.3774984810535549	-0.009230855726468201	-4.7612731401435135e-05	0.005	0.014230855726468202	False	False	-0.009326081189271071	-9.522546280287027e-05	9.522546280286981e-05	True
individual_CC_FOURIER_2_plus	B	BOND|B|F2-C1	bonds	1.361694349976532	0.003761666180506884	2.6839341902370607e-05	0.005	0.008761666180506885	False	False	0.0038153448643116253	5.3678683804741214e-05	5.3678683804741275e-05	True
individual_CC_FOURIER_2_plus	A	BOND|A|F3-C2	bonds	1.375531096363811	-0.0240095301631027	8.155342919423028e-05	0.005	0.0290095301631027	False	False	-0.02384642330471424	0.00016310685838846057	-0.00016310685838846067	True
individual_CC_FOURIER_2_plus	B	BOND|B|F3-C2	bonds	1.3737307862856514	-0.02089804406329554	5.1908546521154977e-05	0.005	0.02589804406329554	False	False	-0.02079422697025323	0.00010381709304230995	-0.00010381709304230907	True
individual_CC_FOURIER_2_plus	A	BOND|A|F4-C2	bonds	1.3712622667249406	-0.01461903729287295	5.636551916146653e-05	0.005	0.01961903729287295	False	False	-0.014506306254550017	0.00011273103832293306	-0.00011273103832293296	True
individual_CC_FOURIER_2_plus	B	BOND|B|F4-C2	bonds	1.3746418065114232	-0.02205963693614743	3.1095839210468946e-05	0.005	0.027059636936147432	False	False	-0.021997445257726494	6.219167842093789e-05	-6.219167842093712e-05	True
individual_CC_FOURIER_2_plus	A	BOND|A|F5-C3	bonds	1.3493720025730402	0.010698904702354683	7.407311084675019e-05	0.005	0.015698904702354684	False	False	0.010847050924048184	0.00014814622169350038	0.0001481462216935004	True
individual_CC_FOURIER_2_plus	B	BOND|B|F5-C3	bonds	1.3601883799422818	0.004084868184351498	-2.152315060370329e-05	0.005	0.009084868184351499	False	False	0.004041821883144091	-4.304630120740658e-05	-4.3046301207406816e-05	True
individual_CC_FOURIER_2_plus	A	BOND|A|F6-C3	bonds	1.3764797496427925	-0.008515701225140004	9.571630250207344e-05	0.005	0.013515701225140005	False	False	-0.008324268620135857	0.00019143260500414688	-0.00019143260500414754	True
individual_CC_FOURIER_2_plus	B	BOND|B|F6-C3	bonds	1.3700696599680562	-0.0024912806564183487	7.397781191527297e-05	0.005	0.007491280656418349	False	False	-0.002343325032587803	0.00014795562383054594	-0.00014795562383054578	True
individual_CC_FOURIER_2_plus	A	BOND|A|F7-C4	bonds	1.330175822145935	0.01643273077393781	-3.58234082671939e-05	0.005	0.02143273077393781	False	False	0.016361083957403422	-7.16468165343878e-05	-7.164681653438684e-05	True
individual_CC_FOURIER_2_plus	B	BOND|B|F7-C4	bonds	1.3403759103553696	0.008485827134460555	9.215224295867497e-06	0.005	0.013485827134460556	False	False	0.00850425758305229	1.8430448591734995e-05	1.8430448591734774e-05	True
individual_CC_FOURIER_2_plus	A	BOND|A|F8-C4	bonds	1.3572512969131418	-0.0034453906866040995	6.689143908983563e-06	0.005	0.0084453906866041	False	False	-0.0034320123987861325	1.3378287817967127e-05	-1.337828781796703e-05	True
individual_CC_FOURIER_2_plus	B	BOND|B|F8-C4	bonds	1.3559843534831049	-0.0020621055111986752	-7.809900441525616e-05	0.005	0.007062105511198675	False	False	-0.0022183035200291877	-0.00015619800883051233	0.00015619800883051246	True
individual_CC_FOURIER_2_plus	A	BOND|A|F9-C4	bonds	1.351186931996573	0.0005750218207176694	5.732532872075735e-05	0.005	0.0055750218207176695	False	False	0.0006896724781591841	0.0001146506574415147	0.00011465065744151474	True
individual_CC_FOURIER_2_plus	B	BOND|B|F9-C4	bonds	1.3442475330395833	0.005794006790206252	5.798688729974044e-05	0.005	0.010794006790206253	False	False	0.005909980564805733	0.00011597377459948088	0.00011597377459948103	True
individual_CC_FOURIER_2_plus	A	BOND|A|C1-C2	bonds	1.5463338589367104	-0.059583577632589035	-0.00019556581793505964	0.005	0.06458357763258904	True	False	-0.05997470926845915	-0.0003911316358701193	0.0003911316358701164	True
individual_CC_FOURIER_2_plus	B	BOND|B|C1-C2	bonds	1.5414727177177037	-0.05181762879074103	0.00010047283580826197	0.005	0.05681762879074103	True	False	-0.051616683119124505	0.00020094567161652393	-0.00020094567161652727	True
individual_CC_FOURIER_2_plus	A	BOND|A|C1-C3	bonds	1.5536251466595754	-0.02761777676931043	-0.00014568224671359297	0.005	0.03261777676931043	True	False	-0.02790914126273762	-0.00029136449342718595	0.0002913644934271868	True
individual_CC_FOURIER_2_plus	B	BOND|B|C1-C3	bonds	1.5582651596570543	-0.03491559976130598	6.68349122079844e-05	0.005	0.03991559976130598	True	False	-0.03478192993689001	0.0001336698244159688	-0.00013366982441596897	True
individual_CC_FOURIER_2_plus	A	BOND|A|C3-C4	bonds	1.5480468386153412	-0.05273299037939738	-5.315248719305385e-05	0.005	0.05773299037939738	True	False	-0.05283929535378349	-0.0001063049743861077	0.00010630497438610803	True
individual_CC_FOURIER_2_plus	B	BOND|B|C3-C4	bonds	1.545069010019299	-0.050153542777362725	7.483235931431622e-05	0.005	0.05515354277736272	True	False	-0.050003878058734096	0.00014966471862863244	-0.00014966471862862957	True
individual_CC_FOURIER_2_plus	A	ANGLE|A|S1-C2-F3	angles	109.67733398017896	-0.7823903616519488	-0.03850764952436505	0.5	1.2823903616519488	True	False	-0.8594056607006788	-0.0770152990487301	0.07701529904873006	True
individual_CC_FOURIER_2_plus	B	ANGLE|B|S1-C2-F3	angles	109.47537283316586	-1.442183808451432	-0.016899982375954983	0.5	1.942183808451432	True	False	-1.475983773203342	-0.03379996475190997	0.03379996475191005	True
individual_CC_FOURIER_2_plus	A	ANGLE|A|S1-C2-F4	angles	108.96744940646958	-1.582693562191352	0.037471266477289905	0.5	2.082693562191352	True	False	-1.5077510292367722	0.07494253295457981	-0.07494253295457987	True
individual_CC_FOURIER_2_plus	B	ANGLE|B|S1-C2-F4	angles	109.71820108431614	-2.443790762484298	0.05127601114454147	0.5	2.943790762484298	True	False	-2.341238740195215	0.10255202228908294	-0.10255202228908278	True
individual_CC_FOURIER_2_plus	A	ANGLE|A|S1-C2-C1	angles	119.96985166647593	-6.6544355331031255	0.059758548755921084	0.5	7.1544355331031255	True	True	-6.534918435591283	0.11951709751184217	-0.11951709751184225	True
individual_CC_FOURIER_2_plus	B	ANGLE|B|S1-C2-C1	angles	116.91210244206768	-5.110195931532331	-0.04065010609838521	0.5	5.610195931532331	True	False	-5.191496143729101	-0.08130021219677042	0.08130021219677008	True
individual_CC_FOURIER_2_plus	A	ANGLE|A|F1-C1-F2	angles	107.3508090300338	-5.555335602249812	0.011556361892227971	0.5	6.055335602249812	False	False	-5.532222878465356	0.023112723784455943	-0.023112723784455724	True
individual_CC_FOURIER_2_plus	B	ANGLE|B|F1-C1-F2	angles	108.74266895623758	-6.040644790562524	-0.005679862707997154	0.5	6.540644790562524	False	False	-6.052004515978519	-0.011359725415994308	0.011359725415994504	True
individual_CC_FOURIER_2_plus	A	ANGLE|A|F1-C1-C2	angles	109.50557562604796	0.9169602415963993	-0.08478034557992982	0.5	1.4169602415963993	True	False	0.7473995504365397	-0.16956069115985964	-0.1695606911598596	True
individual_CC_FOURIER_2_plus	B	ANGLE|B|F1-C1-C2	angles	110.38735878107522	2.269310803102499	-0.0046892993845144585	0.5	2.769310803102499	True	False	2.25993220433347	-0.009378598769028917	-0.009378598769028912	True
individual_CC_FOURIER_2_plus	A	ANGLE|A|F1-C1-C3	angles	105.39046626206549	2.3213646253494176	-0.04845001462437098	0.5	2.8213646253494176	True	False	2.2244645961006757	-0.09690002924874196	-0.09690002924874186	True
individual_CC_FOURIER_2_plus	B	ANGLE|B|F1-C1-C3	angles	104.5121831407152	0.5245552027159022	0.021205429518447484	0.5	1.0245552027159022	True	False	0.5669660617527972	0.04241085903689497	0.04241085903689501	True
individual_CC_FOURIER_2_plus	A	ANGLE|A|F2-C1-C2	angles	106.7104538689189	-0.956037483035729	0.029722748189676122	0.5	1.456037483035729	True	False	-0.8965919866563767	0.059445496379352245	-0.05944549637935226	True
individual_CC_FOURIER_2_plus	B	ANGLE|B|F2-C1-C2	angles	109.60661113251722	1.5639524053591458	-0.03097622540723831	0.5	2.063952405359146	True	False	1.5019999545446692	-0.06195245081447662	-0.061952450814476645	True
individual_CC_FOURIER_2_plus	A	ANGLE|A|F2-C1-C3	angles	105.69935642344878	1.7485644339946873	0.04721793415156243	0.5	2.2485644339946873	True	False	1.843000302297812	0.09443586830312486	0.09443586830312478	True
individual_CC_FOURIER_2_plus	B	ANGLE|B|F2-C1-C3	angles	106.15292052824611	2.9739531591271344	-0.024715662710279362	0.5	3.4739531591271344	True	False	2.9245218337065757	-0.049431325420558725	-0.049431325420558725	True
individual_CC_FOURIER_2_plus	A	ANGLE|A|F3-C2-F4	angles	107.18253818691385	-4.320229494934907	0.0059948590207863335	0.5	4.820229494934907	False	False	-4.308239776893334	0.011989718041572667	-0.011989718041572672	True
individual_CC_FOURIER_2_plus	B	ANGLE|B|F3-C2-F4	angles	107.21219794496402	-3.6872045886707525	-0.023192685057300502	0.5	4.1872045886707525	False	False	-3.7335899587853536	-0.046385370114601004	0.04638537011460109	True
individual_CC_FOURIER_2_plus	A	ANGLE|A|F3-C2-C1	angles	105.91890064776834	7.499900209372981	-0.07640830971390684	0.5	7.999900209372981	False	False	7.347083589945168	-0.1528166194278137	-0.15281661942781355	True
individual_CC_FOURIER_2_plus	B	ANGLE|B|F3-C2-C1	angles	107.32580921305703	5.758592402520563	0.04691640329210817	0.5	6.258592402520563	False	False	5.852425209104779	0.09383280658421635	0.09383280658421622	True
individual_CC_FOURIER_2_plus	A	ANGLE|A|F4-C2-C1	angles	104.39286289405992	5.906852248244604	0.01199133052540455	0.5	6.406852248244604	False	False	5.930834909295413	0.0239826610508091	0.02398266105080893	True
individual_CC_FOURIER_2_plus	B	ANGLE|B|F4-C2-C1	angles	105.74424590376499	6.866016775183212	-0.015110071540738313	0.5	7.366016775183212	False	False	6.835796632101736	-0.030220143081476625	-0.03022014308147636	True
individual_CC_FOURIER_2_plus	A	ANGLE|A|F5-C3-F6	angles	107.79480751174968	-5.897166543490641	-0.0016343509505874919	0.5	6.397166543490641	False	False	-5.900435245391816	-0.0032687019011749838	0.0032687019011747864	True
individual_CC_FOURIER_2_plus	B	ANGLE|B|F5-C3-F6	angles	107.77152882883	-5.210913209698276	-0.012822743968412811	0.5	5.710913209698276	False	False	-5.236558697635102	-0.025645487936825622	0.025645487936825972	True
individual_CC_FOURIER_2_plus	A	ANGLE|A|F5-C3-C1	angles	110.4150854742138	3.0319442086500885	0.012884110913672907	0.5	3.5319442086500885	False	False	3.057712430477434	0.025768221827345814	0.025768221827345617	True
individual_CC_FOURIER_2_plus	B	ANGLE|B|F5-C3-C1	angles	110.16968887384166	2.0107778103275535	0.04587856385504842	0.5	2.5107778103275535	False	False	2.1025349380376506	0.09175712771009684	0.09175712771009703	True
individual_CC_FOURIER_2_plus	A	ANGLE|A|F5-C3-C4	angles	108.29467545540544	1.710937329063583	0.020615103867898218	0.5	2.210937329063583	True	False	1.7521675367993794	0.041230207735796436	0.04123020773579644	True
individual_CC_FOURIER_2_plus	B	ANGLE|B|F5-C3-C4	angles	106.87356801362543	2.010937356349231	0.024072875353718173	0.5	2.510937356349231	True	False	2.0590831070566677	0.04814575070743635	0.04814575070743654	True
individual_CC_FOURIER_2_plus	A	ANGLE|A|F6-C3-C1	angles	105.21783735379346	2.6931331393982703	0.011807708684160168	0.5	3.1931331393982703	False	False	2.7167485567665905	0.023615417368320336	0.02361541736832029	True
individual_CC_FOURIER_2_plus	B	ANGLE|B|F6-C3-C1	angles	106.39321950632629	2.461458339119673	0.025166418950145812	0.5	2.961458339119673	False	False	2.5117911770199646	0.050332837900291624	0.050332837900291416	True
individual_CC_FOURIER_2_plus	A	ANGLE|A|F6-C3-C4	angles	105.03763419113301	1.4584341884600747	-0.004849519987605492	0.5	1.9584341884600747	True	False	1.4487351484848636	-0.009699039975210984	-0.009699039975211043	True
individual_CC_FOURIER_2_plus	B	ANGLE|B|F6-C3-C4	angles	105.92765861305558	0.8526376530387978	-0.005378368511599746	0.5	1.3526376530387978	True	False	0.8418809160155983	-0.010756737023199492	-0.010756737023199459	True
individual_CC_FOURIER_2_plus	A	ANGLE|A|F7-C4-F8	angles	108.2237040724793	-4.968682652980235	0.0019601116499633406	0.5	5.468682652980235	False	False	-4.964762429680308	0.003920223299926681	-0.003920223299926917	True
individual_CC_FOURIER_2_plus	B	ANGLE|B|F7-C4-F8	angles	107.7280972686723	-4.675805010702277	0.00949771307180157	0.5	5.175805010702277	False	False	-4.656809584558673	0.01899542614360314	-0.01899542614360339	True
individual_CC_FOURIER_2_plus	A	ANGLE|A|F7-C4-F9	angles	109.2768804736617	-5.5096088398768615	-0.016204674939992787	0.5	6.0096088398768615	False	False	-5.542018189756847	-0.032409349879985574	0.03240934987998578	True
individual_CC_FOURIER_2_plus	B	ANGLE|B|F7-C4-F9	angles	109.46339202165414	-5.403088264707165	-0.010712584919078415	0.5	5.903088264707165	False	False	-5.424513434545322	-0.02142516983815683	0.021425169838156677	True
individual_CC_FOURIER_2_plus	A	ANGLE|A|F7-C4-C3	angles	113.14632954629842	3.3334235029319785	0.024128176026637686	0.5	3.8334235029319785	False	False	3.381679854985254	0.04825635205327537	0.048256352053275275	True
individual_CC_FOURIER_2_plus	B	ANGLE|B|F7-C4-C3	angles	111.75127911230354	4.072787513537989	0.045833621161837194	0.5	4.572787513537989	False	False	4.164454755861663	0.09166724232367439	0.09166724232367418	True
individual_CC_FOURIER_2_plus	A	ANGLE|A|F8-C4-F9	angles	107.67123653178818	-4.270990659538697	0.00406977874943193	0.5	4.770990659538697	False	False	-4.262851102039833	0.00813955749886386	-0.008139557498863859	True
individual_CC_FOURIER_2_plus	B	ANGLE|B|F8-C4-F9	angles	107.99167256109826	-4.479603946274096	-0.004612919890461035	0.5	4.979603946274096	False	False	-4.488829786055018	-0.00922583978092207	0.009225839780921952	True
individual_CC_FOURIER_2_plus	A	ANGLE|A|F8-C4-C3	angles	107.77202503419944	5.685092670391896	-0.001951425814499646	0.5	6.185092670391896	False	False	5.681189818762896	-0.003902851628999292	-0.003902851628999393	True
individual_CC_FOURIER_2_plus	B	ANGLE|B|F8-C4-C3	angles	108.36126926334	5.121998235266133	-0.031874702381173986	0.5	5.621998235266133	False	False	5.058248830503786	-0.06374940476234797	-0.0637494047623477	True
individual_CC_FOURIER_2_plus	A	ANGLE|A|F9-C4-C3	angles	110.56871903744958	4.33052090530758	-0.01339684302738993	0.5	4.83052090530758	False	False	4.3037272192528	-0.02679368605477986	-0.02679368605477972	True
individual_CC_FOURIER_2_plus	B	ANGLE|B|F9-C4-C3	angles	111.3974313862652	3.9580423138960867	-0.009600348609927698	0.5	4.458042313896087	False	False	3.9388416166762314	-0.019200697219855397	-0.01920069721985529	True
individual_CC_FOURIER_2_plus	A	ANGLE|A|O1-S1-O2	angles	115.87508867620741	-3.618181495307482	0.002313369847516435	0.5	4.118181495307482	False	False	-3.613554755612449	0.00462673969503287	-0.0046267396950328	True
individual_CC_FOURIER_2_plus	B	ANGLE|B|O1-S1-O2	angles	115.8617593435942	-3.516363558456277	-2.5229822208791576e-05	0.5	4.016363558456277	False	False	-3.5164140181006944	-5.045964441758315e-05	5.045964441752204e-05	True
individual_CC_FOURIER_2_plus	A	ANGLE|A|O1-S1-O3	angles	115.79825616835085	-2.9801946734126403	-0.007418366425424267	0.5	3.4801946734126403	False	False	-2.995031406263489	-0.014836732850848534	0.014836732850848744	True
individual_CC_FOURIER_2_plus	B	ANGLE|B|O1-S1-O3	angles	115.96678545732925	-3.054015124304769	-0.02220189608228884	0.5	3.554015124304769	False	False	-3.0984189164693463	-0.04440379216457768	0.04440379216457746	True
individual_CC_FOURIER_2_plus	A	ANGLE|A|O1-S1-C2	angles	101.68837783605547	4.182271180870245	0.0427218760109572	0.5	4.682271180870245	True	False	4.26771493289216	0.0854437520219144	0.08544375202191468	True
individual_CC_FOURIER_2_plus	B	ANGLE|B|O1-S1-C2	angles	102.50601319835522	3.926857923886118	0.016024271466695852	0.5	4.426857923886118	True	False	3.9589064668195095	0.032048542933391704	0.032048542933391655	True
individual_CC_FOURIER_2_plus	A	ANGLE|A|O2-S1-O3	angles	116.27786596346955	-3.59984973875882	-0.004143137295265336	0.5	4.09984973875882	False	False	-3.608136013349351	-0.008286274590530673	0.008286274590530773	True
individual_CC_FOURIER_2_plus	B	ANGLE|B|O2-S1-O3	angles	116.12933095760322	-3.619903218732915	-0.005494937624755141	0.5	4.119903218732915	False	False	-3.6308930939824253	-0.010989875249510282	0.010989875249510117	True
individual_CC_FOURIER_2_plus	A	ANGLE|A|O2-S1-C2	angles	101.28230695055689	4.524678198083862	-0.0022432293988399236	0.5	5.024678198083862	True	False	4.520191739286182	-0.004486458797679847	-0.004486458797679838	True
individual_CC_FOURIER_2_plus	B	ANGLE|B|O2-S1-C2	angles	100.92184273605463	4.633089992091186	0.021509287246198102	0.5	5.133089992091186	True	False	4.676108566583582	0.043018574492396204	0.04301857449239588	True
individual_CC_FOURIER_2_plus	A	ANGLE|A|O3-S1-C2	angles	102.18621881661765	4.56016837451304	-0.02945719391415723	0.5	5.06016837451304	True	False	4.501253986684726	-0.05891438782831446	-0.05891438782831404	True
individual_CC_FOURIER_2_plus	B	ANGLE|B|O3-S1-C2	angles	101.71880765541988	4.7008584538955915	-0.005285250067051896	0.5	5.2008584538955915	True	False	4.690287953761488	-0.010570500134103792	-0.010570500134103433	True
individual_CC_FOURIER_2_plus	A	ANGLE|A|C1-C3-C4	angles	119.38890145578634	-3.52236001432712	-0.035873099995763394	0.5	4.02236001432712	True	False	-3.594106214318647	-0.07174619999152679	0.07174619999152698	True
individual_CC_FOURIER_2_plus	B	ANGLE|B|C1-C3-C4	angles	119.16297945581584	-2.638853839530924	-0.07211440195078486	0.5	3.138853839530924	True	False	-2.783082643432494	-0.14422880390156972	0.14422880390156978	True
individual_CC_FOURIER_2_plus	A	ANGLE|A|C2-C1-C3	angles	121.44059188743243	0.38867399549285153	0.04741466234992215	0.5	0.8886739954928515	True	False	0.4835033201926958	0.0948293246998443	0.09482932469984429	True
individual_CC_FOURIER_2_plus	B	ANGLE|B|C2-C1-C3	angles	117.05902651940126	-1.8073461989810227	0.0414941781586242	0.5	2.3073461989810227	True	False	-1.7243578426637742	0.0829883563172484	-0.08298835631724844	True
individual_CC_FOURIER_3_minus	A	BOND|A|S1-O1	bonds	1.4824048021793783	-0.03077275852866168	3.9112720418784084e-05	0.005	0.03577275852866168	False	False	-0.030694533087824112	7.822544083756817e-05	-7.822544083756905e-05	True
individual_CC_FOURIER_3_minus	B	BOND|B|S1-O1	bonds	1.480465887667455	-0.027146956557600577	1.1974232776631943e-05	0.005	0.032146956557600574	False	False	-0.02712300809204731	2.3948465553263887e-05	-2.3948465553265408e-05	True
individual_CC_FOURIER_3_minus	A	BOND|A|S1-O2	bonds	1.4795360895746836	-0.026059641892111962	2.1335059875446305e-05	0.005	0.031059641892111963	False	False	-0.02601697177236107	4.267011975089261e-05	-4.2670119750891355e-05	True
individual_CC_FOURIER_3_minus	B	BOND|B|S1-O2	bonds	1.4806664390483129	-0.026749760721457516	-7.547596630445365e-05	0.005	0.031749760721457514	False	False	-0.026900712654066423	-0.0001509519326089073	0.00015095193260890663	True
individual_CC_FOURIER_3_minus	A	BOND|A|S1-O3	bonds	1.4813346426421938	-0.029070129905947928	-1.8192954758248448e-06	0.005	0.034070129905947925	False	False	-0.029073768496899577	-3.6385909516496896e-06	3.638590951648979e-06	True
individual_CC_FOURIER_3_minus	B	BOND|B|S1-O3	bonds	1.4823240170020167	-0.02932586961957817	1.3654186170800564e-05	0.005	0.03432586961957817	False	False	-0.02929856124723657	2.7308372341601128e-05	-2.730837234160219e-05	True
individual_CC_FOURIER_3_minus	A	BOND|A|S1-C2	bonds	1.8736790713925773	-0.10442979261240293	0.00014965433773775968	0.005	0.10942979261240293	True	True	-0.1041304839369274	0.00029930867547551935	-0.00029930867547552087	True
individual_CC_FOURIER_3_minus	B	BOND|B|S1-C2	bonds	1.8779260960849893	-0.10068060525356004	-0.0003994701367212201	0.005	0.10568060525356004	True	True	-0.10147954552700247	-0.0007989402734424402	0.0007989402734424333	True
individual_CC_FOURIER_3_minus	A	BOND|A|F1-C1	bonds	1.3595551426661177	0.006032455246079316	1.3595070180649316e-05	0.005	0.011032455246079317	False	False	0.0060596453864406145	2.7190140361298633e-05	2.7190140361298826e-05	True
individual_CC_FOURIER_3_minus	B	BOND|B|F1-C1	bonds	1.3609327811824499	0.005805030997336091	1.6501992461035365e-05	0.005	0.010805030997336092	False	False	0.005838034982258162	3.300398492207073e-05	3.3003984922070316e-05	True
individual_CC_FOURIER_3_minus	A	BOND|A|F2-C1	bonds	1.3774984810535549	-0.009230855726468201	4.052533673726835e-05	0.005	0.014230855726468202	False	False	-0.009149805052993664	8.10506734745367e-05	-8.105067347453747e-05	True
individual_CC_FOURIER_3_minus	B	BOND|B|F2-C1	bonds	1.361694349976532	0.003761666180506884	7.799583804815135e-06	0.005	0.008761666180506885	False	False	0.0037772653481165145	1.559916760963027e-05	1.5599167609630423e-05	True
individual_CC_FOURIER_3_minus	A	BOND|A|F3-C2	bonds	1.375531096363811	-0.0240095301631027	2.4083219582457184e-05	0.005	0.0290095301631027	False	False	-0.023961363723937784	4.816643916491437e-05	-4.816643916491503e-05	True
individual_CC_FOURIER_3_minus	B	BOND|B|F3-C2	bonds	1.3737307862856514	-0.02089804406329554	-1.998374407040231e-05	0.005	0.02589804406329554	False	False	-0.020938011551436344	-3.996748814080462e-05	3.996748814080395e-05	True
individual_CC_FOURIER_3_minus	A	BOND|A|F4-C2	bonds	1.3712622667249406	-0.01461903729287295	-0.00014912815959235422	0.005	0.01961903729287295	False	False	-0.014917293612057658	-0.00029825631918470845	0.0002982563191847084	True
individual_CC_FOURIER_3_minus	B	BOND|B|F4-C2	bonds	1.3746418065114232	-0.02205963693614743	6.811431343542402e-05	0.005	0.027059636936147432	False	False	-0.021923408309276582	0.00013622862687084805	-0.00013622862687084902	True
individual_CC_FOURIER_3_minus	A	BOND|A|F5-C3	bonds	1.3493720025730402	0.010698904702354683	-3.042412259270133e-05	0.005	0.015698904702354684	False	False	0.010638056457169281	-6.084824518540266e-05	-6.0848245185401995e-05	True
individual_CC_FOURIER_3_minus	B	BOND|B|F5-C3	bonds	1.3601883799422818	0.004084868184351498	4.571104002937254e-06	0.005	0.009084868184351499	False	False	0.004094010392357373	9.142208005874508e-06	9.142208005874855e-06	True
individual_CC_FOURIER_3_minus	A	BOND|A|F6-C3	bonds	1.3764797496427925	-0.008515701225140004	-4.43869400659274e-05	0.005	0.013515701225140005	False	False	-0.00860447510527186	-8.87738801318548e-05	8.877388013185487e-05	True
individual_CC_FOURIER_3_minus	B	BOND|B|F6-C3	bonds	1.3700696599680562	-0.0024912806564183487	-8.115667612146212e-05	0.005	0.007491280656418349	False	False	-0.002653594008661273	-0.00016231335224292423	0.00016231335224292437	True
individual_CC_FOURIER_3_minus	A	BOND|A|F7-C4	bonds	1.330175822145935	0.01643273077393781	-9.605914648565257e-05	0.005	0.02143273077393781	False	False	0.016240612480966504	-0.00019211829297130514	-0.000192118292971305	True
individual_CC_FOURIER_3_minus	B	BOND|B|F7-C4	bonds	1.3403759103553696	0.008485827134460555	6.7065811419421805e-06	0.005	0.013485827134460556	False	False	0.00849924029674444	1.3413162283884361e-05	1.3413162283884561e-05	True
individual_CC_FOURIER_3_minus	A	BOND|A|F8-C4	bonds	1.3572512969131418	-0.0034453906866040995	-3.869760245214735e-05	0.005	0.0084453906866041	False	False	-0.003522785891508394	-7.73952049042947e-05	7.739520490429455e-05	True
individual_CC_FOURIER_3_minus	B	BOND|B|F8-C4	bonds	1.3559843534831049	-0.0020621055111986752	5.150027314123058e-05	0.005	0.007062105511198675	False	False	-0.001959104964916214	0.00010300054628246116	-0.00010300054628246133	True
individual_CC_FOURIER_3_minus	A	BOND|A|F9-C4	bonds	1.351186931996573	0.0005750218207176694	5.6705019499069385e-05	0.005	0.0055750218207176695	False	False	0.0006884318597158082	0.00011341003899813877	0.0001134100389981388	True
individual_CC_FOURIER_3_minus	B	BOND|B|F9-C4	bonds	1.3442475330395833	0.005794006790206252	-6.0354581559798784e-05	0.005	0.010794006790206253	False	False	0.005673297627086654	-0.00012070916311959757	-0.00012070916311959778	True
individual_CC_FOURIER_3_minus	A	BOND|A|C1-C2	bonds	1.5463338589367104	-0.059583577632589035	-0.00015943932588700774	0.005	0.06458357763258904	True	False	-0.059902456284363054	-0.0003188786517740155	0.0003188786517740183	True
individual_CC_FOURIER_3_minus	B	BOND|B|C1-C2	bonds	1.5414727177177037	-0.05181762879074103	-0.00013570305138128642	0.005	0.05681762879074103	True	False	-0.052089034893503604	-0.00027140610276257283	0.0002714061027625711	True
individual_CC_FOURIER_3_minus	A	BOND|A|C1-C3	bonds	1.5536251466595754	-0.02761777676931043	-0.00015561672395828855	0.005	0.03261777676931043	True	False	-0.027929010217227008	-0.0003112334479165771	0.0003112334479165764	True
individual_CC_FOURIER_3_minus	B	BOND|B|C1-C3	bonds	1.5582651596570543	-0.03491559976130598	-0.0001030102815866142	0.005	0.03991559976130598	True	False	-0.035121620324479214	-0.0002060205631732284	0.00020602056317323147	True
individual_CC_FOURIER_3_minus	A	BOND|A|C3-C4	bonds	1.5480468386153412	-0.05273299037939738	5.94293204768146e-05	0.005	0.05773299037939738	True	False	-0.05261413173844375	0.0001188586409536292	-0.00011885864095362991	True
individual_CC_FOURIER_3_minus	B	BOND|B|C3-C4	bonds	1.545069010019299	-0.050153542777362725	-0.00011919391787320083	0.005	0.05515354277736272	True	False	-0.05039193061310913	-0.00023838783574640167	0.00023838783574640227	True
individual_CC_FOURIER_3_minus	A	ANGLE|A|S1-C2-F3	angles	109.67733398017896	-0.7823903616519488	-0.029315528482061894	0.5	1.2823903616519488	True	False	-0.8410214186160725	-0.05863105696412379	0.05863105696412374	True
individual_CC_FOURIER_3_minus	B	ANGLE|B|S1-C2-F3	angles	109.47537283316586	-1.442183808451432	0.022941470073724223	0.5	1.942183808451432	True	False	-1.3963008683039835	0.045882940147448446	-0.04588294014744854	True
individual_CC_FOURIER_3_minus	A	ANGLE|A|S1-C2-F4	angles	108.96744940646958	-1.582693562191352	0.017063942856211156	0.5	2.082693562191352	True	False	-1.5485656764789297	0.03412788571242231	-0.03412788571242231	True
individual_CC_FOURIER_3_minus	B	ANGLE|B|S1-C2-F4	angles	109.71820108431614	-2.443790762484298	-0.057077121488273576	0.5	2.943790762484298	True	False	-2.557945005460845	-0.11415424297654715	0.11415424297654697	True
individual_CC_FOURIER_3_minus	A	ANGLE|A|S1-C2-C1	angles	119.96985166647593	-6.6544355331031255	0.07124323095990716	0.5	7.1544355331031255	True	True	-6.511949071183311	0.14248646191981432	-0.1424864619198143	True
individual_CC_FOURIER_3_minus	B	ANGLE|B|S1-C2-C1	angles	116.91210244206768	-5.110195931532331	0.03399316096855805	0.5	5.610195931532331	True	False	-5.042209609595215	0.0679863219371161	-0.0679863219371164	True
individual_CC_FOURIER_3_minus	A	ANGLE|A|F1-C1-F2	angles	107.3508090300338	-5.555335602249812	-2.5684551237247888e-05	0.5	6.055335602249812	False	False	-5.555386971352287	-5.1369102474495776e-05	5.136910247482973e-05	True
individual_CC_FOURIER_3_minus	B	ANGLE|B|F1-C1-F2	angles	108.74266895623758	-6.040644790562524	0.0020746333032142616	0.5	6.540644790562524	False	False	-6.036495523956096	0.004149266606428523	-0.004149266606428448	True
individual_CC_FOURIER_3_minus	A	ANGLE|A|F1-C1-C2	angles	109.50557562604796	0.9169602415963993	-0.04151211203034027	0.5	1.4169602415963993	True	False	0.8339360175357188	-0.08302422406068054	-0.08302422406068055	True
individual_CC_FOURIER_3_minus	B	ANGLE|B|F1-C1-C2	angles	110.38735878107522	2.269310803102499	0.006754256544819566	0.5	2.769310803102499	True	False	2.282819316192138	0.013508513089639133	0.013508513089639074	True
individual_CC_FOURIER_3_minus	A	ANGLE|A|F1-C1-C3	angles	105.39046626206549	2.3213646253494176	-0.014733102665067974	0.5	2.8213646253494176	True	False	2.291898420019282	-0.02946620533013595	-0.029466205330135775	True
individual_CC_FOURIER_3_minus	B	ANGLE|B|F1-C1-C3	angles	104.5121831407152	0.5245552027159022	-0.010772607594943941	0.5	1.0245552027159022	True	False	0.5030099875260143	-0.021545215189887883	-0.021545215189887834	True
individual_CC_FOURIER_3_minus	A	ANGLE|A|F2-C1-C2	angles	106.7104538689189	-0.956037483035729	0.04136046621142242	0.5	1.456037483035729	True	False	-0.8733165506128842	0.08272093242284484	-0.08272093242284484	True
individual_CC_FOURIER_3_minus	B	ANGLE|B|F2-C1-C2	angles	109.60661113251722	1.5639524053591458	0.030633041452268084	0.5	2.063952405359146	True	False	1.625218488263682	0.06126608290453617	0.06126608290453617	True
individual_CC_FOURIER_3_minus	A	ANGLE|A|F2-C1-C3	angles	105.69935642344878	1.7485644339946873	0.0410643378530413	0.5	2.2485644339946873	True	False	1.83069310970077	0.0821286757060826	0.08212867570608262	True
individual_CC_FOURIER_3_minus	B	ANGLE|B|F2-C1-C3	angles	106.15292052824611	2.9739531591271344	-0.004736094141818785	0.5	3.4739531591271344	True	False	2.9644809708434967	-0.00947218828363757	-0.009472188283637717	True
individual_CC_FOURIER_3_minus	A	ANGLE|A|F3-C2-F4	angles	107.18253818691385	-4.320229494934907	0.0021740864511403404	0.5	4.820229494934907	False	False	-4.315881322032626	0.004348172902280681	-0.0043481729022802895	True
individual_CC_FOURIER_3_minus	B	ANGLE|B|F3-C2-F4	angles	107.21219794496402	-3.6872045886707525	0.013085538675043551	0.5	4.1872045886707525	False	False	-3.6610335113206656	0.026171077350087103	-0.026171077350086946	True
individual_CC_FOURIER_3_minus	A	ANGLE|A|F3-C2-C1	angles	105.91890064776834	7.499900209372981	-0.059949577814285546	0.5	7.999900209372981	False	False	7.380001053744411	-0.11989915562857109	-0.11989915562857067	True
individual_CC_FOURIER_3_minus	B	ANGLE|B|F3-C2-C1	angles	107.32580921305703	5.758592402520563	-0.03257275606774067	0.5	6.258592402520563	False	False	5.693446890385082	-0.06514551213548134	-0.06514551213548092	True
individual_CC_FOURIER_3_minus	A	ANGLE|A|F4-C2-C1	angles	104.39286289405992	5.906852248244604	-0.004505200133060771	0.5	6.406852248244604	False	False	5.897841847978483	-0.009010400266121541	-0.009010400266121543	True
individual_CC_FOURIER_3_minus	B	ANGLE|B|F4-C2-C1	angles	105.74424590376499	6.866016775183212	0.016515961765879446	0.5	7.366016775183212	False	False	6.899048698714971	0.03303192353175889	0.03303192353175888	True
individual_CC_FOURIER_3_minus	A	ANGLE|A|F5-C3-F6	angles	107.79480751174968	-5.897166543490641	0.005431006813582382	0.5	6.397166543490641	False	False	-5.886304529863477	0.010862013627164765	-0.010862013627164657	True
individual_CC_FOURIER_3_minus	B	ANGLE|B|F5-C3-F6	angles	107.77152882883	-5.210913209698276	0.013127165403876007	0.5	5.710913209698276	False	False	-5.184658878890525	0.026254330807752014	-0.026254330807751636	True
individual_CC_FOURIER_3_minus	A	ANGLE|A|F5-C3-C1	angles	110.4150854742138	3.0319442086500885	-0.0006955306378364412	0.5	3.5319442086500885	False	False	3.0305531473744156	-0.0013910612756728824	-0.0013910612756729002	True
individual_CC_FOURIER_3_minus	B	ANGLE|B|F5-C3-C1	angles	110.16968887384166	2.0107778103275535	-0.03048339909595852	0.5	2.5107778103275535	False	False	1.9498110121356365	-0.06096679819191704	-0.06096679819191708	True
individual_CC_FOURIER_3_minus	A	ANGLE|A|F5-C3-C4	angles	108.29467545540544	1.710937329063583	0.03152122127788721	0.5	2.210937329063583	True	False	1.7739797716193575	0.06304244255577442	0.06304244255577451	True
individual_CC_FOURIER_3_minus	B	ANGLE|B|F5-C3-C4	angles	106.87356801362543	2.010937356349231	-0.022297666863628798	0.5	2.510937356349231	True	False	1.9663420226219737	-0.044595333727257595	-0.04459533372725755	True
individual_CC_FOURIER_3_minus	A	ANGLE|A|F6-C3-C1	angles	105.21783735379346	2.6931331393982703	0.018640930168062685	0.5	3.1931331393982703	False	False	2.730414999734396	0.03728186033612537	0.03728186033612557	True
individual_CC_FOURIER_3_minus	B	ANGLE|B|F6-C3-C1	angles	106.39321950632629	2.461458339119673	-0.020389222185567688	0.5	2.961458339119673	False	False	2.4206798947485377	-0.040778444371135376	-0.040778444371135425	True
individual_CC_FOURIER_3_minus	A	ANGLE|A|F6-C3-C4	angles	105.03763419113301	1.4584341884600747	-0.005956359020728405	0.5	1.9584341884600747	True	False	1.4465214704186178	-0.01191271804145681	-0.011912718041456882	True
individual_CC_FOURIER_3_minus	B	ANGLE|B|F6-C3-C4	angles	105.92765861305558	0.8526376530387978	0.004039266699882523	0.5	1.3526376530387978	True	False	0.8607161864385628	0.008078533399765046	0.008078533399765053	True
individual_CC_FOURIER_3_minus	A	ANGLE|A|F7-C4-F8	angles	108.2237040724793	-4.968682652980235	-0.0014566320169795404	0.5	5.468682652980235	False	False	-4.971595917014193	-0.002913264033959081	0.00291326403395864	True
individual_CC_FOURIER_3_minus	B	ANGLE|B|F7-C4-F8	angles	107.7280972686723	-4.675805010702277	-0.003274295759086658	0.5	5.175805010702277	False	False	-4.68235360222045	-0.006548591518173316	0.006548591518173552	True
individual_CC_FOURIER_3_minus	A	ANGLE|A|F7-C4-F9	angles	109.2768804736617	-5.5096088398768615	-0.010973091933762499	0.5	6.0096088398768615	False	False	-5.531555023744386	-0.021946183867524997	0.02194618386752456	True
individual_CC_FOURIER_3_minus	B	ANGLE|B|F7-C4-F9	angles	109.46339202165414	-5.403088264707165	0.009614157759218563	0.5	5.903088264707165	False	False	-5.383859949188728	0.019228315518437126	-0.019228315518437178	True
individual_CC_FOURIER_3_minus	A	ANGLE|A|F7-C4-C3	angles	113.14632954629842	3.3334235029319785	0.010234643355490892	0.5	3.8334235029319785	False	False	3.3538927896429604	0.020469286710981784	0.020469286710981915	True
individual_CC_FOURIER_3_minus	B	ANGLE|B|F7-C4-C3	angles	111.75127911230354	4.072787513537989	-0.025302461722174995	0.5	4.572787513537989	False	False	4.022182590093639	-0.05060492344434999	-0.05060492344435019	True
individual_CC_FOURIER_3_minus	A	ANGLE|A|F8-C4-F9	angles	107.67123653178818	-4.270990659538697	0.004716996781151897	0.5	4.770990659538697	False	False	-4.261556665976393	0.009433993562303794	-0.00943399356230401	True
individual_CC_FOURIER_3_minus	B	ANGLE|B|F8-C4-F9	angles	107.99167256109826	-4.479603946274096	0.005672376673939812	0.5	4.979603946274096	False	False	-4.468259192926217	0.011344753347879624	-0.011344753347879433	True
individual_CC_FOURIER_3_minus	A	ANGLE|A|F8-C4-C3	angles	107.77202503419944	5.685092670391896	0.002216838667869604	0.5	6.185092670391896	False	False	5.689526347727635	0.004433677335739208	0.0044336773357391834	True
individual_CC_FOURIER_3_minus	B	ANGLE|B|F8-C4-C3	angles	108.36126926334	5.121998235266133	0.010149991095837958	0.5	5.621998235266133	False	False	5.142298217457809	0.020299982191675916	0.020299982191676058	True
individual_CC_FOURIER_3_minus	A	ANGLE|A|F9-C4-C3	angles	110.56871903744958	4.33052090530758	-0.005643606055502358	0.5	4.83052090530758	False	False	4.319233693196575	-0.011287212111004715	-0.011287212111004585	True
individual_CC_FOURIER_3_minus	B	ANGLE|B|F9-C4-C3	angles	111.3974313862652	3.9580423138960867	0.005118310022201683	0.5	4.458042313896087	False	False	3.96827893394049	0.010236620044403366	0.010236620044403288	True
individual_CC_FOURIER_3_minus	A	ANGLE|A|O1-S1-O2	angles	115.87508867620741	-3.618181495307482	-0.006320042373614808	0.5	4.118181495307482	False	False	-3.6308215800547115	-0.012640084747229616	0.01264008474722944	True
individual_CC_FOURIER_3_minus	B	ANGLE|B|O1-S1-O2	angles	115.8617593435942	-3.516363558456277	0.006844328016527004	0.5	4.016363558456277	False	False	-3.502674902423223	0.013688656033054008	-0.013688656033053803	True
individual_CC_FOURIER_3_minus	A	ANGLE|A|O1-S1-O3	angles	115.79825616835085	-2.9801946734126403	-0.008421142659917313	0.5	3.4801946734126403	False	False	-2.9970369587324748	-0.016842285319834626	0.01684228531983445	True
individual_CC_FOURIER_3_minus	B	ANGLE|B|O1-S1-O3	angles	115.96678545732925	-3.054015124304769	0.013601278917188665	0.5	3.554015124304769	False	False	-3.0268125664703915	0.02720255783437733	-0.027202557834377306	True
individual_CC_FOURIER_3_minus	A	ANGLE|A|O1-S1-C2	angles	101.68837783605547	4.182271180870245	0.027509879324702058	0.5	4.682271180870245	True	False	4.237290939519649	0.055019758649404116	0.05501975864940434	True
individual_CC_FOURIER_3_minus	B	ANGLE|B|O1-S1-C2	angles	102.50601319835522	3.926857923886118	-0.019617294752032593	0.5	4.426857923886118	True	False	3.8876233343820528	-0.039234589504065186	-0.03923458950406511	True
individual_CC_FOURIER_3_minus	A	ANGLE|A|O2-S1-O3	angles	116.27786596346955	-3.59984973875882	-0.0020045528499172405	0.5	4.09984973875882	False	False	-3.603858844458655	-0.004009105699834481	0.004009105699834592	True
individual_CC_FOURIER_3_minus	B	ANGLE|B|O2-S1-O3	angles	116.12933095760322	-3.619903218732915	0.010630519950861537	0.5	4.119903218732915	False	False	-3.598642178831192	0.021261039901723074	-0.021261039901723233	True
individual_CC_FOURIER_3_minus	A	ANGLE|A|O2-S1-C2	angles	101.28230695055689	4.524678198083862	-0.009785915881229562	0.5	5.024678198083862	True	False	4.505106366321403	-0.019571831762459125	-0.019571831762458913	True
individual_CC_FOURIER_3_minus	B	ANGLE|B|O2-S1-C2	angles	100.92184273605463	4.633089992091186	-0.003713922958560636	0.5	5.133089992091186	True	False	4.625662146174065	-0.007427845917121272	-0.00742784591712109	True
individual_CC_FOURIER_3_minus	A	ANGLE|A|O3-S1-C2	angles	102.18621881661765	4.56016837451304	0.0015799927902239573	0.5	5.06016837451304	True	False	4.563328360093488	0.0031599855804479147	0.0031599855804476107	True
individual_CC_FOURIER_3_minus	B	ANGLE|B|O3-S1-C2	angles	101.71880765541988	4.7008584538955915	-0.012451939460793938	0.5	5.2008584538955915	True	False	4.6759545749740035	-0.024903878921587876	-0.024903878921588074	True
individual_CC_FOURIER_3_minus	A	ANGLE|A|C1-C3-C4	angles	119.38890145578634	-3.52236001432712	-0.04336848635904957	0.5	4.02236001432712	True	False	-3.609096987045219	-0.08673697271809915	0.0867369727180991	True
individual_CC_FOURIER_3_minus	B	ANGLE|B|C1-C3-C4	angles	119.16297945581584	-2.638853839530924	0.052879096549161606	0.5	3.138853839530924	True	False	-2.5330956464326007	0.10575819309832321	-0.10575819309832335	True
individual_CC_FOURIER_3_minus	A	ANGLE|A|C2-C1-C3	angles	121.44059188743243	0.38867399549285153	-0.018164221884308746	0.5	0.8886739954928515	True	False	0.35234555172423404	-0.03632844376861749	-0.03632844376861749	True
individual_CC_FOURIER_3_minus	B	ANGLE|B|C2-C1-C3	angles	117.05902651940126	-1.8073461989810227	-0.02339905476560034	0.5	2.3073461989810227	True	False	-1.8541443085122233	-0.04679810953120068	0.04679810953120067	True
individual_CC_FOURIER_3_plus	A	BOND|A|S1-O1	bonds	1.4824048021793783	-0.03077275852866168	-3.9112720418784084e-05	0.005	0.03577275852866168	False	False	-0.03085098396949925	-7.822544083756817e-05	7.822544083756905e-05	True
individual_CC_FOURIER_3_plus	B	BOND|B|S1-O1	bonds	1.480465887667455	-0.027146956557600577	-1.1974232776631943e-05	0.005	0.032146956557600574	False	False	-0.027170905023153842	-2.3948465553263887e-05	2.3948465553265408e-05	True
individual_CC_FOURIER_3_plus	A	BOND|A|S1-O2	bonds	1.4795360895746836	-0.026059641892111962	-2.1335059875446305e-05	0.005	0.031059641892111963	False	False	-0.026102312011862853	-4.267011975089261e-05	4.2670119750891355e-05	True
individual_CC_FOURIER_3_plus	B	BOND|B|S1-O2	bonds	1.4806664390483129	-0.026749760721457516	7.547596630445365e-05	0.005	0.031749760721457514	False	False	-0.02659880878884861	0.0001509519326089073	-0.00015095193260890663	True
individual_CC_FOURIER_3_plus	A	BOND|A|S1-O3	bonds	1.4813346426421938	-0.029070129905947928	1.8192954758248448e-06	0.005	0.034070129905947925	False	False	-0.02906649131499628	3.6385909516496896e-06	-3.638590951648979e-06	True
individual_CC_FOURIER_3_plus	B	BOND|B|S1-O3	bonds	1.4823240170020167	-0.02932586961957817	-1.3654186170800564e-05	0.005	0.03432586961957817	False	False	-0.029353177991919773	-2.7308372341601128e-05	2.730837234160219e-05	True
individual_CC_FOURIER_3_plus	A	BOND|A|S1-C2	bonds	1.8736790713925773	-0.10442979261240293	-0.00014965433773775968	0.005	0.10942979261240293	True	True	-0.10472910128787845	-0.00029930867547551935	0.00029930867547552087	True
individual_CC_FOURIER_3_plus	B	BOND|B|S1-C2	bonds	1.8779260960849893	-0.10068060525356004	0.0003994701367212201	0.005	0.10568060525356004	True	True	-0.09988166498011761	0.0007989402734424402	-0.0007989402734424333	True
individual_CC_FOURIER_3_plus	A	BOND|A|F1-C1	bonds	1.3595551426661177	0.006032455246079316	-1.3595070180649316e-05	0.005	0.011032455246079317	False	False	0.006005265105718017	-2.7190140361298633e-05	-2.7190140361298826e-05	True
individual_CC_FOURIER_3_plus	B	BOND|B|F1-C1	bonds	1.3609327811824499	0.005805030997336091	-1.6501992461035365e-05	0.005	0.010805030997336092	False	False	0.005772027012414021	-3.300398492207073e-05	-3.3003984922070316e-05	True
individual_CC_FOURIER_3_plus	A	BOND|A|F2-C1	bonds	1.3774984810535549	-0.009230855726468201	-4.052533673726835e-05	0.005	0.014230855726468202	False	False	-0.009311906399942739	-8.10506734745367e-05	8.105067347453747e-05	True
individual_CC_FOURIER_3_plus	B	BOND|B|F2-C1	bonds	1.361694349976532	0.003761666180506884	-7.799583804815135e-06	0.005	0.008761666180506885	False	False	0.0037460670128972536	-1.559916760963027e-05	-1.5599167609630423e-05	True
individual_CC_FOURIER_3_plus	A	BOND|A|F3-C2	bonds	1.375531096363811	-0.0240095301631027	-2.4083219582457184e-05	0.005	0.0290095301631027	False	False	-0.024057696602267614	-4.816643916491437e-05	4.816643916491503e-05	True
individual_CC_FOURIER_3_plus	B	BOND|B|F3-C2	bonds	1.3737307862856514	-0.02089804406329554	1.998374407040231e-05	0.005	0.02589804406329554	False	False	-0.020858076575154736	3.996748814080462e-05	-3.996748814080395e-05	True
individual_CC_FOURIER_3_plus	A	BOND|A|F4-C2	bonds	1.3712622667249406	-0.01461903729287295	0.00014912815959235422	0.005	0.01961903729287295	False	False	-0.014320780973688241	0.00029825631918470845	-0.0002982563191847084	True
individual_CC_FOURIER_3_plus	B	BOND|B|F4-C2	bonds	1.3746418065114232	-0.02205963693614743	-6.811431343542402e-05	0.005	0.027059636936147432	False	False	-0.02219586556301828	-0.00013622862687084805	0.00013622862687084902	True
individual_CC_FOURIER_3_plus	A	BOND|A|F5-C3	bonds	1.3493720025730402	0.010698904702354683	3.042412259270133e-05	0.005	0.015698904702354684	False	False	0.010759752947540085	6.084824518540266e-05	6.0848245185401995e-05	True
individual_CC_FOURIER_3_plus	B	BOND|B|F5-C3	bonds	1.3601883799422818	0.004084868184351498	-4.571104002937254e-06	0.005	0.009084868184351499	False	False	0.004075725976345623	-9.142208005874508e-06	-9.142208005874855e-06	True
individual_CC_FOURIER_3_plus	A	BOND|A|F6-C3	bonds	1.3764797496427925	-0.008515701225140004	4.43869400659274e-05	0.005	0.013515701225140005	False	False	-0.00842692734500815	8.87738801318548e-05	-8.877388013185487e-05	True
individual_CC_FOURIER_3_plus	B	BOND|B|F6-C3	bonds	1.3700696599680562	-0.0024912806564183487	8.115667612146212e-05	0.005	0.007491280656418349	False	False	-0.0023289673041754244	0.00016231335224292423	-0.00016231335224292437	True
individual_CC_FOURIER_3_plus	A	BOND|A|F7-C4	bonds	1.330175822145935	0.01643273077393781	9.605914648565257e-05	0.005	0.02143273077393781	False	False	0.016624849066909114	0.00019211829297130514	0.000192118292971305	True
individual_CC_FOURIER_3_plus	B	BOND|B|F7-C4	bonds	1.3403759103553696	0.008485827134460555	-6.7065811419421805e-06	0.005	0.013485827134460556	False	False	0.00847241397217667	-1.3413162283884361e-05	-1.3413162283884561e-05	True
individual_CC_FOURIER_3_plus	A	BOND|A|F8-C4	bonds	1.3572512969131418	-0.0034453906866040995	3.869760245214735e-05	0.005	0.0084453906866041	False	False	-0.003367995481699805	7.73952049042947e-05	-7.739520490429455e-05	True
individual_CC_FOURIER_3_plus	B	BOND|B|F8-C4	bonds	1.3559843534831049	-0.0020621055111986752	-5.150027314123058e-05	0.005	0.007062105511198675	False	False	-0.0021651060574811366	-0.00010300054628246116	0.00010300054628246133	True
individual_CC_FOURIER_3_plus	A	BOND|A|F9-C4	bonds	1.351186931996573	0.0005750218207176694	-5.6705019499069385e-05	0.005	0.0055750218207176695	False	False	0.0004616117817195306	-0.00011341003899813877	-0.0001134100389981388	True
individual_CC_FOURIER_3_plus	B	BOND|B|F9-C4	bonds	1.3442475330395833	0.005794006790206252	6.0354581559798784e-05	0.005	0.010794006790206253	False	False	0.00591471595332585	0.00012070916311959757	0.00012070916311959778	True
individual_CC_FOURIER_3_plus	A	BOND|A|C1-C2	bonds	1.5463338589367104	-0.059583577632589035	0.00015943932588700774	0.005	0.06458357763258904	True	False	-0.05926469898081502	0.0003188786517740155	-0.0003188786517740183	True
individual_CC_FOURIER_3_plus	B	BOND|B|C1-C2	bonds	1.5414727177177037	-0.05181762879074103	0.00013570305138128642	0.005	0.05681762879074103	True	False	-0.05154622268797846	0.00027140610276257283	-0.0002714061027625711	True
individual_CC_FOURIER_3_plus	A	BOND|A|C1-C3	bonds	1.5536251466595754	-0.02761777676931043	0.00015561672395828855	0.005	0.03261777676931043	True	False	-0.027306543321393855	0.0003112334479165771	-0.0003112334479165764	True
individual_CC_FOURIER_3_plus	B	BOND|B|C1-C3	bonds	1.5582651596570543	-0.03491559976130598	0.0001030102815866142	0.005	0.03991559976130598	True	False	-0.03470957919813275	0.0002060205631732284	-0.00020602056317323147	True
individual_CC_FOURIER_3_plus	A	BOND|A|C3-C4	bonds	1.5480468386153412	-0.05273299037939738	-5.94293204768146e-05	0.005	0.05773299037939738	True	False	-0.05285184902035101	-0.0001188586409536292	0.00011885864095362991	True
individual_CC_FOURIER_3_plus	B	BOND|B|C3-C4	bonds	1.545069010019299	-0.050153542777362725	0.00011919391787320083	0.005	0.05515354277736272	True	False	-0.04991515494161632	0.00023838783574640167	-0.00023838783574640227	True
individual_CC_FOURIER_3_plus	A	ANGLE|A|S1-C2-F3	angles	109.67733398017896	-0.7823903616519488	0.029315528482061894	0.5	1.2823903616519488	True	False	-0.723759304687825	0.05863105696412379	-0.05863105696412374	True
individual_CC_FOURIER_3_plus	B	ANGLE|B|S1-C2-F3	angles	109.47537283316586	-1.442183808451432	-0.022941470073724223	0.5	1.942183808451432	True	False	-1.4880667485988806	-0.045882940147448446	0.04588294014744854	True
individual_CC_FOURIER_3_plus	A	ANGLE|A|S1-C2-F4	angles	108.96744940646958	-1.582693562191352	-0.017063942856211156	0.5	2.082693562191352	True	False	-1.6168214479037744	-0.03412788571242231	0.03412788571242231	True
individual_CC_FOURIER_3_plus	B	ANGLE|B|S1-C2-F4	angles	109.71820108431614	-2.443790762484298	0.057077121488273576	0.5	2.943790762484298	True	False	-2.329636519507751	0.11415424297654715	-0.11415424297654697	True
individual_CC_FOURIER_3_plus	A	ANGLE|A|S1-C2-C1	angles	119.96985166647593	-6.6544355331031255	-0.07124323095990716	0.5	7.1544355331031255	True	True	-6.79692199502294	-0.14248646191981432	0.1424864619198143	True
individual_CC_FOURIER_3_plus	B	ANGLE|B|S1-C2-C1	angles	116.91210244206768	-5.110195931532331	-0.03399316096855805	0.5	5.610195931532331	True	False	-5.178182253469448	-0.0679863219371161	0.0679863219371164	True
individual_CC_FOURIER_3_plus	A	ANGLE|A|F1-C1-F2	angles	107.3508090300338	-5.555335602249812	2.5684551237247888e-05	0.5	6.055335602249812	False	False	-5.555284233147337	5.1369102474495776e-05	-5.136910247482973e-05	True
individual_CC_FOURIER_3_plus	B	ANGLE|B|F1-C1-F2	angles	108.74266895623758	-6.040644790562524	-0.0020746333032142616	0.5	6.540644790562524	False	False	-6.044794057168953	-0.004149266606428523	0.004149266606428448	True
individual_CC_FOURIER_3_plus	A	ANGLE|A|F1-C1-C2	angles	109.50557562604796	0.9169602415963993	0.04151211203034027	0.5	1.4169602415963993	True	False	0.9999844656570799	0.08302422406068054	0.08302422406068055	True
individual_CC_FOURIER_3_plus	B	ANGLE|B|F1-C1-C2	angles	110.38735878107522	2.269310803102499	-0.006754256544819566	0.5	2.769310803102499	True	False	2.25580229001286	-0.013508513089639133	-0.013508513089639074	True
individual_CC_FOURIER_3_plus	A	ANGLE|A|F1-C1-C3	angles	105.39046626206549	2.3213646253494176	0.014733102665067974	0.5	2.8213646253494176	True	False	2.3508308306795533	0.02946620533013595	0.029466205330135775	True
individual_CC_FOURIER_3_plus	B	ANGLE|B|F1-C1-C3	angles	104.5121831407152	0.5245552027159022	0.010772607594943941	0.5	1.0245552027159022	True	False	0.54610041790579	0.021545215189887883	0.021545215189887834	True
individual_CC_FOURIER_3_plus	A	ANGLE|A|F2-C1-C2	angles	106.7104538689189	-0.956037483035729	-0.04136046621142242	0.5	1.456037483035729	True	False	-1.0387584154585738	-0.08272093242284484	0.08272093242284484	True
individual_CC_FOURIER_3_plus	B	ANGLE|B|F2-C1-C2	angles	109.60661113251722	1.5639524053591458	-0.030633041452268084	0.5	2.063952405359146	True	False	1.5026863224546096	-0.06126608290453617	-0.06126608290453617	True
individual_CC_FOURIER_3_plus	A	ANGLE|A|F2-C1-C3	angles	105.69935642344878	1.7485644339946873	-0.0410643378530413	0.5	2.2485644339946873	True	False	1.6664357582886047	-0.0821286757060826	-0.08212867570608262	True
individual_CC_FOURIER_3_plus	B	ANGLE|B|F2-C1-C3	angles	106.15292052824611	2.9739531591271344	0.004736094141818785	0.5	3.4739531591271344	True	False	2.983425347410772	0.00947218828363757	0.009472188283637717	True
individual_CC_FOURIER_3_plus	A	ANGLE|A|F3-C2-F4	angles	107.18253818691385	-4.320229494934907	-0.0021740864511403404	0.5	4.820229494934907	False	False	-4.324577667837187	-0.004348172902280681	0.0043481729022802895	True
individual_CC_FOURIER_3_plus	B	ANGLE|B|F3-C2-F4	angles	107.21219794496402	-3.6872045886707525	-0.013085538675043551	0.5	4.1872045886707525	False	False	-3.7133756660208395	-0.026171077350087103	0.026171077350086946	True
individual_CC_FOURIER_3_plus	A	ANGLE|A|F3-C2-C1	angles	105.91890064776834	7.499900209372981	0.059949577814285546	0.5	7.999900209372981	False	False	7.619799365001552	0.11989915562857109	0.11989915562857067	True
individual_CC_FOURIER_3_plus	B	ANGLE|B|F3-C2-C1	angles	107.32580921305703	5.758592402520563	0.03257275606774067	0.5	6.258592402520563	False	False	5.823737914656044	0.06514551213548134	0.06514551213548092	True
individual_CC_FOURIER_3_plus	A	ANGLE|A|F4-C2-C1	angles	104.39286289405992	5.906852248244604	0.004505200133060771	0.5	6.406852248244604	False	False	5.915862648510726	0.009010400266121541	0.009010400266121543	True
individual_CC_FOURIER_3_plus	B	ANGLE|B|F4-C2-C1	angles	105.74424590376499	6.866016775183212	-0.016515961765879446	0.5	7.366016775183212	False	False	6.832984851651453	-0.03303192353175889	-0.03303192353175888	True
individual_CC_FOURIER_3_plus	A	ANGLE|A|F5-C3-F6	angles	107.79480751174968	-5.897166543490641	-0.005431006813582382	0.5	6.397166543490641	False	False	-5.908028557117806	-0.010862013627164765	0.010862013627164657	True
individual_CC_FOURIER_3_plus	B	ANGLE|B|F5-C3-F6	angles	107.77152882883	-5.210913209698276	-0.013127165403876007	0.5	5.710913209698276	False	False	-5.237167540506028	-0.026254330807752014	0.026254330807751636	True
individual_CC_FOURIER_3_plus	A	ANGLE|A|F5-C3-C1	angles	110.4150854742138	3.0319442086500885	0.0006955306378364412	0.5	3.5319442086500885	False	False	3.0333352699257614	0.0013910612756728824	0.0013910612756729002	True
individual_CC_FOURIER_3_plus	B	ANGLE|B|F5-C3-C1	angles	110.16968887384166	2.0107778103275535	0.03048339909595852	0.5	2.5107778103275535	False	False	2.0717446085194706	0.06096679819191704	0.06096679819191708	True
individual_CC_FOURIER_3_plus	A	ANGLE|A|F5-C3-C4	angles	108.29467545540544	1.710937329063583	-0.03152122127788721	0.5	2.210937329063583	True	False	1.6478948865078085	-0.06304244255577442	-0.06304244255577451	True
individual_CC_FOURIER_3_plus	B	ANGLE|B|F5-C3-C4	angles	106.87356801362543	2.010937356349231	0.022297666863628798	0.5	2.510937356349231	True	False	2.0555326900764888	0.044595333727257595	0.04459533372725755	True
individual_CC_FOURIER_3_plus	A	ANGLE|A|F6-C3-C1	angles	105.21783735379346	2.6931331393982703	-0.018640930168062685	0.5	3.1931331393982703	False	False	2.6558512790621447	-0.03728186033612537	-0.03728186033612557	True
individual_CC_FOURIER_3_plus	B	ANGLE|B|F6-C3-C1	angles	106.39321950632629	2.461458339119673	0.020389222185567688	0.5	2.961458339119673	False	False	2.5022367834908086	0.040778444371135376	0.040778444371135425	True
individual_CC_FOURIER_3_plus	A	ANGLE|A|F6-C3-C4	angles	105.03763419113301	1.4584341884600747	0.005956359020728405	0.5	1.9584341884600747	True	False	1.4703469065015315	0.01191271804145681	0.011912718041456882	True
individual_CC_FOURIER_3_plus	B	ANGLE|B|F6-C3-C4	angles	105.92765861305558	0.8526376530387978	-0.004039266699882523	0.5	1.3526376530387978	True	False	0.8445591196390327	-0.008078533399765046	-0.008078533399765053	True
individual_CC_FOURIER_3_plus	A	ANGLE|A|F7-C4-F8	angles	108.2237040724793	-4.968682652980235	0.0014566320169795404	0.5	5.468682652980235	False	False	-4.965769388946276	0.002913264033959081	-0.00291326403395864	True
individual_CC_FOURIER_3_plus	B	ANGLE|B|F7-C4-F8	angles	107.7280972686723	-4.675805010702277	0.003274295759086658	0.5	5.175805010702277	False	False	-4.669256419184103	0.006548591518173316	-0.006548591518173552	True
individual_CC_FOURIER_3_plus	A	ANGLE|A|F7-C4-F9	angles	109.2768804736617	-5.5096088398768615	0.010973091933762499	0.5	6.0096088398768615	False	False	-5.487662656009337	0.021946183867524997	-0.02194618386752456	True
individual_CC_FOURIER_3_plus	B	ANGLE|B|F7-C4-F9	angles	109.46339202165414	-5.403088264707165	-0.009614157759218563	0.5	5.903088264707165	False	False	-5.422316580225602	-0.019228315518437126	0.019228315518437178	True
individual_CC_FOURIER_3_plus	A	ANGLE|A|F7-C4-C3	angles	113.14632954629842	3.3334235029319785	-0.010234643355490892	0.5	3.8334235029319785	False	False	3.3129542162209966	-0.020469286710981784	-0.020469286710981915	True
individual_CC_FOURIER_3_plus	B	ANGLE|B|F7-C4-C3	angles	111.75127911230354	4.072787513537989	0.025302461722174995	0.5	4.572787513537989	False	False	4.123392436982339	0.05060492344434999	0.05060492344435019	True
individual_CC_FOURIER_3_plus	A	ANGLE|A|F8-C4-F9	angles	107.67123653178818	-4.270990659538697	-0.004716996781151897	0.5	4.770990659538697	False	False	-4.280424653101001	-0.009433993562303794	0.00943399356230401	True
individual_CC_FOURIER_3_plus	B	ANGLE|B|F8-C4-F9	angles	107.99167256109826	-4.479603946274096	-0.005672376673939812	0.5	4.979603946274096	False	False	-4.490948699621976	-0.011344753347879624	0.011344753347879433	True
individual_CC_FOURIER_3_plus	A	ANGLE|A|F8-C4-C3	angles	107.77202503419944	5.685092670391896	-0.002216838667869604	0.5	6.185092670391896	False	False	5.680658993056157	-0.004433677335739208	-0.0044336773357391834	True
individual_CC_FOURIER_3_plus	B	ANGLE|B|F8-C4-C3	angles	108.36126926334	5.121998235266133	-0.010149991095837958	0.5	5.621998235266133	False	False	5.101698253074457	-0.020299982191675916	-0.020299982191676058	True
individual_CC_FOURIER_3_plus	A	ANGLE|A|F9-C4-C3	angles	110.56871903744958	4.33052090530758	0.005643606055502358	0.5	4.83052090530758	False	False	4.3418081174185845	0.011287212111004715	0.011287212111004585	True
individual_CC_FOURIER_3_plus	B	ANGLE|B|F9-C4-C3	angles	111.3974313862652	3.9580423138960867	-0.005118310022201683	0.5	4.458042313896087	False	False	3.9478056938516835	-0.010236620044403366	-0.010236620044403288	True
individual_CC_FOURIER_3_plus	A	ANGLE|A|O1-S1-O2	angles	115.87508867620741	-3.618181495307482	0.006320042373614808	0.5	4.118181495307482	False	False	-3.6055414105602526	0.012640084747229616	-0.01264008474722944	True
individual_CC_FOURIER_3_plus	B	ANGLE|B|O1-S1-O2	angles	115.8617593435942	-3.516363558456277	-0.006844328016527004	0.5	4.016363558456277	False	False	-3.5300522144893307	-0.013688656033054008	0.013688656033053803	True
individual_CC_FOURIER_3_plus	A	ANGLE|A|O1-S1-O3	angles	115.79825616835085	-2.9801946734126403	0.008421142659917313	0.5	3.4801946734126403	False	False	-2.963352388092806	0.016842285319834626	-0.01684228531983445	True
individual_CC_FOURIER_3_plus	B	ANGLE|B|O1-S1-O3	angles	115.96678545732925	-3.054015124304769	-0.013601278917188665	0.5	3.554015124304769	False	False	-3.081217682139146	-0.02720255783437733	0.027202557834377306	True
individual_CC_FOURIER_3_plus	A	ANGLE|A|O1-S1-C2	angles	101.68837783605547	4.182271180870245	-0.027509879324702058	0.5	4.682271180870245	True	False	4.127251422220841	-0.055019758649404116	-0.05501975864940434	True
individual_CC_FOURIER_3_plus	B	ANGLE|B|O1-S1-C2	angles	102.50601319835522	3.926857923886118	0.019617294752032593	0.5	4.426857923886118	True	False	3.966092513390183	0.039234589504065186	0.03923458950406511	True
individual_CC_FOURIER_3_plus	A	ANGLE|A|O2-S1-O3	angles	116.27786596346955	-3.59984973875882	0.0020045528499172405	0.5	4.09984973875882	False	False	-3.5958406330589856	0.004009105699834481	-0.004009105699834592	True
individual_CC_FOURIER_3_plus	B	ANGLE|B|O2-S1-O3	angles	116.12933095760322	-3.619903218732915	-0.010630519950861537	0.5	4.119903218732915	False	False	-3.6411642586346384	-0.021261039901723074	0.021261039901723233	True
individual_CC_FOURIER_3_plus	A	ANGLE|A|O2-S1-C2	angles	101.28230695055689	4.524678198083862	0.009785915881229562	0.5	5.024678198083862	True	False	4.544250029846321	0.019571831762459125	0.019571831762458913	True
individual_CC_FOURIER_3_plus	B	ANGLE|B|O2-S1-C2	angles	100.92184273605463	4.633089992091186	0.003713922958560636	0.5	5.133089992091186	True	False	4.640517838008307	0.007427845917121272	0.00742784591712109	True
individual_CC_FOURIER_3_plus	A	ANGLE|A|O3-S1-C2	angles	102.18621881661765	4.56016837451304	-0.0015799927902239573	0.5	5.06016837451304	True	False	4.5570083889325925	-0.0031599855804479147	-0.0031599855804476107	True
individual_CC_FOURIER_3_plus	B	ANGLE|B|O3-S1-C2	angles	101.71880765541988	4.7008584538955915	0.012451939460793938	0.5	5.2008584538955915	True	False	4.72576233281718	0.024903878921587876	0.024903878921588074	True
individual_CC_FOURIER_3_plus	A	ANGLE|A|C1-C3-C4	angles	119.38890145578634	-3.52236001432712	0.04336848635904957	0.5	4.02236001432712	True	False	-3.4356230416090208	0.08673697271809915	-0.0867369727180991	True
individual_CC_FOURIER_3_plus	B	ANGLE|B|C1-C3-C4	angles	119.16297945581584	-2.638853839530924	-0.052879096549161606	0.5	3.138853839530924	True	False	-2.7446120326292474	-0.10575819309832321	0.10575819309832335	True
individual_CC_FOURIER_3_plus	A	ANGLE|A|C2-C1-C3	angles	121.44059188743243	0.38867399549285153	0.018164221884308746	0.5	0.8886739954928515	True	False	0.425002439261469	0.03632844376861749	0.03632844376861749	True
individual_CC_FOURIER_3_plus	B	ANGLE|B|C2-C1-C3	angles	117.05902651940126	-1.8073461989810227	0.02339905476560034	0.5	2.3073461989810227	True	False	-1.760548089449822	0.04679810953120068	-0.04679810953120067	True
individual_CC_FOURIER_4_minus	A	BOND|A|S1-O1	bonds	1.4824048021793783	-0.03077275852866168	1.9145512578823574e-05	0.005	0.03577275852866168	False	False	-0.030734467503504035	3.829102515764715e-05	-3.8291025157646125e-05	True
individual_CC_FOURIER_4_minus	B	BOND|B|S1-O1	bonds	1.480465887667455	-0.027146956557600577	1.6777726121601112e-05	0.005	0.032146956557600574	False	False	-0.027113401105357374	3.3555452243202224e-05	-3.3555452243202305e-05	True
individual_CC_FOURIER_4_minus	A	BOND|A|S1-O2	bonds	1.4795360895746836	-0.026059641892111962	2.9348155864723723e-05	0.005	0.031059641892111963	False	False	-0.026000945580382514	5.8696311729447446e-05	-5.869631172944825e-05	True
individual_CC_FOURIER_4_minus	B	BOND|B|S1-O2	bonds	1.4806664390483129	-0.026749760721457516	2.668449047888588e-05	0.005	0.031749760721457514	False	False	-0.026696391740499745	5.336898095777176e-05	-5.336898095777143e-05	True
individual_CC_FOURIER_4_minus	A	BOND|A|S1-O3	bonds	1.4813346426421938	-0.029070129905947928	-4.502039264634505e-05	0.005	0.034070129905947925	False	False	-0.02916017069124062	-9.00407852926901e-05	9.004078529269155e-05	True
individual_CC_FOURIER_4_minus	B	BOND|B|S1-O3	bonds	1.4823240170020167	-0.02932586961957817	-5.192701306887759e-05	0.005	0.03432586961957817	False	False	-0.029429723645715927	-0.00010385402613775518	0.0001038540261377556	True
individual_CC_FOURIER_4_minus	A	BOND|A|S1-C2	bonds	1.8736790713925773	-0.10442979261240293	4.6242071593834975e-05	0.005	0.10942979261240293	True	True	-0.10433730846921525	9.248414318766995e-05	-9.248414318767384e-05	True
individual_CC_FOURIER_4_minus	B	BOND|B|S1-C2	bonds	1.8779260960849893	-0.10068060525356004	-3.338181268956197e-05	0.005	0.10568060525356004	True	True	-0.10074736887893916	-6.676362537912395e-05	6.676362537912095e-05	True
individual_CC_FOURIER_4_minus	A	BOND|A|F1-C1	bonds	1.3595551426661177	0.006032455246079316	1.0356672363677654e-05	0.005	0.011032455246079317	False	False	0.006053168590806671	2.0713344727355307e-05	2.0713344727355497e-05	True
individual_CC_FOURIER_4_minus	B	BOND|B|F1-C1	bonds	1.3609327811824499	0.005805030997336091	-1.2572851736395219e-05	0.005	0.010805030997336092	False	False	0.005779885293863301	-2.5145703472790437e-05	-2.514570347279029e-05	True
individual_CC_FOURIER_4_minus	A	BOND|A|F2-C1	bonds	1.3774984810535549	-0.009230855726468201	3.817278349334319e-05	0.005	0.014230855726468202	False	False	-0.009154510159481514	7.634556698668638e-05	-7.6345566986687e-05	True
individual_CC_FOURIER_4_minus	B	BOND|B|F2-C1	bonds	1.361694349976532	0.003761666180506884	-1.2456351417550859e-05	0.005	0.008761666180506885	False	False	0.0037367534776717825	-2.4912702835101717e-05	-2.4912702835101514e-05	True
individual_CC_FOURIER_4_minus	A	BOND|A|F3-C2	bonds	1.375531096363811	-0.0240095301631027	-2.3228917748424614e-05	0.005	0.0290095301631027	False	False	-0.024055987998599548	-4.645783549684923e-05	4.645783549684854e-05	True
individual_CC_FOURIER_4_minus	B	BOND|B|F3-C2	bonds	1.3737307862856514	-0.02089804406329554	-1.282622865458327e-06	0.005	0.02589804406329554	False	False	-0.020900609309026458	-2.565245730916654e-06	2.5652457309177645e-06	True
individual_CC_FOURIER_4_minus	A	BOND|A|F4-C2	bonds	1.3712622667249406	-0.01461903729287295	1.9372337186041475e-05	0.005	0.01961903729287295	False	False	-0.014580292618500867	3.874467437208295e-05	-3.874467437208276e-05	True
individual_CC_FOURIER_4_minus	B	BOND|B|F4-C2	bonds	1.3746418065114232	-0.02205963693614743	-2.5909226110132576e-05	0.005	0.027059636936147432	False	False	-0.022111455388367698	-5.181845222026515e-05	5.181845222026679e-05	True
individual_CC_FOURIER_4_minus	A	BOND|A|F5-C3	bonds	1.3493720025730402	0.010698904702354683	4.902964313567226e-05	0.005	0.015698904702354684	False	False	0.010796963988626028	9.805928627134452e-05	9.805928627134447e-05	True
individual_CC_FOURIER_4_minus	B	BOND|B|F5-C3	bonds	1.3601883799422818	0.004084868184351498	1.1017217161146675e-06	0.005	0.009084868184351499	False	False	0.004087071627783727	2.203443432229335e-06	2.2034434322294044e-06	True
individual_CC_FOURIER_4_minus	A	BOND|A|F6-C3	bonds	1.3764797496427925	-0.008515701225140004	7.51548810850513e-05	0.005	0.013515701225140005	False	False	-0.008365391462969902	0.0001503097621701026	-0.00015030976217010258	True
individual_CC_FOURIER_4_minus	B	BOND|B|F6-C3	bonds	1.3700696599680562	-0.0024912806564183487	-5.168372407458044e-06	0.005	0.007491280656418349	False	False	-0.0025016174012332647	-1.0336744814916088e-05	1.0336744814916018e-05	True
individual_CC_FOURIER_4_minus	A	BOND|A|F7-C4	bonds	1.330175822145935	0.01643273077393781	2.908066598918135e-05	0.005	0.02143273077393781	False	False	0.01649089210591617	5.81613319783627e-05	5.8161331978362485e-05	True
individual_CC_FOURIER_4_minus	B	BOND|B|F7-C4	bonds	1.3403759103553696	0.008485827134460555	-2.88563951413785e-05	0.005	0.013485827134460556	False	False	0.008428114344177798	-5.7712790282757e-05	-5.771279028275733e-05	True
individual_CC_FOURIER_4_minus	A	BOND|A|F8-C4	bonds	1.3572512969131418	-0.0034453906866040995	-3.5324738453356375e-05	0.005	0.0084453906866041	False	False	-0.0035160401635108123	-7.064947690671275e-05	7.064947690671279e-05	True
individual_CC_FOURIER_4_minus	B	BOND|B|F8-C4	bonds	1.3559843534831049	-0.0020621055111986752	-1.3081018322980142e-06	0.005	0.007062105511198675	False	False	-0.0020647217148632713	-2.6162036645960285e-06	2.6162036645960285e-06	True
individual_CC_FOURIER_4_minus	A	BOND|A|F9-C4	bonds	1.351186931996573	0.0005750218207176694	2.9796996891105598e-05	0.005	0.0055750218207176695	False	False	0.0006346158144998806	5.9593993782211196e-05	5.959399378221118e-05	True
individual_CC_FOURIER_4_minus	B	BOND|B|F9-C4	bonds	1.3442475330395833	0.005794006790206252	-3.138361495708786e-06	0.005	0.010794006790206253	False	False	0.005787730067214834	-6.276722991417572e-06	-6.276722991417974e-06	True
individual_CC_FOURIER_4_minus	A	BOND|A|C1-C2	bonds	1.5463338589367104	-0.059583577632589035	-2.5333449945408313e-06	0.005	0.06458357763258904	True	False	-0.05958864432257812	-5.0666899890816626e-06	5.066689989084716e-06	True
individual_CC_FOURIER_4_minus	B	BOND|B|C1-C2	bonds	1.5414727177177037	-0.05181762879074103	5.156590529209026e-06	0.005	0.05681762879074103	True	False	-0.051807315609682617	1.0313181058418053e-05	-1.0313181058416165e-05	True
individual_CC_FOURIER_4_minus	A	BOND|A|C1-C3	bonds	1.5536251466595754	-0.02761777676931043	-0.00010558004697655488	0.005	0.03261777676931043	True	False	-0.027828936863263543	-0.00021116009395310976	0.00021116009395311108	True
individual_CC_FOURIER_4_minus	B	BOND|B|C1-C3	bonds	1.5582651596570543	-0.03491559976130598	1.8913910328003825e-05	0.005	0.03991559976130598	True	False	-0.034877771940649976	3.782782065600765e-05	-3.782782065600565e-05	True
individual_CC_FOURIER_4_minus	A	BOND|A|C3-C4	bonds	1.5480468386153412	-0.05273299037939738	-3.360027471352067e-05	0.005	0.05773299037939738	True	False	-0.052800190928824424	-6.720054942704135e-05	6.720054942704196e-05	True
individual_CC_FOURIER_4_minus	B	BOND|B|C3-C4	bonds	1.545069010019299	-0.050153542777362725	4.159986468694754e-06	0.005	0.05515354277736272	True	False	-0.050145222804425335	8.319972937389508e-06	-8.319972937390063e-06	True
individual_CC_FOURIER_4_minus	A	ANGLE|A|S1-C2-F3	angles	109.67733398017896	-0.7823903616519488	-0.0009367668683964467	0.5	1.2823903616519488	True	False	-0.7842638953887416	-0.0018735337367928933	0.0018735337367928873	True
individual_CC_FOURIER_4_minus	B	ANGLE|B|S1-C2-F3	angles	109.47537283316586	-1.442183808451432	-0.00565512471134339	0.5	1.942183808451432	True	False	-1.453494057874119	-0.01131024942268678	0.01131024942268688	True
individual_CC_FOURIER_4_minus	A	ANGLE|A|S1-C2-F4	angles	108.96744940646958	-1.582693562191352	0.0022596091160383054	0.5	2.082693562191352	True	False	-1.5781743439592755	0.004519218232076611	-0.004519218232076572	True
individual_CC_FOURIER_4_minus	B	ANGLE|B|S1-C2-F4	angles	109.71820108431614	-2.443790762484298	-0.0017029837147551205	0.5	2.943790762484298	True	False	-2.447196729913808	-0.003405967429510241	0.0034059674295101594	True
individual_CC_FOURIER_4_minus	A	ANGLE|A|S1-C2-C1	angles	119.96985166647593	-6.6544355331031255	0.010391955913549907	0.5	7.1544355331031255	True	True	-6.633651621276026	0.020783911827099814	-0.02078391182709982	True
individual_CC_FOURIER_4_minus	B	ANGLE|B|S1-C2-C1	angles	116.91210244206768	-5.110195931532331	0.008547336645758165	0.5	5.610195931532331	True	False	-5.093101258240815	0.01709467329151633	-0.017094673291516038	True
individual_CC_FOURIER_4_minus	A	ANGLE|A|F1-C1-F2	angles	107.3508090300338	-5.555335602249812	0.002612459958650277	0.5	6.055335602249812	False	False	-5.5501106823325115	0.005224919917300554	-0.005224919917300674	True
individual_CC_FOURIER_4_minus	B	ANGLE|B|F1-C1-F2	angles	108.74266895623758	-6.040644790562524	-0.000528755035636621	0.5	6.540644790562524	False	False	-6.041702300633798	-0.001057510071273242	0.0010575100712735264	True
individual_CC_FOURIER_4_minus	A	ANGLE|A|F1-C1-C2	angles	109.50557562604796	0.9169602415963993	0.010996517720359675	0.5	1.4169602415963993	True	False	0.9389532770371187	0.02199303544071935	0.0219930354407194	True
individual_CC_FOURIER_4_minus	B	ANGLE|B|F1-C1-C2	angles	110.38735878107522	2.269310803102499	-0.005210555016991136	0.5	2.769310803102499	True	False	2.2588896930685167	-0.010421110033982273	-0.010421110033982384	True
individual_CC_FOURIER_4_minus	A	ANGLE|A|F1-C1-C3	angles	105.39046626206549	2.3213646253494176	0.0064383785062085645	0.5	2.8213646253494176	True	False	2.3342413823618346	0.012876757012417129	0.012876757012417084	True
individual_CC_FOURIER_4_minus	B	ANGLE|B|F1-C1-C3	angles	104.5121831407152	0.5245552027159022	-0.011277805971484924	0.5	1.0245552027159022	True	False	0.5019995907729323	-0.022555611942969848	-0.022555611942969844	True
individual_CC_FOURIER_4_minus	A	ANGLE|A|F2-C1-C2	angles	106.7104538689189	-0.956037483035729	-0.0018160520867912878	0.5	1.456037483035729	True	False	-0.9596695872093116	-0.0036321041735825755	0.0036321041735826176	True
individual_CC_FOURIER_4_minus	B	ANGLE|B|F2-C1-C2	angles	109.60661113251722	1.5639524053591458	0.0041872070941976315	0.5	2.063952405359146	True	False	1.572326819547541	0.008374414188395263	0.00837441418839524	True
individual_CC_FOURIER_4_minus	A	ANGLE|A|F2-C1-C3	angles	105.69935642344878	1.7485644339946873	-0.012829037121725164	0.5	2.2485644339946873	True	False	1.722906359751237	-0.02565807424345033	-0.025658074243450235	True
individual_CC_FOURIER_4_minus	B	ANGLE|B|F2-C1-C3	angles	106.15292052824611	2.9739531591271344	0.015429939468443208	0.5	3.4739531591271344	True	False	3.004813038064021	0.030859878936886416	0.030859878936886354	True
individual_CC_FOURIER_4_minus	A	ANGLE|A|F3-C2-F4	angles	107.18253818691385	-4.320229494934907	-0.0007462329533777705	0.5	4.820229494934907	False	False	-4.321721960841662	-0.001492465906755541	0.001492465906755669	True
individual_CC_FOURIER_4_minus	B	ANGLE|B|F3-C2-F4	angles	107.21219794496402	-3.6872045886707525	0.0026521548006452917	0.5	4.1872045886707525	False	False	-3.681900279069462	0.005304309601290583	-0.00530430960129058	True
individual_CC_FOURIER_4_minus	A	ANGLE|A|F3-C2-C1	angles	105.91890064776834	7.499900209372981	-0.015283350754397702	0.5	7.999900209372981	False	False	7.469333507864186	-0.030566701508795403	-0.03056670150879537	True
individual_CC_FOURIER_4_minus	B	ANGLE|B|F3-C2-C1	angles	107.32580921305703	5.758592402520563	-0.008152275231220456	0.5	6.258592402520563	False	False	5.742287852058122	-0.016304550462440913	-0.016304550462440837	True
individual_CC_FOURIER_4_minus	A	ANGLE|A|F4-C2-C1	angles	104.39286289405992	5.906852248244604	0.004052556604096324	0.5	6.406852248244604	False	False	5.914957361452797	0.008105113208192648	0.008105113208192627	True
individual_CC_FOURIER_4_minus	B	ANGLE|B|F4-C2-C1	angles	105.74424590376499	6.866016775183212	0.0037098415061506103	0.5	7.366016775183212	False	False	6.873436458195513	0.007419683012301221	0.007419683012301448	True
individual_CC_FOURIER_4_minus	A	ANGLE|A|F5-C3-F6	angles	107.79480751174968	-5.897166543490641	-0.003093146625813034	0.5	6.397166543490641	False	False	-5.903352836742267	-0.006186293251626068	0.006186293251626118	True
individual_CC_FOURIER_4_minus	B	ANGLE|B|F5-C3-F6	angles	107.77152882883	-5.210913209698276	0.00033912176700141573	0.5	5.710913209698276	False	False	-5.210234966164274	0.0006782435340028315	-0.0006782435340024762	True
individual_CC_FOURIER_4_minus	A	ANGLE|A|F5-C3-C1	angles	110.4150854742138	3.0319442086500885	-0.020361353230990944	0.5	3.5319442086500885	False	False	2.9912215021881066	-0.04072270646198189	-0.04072270646198195	True
individual_CC_FOURIER_4_minus	B	ANGLE|B|F5-C3-C1	angles	110.16968887384166	2.0107778103275535	0.00553762068652064	0.5	2.5107778103275535	False	False	2.021853051700595	0.01107524137304128	0.0110752413730415	True
individual_CC_FOURIER_4_minus	A	ANGLE|A|F5-C3-C4	angles	108.29467545540544	1.710937329063583	0.012645027534004625	0.5	2.210937329063583	True	False	1.7362273841315923	0.02529005506800925	0.0252900550680093	True
individual_CC_FOURIER_4_minus	B	ANGLE|B|F5-C3-C4	angles	106.87356801362543	2.010937356349231	0.0016617297471089357	0.5	2.510937356349231	True	False	2.014260815843449	0.0033234594942178715	0.003323459494217751	True
individual_CC_FOURIER_4_minus	A	ANGLE|A|F6-C3-C1	angles	105.21783735379346	2.6931331393982703	0.014658458064685234	0.5	3.1931331393982703	False	False	2.7224500555276405	0.029316916129370468	0.029316916129370263	True
individual_CC_FOURIER_4_minus	B	ANGLE|B|F6-C3-C1	angles	106.39321950632629	2.461458339119673	0.004603043909690015	0.5	2.961458339119673	False	False	2.470664426939053	0.00920608781938003	0.009206087819380038	True
individual_CC_FOURIER_4_minus	A	ANGLE|A|F6-C3-C4	angles	105.03763419113301	1.4584341884600747	0.0025660660034431543	0.5	1.9584341884600747	True	False	1.463566320466961	0.0051321320068863086	0.005132132006886225	True
individual_CC_FOURIER_4_minus	B	ANGLE|B|F6-C3-C4	angles	105.92765861305558	0.8526376530387978	-0.007573761075587583	0.5	1.3526376530387978	True	False	0.8374901308876226	-0.015147522151175166	-0.015147522151175208	True
individual_CC_FOURIER_4_minus	A	ANGLE|A|F7-C4-F8	angles	108.2237040724793	-4.968682652980235	-0.0028568730633854074	0.5	5.468682652980235	False	False	-4.974396399107006	-0.005713746126770815	0.005713746126771113	True
individual_CC_FOURIER_4_minus	B	ANGLE|B|F7-C4-F8	angles	107.7280972686723	-4.675805010702277	-0.0008446745512616473	0.5	5.175805010702277	False	False	-4.6774943598048	-0.0016893491025232947	0.0016893491025236074	True
individual_CC_FOURIER_4_minus	A	ANGLE|A|F7-C4-F9	angles	109.2768804736617	-5.5096088398768615	-0.004978026775743729	0.5	6.0096088398768615	False	False	-5.519564893428349	-0.009956053551487458	0.009956053551487543	True
individual_CC_FOURIER_4_minus	B	ANGLE|B|F7-C4-F9	angles	109.46339202165414	-5.403088264707165	-0.00019563196567412433	0.5	5.903088264707165	False	False	-5.403479528638513	-0.00039126393134824867	0.00039126393134836235	True
individual_CC_FOURIER_4_minus	A	ANGLE|A|F7-C4-C3	angles	113.14632954629842	3.3334235029319785	0.0017544492678728716	0.5	3.8334235029319785	False	False	3.3369324014677244	0.0035088985357457432	0.0035088985357458746	True
individual_CC_FOURIER_4_minus	B	ANGLE|B|F7-C4-C3	angles	111.75127911230354	4.072787513537989	0.0019027751512586376	0.5	4.572787513537989	False	False	4.076593063840506	0.003805550302517275	0.003805550302517169	True
individual_CC_FOURIER_4_minus	A	ANGLE|A|F8-C4-F9	angles	107.67123653178818	-4.270990659538697	0.004771720160004832	0.5	4.770990659538697	False	False	-4.261447219218687	0.009543440320009665	-0.009543440320009644	True
individual_CC_FOURIER_4_minus	B	ANGLE|B|F8-C4-F9	angles	107.99167256109826	-4.479603946274096	-0.0016634264782772305	0.5	4.979603946274096	False	False	-4.482930799230651	-0.003326852956554461	0.00332685295655466	True
individual_CC_FOURIER_4_minus	A	ANGLE|A|F8-C4-C3	angles	107.77202503419944	5.685092670391896	0.0013970212979813397	0.5	6.185092670391896	False	False	5.687886712987859	0.0027940425959626794	0.0027940425959629422	True
individual_CC_FOURIER_4_minus	B	ANGLE|B|F8-C4-C3	angles	108.36126926334	5.121998235266133	0.0032498631807738577	0.5	5.621998235266133	False	False	5.128497961627681	0.006499726361547715	0.006499726361547609	True
individual_CC_FOURIER_4_minus	A	ANGLE|A|F9-C4-C3	angles	110.56871903744958	4.33052090530758	-0.000341623832965837	0.5	4.83052090530758	False	False	4.329837657641648	-0.000683247665931674	-0.0006832476659317521	True
individual_CC_FOURIER_4_minus	B	ANGLE|B|F9-C4-C3	angles	111.3974313862652	3.9580423138960867	-0.002808720849714831	0.5	4.458042313896087	False	False	3.9524248721966573	-0.005617441699429662	-0.00561744169942946	True
individual_CC_FOURIER_4_minus	A	ANGLE|A|O1-S1-O2	angles	115.87508867620741	-3.618181495307482	-0.007034127161608836	0.5	4.118181495307482	False	False	-3.6322497496306996	-0.014068254323217672	0.014068254323217566	True
individual_CC_FOURIER_4_minus	B	ANGLE|B|O1-S1-O2	angles	115.8617593435942	-3.516363558456277	-0.002158418793370188	0.5	4.016363558456277	False	False	-3.520680396043017	-0.004316837586740376	0.004316837586740174	True
individual_CC_FOURIER_4_minus	A	ANGLE|A|O1-S1-O3	angles	115.79825616835085	-2.9801946734126403	-0.002512830130131064	0.5	3.4801946734126403	False	False	-2.9852203336729026	-0.005025660260262128	0.005025660260262299	True
individual_CC_FOURIER_4_minus	B	ANGLE|B|O1-S1-O3	angles	115.96678545732925	-3.054015124304769	0.0032683008214985845	0.5	3.554015124304769	False	False	-3.0474785226617715	0.006536601642997169	-0.006536601642997297	True
individual_CC_FOURIER_4_minus	A	ANGLE|A|O1-S1-C2	angles	101.68837783605547	4.182271180870245	0.018091484786904415	0.5	4.682271180870245	True	False	4.218454150444054	0.03618296957380883	0.036182969573808954	True
individual_CC_FOURIER_4_minus	B	ANGLE|B|O1-S1-C2	angles	102.50601319835522	3.926857923886118	0.007927153888267768	0.5	4.426857923886118	True	False	3.9427122316626533	0.015854307776535535	0.015854307776535403	True
individual_CC_FOURIER_4_minus	A	ANGLE|A|O2-S1-O3	angles	116.27786596346955	-3.59984973875882	0.0008308414840486336	0.5	4.09984973875882	False	False	-3.598188055790723	0.0016616829680972671	-0.0016616829680971001	True
individual_CC_FOURIER_4_minus	B	ANGLE|B|O2-S1-O3	angles	116.12933095760322	-3.619903218732915	0.0006483407999355392	0.5	4.119903218732915	False	False	-3.618606537133044	0.0012966815998710784	-0.0012966815998711745	True
individual_CC_FOURIER_4_minus	A	ANGLE|A|O2-S1-C2	angles	101.28230695055689	4.524678198083862	-0.0007006204137291121	0.5	5.024678198083862	True	False	4.523276957256404	-0.0014012408274582241	-0.0014012408274579613	True
individual_CC_FOURIER_4_minus	B	ANGLE|B|O2-S1-C2	angles	100.92184273605463	4.633089992091186	-0.0038144770998192424	0.5	5.133089992091186	True	False	4.625461037891547	-0.007628954199638485	-0.007628954199638827	True
individual_CC_FOURIER_4_minus	A	ANGLE|A|O3-S1-C2	angles	102.18621881661765	4.56016837451304	-0.007307969456783126	0.5	5.06016837451304	True	False	4.545552435599474	-0.014615938913566252	-0.014615938913566495	True
individual_CC_FOURIER_4_minus	B	ANGLE|B|O3-S1-C2	angles	101.71880765541988	4.7008584538955915	-0.006193137034972437	0.5	5.2008584538955915	True	False	4.688472179825647	-0.012386274069944874	-0.012386274069944747	True
individual_CC_FOURIER_4_minus	A	ANGLE|A|C1-C3-C4	angles	119.38890145578634	-3.52236001432712	-0.004522054057134767	0.5	4.02236001432712	True	False	-3.5314041224413892	-0.009044108114269533	0.009044108114269367	True
individual_CC_FOURIER_4_minus	B	ANGLE|B|C1-C3-C4	angles	119.16297945581584	-2.638853839530924	-0.004593292190308944	0.5	3.138853839530924	True	False	-2.648040423911542	-0.009186584380617887	0.009186584380617813	True
individual_CC_FOURIER_4_minus	A	ANGLE|A|C2-C1-C3	angles	121.44059188743243	0.38867399549285153	-0.005286416290657015	0.5	0.8886739954928515	True	False	0.3781011629115375	-0.01057283258131403	-0.010572832581314029	True
individual_CC_FOURIER_4_minus	B	ANGLE|B|C2-C1-C3	angles	117.05902651940126	-1.8073461989810227	-0.0026241561416267415	0.5	2.3073461989810227	True	False	-1.812594511264276	-0.005248312283253483	0.005248312283253398	True
individual_CC_FOURIER_4_plus	A	BOND|A|S1-O1	bonds	1.4824048021793783	-0.03077275852866168	-1.9145512578823574e-05	0.005	0.03577275852866168	False	False	-0.030811049553819327	-3.829102515764715e-05	3.8291025157646125e-05	True
individual_CC_FOURIER_4_plus	B	BOND|B|S1-O1	bonds	1.480465887667455	-0.027146956557600577	-1.6777726121601112e-05	0.005	0.032146956557600574	False	False	-0.02718051200984378	-3.3555452243202224e-05	3.3555452243202305e-05	True
individual_CC_FOURIER_4_plus	A	BOND|A|S1-O2	bonds	1.4795360895746836	-0.026059641892111962	-2.9348155864723723e-05	0.005	0.031059641892111963	False	False	-0.02611833820384141	-5.8696311729447446e-05	5.869631172944825e-05	True
individual_CC_FOURIER_4_plus	B	BOND|B|S1-O2	bonds	1.4806664390483129	-0.026749760721457516	-2.668449047888588e-05	0.005	0.031749760721457514	False	False	-0.026803129702415288	-5.336898095777176e-05	5.336898095777143e-05	True
individual_CC_FOURIER_4_plus	A	BOND|A|S1-O3	bonds	1.4813346426421938	-0.029070129905947928	4.502039264634505e-05	0.005	0.034070129905947925	False	False	-0.028980089120655236	9.00407852926901e-05	-9.004078529269155e-05	True
individual_CC_FOURIER_4_plus	B	BOND|B|S1-O3	bonds	1.4823240170020167	-0.02932586961957817	5.192701306887759e-05	0.005	0.03432586961957817	False	False	-0.029222015593440415	0.00010385402613775518	-0.0001038540261377556	True
individual_CC_FOURIER_4_plus	A	BOND|A|S1-C2	bonds	1.8736790713925773	-0.10442979261240293	-4.6242071593834975e-05	0.005	0.10942979261240293	True	True	-0.1045222767555906	-9.248414318766995e-05	9.248414318767384e-05	True
individual_CC_FOURIER_4_plus	B	BOND|B|S1-C2	bonds	1.8779260960849893	-0.10068060525356004	3.338181268956197e-05	0.005	0.10568060525356004	True	True	-0.10061384162818092	6.676362537912395e-05	-6.676362537912095e-05	True
individual_CC_FOURIER_4_plus	A	BOND|A|F1-C1	bonds	1.3595551426661177	0.006032455246079316	-1.0356672363677654e-05	0.005	0.011032455246079317	False	False	0.00601174190135196	-2.0713344727355307e-05	-2.0713344727355497e-05	True
individual_CC_FOURIER_4_plus	B	BOND|B|F1-C1	bonds	1.3609327811824499	0.005805030997336091	1.2572851736395219e-05	0.005	0.010805030997336092	False	False	0.005830176700808882	2.5145703472790437e-05	2.514570347279029e-05	True
individual_CC_FOURIER_4_plus	A	BOND|A|F2-C1	bonds	1.3774984810535549	-0.009230855726468201	-3.817278349334319e-05	0.005	0.014230855726468202	False	False	-0.009307201293454888	-7.634556698668638e-05	7.6345566986687e-05	True
individual_CC_FOURIER_4_plus	B	BOND|B|F2-C1	bonds	1.361694349976532	0.003761666180506884	1.2456351417550859e-05	0.005	0.008761666180506885	False	False	0.0037865788833419856	2.4912702835101717e-05	2.4912702835101514e-05	True
individual_CC_FOURIER_4_plus	A	BOND|A|F3-C2	bonds	1.375531096363811	-0.0240095301631027	2.3228917748424614e-05	0.005	0.0290095301631027	False	False	-0.02396307232760585	4.645783549684923e-05	-4.645783549684854e-05	True
individual_CC_FOURIER_4_plus	B	BOND|B|F3-C2	bonds	1.3737307862856514	-0.02089804406329554	1.282622865458327e-06	0.005	0.02589804406329554	False	False	-0.020895478817564622	2.565245730916654e-06	-2.5652457309177645e-06	True
individual_CC_FOURIER_4_plus	A	BOND|A|F4-C2	bonds	1.3712622667249406	-0.01461903729287295	-1.9372337186041475e-05	0.005	0.01961903729287295	False	False	-0.014657781967245032	-3.874467437208295e-05	3.874467437208276e-05	True
individual_CC_FOURIER_4_plus	B	BOND|B|F4-C2	bonds	1.3746418065114232	-0.02205963693614743	2.5909226110132576e-05	0.005	0.027059636936147432	False	False	-0.022007818483927164	5.181845222026515e-05	-5.181845222026679e-05	True
individual_CC_FOURIER_4_plus	A	BOND|A|F5-C3	bonds	1.3493720025730402	0.010698904702354683	-4.902964313567226e-05	0.005	0.015698904702354684	False	False	0.010600845416083339	-9.805928627134452e-05	-9.805928627134447e-05	True
individual_CC_FOURIER_4_plus	B	BOND|B|F5-C3	bonds	1.3601883799422818	0.004084868184351498	-1.1017217161146675e-06	0.005	0.009084868184351499	False	False	0.004082664740919268	-2.203443432229335e-06	-2.2034434322294044e-06	True
individual_CC_FOURIER_4_plus	A	BOND|A|F6-C3	bonds	1.3764797496427925	-0.008515701225140004	-7.51548810850513e-05	0.005	0.013515701225140005	False	False	-0.008666010987310107	-0.0001503097621701026	0.00015030976217010258	True
individual_CC_FOURIER_4_plus	B	BOND|B|F6-C3	bonds	1.3700696599680562	-0.0024912806564183487	5.168372407458044e-06	0.005	0.007491280656418349	False	False	-0.0024809439116034327	1.0336744814916088e-05	-1.0336744814916018e-05	True
individual_CC_FOURIER_4_plus	A	BOND|A|F7-C4	bonds	1.330175822145935	0.01643273077393781	-2.908066598918135e-05	0.005	0.02143273077393781	False	False	0.016374569441959447	-5.81613319783627e-05	-5.8161331978362485e-05	True
individual_CC_FOURIER_4_plus	B	BOND|B|F7-C4	bonds	1.3403759103553696	0.008485827134460555	2.88563951413785e-05	0.005	0.013485827134460556	False	False	0.008543539924743312	5.7712790282757e-05	5.771279028275733e-05	True
individual_CC_FOURIER_4_plus	A	BOND|A|F8-C4	bonds	1.3572512969131418	-0.0034453906866040995	3.5324738453356375e-05	0.005	0.0084453906866041	False	False	-0.0033747412096973867	7.064947690671275e-05	-7.064947690671279e-05	True
individual_CC_FOURIER_4_plus	B	BOND|B|F8-C4	bonds	1.3559843534831049	-0.0020621055111986752	1.3081018322980142e-06	0.005	0.007062105511198675	False	False	-0.002059489307534079	2.6162036645960285e-06	-2.6162036645960285e-06	True
individual_CC_FOURIER_4_plus	A	BOND|A|F9-C4	bonds	1.351186931996573	0.0005750218207176694	-2.9796996891105598e-05	0.005	0.0055750218207176695	False	False	0.0005154278269354582	-5.9593993782211196e-05	-5.959399378221118e-05	True
individual_CC_FOURIER_4_plus	B	BOND|B|F9-C4	bonds	1.3442475330395833	0.005794006790206252	3.138361495708786e-06	0.005	0.010794006790206253	False	False	0.00580028351319767	6.276722991417572e-06	6.276722991417974e-06	True
individual_CC_FOURIER_4_plus	A	BOND|A|C1-C2	bonds	1.5463338589367104	-0.059583577632589035	2.5333449945408313e-06	0.005	0.06458357763258904	True	False	-0.05957851094259995	5.0666899890816626e-06	-5.066689989084716e-06	True
individual_CC_FOURIER_4_plus	B	BOND|B|C1-C2	bonds	1.5414727177177037	-0.05181762879074103	-5.156590529209026e-06	0.005	0.05681762879074103	True	False	-0.05182794197179945	-1.0313181058418053e-05	1.0313181058416165e-05	True
individual_CC_FOURIER_4_plus	A	BOND|A|C1-C3	bonds	1.5536251466595754	-0.02761777676931043	0.00010558004697655488	0.005	0.03261777676931043	True	False	-0.02740661667535732	0.00021116009395310976	-0.00021116009395311108	True
individual_CC_FOURIER_4_plus	B	BOND|B|C1-C3	bonds	1.5582651596570543	-0.03491559976130598	-1.8913910328003825e-05	0.005	0.03991559976130598	True	False	-0.03495342758196199	-3.782782065600765e-05	3.782782065600565e-05	True
individual_CC_FOURIER_4_plus	A	BOND|A|C3-C4	bonds	1.5480468386153412	-0.05273299037939738	3.360027471352067e-05	0.005	0.05773299037939738	True	False	-0.05266578982997034	6.720054942704135e-05	-6.720054942704196e-05	True
individual_CC_FOURIER_4_plus	B	BOND|B|C3-C4	bonds	1.545069010019299	-0.050153542777362725	-4.159986468694754e-06	0.005	0.05515354277736272	True	False	-0.050161862750300115	-8.319972937389508e-06	8.319972937390063e-06	True
individual_CC_FOURIER_4_plus	A	ANGLE|A|S1-C2-F3	angles	109.67733398017896	-0.7823903616519488	0.0009367668683964467	0.5	1.2823903616519488	True	False	-0.7805168279151559	0.0018735337367928933	-0.0018735337367928873	True
individual_CC_FOURIER_4_plus	B	ANGLE|B|S1-C2-F3	angles	109.47537283316586	-1.442183808451432	0.00565512471134339	0.5	1.942183808451432	True	False	-1.4308735590287451	0.01131024942268678	-0.01131024942268688	True
individual_CC_FOURIER_4_plus	A	ANGLE|A|S1-C2-F4	angles	108.96744940646958	-1.582693562191352	-0.0022596091160383054	0.5	2.082693562191352	True	False	-1.5872127804234286	-0.004519218232076611	0.004519218232076572	True
individual_CC_FOURIER_4_plus	B	ANGLE|B|S1-C2-F4	angles	109.71820108431614	-2.443790762484298	0.0017029837147551205	0.5	2.943790762484298	True	False	-2.4403847950547877	0.003405967429510241	-0.0034059674295101594	True
individual_CC_FOURIER_4_plus	A	ANGLE|A|S1-C2-C1	angles	119.96985166647593	-6.6544355331031255	-0.010391955913549907	0.5	7.1544355331031255	True	True	-6.675219444930225	-0.020783911827099814	0.02078391182709982	True
individual_CC_FOURIER_4_plus	B	ANGLE|B|S1-C2-C1	angles	116.91210244206768	-5.110195931532331	-0.008547336645758165	0.5	5.610195931532331	True	False	-5.127290604823847	-0.01709467329151633	0.017094673291516038	True
individual_CC_FOURIER_4_plus	A	ANGLE|A|F1-C1-F2	angles	107.3508090300338	-5.555335602249812	-0.002612459958650277	0.5	6.055335602249812	False	False	-5.560560522167113	-0.005224919917300554	0.005224919917300674	True
individual_CC_FOURIER_4_plus	B	ANGLE|B|F1-C1-F2	angles	108.74266895623758	-6.040644790562524	0.000528755035636621	0.5	6.540644790562524	False	False	-6.039587280491251	0.001057510071273242	-0.0010575100712735264	True
individual_CC_FOURIER_4_plus	A	ANGLE|A|F1-C1-C2	angles	109.50557562604796	0.9169602415963993	-0.010996517720359675	0.5	1.4169602415963993	True	False	0.8949672061556799	-0.02199303544071935	-0.0219930354407194	True
individual_CC_FOURIER_4_plus	B	ANGLE|B|F1-C1-C2	angles	110.38735878107522	2.269310803102499	0.005210555016991136	0.5	2.769310803102499	True	False	2.2797319131364815	0.010421110033982273	0.010421110033982384	True
individual_CC_FOURIER_4_plus	A	ANGLE|A|F1-C1-C3	angles	105.39046626206549	2.3213646253494176	-0.0064383785062085645	0.5	2.8213646253494176	True	False	2.3084878683370005	-0.012876757012417129	-0.012876757012417084	True
individual_CC_FOURIER_4_plus	B	ANGLE|B|F1-C1-C3	angles	104.5121831407152	0.5245552027159022	0.011277805971484924	0.5	1.0245552027159022	True	False	0.547110814658872	0.022555611942969848	0.022555611942969844	True
individual_CC_FOURIER_4_plus	A	ANGLE|A|F2-C1-C2	angles	106.7104538689189	-0.956037483035729	0.0018160520867912878	0.5	1.456037483035729	True	False	-0.9524053788621464	0.0036321041735825755	-0.0036321041735826176	True
individual_CC_FOURIER_4_plus	B	ANGLE|B|F2-C1-C2	angles	109.60661113251722	1.5639524053591458	-0.0041872070941976315	0.5	2.063952405359146	True	False	1.5555779911707506	-0.008374414188395263	-0.00837441418839524	True
individual_CC_FOURIER_4_plus	A	ANGLE|A|F2-C1-C3	angles	105.69935642344878	1.7485644339946873	0.012829037121725164	0.5	2.2485644339946873	True	False	1.7742225082381375	0.02565807424345033	0.025658074243450235	True
individual_CC_FOURIER_4_plus	B	ANGLE|B|F2-C1-C3	angles	106.15292052824611	2.9739531591271344	-0.015429939468443208	0.5	3.4739531591271344	True	False	2.943093280190248	-0.030859878936886416	-0.030859878936886354	True
individual_CC_FOURIER_4_plus	A	ANGLE|A|F3-C2-F4	angles	107.18253818691385	-4.320229494934907	0.0007462329533777705	0.5	4.820229494934907	False	False	-4.318737029028151	0.001492465906755541	-0.001492465906755669	True
individual_CC_FOURIER_4_plus	B	ANGLE|B|F3-C2-F4	angles	107.21219794496402	-3.6872045886707525	-0.0026521548006452917	0.5	4.1872045886707525	False	False	-3.692508898272043	-0.005304309601290583	0.00530430960129058	True
individual_CC_FOURIER_4_plus	A	ANGLE|A|F3-C2-C1	angles	105.91890064776834	7.499900209372981	0.015283350754397702	0.5	7.999900209372981	False	False	7.530466910881777	0.030566701508795403	0.03056670150879537	True
individual_CC_FOURIER_4_plus	B	ANGLE|B|F3-C2-C1	angles	107.32580921305703	5.758592402520563	0.008152275231220456	0.5	6.258592402520563	False	False	5.774896952983004	0.016304550462440913	0.016304550462440837	True
individual_CC_FOURIER_4_plus	A	ANGLE|A|F4-C2-C1	angles	104.39286289405992	5.906852248244604	-0.004052556604096324	0.5	6.406852248244604	False	False	5.898747135036412	-0.008105113208192648	-0.008105113208192627	True
individual_CC_FOURIER_4_plus	B	ANGLE|B|F4-C2-C1	angles	105.74424590376499	6.866016775183212	-0.0037098415061506103	0.5	7.366016775183212	False	False	6.8585970921709105	-0.007419683012301221	-0.007419683012301448	True
individual_CC_FOURIER_4_plus	A	ANGLE|A|F5-C3-F6	angles	107.79480751174968	-5.897166543490641	0.003093146625813034	0.5	6.397166543490641	False	False	-5.890980250239015	0.006186293251626068	-0.006186293251626118	True
individual_CC_FOURIER_4_plus	B	ANGLE|B|F5-C3-F6	angles	107.77152882883	-5.210913209698276	-0.00033912176700141573	0.5	5.710913209698276	False	False	-5.211591453232279	-0.0006782435340028315	0.0006782435340024762	True
individual_CC_FOURIER_4_plus	A	ANGLE|A|F5-C3-C1	angles	110.4150854742138	3.0319442086500885	0.020361353230990944	0.5	3.5319442086500885	False	False	3.0726669151120705	0.04072270646198189	0.04072270646198195	True
individual_CC_FOURIER_4_plus	B	ANGLE|B|F5-C3-C1	angles	110.16968887384166	2.0107778103275535	-0.00553762068652064	0.5	2.5107778103275535	False	False	1.9997025689545123	-0.01107524137304128	-0.011075241373041278	True
individual_CC_FOURIER_4_plus	A	ANGLE|A|F5-C3-C4	angles	108.29467545540544	1.710937329063583	-0.012645027534004625	0.5	2.210937329063583	True	False	1.6856472739955737	-0.02529005506800925	-0.0252900550680093	True
individual_CC_FOURIER_4_plus	B	ANGLE|B|F5-C3-C4	angles	106.87356801362543	2.010937356349231	-0.0016617297471089357	0.5	2.510937356349231	True	False	2.0076138968550135	-0.0033234594942178715	-0.003323459494217751	True
individual_CC_FOURIER_4_plus	A	ANGLE|A|F6-C3-C1	angles	105.21783735379346	2.6931331393982703	-0.014658458064685234	0.5	3.1931331393982703	False	False	2.6638162232689	-0.029316916129370468	-0.029316916129370263	True
individual_CC_FOURIER_4_plus	B	ANGLE|B|F6-C3-C1	angles	106.39321950632629	2.461458339119673	-0.004603043909690015	0.5	2.961458339119673	False	False	2.452252251300293	-0.00920608781938003	-0.009206087819380038	True
individual_CC_FOURIER_4_plus	A	ANGLE|A|F6-C3-C4	angles	105.03763419113301	1.4584341884600747	-0.0025660660034431543	0.5	1.9584341884600747	True	False	1.4533020564531884	-0.0051321320068863086	-0.005132132006886225	True
individual_CC_FOURIER_4_plus	B	ANGLE|B|F6-C3-C4	angles	105.92765861305558	0.8526376530387978	0.007573761075587583	0.5	1.3526376530387978	True	False	0.867785175189973	0.015147522151175166	0.015147522151175208	True
individual_CC_FOURIER_4_plus	A	ANGLE|A|F7-C4-F8	angles	108.2237040724793	-4.968682652980235	0.0028568730633854074	0.5	5.468682652980235	False	False	-4.9629689068534635	0.005713746126770815	-0.005713746126771113	True
individual_CC_FOURIER_4_plus	B	ANGLE|B|F7-C4-F8	angles	107.7280972686723	-4.675805010702277	0.0008446745512616473	0.5	5.175805010702277	False	False	-4.674115661599753	0.0016893491025232947	-0.0016893491025236074	True
individual_CC_FOURIER_4_plus	A	ANGLE|A|F7-C4-F9	angles	109.2768804736617	-5.5096088398768615	0.004978026775743729	0.5	6.0096088398768615	False	False	-5.499652786325374	0.009956053551487458	-0.009956053551487543	True
individual_CC_FOURIER_4_plus	B	ANGLE|B|F7-C4-F9	angles	109.46339202165414	-5.403088264707165	0.00019563196567412433	0.5	5.903088264707165	False	False	-5.402697000775817	0.00039126393134824867	-0.00039126393134836235	True
individual_CC_FOURIER_4_plus	A	ANGLE|A|F7-C4-C3	angles	113.14632954629842	3.3334235029319785	-0.0017544492678728716	0.5	3.8334235029319785	False	False	3.3299146043962327	-0.0035088985357457432	-0.0035088985357458746	True
individual_CC_FOURIER_4_plus	B	ANGLE|B|F7-C4-C3	angles	111.75127911230354	4.072787513537989	-0.0019027751512586376	0.5	4.572787513537989	False	False	4.068981963235472	-0.003805550302517275	-0.003805550302517169	True
individual_CC_FOURIER_4_plus	A	ANGLE|A|F8-C4-F9	angles	107.67123653178818	-4.270990659538697	-0.004771720160004832	0.5	4.770990659538697	False	False	-4.2805340998587065	-0.009543440320009665	0.009543440320009644	True
individual_CC_FOURIER_4_plus	B	ANGLE|B|F8-C4-F9	angles	107.99167256109826	-4.479603946274096	0.0016634264782772305	0.5	4.979603946274096	False	False	-4.476277093317542	0.003326852956554461	-0.00332685295655466	True
individual_CC_FOURIER_4_plus	A	ANGLE|A|F8-C4-C3	angles	107.77202503419944	5.685092670391896	-0.0013970212979813397	0.5	6.185092670391896	False	False	5.682298627795933	-0.0027940425959626794	-0.0027940425959629422	True
individual_CC_FOURIER_4_plus	B	ANGLE|B|F8-C4-C3	angles	108.36126926334	5.121998235266133	-0.0032498631807738577	0.5	5.621998235266133	False	False	5.115498508904586	-0.006499726361547715	-0.006499726361547609	True
individual_CC_FOURIER_4_plus	A	ANGLE|A|F9-C4-C3	angles	110.56871903744958	4.33052090530758	0.000341623832965837	0.5	4.83052090530758	False	False	4.331204152973512	0.000683247665931674	0.0006832476659317521	True
individual_CC_FOURIER_4_plus	B	ANGLE|B|F9-C4-C3	angles	111.3974313862652	3.9580423138960867	0.002808720849714831	0.5	4.458042313896087	False	False	3.963659755595516	0.005617441699429662	0.00561744169942946	True
individual_CC_FOURIER_4_plus	A	ANGLE|A|O1-S1-O2	angles	115.87508867620741	-3.618181495307482	0.007034127161608836	0.5	4.118181495307482	False	False	-3.6041132409842644	0.014068254323217672	-0.014068254323217566	True
individual_CC_FOURIER_4_plus	B	ANGLE|B|O1-S1-O2	angles	115.8617593435942	-3.516363558456277	0.002158418793370188	0.5	4.016363558456277	False	False	-3.5120467208695367	0.004316837586740376	-0.004316837586740174	True
individual_CC_FOURIER_4_plus	A	ANGLE|A|O1-S1-O3	angles	115.79825616835085	-2.9801946734126403	0.002512830130131064	0.5	3.4801946734126403	False	False	-2.975169013152378	0.005025660260262128	-0.005025660260262299	True
individual_CC_FOURIER_4_plus	B	ANGLE|B|O1-S1-O3	angles	115.96678545732925	-3.054015124304769	-0.0032683008214985845	0.5	3.554015124304769	False	False	-3.060551725947766	-0.006536601642997169	0.006536601642997297	True
individual_CC_FOURIER_4_plus	A	ANGLE|A|O1-S1-C2	angles	101.68837783605547	4.182271180870245	-0.018091484786904415	0.5	4.682271180870245	True	False	4.146088211296436	-0.03618296957380883	-0.036182969573808954	True
individual_CC_FOURIER_4_plus	B	ANGLE|B|O1-S1-C2	angles	102.50601319835522	3.926857923886118	-0.007927153888267768	0.5	4.426857923886118	True	False	3.9110036161095825	-0.015854307776535535	-0.015854307776535403	True
individual_CC_FOURIER_4_plus	A	ANGLE|A|O2-S1-O3	angles	116.27786596346955	-3.59984973875882	-0.0008308414840486336	0.5	4.09984973875882	False	False	-3.6015114217269173	-0.0016616829680972671	0.0016616829680971001	True
individual_CC_FOURIER_4_plus	B	ANGLE|B|O2-S1-O3	angles	116.12933095760322	-3.619903218732915	-0.0006483407999355392	0.5	4.119903218732915	False	False	-3.6211999003327864	-0.0012966815998710784	0.0012966815998711745	True
individual_CC_FOURIER_4_plus	A	ANGLE|A|O2-S1-C2	angles	101.28230695055689	4.524678198083862	0.0007006204137291121	0.5	5.024678198083862	True	False	4.52607943891132	0.0014012408274582241	0.0014012408274579613	True
individual_CC_FOURIER_4_plus	B	ANGLE|B|O2-S1-C2	angles	100.92184273605463	4.633089992091186	0.0038144770998192424	0.5	5.133089992091186	True	False	4.640718946290825	0.007628954199638485	0.007628954199638827	True
individual_CC_FOURIER_4_plus	A	ANGLE|A|O3-S1-C2	angles	102.18621881661765	4.56016837451304	0.007307969456783126	0.5	5.06016837451304	True	False	4.574784313426607	0.014615938913566252	0.014615938913566495	True
individual_CC_FOURIER_4_plus	B	ANGLE|B|O3-S1-C2	angles	101.71880765541988	4.7008584538955915	0.006193137034972437	0.5	5.2008584538955915	True	False	4.713244727965536	0.012386274069944874	0.012386274069944747	True
individual_CC_FOURIER_4_plus	A	ANGLE|A|C1-C3-C4	angles	119.38890145578634	-3.52236001432712	0.004522054057134767	0.5	4.02236001432712	True	False	-3.5133159062128505	0.009044108114269533	-0.009044108114269367	True
individual_CC_FOURIER_4_plus	B	ANGLE|B|C1-C3-C4	angles	119.16297945581584	-2.638853839530924	0.004593292190308944	0.5	3.138853839530924	True	False	-2.629667255150306	0.009186584380617887	-0.009186584380617813	True
individual_CC_FOURIER_4_plus	A	ANGLE|A|C2-C1-C3	angles	121.44059188743243	0.38867399549285153	0.005286416290657015	0.5	0.8886739954928515	True	False	0.39924682807416556	0.01057283258131403	0.010572832581314029	True
individual_CC_FOURIER_4_plus	B	ANGLE|B|C2-C1-C3	angles	117.05902651940126	-1.8073461989810227	0.0026241561416267415	0.5	2.3073461989810227	True	False	-1.8020978866977693	0.005248312283253483	-0.005248312283253398	True
supported_svd_1_plus	A	BOND|A|S1-O1	bonds	1.4824048021793783	-0.03077275852866168	1.6515003061107046e-05	0.005	0.03577275852866168	False	False	-0.03073120972275727	4.1548805904410686e-05	-4.154880590441154e-05	True
supported_svd_1_plus	B	BOND|B|S1-O1	bonds	1.480465887667455	-0.027146956557600577	-4.272798636316584e-05	0.005	0.032146956557600574	False	False	-0.02725445256020625	-0.00010749600260567443	0.00010749600260567468	True
supported_svd_1_plus	A	BOND|A|S1-O2	bonds	1.4795360895746836	-0.026059641892111962	-1.2177816860321967e-05	0.005	0.031059641892111963	False	False	-0.02609027911011288	-3.063721800091877e-05	3.0637218000919425e-05	True
supported_svd_1_plus	B	BOND|B|S1-O2	bonds	1.4806664390483129	-0.026749760721457516	5.544569128187873e-05	0.005	0.031749760721457514	False	False	-0.02661026923866561	0.000139491482791904	-0.00013949148279190568	True
supported_svd_1_plus	A	BOND|A|S1-O3	bonds	1.4813346426421938	-0.029070129905947928	-2.895892165982794e-05	0.005	0.034070129905947925	False	False	-0.029142985394426692	-7.285548847876334e-05	7.285548847876452e-05	True
supported_svd_1_plus	B	BOND|B|S1-O3	bonds	1.4823240170020167	-0.02932586961957817	-0.00010761171289901881	0.005	0.03432586961957817	False	False	-0.02959660152048905	-0.00027073190091087923	0.00027073190091088037	True
supported_svd_1_plus	A	BOND|A|S1-C2	bonds	1.8736790713925773	-0.10442979261240293	0.0001514038402018806	0.005	0.10942979261240293	True	True	-0.10404888751983622	0.00038090509256670215	-0.00038090509256670513	True
supported_svd_1_plus	B	BOND|B|S1-C2	bonds	1.8779260960849893	-0.10068060525356004	-0.0005182891515782835	0.005	0.10568060525356004	True	True	-0.10198452843671713	-0.0013039231831570902	0.0013039231831570852	True
supported_svd_1_plus	A	BOND|A|F1-C1	bonds	1.3595551426661177	0.006032455246079316	-4.884141600778791e-05	0.005	0.011032455246079317	False	False	0.005909578943465532	-0.00012287630261378392	-0.00012287630261378392	True
supported_svd_1_plus	B	BOND|B|F1-C1	bonds	1.3609327811824499	0.005805030997336091	-3.795947664634218e-06	0.005	0.010805030997336092	False	False	0.005795481069179396	-9.54992815669608e-06	-9.549928156695787e-06	True
supported_svd_1_plus	A	BOND|A|F2-C1	bonds	1.3774984810535549	-0.009230855726468201	-1.2368350287502e-05	0.005	0.014230855726468202	False	False	-0.009261972292632419	-3.111656616421694e-05	3.1116566164217374e-05	True
supported_svd_1_plus	B	BOND|B|F2-C1	bonds	1.361694349976532	0.003761666180506884	3.229841412985409e-05	0.005	0.008761666180506885	False	False	0.0038429232371805164	8.125705667363211e-05	8.125705667363231e-05	True
supported_svd_1_plus	A	BOND|A|F3-C2	bonds	1.375531096363811	-0.0240095301631027	-6.354271937041473e-05	0.005	0.0290095301631027	False	False	-0.02416939232625163	-0.00015986216314893155	0.00015986216314893206	True
supported_svd_1_plus	B	BOND|B|F3-C2	bonds	1.3737307862856514	-0.02089804406329554	-5.920153453586023e-05	0.005	0.02589804406329554	False	False	-0.021046984578690687	-0.00014894051539514753	0.00014894051539514688	True
supported_svd_1_plus	A	BOND|A|F4-C2	bonds	1.3712622667249406	-0.01461903729287295	-3.75749394744604e-05	0.005	0.01961903729287295	False	False	-0.014713569147412594	-9.453185453964326e-05	9.453185453964404e-05	True
supported_svd_1_plus	B	BOND|B|F4-C2	bonds	1.3746418065114232	-0.02205963693614743	1.923515499425811e-05	0.005	0.027059636936147432	False	False	-0.022011244712516555	4.839222363087553e-05	-4.83922236308755e-05	True
supported_svd_1_plus	A	BOND|A|F5-C3	bonds	1.3493720025730402	0.010698904702354683	-0.00013237347464256072	0.005	0.015698904702354684	False	False	0.010365876619679444	-0.00033302808267523913	-0.000333028082675239	True
supported_svd_1_plus	B	BOND|B|F5-C3	bonds	1.3601883799422818	0.004084868184351498	1.2203514543215456e-05	0.005	0.009084868184351499	False	False	0.004115570053145079	3.07018687935819e-05	3.070186879358151e-05	True
supported_svd_1_plus	A	BOND|A|F6-C3	bonds	1.3764797496427925	-0.008515701225140004	-0.00012370005325544375	0.005	0.013515701225140005	False	False	-0.00882690852459122	-0.0003112072994512165	0.0003112072994512164	True
supported_svd_1_plus	B	BOND|B|F6-C3	bonds	1.3700696599680562	-0.0024912806564183487	-0.00013238599981865511	0.005	0.007491280656418349	False	False	-0.002824340250205547	-0.0003330595937871983	0.00033305959378719836	True
supported_svd_1_plus	A	BOND|A|F7-C4	bonds	1.330175822145935	0.01643273077393781	4.8553545573568745e-05	0.005	0.02143273077393781	False	False	0.016554882845817107	0.0001221520718792975	0.00012215207187929802	True
supported_svd_1_plus	B	BOND|B|F7-C4	bonds	1.3403759103553696	0.008485827134460555	-4.91095333077715e-05	0.005	0.013485827134460556	False	False	0.00836227629647942	-0.00012355083798113527	-0.00012355083798113592	True
supported_svd_1_plus	A	BOND|A|F8-C4	bonds	1.3572512969131418	-0.0034453906866040995	-1.4930564272534608e-05	0.005	0.0084453906866041	False	False	-0.003482953326750609	-3.7562640146509644e-05	3.7562640146509684e-05	True
supported_svd_1_plus	B	BOND|B|F8-C4	bonds	1.3559843534831049	-0.0020621055111986752	-1.9991971413481707e-05	0.005	0.007062105511198675	False	False	-0.0021124017501295326	-5.029623893085722e-05	5.0296238930857325e-05	True
supported_svd_1_plus	A	BOND|A|F9-C4	bonds	1.351186931996573	0.0005750218207176694	-6.809733518895794e-05	0.005	0.0055750218207176695	False	False	0.00040370105547743885	-0.00017132076524023054	-0.00017132076524023054	True
supported_svd_1_plus	B	BOND|B|F9-C4	bonds	1.3442475330395833	0.005794006790206252	-4.018772882832802e-05	0.005	0.010794006790206253	False	False	0.005692901623065256	-0.00010110516714099614	-0.00010110516714099613	True
supported_svd_1_plus	A	BOND|A|C1-C2	bonds	1.5463338589367104	-0.059583577632589035	9.737663877204785e-05	0.005	0.06458357763258904	True	False	-0.059338595355020354	0.00024498227756868015	-0.00024498227756868107	True
supported_svd_1_plus	B	BOND|B|C1-C2	bonds	1.5414727177177037	-0.05181762879074103	5.388600086713727e-07	0.005	0.05681762879074103	True	False	-0.05181627311494569	1.3556757953416408e-06	-1.3556757953447907e-06	True
supported_svd_1_plus	A	BOND|A|C1-C3	bonds	1.5536251466595754	-0.02761777676931043	0.00013662590999761028	0.005	0.03261777676931043	True	False	-0.027274050316763006	0.0003437264525474252	-0.0003437264525474257	True
supported_svd_1_plus	B	BOND|B|C1-C3	bonds	1.5582651596570543	-0.03491559976130598	-0.00039452497528990287	0.005	0.03991559976130598	True	False	-0.03590815432288314	-0.0009925545615771623	0.0009925545615771594	True
supported_svd_1_plus	A	BOND|A|C3-C4	bonds	1.5480468386153412	-0.05273299037939738	0.0001087252644420633	0.005	0.05773299037939738	True	False	-0.05245945698115978	0.0002735333982376022	-0.00027353339823760203	True
supported_svd_1_plus	B	BOND|B|C3-C4	bonds	1.545069010019299	-0.050153542777362725	-0.0002943721260556956	0.005	0.05515354277736272	True	False	-0.050894130610371395	-0.0007405878330086695	0.0007405878330086699	True
supported_svd_1_plus	A	ANGLE|A|S1-C2-F3	angles	109.67733398017896	-0.7823903616519488	0.050791706275179815	0.5	1.2823903616519488	True	False	-0.6546074761282313	0.12778288552371742	-0.12778288552371742	True
supported_svd_1_plus	B	ANGLE|B|S1-C2-F3	angles	109.47537283316586	-1.442183808451432	0.03784271520394398	0.5	1.942183808451432	True	False	-1.346978277874972	0.09520553057646014	-0.09520553057646008	True
supported_svd_1_plus	A	ANGLE|A|S1-C2-F4	angles	108.96744940646958	-1.582693562191352	-0.06662561842282329	0.5	2.082693562191352	True	False	-1.7503117502030987	-0.16761818801174672	0.16761818801174666	True
supported_svd_1_plus	B	ANGLE|B|S1-C2-F4	angles	109.71820108431614	-2.443790762484298	-0.08142478800183132	0.5	2.943790762484298	True	False	-2.6486410249988177	-0.20485026251451988	0.20485026251451988	True
supported_svd_1_plus	A	ANGLE|A|S1-C2-C1	angles	119.96985166647593	-6.6544355331031255	-0.010626334296698679	0.5	7.1544355331031255	True	True	-6.681169497337663	-0.026733964234537666	0.026733964234537666	True
supported_svd_1_plus	B	ANGLE|B|S1-C2-C1	angles	116.91210244206768	-5.110195931532331	0.04290867754748174	0.5	5.610195931532331	True	False	-5.002245342093218	0.10795058943911315	-0.10795058943911329	True
supported_svd_1_plus	A	ANGLE|A|F1-C1-F2	angles	107.3508090300338	-5.555335602249812	0.012169464638328801	0.5	6.055335602249812	False	False	-5.5247193969516575	0.03061620529815507	-0.030616205298154675	True
supported_svd_1_plus	B	ANGLE|B|F1-C1-F2	angles	108.74266895623758	-6.040644790562524	-0.056318618806878544	0.5	6.540644790562524	False	False	-6.182332403513813	-0.1416876129512891	0.14168761295128895	True
supported_svd_1_plus	A	ANGLE|A|F1-C1-C2	angles	109.50557562604796	0.9169602415963993	0.09346387620148404	0.5	1.4169602415963993	True	False	1.152098705513161	0.23513846391676177	0.23513846391676174	True
supported_svd_1_plus	B	ANGLE|B|F1-C1-C2	angles	110.38735878107522	2.269310803102499	-0.05405281502633875	0.5	2.769310803102499	True	False	2.1333235488581868	-0.13598725424431243	-0.13598725424431235	True
supported_svd_1_plus	A	ANGLE|A|F1-C1-C3	angles	105.39046626206549	2.3213646253494176	-0.03036786908093209	0.5	2.8213646253494176	True	False	2.2449644761332403	-0.07640014921617722	-0.07640014921617722	True
supported_svd_1_plus	B	ANGLE|B|F1-C1-C3	angles	104.5121831407152	0.5245552027159022	0.028353421524250806	0.5	1.0245552027159022	True	False	0.5958873607105535	0.07133215799465126	0.07133215799465131	True
supported_svd_1_plus	A	ANGLE|A|F2-C1-C2	angles	106.7104538689189	-0.956037483035729	0.04027200648262308	0.5	1.456037483035729	True	False	-0.8547202883288022	0.10131719470692684	-0.1013171947069268	True
supported_svd_1_plus	B	ANGLE|B|F2-C1-C2	angles	109.60661113251722	1.5639524053591458	0.05581749391936856	0.5	2.063952405359146	True	False	1.7043792773582243	0.14042687199907847	0.14042687199907844	True
supported_svd_1_plus	A	ANGLE|A|F2-C1-C3	angles	105.69935642344878	1.7485644339946873	0.016121232330889548	0.5	2.2485644339946873	True	False	1.7891225828837702	0.04055814888908294	0.040558148889082934	True
supported_svd_1_plus	B	ANGLE|B|F2-C1-C3	angles	106.15292052824611	2.9739531591271344	0.031097552419587744	0.5	3.4739531591271344	True	False	3.052189061645767	0.0782359025186325	0.07823590251863255	True
supported_svd_1_plus	A	ANGLE|A|F3-C2-F4	angles	107.18253818691385	-4.320229494934907	-0.012742485599532182	0.5	4.820229494934907	False	False	-4.352287318899926	-0.032057823965018474	0.03205782396501888	True
supported_svd_1_plus	B	ANGLE|B|F3-C2-F4	angles	107.21219794496402	-3.6872045886707525	0.016335780014809082	0.5	4.1872045886707525	False	False	-3.646106676026045	0.04109791264470746	-0.041097912644707524	True
supported_svd_1_plus	A	ANGLE|A|F3-C2-C1	angles	105.91890064776834	7.499900209372981	0.08200090736253199	0.5	7.999900209372981	False	False	7.706199885575586	0.2062996762026043	0.2062996762026046	True
supported_svd_1_plus	B	ANGLE|B|F3-C2-C1	angles	107.32580921305703	5.758592402520563	-0.05921378835204761	0.5	6.258592402520563	False	False	5.6096210587066455	-0.14897134381391766	-0.1489713438139173	True
supported_svd_1_plus	A	ANGLE|A|F4-C2-C1	angles	104.39286289405992	5.906852248244604	-0.05089978663563205	0.5	6.406852248244604	False	False	5.778797451786212	-0.12805479645839257	-0.12805479645839224	True
supported_svd_1_plus	B	ANGLE|B|F4-C2-C1	angles	105.74424590376499	6.866016775183212	0.039715311974803276	0.5	7.366016775183212	False	False	6.9659334256717775	0.0999166504885653	0.09991665048856557	True
supported_svd_1_plus	A	ANGLE|A|F5-C3-F6	angles	107.79480751174968	-5.897166543490641	0.007321921865822024	0.5	6.397166543490641	False	False	-5.878745892321237	0.018420651169404462	-0.0184206511694045	True
supported_svd_1_plus	B	ANGLE|B|F5-C3-F6	angles	107.77152882883	-5.210913209698276	0.017928268932117773	0.5	5.710913209698276	False	False	-5.165808878605727	0.045104331092549306	-0.04510433109254919	True
supported_svd_1_plus	A	ANGLE|A|F5-C3-C1	angles	110.4150854742138	3.0319442086500885	0.007875333334342123	0.5	3.5319442086500885	False	False	3.05175714449578	0.019812935845691722	0.01981293584569155	True
supported_svd_1_plus	B	ANGLE|B|F5-C3-C1	angles	110.16968887384166	2.0107778103275535	-0.01596392065510499	0.5	2.5107778103275535	False	False	1.9706154295930078	-0.04016238073454576	-0.0401623807345457	True
supported_svd_1_plus	A	ANGLE|A|F5-C3-C4	angles	108.29467545540544	1.710937329063583	-0.025036502224879666	0.5	2.210937329063583	True	False	1.647949949187364	-0.06298737987621915	-0.06298737987621905	True
supported_svd_1_plus	B	ANGLE|B|F5-C3-C4	angles	106.87356801362543	2.010937356349231	-0.019321229740044854	0.5	2.510937356349231	True	False	1.9623285839903457	-0.04860877235888558	-0.0486087723588855	True
supported_svd_1_plus	A	ANGLE|A|F6-C3-C1	angles	105.21783735379346	2.6931331393982703	-0.014309641751449107	0.5	3.1931331393982703	False	False	2.6571326297106412	-0.03600050968762922	-0.03600050968762902	True
supported_svd_1_plus	B	ANGLE|B|F6-C3-C1	angles	106.39321950632629	2.461458339119673	-0.03472098809039369	0.5	2.961458339119673	False	False	2.3741065178914655	-0.0873518212282075	-0.08735182122820762	True
supported_svd_1_plus	A	ANGLE|A|F6-C3-C4	angles	105.03763419113301	1.4584341884600747	0.013521745164646728	0.5	1.9584341884600747	True	False	1.4924524906823662	0.034018302222291616	0.03401830222229152	True
supported_svd_1_plus	B	ANGLE|B|F6-C3-C4	angles	105.92765861305558	0.8526376530387978	-0.005180220173693163	0.5	1.3526376530387978	True	False	0.8396051418280815	-0.013032511210716195	-0.013032511210716247	True
supported_svd_1_plus	A	ANGLE|A|F7-C4-F8	angles	108.2237040724793	-4.968682652980235	-0.0033687079625045516	0.5	5.468682652980235	False	False	-4.977157722150059	-0.008475069169824429	0.008475069169824323	True
supported_svd_1_plus	B	ANGLE|B|F7-C4-F8	angles	107.7280972686723	-4.675805010702277	0.0012134101686893065	0.5	5.175805010702277	False	False	-4.672752286861127	0.0030527238411502127	-0.0030527238411499624	True
supported_svd_1_plus	A	ANGLE|A|F7-C4-F9	angles	109.2768804736617	-5.5096088398768615	0.025885959743347436	0.5	6.0096088398768615	False	False	-5.444484376197008	0.06512446367985326	-0.06512446367985358	True
supported_svd_1_plus	B	ANGLE|B|F7-C4-F9	angles	109.46339202165414	-5.403088264707165	0.00945535494676158	0.5	5.903088264707165	False	False	-5.379300275931947	0.02378798877521806	-0.023787988775217705	True
supported_svd_1_plus	A	ANGLE|A|F7-C4-C3	angles	113.14632954629842	3.3334235029319785	-0.036819711346314565	0.5	3.8334235029319785	False	False	3.240791667834886	-0.09263183509709286	-0.09263183509709272	True
supported_svd_1_plus	B	ANGLE|B|F7-C4-C3	angles	111.75127911230354	4.072787513537989	-0.0024135276113081885	0.5	4.572787513537989	False	False	4.066715507986665	-0.006072005551324305	-0.0060720055513243665	True
supported_svd_1_plus	A	ANGLE|A|F8-C4-F9	angles	107.67123653178818	-4.270990659538697	-0.0034940835505558234	0.5	4.770990659538697	False	False	-4.279781151355058	-0.008790491816360982	0.008790491816361268	True
supported_svd_1_plus	B	ANGLE|B|F8-C4-F9	angles	107.99167256109826	-4.479603946274096	0.009561774721277476	0.5	4.979603946274096	False	False	-4.455548224302621	0.02405572197147553	-0.024055721971475208	True
supported_svd_1_plus	A	ANGLE|A|F8-C4-C3	angles	107.77202503419944	5.685092670391896	0.011495087586646727	0.5	6.185092670391896	False	False	5.71401226315398	0.028919592762083945	0.028919592762084	True
supported_svd_1_plus	B	ANGLE|B|F8-C4-C3	angles	108.36126926334	5.121998235266133	-0.02312885079357785	0.5	5.621998235266133	False	False	5.0638101665834485	-0.058188068682684474	-0.05818806868268478	True
supported_svd_1_plus	A	ANGLE|A|F9-C4-C3	angles	110.56871903744958	4.33052090530758	0.009173241346144124	0.5	4.83052090530758	False	False	4.353599146516196	0.02307824120861583	0.02307824120861568	True
supported_svd_1_plus	B	ANGLE|B|F9-C4-C3	angles	111.3974313862652	3.9580423138960867	0.0077870165986552555	0.5	4.458042313896087	False	False	3.9776330605665424	0.019590746670455877	0.019590746670455683	True
supported_svd_1_plus	A	ANGLE|A|O1-S1-O2	angles	115.87508867620741	-3.618181495307482	-0.0034885499850151585	0.5	4.118181495307482	False	False	-3.6269580656586298	-0.008776570351147943	0.008776570351147761	True
supported_svd_1_plus	B	ANGLE|B|O1-S1-O2	angles	115.8617593435942	-3.516363558456277	0.007076051160808683	0.5	4.016363558456277	False	False	-3.4985614741840374	0.017802084272239435	-0.017802084272239505	True
supported_svd_1_plus	A	ANGLE|A|O1-S1-O3	angles	115.79825616835085	-2.9801946734126403	0.008770291864650483	0.5	3.4801946734126403	False	False	-2.9581301813225633	0.02206449209007707	-0.022064492090076993	True
supported_svd_1_plus	B	ANGLE|B|O1-S1-O3	angles	115.96678545732925	-3.054015124304769	0.026874766223167368	0.5	3.554015124304769	False	False	-2.9864029996565797	0.06761212464818904	-0.06761212464818911	True
supported_svd_1_plus	A	ANGLE|A|O1-S1-C2	angles	101.68837783605547	4.182271180870245	-0.04677481441811823	0.5	4.682271180870245	True	False	4.064594079734852	-0.11767710113539337	-0.11767710113539298	True
supported_svd_1_plus	B	ANGLE|B|O1-S1-C2	angles	102.50601319835522	3.926857923886118	-0.009148219931443496	0.5	4.426857923886118	True	False	3.9038426320998547	-0.023015291786263107	-0.02301529178626316	True
supported_svd_1_plus	A	ANGLE|A|O2-S1-O3	angles	116.27786596346955	-3.59984973875882	-0.0039170423618737306	0.5	4.09984973875882	False	False	-3.6097043196033205	-0.009854580844500102	0.009854580844500305	True
supported_svd_1_plus	B	ANGLE|B|O2-S1-O3	angles	116.12933095760322	-3.619903218732915	0.010080827594842016	0.5	4.119903218732915	False	False	-3.594541652189806	0.025361566543109178	-0.02536156654310906	True
supported_svd_1_plus	A	ANGLE|A|O2-S1-C2	angles	101.28230695055689	4.524678198083862	-0.016277754566459482	0.5	5.024678198083862	True	False	4.4837262671312	-0.04095193095266215	-0.04095193095266225	True
supported_svd_1_plus	B	ANGLE|B|O2-S1-C2	angles	100.92184273605463	4.633089992091186	-0.006260421430940126	0.5	5.133089992091186	True	False	4.617339886932168	-0.01575010515901825	-0.01575010515901809	True
supported_svd_1_plus	A	ANGLE|A|O3-S1-C2	angles	102.18621881661765	4.56016837451304	0.06082319741305369	0.5	5.06016837451304	True	False	4.713188704842378	0.1530203303293376	0.15302033032933782	True
supported_svd_1_plus	B	ANGLE|B|O3-S1-C2	angles	101.71880765541988	4.7008584538955915	-0.03536512809131248	0.5	5.2008584538955915	True	False	4.611886091164944	-0.08897236273064715	-0.08897236273064735	True
supported_svd_1_plus	A	ANGLE|A|C1-C3-C4	angles	119.38890145578634	-3.52236001432712	0.011132428705565132	0.5	4.02236001432712	True	False	-3.4943528067098533	0.028007207617266425	-0.028007207617266605	True
supported_svd_1_plus	B	ANGLE|B|C1-C3-C4	angles	119.16297945581584	-2.638853839530924	0.053190969341290785	0.5	3.138853839530924	True	False	-2.5050348355106724	0.13381900402025154	-0.1338190040202516	True
supported_svd_1_plus	A	ANGLE|A|C2-C1-C3	angles	121.44059188743243	0.38867399549285153	-0.11129487287715678	0.5	0.8886739954928515	True	False	0.10867592015376787	-0.27999807533908366	-0.27999807533908366	True
supported_svd_1_plus	B	ANGLE|B|C2-C1-C3	angles	117.05902651940126	-1.8073461989810227	-0.01067295714022296	0.5	2.3073461989810227	True	False	-1.8341974579849971	-0.026851259003974556	0.026851259003974448	True
supported_svd_1_minus	A	BOND|A|S1-O1	bonds	1.4824048021793783	-0.03077275852866168	-1.6515003061107046e-05	0.005	0.03577275852866168	False	False	-0.030814307334566093	-4.1548805904410686e-05	4.154880590441154e-05	True
supported_svd_1_minus	B	BOND|B|S1-O1	bonds	1.480465887667455	-0.027146956557600577	4.272798636316584e-05	0.005	0.032146956557600574	False	False	-0.027039460554994902	0.00010749600260567443	-0.00010749600260567468	True
supported_svd_1_minus	A	BOND|A|S1-O2	bonds	1.4795360895746836	-0.026059641892111962	1.2177816860321967e-05	0.005	0.031059641892111963	False	False	-0.026029004674111043	3.063721800091877e-05	-3.0637218000919425e-05	True
supported_svd_1_minus	B	BOND|B|S1-O2	bonds	1.4806664390483129	-0.026749760721457516	-5.544569128187873e-05	0.005	0.031749760721457514	False	False	-0.026889252204249422	-0.000139491482791904	0.00013949148279190568	True
supported_svd_1_minus	A	BOND|A|S1-O3	bonds	1.4813346426421938	-0.029070129905947928	2.895892165982794e-05	0.005	0.034070129905947925	False	False	-0.028997274417469163	7.285548847876334e-05	-7.285548847876452e-05	True
supported_svd_1_minus	B	BOND|B|S1-O3	bonds	1.4823240170020167	-0.02932586961957817	0.00010761171289901881	0.005	0.03432586961957817	False	False	-0.02905513771866729	0.00027073190091087923	-0.00027073190091088037	True
supported_svd_1_minus	A	BOND|A|S1-C2	bonds	1.8736790713925773	-0.10442979261240293	-0.0001514038402018806	0.005	0.10942979261240293	True	True	-0.10481069770496963	-0.00038090509256670215	0.00038090509256670513	True
supported_svd_1_minus	B	BOND|B|S1-C2	bonds	1.8779260960849893	-0.10068060525356004	0.0005182891515782835	0.005	0.10568060525356004	True	True	-0.09937668207040296	0.0013039231831570902	-0.0013039231831570852	True
supported_svd_1_minus	A	BOND|A|F1-C1	bonds	1.3595551426661177	0.006032455246079316	4.884141600778791e-05	0.005	0.011032455246079317	False	False	0.0061553315486931	0.00012287630261378392	0.00012287630261378392	True
supported_svd_1_minus	B	BOND|B|F1-C1	bonds	1.3609327811824499	0.005805030997336091	3.795947664634218e-06	0.005	0.010805030997336092	False	False	0.005814580925492787	9.54992815669608e-06	9.549928156695787e-06	True
supported_svd_1_minus	A	BOND|A|F2-C1	bonds	1.3774984810535549	-0.009230855726468201	1.2368350287502e-05	0.005	0.014230855726468202	False	False	-0.009199739160303984	3.111656616421694e-05	-3.1116566164217374e-05	True
supported_svd_1_minus	B	BOND|B|F2-C1	bonds	1.361694349976532	0.003761666180506884	-3.229841412985409e-05	0.005	0.008761666180506885	False	False	0.0036804091238332517	-8.125705667363211e-05	-8.125705667363231e-05	True
supported_svd_1_minus	A	BOND|A|F3-C2	bonds	1.375531096363811	-0.0240095301631027	6.354271937041473e-05	0.005	0.0290095301631027	False	False	-0.023849667999953767	0.00015986216314893155	-0.00015986216314893206	True
supported_svd_1_minus	B	BOND|B|F3-C2	bonds	1.3737307862856514	-0.02089804406329554	5.920153453586023e-05	0.005	0.02589804406329554	False	False	-0.020749103547900393	0.00014894051539514753	-0.00014894051539514688	True
supported_svd_1_minus	A	BOND|A|F4-C2	bonds	1.3712622667249406	-0.01461903729287295	3.75749394744604e-05	0.005	0.01961903729287295	False	False	-0.014524505438333305	9.453185453964326e-05	-9.453185453964404e-05	True
supported_svd_1_minus	B	BOND|B|F4-C2	bonds	1.3746418065114232	-0.02205963693614743	-1.923515499425811e-05	0.005	0.027059636936147432	False	False	-0.022108029159778306	-4.839222363087553e-05	4.83922236308755e-05	True
supported_svd_1_minus	A	BOND|A|F5-C3	bonds	1.3493720025730402	0.010698904702354683	0.00013237347464256072	0.005	0.015698904702354684	False	False	0.011031932785029923	0.00033302808267523913	0.000333028082675239	True
supported_svd_1_minus	B	BOND|B|F5-C3	bonds	1.3601883799422818	0.004084868184351498	-1.2203514543215456e-05	0.005	0.009084868184351499	False	False	0.004054166315557916	-3.07018687935819e-05	-3.070186879358151e-05	True
supported_svd_1_minus	A	BOND|A|F6-C3	bonds	1.3764797496427925	-0.008515701225140004	0.00012370005325544375	0.005	0.013515701225140005	False	False	-0.008204493925688788	0.0003112072994512165	-0.0003112072994512164	True
supported_svd_1_minus	B	BOND|B|F6-C3	bonds	1.3700696599680562	-0.0024912806564183487	0.00013238599981865511	0.005	0.007491280656418349	False	False	-0.0021582210626311504	0.0003330595937871983	-0.00033305959378719836	True
supported_svd_1_minus	A	BOND|A|F7-C4	bonds	1.330175822145935	0.01643273077393781	-4.8553545573568745e-05	0.005	0.02143273077393781	False	False	0.01631057870205851	-0.0001221520718792975	-0.00012215207187929802	True
supported_svd_1_minus	B	BOND|B|F7-C4	bonds	1.3403759103553696	0.008485827134460555	4.91095333077715e-05	0.005	0.013485827134460556	False	False	0.008609377972441691	0.00012355083798113527	0.00012355083798113592	True
supported_svd_1_minus	A	BOND|A|F8-C4	bonds	1.3572512969131418	-0.0034453906866040995	1.4930564272534608e-05	0.005	0.0084453906866041	False	False	-0.00340782804645759	3.7562640146509644e-05	-3.7562640146509684e-05	True
supported_svd_1_minus	B	BOND|B|F8-C4	bonds	1.3559843534831049	-0.0020621055111986752	1.9991971413481707e-05	0.005	0.007062105511198675	False	False	-0.002011809272267818	5.029623893085722e-05	-5.0296238930857325e-05	True
supported_svd_1_minus	A	BOND|A|F9-C4	bonds	1.351186931996573	0.0005750218207176694	6.809733518895794e-05	0.005	0.0055750218207176695	False	False	0.0007463425859578999	0.00017132076524023054	0.00017132076524023054	True
supported_svd_1_minus	B	BOND|B|F9-C4	bonds	1.3442475330395833	0.005794006790206252	4.018772882832802e-05	0.005	0.010794006790206253	False	False	0.005895111957347248	0.00010110516714099614	0.00010110516714099613	True
supported_svd_1_minus	A	BOND|A|C1-C2	bonds	1.5463338589367104	-0.059583577632589035	-9.737663877204785e-05	0.005	0.06458357763258904	True	False	-0.059828559910157716	-0.00024498227756868015	0.00024498227756868107	True
supported_svd_1_minus	B	BOND|B|C1-C2	bonds	1.5414727177177037	-0.05181762879074103	-5.388600086713727e-07	0.005	0.05681762879074103	True	False	-0.05181898446653638	-1.3556757953416408e-06	1.3556757953447907e-06	True
supported_svd_1_minus	A	BOND|A|C1-C3	bonds	1.5536251466595754	-0.02761777676931043	-0.00013662590999761028	0.005	0.03261777676931043	True	False	-0.027961503221857857	-0.0003437264525474252	0.0003437264525474257	True
supported_svd_1_minus	B	BOND|B|C1-C3	bonds	1.5582651596570543	-0.03491559976130598	0.00039452497528990287	0.005	0.03991559976130598	True	False	-0.03392304519972882	0.0009925545615771623	-0.0009925545615771594	True
supported_svd_1_minus	A	BOND|A|C3-C4	bonds	1.5480468386153412	-0.05273299037939738	-0.0001087252644420633	0.005	0.05773299037939738	True	False	-0.053006523777634984	-0.0002735333982376022	0.00027353339823760203	True
supported_svd_1_minus	B	BOND|B|C3-C4	bonds	1.545069010019299	-0.050153542777362725	0.0002943721260556956	0.005	0.05515354277736272	True	False	-0.049412954944354055	0.0007405878330086695	-0.0007405878330086699	True
supported_svd_1_minus	A	ANGLE|A|S1-C2-F3	angles	109.67733398017896	-0.7823903616519488	-0.050791706275179815	0.5	1.2823903616519488	True	False	-0.9101732471756662	-0.12778288552371742	0.12778288552371742	True
supported_svd_1_minus	B	ANGLE|B|S1-C2-F3	angles	109.47537283316586	-1.442183808451432	-0.03784271520394398	0.5	1.942183808451432	True	False	-1.537389339027892	-0.09520553057646014	0.09520553057646008	True
supported_svd_1_minus	A	ANGLE|A|S1-C2-F4	angles	108.96744940646958	-1.582693562191352	0.06662561842282329	0.5	2.082693562191352	True	False	-1.4150753741796054	0.16761818801174672	-0.16761818801174666	True
supported_svd_1_minus	B	ANGLE|B|S1-C2-F4	angles	109.71820108431614	-2.443790762484298	0.08142478800183132	0.5	2.943790762484298	True	False	-2.238940499969778	0.20485026251451988	-0.20485026251451988	True
supported_svd_1_minus	A	ANGLE|A|S1-C2-C1	angles	119.96985166647593	-6.6544355331031255	0.010626334296698679	0.5	7.1544355331031255	True	True	-6.627701568868588	0.026733964234537666	-0.026733964234537666	True
supported_svd_1_minus	B	ANGLE|B|S1-C2-C1	angles	116.91210244206768	-5.110195931532331	-0.04290867754748174	0.5	5.610195931532331	True	False	-5.218146520971445	-0.10795058943911315	0.10795058943911329	True
supported_svd_1_minus	A	ANGLE|A|F1-C1-F2	angles	107.3508090300338	-5.555335602249812	-0.012169464638328801	0.5	6.055335602249812	False	False	-5.585951807547967	-0.03061620529815507	0.030616205298154675	True
supported_svd_1_minus	B	ANGLE|B|F1-C1-F2	angles	108.74266895623758	-6.040644790562524	0.056318618806878544	0.5	6.540644790562524	False	False	-5.898957177611235	0.1416876129512891	-0.14168761295128895	True
supported_svd_1_minus	A	ANGLE|A|F1-C1-C2	angles	109.50557562604796	0.9169602415963993	-0.09346387620148404	0.5	1.4169602415963993	True	False	0.6818217776796376	-0.23513846391676177	-0.23513846391676174	True
supported_svd_1_minus	B	ANGLE|B|F1-C1-C2	angles	110.38735878107522	2.269310803102499	0.05405281502633875	0.5	2.769310803102499	True	False	2.4052980573468115	0.13598725424431243	0.13598725424431235	True
supported_svd_1_minus	A	ANGLE|A|F1-C1-C3	angles	105.39046626206549	2.3213646253494176	0.03036786908093209	0.5	2.8213646253494176	True	False	2.397764774565595	0.07640014921617722	0.07640014921617722	True
supported_svd_1_minus	B	ANGLE|B|F1-C1-C3	angles	104.5121831407152	0.5245552027159022	-0.028353421524250806	0.5	1.0245552027159022	True	False	0.4532230447212509	-0.07133215799465126	-0.07133215799465126	True
supported_svd_1_minus	A	ANGLE|A|F2-C1-C2	angles	106.7104538689189	-0.956037483035729	-0.04027200648262308	0.5	1.456037483035729	True	False	-1.057354677742656	-0.10131719470692684	0.1013171947069269	True
supported_svd_1_minus	B	ANGLE|B|F2-C1-C2	angles	109.60661113251722	1.5639524053591458	-0.05581749391936856	0.5	2.063952405359146	True	False	1.4235255333600674	-0.14042687199907847	-0.14042687199907844	True
supported_svd_1_minus	A	ANGLE|A|F2-C1-C3	angles	105.69935642344878	1.7485644339946873	-0.016121232330889548	0.5	2.2485644339946873	True	False	1.7080062851056044	-0.04055814888908294	-0.040558148889082934	True
supported_svd_1_minus	B	ANGLE|B|F2-C1-C3	angles	106.15292052824611	2.9739531591271344	-0.031097552419587744	0.5	3.4739531591271344	True	False	2.895717256608502	-0.0782359025186325	-0.07823590251863255	True
supported_svd_1_minus	A	ANGLE|A|F3-C2-F4	angles	107.18253818691385	-4.320229494934907	0.012742485599532182	0.5	4.820229494934907	False	False	-4.288171670969888	0.032057823965018474	-0.03205782396501888	True
supported_svd_1_minus	B	ANGLE|B|F3-C2-F4	angles	107.21219794496402	-3.6872045886707525	-0.016335780014809082	0.5	4.1872045886707525	False	False	-3.72830250131546	-0.04109791264470746	0.041097912644707524	True
supported_svd_1_minus	A	ANGLE|A|F3-C2-C1	angles	105.91890064776834	7.499900209372981	-0.08200090736253199	0.5	7.999900209372981	False	False	7.293600533170377	-0.2062996762026043	-0.2062996762026046	True
supported_svd_1_minus	B	ANGLE|B|F3-C2-C1	angles	107.32580921305703	5.758592402520563	0.05921378835204761	0.5	6.258592402520563	False	False	5.90756374633448	0.14897134381391766	0.1489713438139173	True
supported_svd_1_minus	A	ANGLE|A|F4-C2-C1	angles	104.39286289405992	5.906852248244604	0.05089978663563205	0.5	6.406852248244604	False	False	6.034907044702996	0.12805479645839257	0.12805479645839224	True
supported_svd_1_minus	B	ANGLE|B|F4-C2-C1	angles	105.74424590376499	6.866016775183212	-0.039715311974803276	0.5	7.366016775183212	False	False	6.766100124694646	-0.0999166504885653	-0.09991665048856557	True
supported_svd_1_minus	A	ANGLE|A|F5-C3-F6	angles	107.79480751174968	-5.897166543490641	-0.007321921865822024	0.5	6.397166543490641	False	False	-5.915587194660046	-0.018420651169404462	0.0184206511694045	True
supported_svd_1_minus	B	ANGLE|B|F5-C3-F6	angles	107.77152882883	-5.210913209698276	-0.017928268932117773	0.5	5.710913209698276	False	False	-5.256017540790825	-0.045104331092549306	0.04510433109254919	True
supported_svd_1_minus	A	ANGLE|A|F5-C3-C1	angles	110.4150854742138	3.0319442086500885	-0.007875333334342123	0.5	3.5319442086500885	False	False	3.012131272804397	-0.019812935845691722	-0.01981293584569155	True
supported_svd_1_minus	B	ANGLE|B|F5-C3-C1	angles	110.16968887384166	2.0107778103275535	0.01596392065510499	0.5	2.5107778103275535	False	False	2.0509401910620992	0.04016238073454576	0.0401623807345457	True
supported_svd_1_minus	A	ANGLE|A|F5-C3-C4	angles	108.29467545540544	1.710937329063583	0.025036502224879666	0.5	2.210937329063583	True	False	1.773924708939802	0.06298737987621915	0.06298737987621905	True
supported_svd_1_minus	B	ANGLE|B|F5-C3-C4	angles	106.87356801362543	2.010937356349231	0.019321229740044854	0.5	2.510937356349231	True	False	2.0595461287081167	0.04860877235888558	0.0486087723588855	True
supported_svd_1_minus	A	ANGLE|A|F6-C3-C1	angles	105.21783735379346	2.6931331393982703	0.014309641751449107	0.5	3.1931331393982703	False	False	2.7291336490858993	0.03600050968762922	0.03600050968762902	True
supported_svd_1_minus	B	ANGLE|B|F6-C3-C1	angles	106.39321950632629	2.461458339119673	0.03472098809039369	0.5	2.961458339119673	False	False	2.5488101603478808	0.0873518212282075	0.08735182122820762	True
supported_svd_1_minus	A	ANGLE|A|F6-C3-C4	angles	105.03763419113301	1.4584341884600747	-0.013521745164646728	0.5	1.9584341884600747	True	False	1.4244158862377831	-0.034018302222291616	-0.03401830222229152	True
supported_svd_1_minus	B	ANGLE|B|F6-C3-C4	angles	105.92765861305558	0.8526376530387978	0.005180220173693163	0.5	1.3526376530387978	True	False	0.865670164249514	0.013032511210716195	0.013032511210716247	True
supported_svd_1_minus	A	ANGLE|A|F7-C4-F8	angles	108.2237040724793	-4.968682652980235	0.0033687079625045516	0.5	5.468682652980235	False	False	-4.96020758381041	0.008475069169824429	-0.008475069169824323	True
supported_svd_1_minus	B	ANGLE|B|F7-C4-F8	angles	107.7280972686723	-4.675805010702277	-0.0012134101686893065	0.5	5.175805010702277	False	False	-4.678857734543427	-0.0030527238411502127	0.0030527238411499624	True
supported_svd_1_minus	A	ANGLE|A|F7-C4-F9	angles	109.2768804736617	-5.5096088398768615	-0.025885959743347436	0.5	6.0096088398768615	False	False	-5.574733303556715	-0.06512446367985326	0.06512446367985358	True
supported_svd_1_minus	B	ANGLE|B|F7-C4-F9	angles	109.46339202165414	-5.403088264707165	-0.00945535494676158	0.5	5.903088264707165	False	False	-5.426876253482383	-0.02378798877521806	0.023787988775217705	True
supported_svd_1_minus	A	ANGLE|A|F7-C4-C3	angles	113.14632954629842	3.3334235029319785	0.036819711346314565	0.5	3.8334235029319785	False	False	3.4260553380290713	0.09263183509709286	0.09263183509709272	True
supported_svd_1_minus	B	ANGLE|B|F7-C4-C3	angles	111.75127911230354	4.072787513537989	0.0024135276113081885	0.5	4.572787513537989	False	False	4.078859519089313	0.006072005551324305	0.0060720055513243665	True
supported_svd_1_minus	A	ANGLE|A|F8-C4-F9	angles	107.67123653178818	-4.270990659538697	0.0034940835505558234	0.5	4.770990659538697	False	False	-4.262200167722336	0.008790491816360982	-0.008790491816361268	True
supported_svd_1_minus	B	ANGLE|B|F8-C4-F9	angles	107.99167256109826	-4.479603946274096	-0.009561774721277476	0.5	4.979603946274096	False	False	-4.503659668245572	-0.02405572197147553	0.024055721971475208	True
supported_svd_1_minus	A	ANGLE|A|F8-C4-C3	angles	107.77202503419944	5.685092670391896	-0.011495087586646727	0.5	6.185092670391896	False	False	5.656173077629812	-0.028919592762083945	-0.028919592762084	True
supported_svd_1_minus	B	ANGLE|B|F8-C4-C3	angles	108.36126926334	5.121998235266133	0.02312885079357785	0.5	5.621998235266133	False	False	5.180186303948818	0.058188068682684474	0.05818806868268478	True
supported_svd_1_minus	A	ANGLE|A|F9-C4-C3	angles	110.56871903744958	4.33052090530758	-0.009173241346144124	0.5	4.83052090530758	False	False	4.307442664098964	-0.02307824120861583	-0.02307824120861568	True
supported_svd_1_minus	B	ANGLE|B|F9-C4-C3	angles	111.3974313862652	3.9580423138960867	-0.0077870165986552555	0.5	4.458042313896087	False	False	3.938451567225631	-0.019590746670455877	-0.019590746670455683	True
supported_svd_1_minus	A	ANGLE|A|O1-S1-O2	angles	115.87508867620741	-3.618181495307482	0.0034885499850151585	0.5	4.118181495307482	False	False	-3.6094049249563342	0.008776570351147943	-0.008776570351147761	True
supported_svd_1_minus	B	ANGLE|B|O1-S1-O2	angles	115.8617593435942	-3.516363558456277	-0.007076051160808683	0.5	4.016363558456277	False	False	-3.5341656427285164	-0.017802084272239435	0.017802084272239505	True
supported_svd_1_minus	A	ANGLE|A|O1-S1-O3	angles	115.79825616835085	-2.9801946734126403	-0.008770291864650483	0.5	3.4801946734126403	False	False	-3.0022591655027173	-0.02206449209007707	0.022064492090076993	True
supported_svd_1_minus	B	ANGLE|B|O1-S1-O3	angles	115.96678545732925	-3.054015124304769	-0.026874766223167368	0.5	3.554015124304769	False	False	-3.121627248952958	-0.06761212464818904	0.06761212464818911	True
supported_svd_1_minus	A	ANGLE|A|O1-S1-C2	angles	101.68837783605547	4.182271180870245	0.04677481441811823	0.5	4.682271180870245	True	False	4.299948282005638	0.11767710113539337	0.11767710113539298	True
supported_svd_1_minus	B	ANGLE|B|O1-S1-C2	angles	102.50601319835522	3.926857923886118	0.009148219931443496	0.5	4.426857923886118	True	False	3.949873215672381	0.023015291786263107	0.02301529178626316	True
supported_svd_1_minus	A	ANGLE|A|O2-S1-O3	angles	116.27786596346955	-3.59984973875882	0.0039170423618737306	0.5	4.09984973875882	False	False	-3.58999515791432	0.009854580844500102	-0.009854580844500305	True
supported_svd_1_minus	B	ANGLE|B|O2-S1-O3	angles	116.12933095760322	-3.619903218732915	-0.010080827594842016	0.5	4.119903218732915	False	False	-3.6452647852760243	-0.025361566543109178	0.02536156654310906	True
supported_svd_1_minus	A	ANGLE|A|O2-S1-C2	angles	101.28230695055689	4.524678198083862	0.016277754566459482	0.5	5.024678198083862	True	False	4.565630129036524	0.04095193095266215	0.04095193095266225	True
supported_svd_1_minus	B	ANGLE|B|O2-S1-C2	angles	100.92184273605463	4.633089992091186	0.006260421430940126	0.5	5.133089992091186	True	False	4.648840097250204	0.01575010515901825	0.01575010515901809	True
supported_svd_1_minus	A	ANGLE|A|O3-S1-C2	angles	102.18621881661765	4.56016837451304	-0.06082319741305369	0.5	5.06016837451304	True	False	4.407148044183702	-0.1530203303293376	-0.15302033032933782	True
supported_svd_1_minus	B	ANGLE|B|O3-S1-C2	angles	101.71880765541988	4.7008584538955915	0.03536512809131248	0.5	5.2008584538955915	True	False	4.789830816626239	0.08897236273064715	0.08897236273064735	True
supported_svd_1_minus	A	ANGLE|A|C1-C3-C4	angles	119.38890145578634	-3.52236001432712	-0.011132428705565132	0.5	4.02236001432712	True	False	-3.5503672219443865	-0.028007207617266425	0.028007207617266605	True
supported_svd_1_minus	B	ANGLE|B|C1-C3-C4	angles	119.16297945581584	-2.638853839530924	-0.053190969341290785	0.5	3.138853839530924	True	False	-2.7726728435511756	-0.13381900402025154	0.1338190040202516	True
supported_svd_1_minus	A	ANGLE|A|C2-C1-C3	angles	121.44059188743243	0.38867399549285153	0.11129487287715678	0.5	0.8886739954928515	True	False	0.6686720708319351	0.27999807533908366	0.2799980753390836	True
supported_svd_1_minus	B	ANGLE|B|C2-C1-C3	angles	117.05902651940126	-1.8073461989810227	0.01067295714022296	0.5	2.3073461989810227	True	False	-1.7804949399770482	0.026851259003974556	-0.026851259003974448	True
