observable_id	source_id	kind	variable_id	J_h_normalized	J_2h_normalized	J_tight_normalized	E_normalized	R_step	R_step_limit	R_conv	R_conv_limit	signal	uncertainty	finite_difference_status
BOND|A|S1-O1	GEO_A	bond	CC_FOURIER_1	7.1533431592498944e-05	0.00056712351263302685	7.3389529724066096e-05	0.00050561907746972119		0.10		0.05	7.1533431592498944e-05	0.00050561907746972119	UNIDENTIFIABLE
BOND|A|S1-O1	GEO_A	bond	CC_FOURIER_2	2.325149366979732e-05	-0.00047305958533449085	-0.00010177720785421328	0.00062796264639016603		0.10		0.05	2.325149366979732e-05	0.00062796264639016603	UNIDENTIFIABLE
BOND|A|S1-O1	GEO_A	bond	CC_FOURIER_3	-0.00021729289121546713	-4.0903726222834491e-05	1.5089078475583049e-05	0.00041412579218902098		0.10		0.05	0.00021729289121546713	0.00041412579218902098	UNIDENTIFIABLE
BOND|A|S1-O1	GEO_A	bond	CC_FOURIER_4	-0.00010636395877124207	0.00015083279728183942	-1.5497570747518499e-05	0.00035193822516619427		0.10		0.05	0.00010636395877124207	0.00035193822516619427	UNIDENTIFIABLE
BOND|A|S1-O2	GEO_A	bond	CC_FOURIER_1	-5.7456780416435848e-05	6.8661893851021085e-05	-1.098737862673893e-05	0.00018076097436093715		0.10		0.05	5.7456780416435848e-05	0.00018076097436093715	UNIDENTIFIABLE
BOND|A|S1-O2	GEO_A	bond	CC_FOURIER_2	8.7369941541438494e-05	0.0004776837355717873	2.2738399753461122e-05	0.00046156820168518042		0.10		0.05	8.7369941541438494e-05	0.00046156820168518042	UNIDENTIFIABLE
BOND|A|S1-O2	GEO_A	bond	CC_FOURIER_3	-0.00011852811041914613	0.00028773105797979967	-5.9261198906547856e-05	0.00047088073742091818		0.10		0.05	0.00011852811041914613	0.00047088073742091818	UNIDENTIFIABLE
BOND|A|S1-O2	GEO_A	bond	CC_FOURIER_4	-0.00016304531035957621	-0.00017849356725393016	-2.9319197986716396e-05	0.00015304945035951459	0.086547975549039313	0.10	0.82017760632270542	0.05	0.00016304531035957621	0.00015304945035951459	REVIEW
BOND|A|S1-O3	GEO_A	bond	CC_FOURIER_1	0.00030264682912391867	-0.00057314842386405388	6.812745020101947e-05	0.001118487530210615		0.10		0.05	0.00030264682912391867	0.001118487530210615	UNIDENTIFIABLE
BOND|A|S1-O3	GEO_A	bond	CC_FOURIER_2	0.00069836377807329971	-0.00010892427090828826	2.9603187892796653e-05	0.0014826715050256902		0.10		0.05	0.00069836377807329971	0.0014826715050256902	UNIDENTIFIABLE
BOND|A|S1-O3	GEO_A	bond	CC_FOURIER_3	1.0107197087915803e-05	-0.00033574164411019533	4.1492510383785862e-05	0.00038258881200071195		0.10		0.05	1.0107197087915803e-05	0.00038258881200071195	UNIDENTIFIABLE
BOND|A|S1-O3	GEO_A	bond	CC_FOURIER_4	0.0002501132924796947	-7.0141625507408935e-05	3.5789819995807941e-05	0.00053845347156139772		0.10		0.05	0.0002501132924796947	0.00053845347156139772	UNIDENTIFIABLE
BOND|A|S1-C2	GEO_A	bond	CC_FOURIER_1	0.00046360962144289072	0.0017418704140725171	0.0010048327881361074	0.001833639836263826		0.10		0.05	0.00046360962144289072	0.001833639836263826	UNIDENTIFIABLE
BOND|A|S1-C2	GEO_A	bond	CC_FOURIER_2	-0.0013631176983786269	0.00056749492458164766	-0.00037057631323611127	0.0029346251497618494		0.10		0.05	0.0013631176983786269	0.0029346251497618494	UNIDENTIFIABLE
BOND|A|S1-C2	GEO_A	bond	CC_FOURIER_3	-0.0014400495363048455	-0.00020663529279689916	0.00031051671496756599	0.0029932550348451465		0.10		0.05	0.0014400495363048455	0.0029932550348451465	UNIDENTIFIABLE
BOND|A|S1-C2	GEO_A	bond	CC_FOURIER_4	-0.00044496454137644287	-0.00043779845851099776	-2.0694738759392163e-05	0.00043814772368728193	0.01610484027171628	0.10	0.95349126315688981	0.05	0.00044496454137644287	0.00043814772368728193	REVIEW
BOND|A|F1-C1	GEO_A	bond	CC_FOURIER_1	-1.5973961959934236e-05	-0.00016898192770058499	2.2384153818030294e-06	0.00017699945468657699		0.10		0.05	1.5973961959934236e-05	0.00017699945468657699	UNIDENTIFIABLE
BOND|A|F1-C1	GEO_A	bond	CC_FOURIER_2	0.00033706718296192591	9.2196191026895863e-05	8.6843921166832546e-05	0.00049977732692662289		0.10		0.05	0.00033706718296192591	0.00049977732692662289	UNIDENTIFIABLE
BOND|A|F1-C1	GEO_A	bond	CC_FOURIER_3	-5.3406479530245309e-05	-0.00022113252610101911	-6.0887924940730345e-05	0.00017899380648055767		0.10		0.05	5.3406479530245309e-05	0.00017899380648055767	UNIDENTIFIABLE
BOND|A|F1-C1	GEO_A	bond	CC_FOURIER_4	-4.0684851438243226e-05	1.9285957138076268e-05	-2.2120829199842078e-05	8.1274926833950403e-05		0.10		0.05	4.0684851438243226e-05	8.1274926833950403e-05	UNIDENTIFIABLE
BOND|A|F2-C1	GEO_A	bond	CC_FOURIER_1	-0.00024002914632386026	-0.00015720320848008277	-0.00010184376838311127	0.00022679042739507516	0.34506616847282484	0.10	0.57570249303933207	0.05	0.00024002914632386026	0.00022679042739507516	REVIEW
BOND|A|F2-C1	GEO_A	bond	CC_FOURIER_2	-0.000187040473582047	-8.7823501649445212e-05	-0.00012090845701345529	0.00017003206170284555	0.53045723223684715	0.10	0.35357062191987182	0.05	0.000187040473582047	0.00017003206170284555	REVIEW
BOND|A|F2-C1	GEO_A	bond	CC_FOURIER_3	-0.00015919855787105983	2.0702263373604802e-05	7.0279815410489058e-05	0.00041316550902968267		0.10		0.05	0.00015919855787105983	0.00041316550902968267	UNIDENTIFIABLE
BOND|A|F2-C1	GEO_A	bond	CC_FOURIER_4	-0.00014995685591616043	-3.2124556400544886e-05	-1.1807151509509324e-05	0.00025872209994451118		0.10		0.05	0.00014995685591616043	0.00025872209994451118	UNIDENTIFIABLE
BOND|A|F3-C2	GEO_A	bond	CC_FOURIER_1	-0.00010953230353285123	-0.00063053822445166172	-0.00036953123557563467	0.00078678396453243579		0.10		0.05	0.00010953230353285123	0.00078678396453243579	UNIDENTIFIABLE
BOND|A|F3-C2	GEO_A	bond	CC_FOURIER_2	0.0003203721267347622	0.00028797130755628739	0.0003310680249447487	4.7779790557947418e-05	0.10113495049867313	0.10	0.032307252298893904	0.05	0.0003203721267347622	4.7779790557947418e-05	REVIEW
BOND|A|F3-C2	GEO_A	bond	CC_FOURIER_3	-9.4607821553111847e-05	-0.00026345362159184904	-0.00020431035183904458	0.00028233464480212285		0.10		0.05	9.4607821553111847e-05	0.00028233464480212285	UNIDENTIFIABLE
BOND|A|F3-C2	GEO_A	bond	CC_FOURIER_4	9.1251806997419977e-05	8.0004246063807339e-05	2.2988405227492469e-05	8.2251058706959008e-05	0.12325850088569366	0.10	0.74807726023285837	0.05	9.1251806997419977e-05	8.2251058706959008e-05	REVIEW
BOND|A|F4-C2	GEO_A	bond	CC_FOURIER_1	0.00012943841312414015	0.00041432840138015898	0.00020700106989353725	0.00036823175660842739		0.10		0.05	0.00012943841312414015	0.00036823175660842739	UNIDENTIFIABLE
BOND|A|F4-C2	GEO_A	bond	CC_FOURIER_2	0.00022142467124540704	-0.00069877549087135214	-0.00017734481718374996	0.0013236527237252553		0.10		0.05	0.00022142467124540704	0.0013236527237252553	UNIDENTIFIABLE
BOND|A|F4-C2	GEO_A	bond	CC_FOURIER_3	0.00058583073840901879	0.0002661350337218301	0.00012202501394752044	0.00078728774363410765		0.10		0.05	0.00058583073840901879	0.00078728774363410765	UNIDENTIFIABLE
BOND|A|F4-C2	GEO_A	bond	CC_FOURIER_4	-7.6101727731568063e-05	1.6954824417454074e-05	-2.1632520652293606e-05	0.00015026585523748211		0.10		0.05	7.6101727731568063e-05	0.00015026585523748211	UNIDENTIFIABLE
BOND|A|F5-C3	GEO_A	bond	CC_FOURIER_1	-0.00041733919865858993	-0.00016361251757889532	4.0403537912070503e-05	0.0007172485292414692		0.10		0.05	0.00041733919865858993	0.0007172485292414692	UNIDENTIFIABLE
BOND|A|F5-C3	GEO_A	bond	CC_FOURIER_2	0.00029098666101844373	-5.8117037397865626e-05	4.1762964551647759e-05	0.00060301046806900734		0.10		0.05	0.00029098666101844373	0.00060301046806900734	UNIDENTIFIABLE
BOND|A|F5-C3	GEO_A	bond	CC_FOURIER_3	0.00011951724109416646	-1.2385562222432474e-06	2.0477212402777856e-06	0.0002420116316610349		0.10		0.05	0.00011951724109416646	0.0002420116316610349	UNIDENTIFIABLE
BOND|A|F5-C3	GEO_A	bond	CC_FOURIER_4	-0.00019260662855772402	5.7388666611502062e-05	1.5660484539691931e-05	0.00046100250427967055		0.10		0.05	0.00019260662855772402	0.00046100250427967055	UNIDENTIFIABLE
BOND|A|F6-C3	GEO_A	bond	CC_FOURIER_1	-0.00030065554347774478	0.00020306717276222531	9.254607624817309e-05	0.00090270344757572727		0.10		0.05	0.00030065554347774478	0.00090270344757572727	UNIDENTIFIABLE
BOND|A|F6-C3	GEO_A	bond	CC_FOURIER_2	0.00037600914760732801	0.0001375764196587988	-1.149501286232907e-05	0.00063061996161926188		0.10		0.05	0.00037600914760732801	0.00063061996161926188	UNIDENTIFIABLE
BOND|A|F6-C3	GEO_A	bond	CC_FOURIER_3	0.00017436836842632297	0.00020428258489551136	2.0809736788163077e-05	0.00018725916261035222		0.10		0.05	0.00017436836842632297	0.00018725916261035222	UNIDENTIFIABLE
BOND|A|F6-C3	GEO_A	bond	CC_FOURIER_4	-0.00029523625585837988	-5.8829870653003837e-05	2.8570503863350697e-06	0.00053723978747199832		0.10		0.05	0.00029523625585837988	0.00053723978747199832	UNIDENTIFIABLE
BOND|A|F7-C4	GEO_A	bond	CC_FOURIER_1	0.0003389799217003701	0.00031432096502026892	0.00029441956063710941	7.7392215688851511e-05	0.072744593710472427	0.10	0.13145427858894937	0.05	0.0003389799217003701	7.7392215688851511e-05	REVIEW
BOND|A|F7-C4	GEO_A	bond	CC_FOURIER_2	-0.00019901893481774391	-0.00053629022576437977	-0.00026514709612155849	0.00041002231782696718		0.10		0.05	0.00019901893481774391	0.00041002231782696718	UNIDENTIFIABLE
BOND|A|F7-C4	GEO_A	bond	CC_FOURIER_3	0.00053366192492029199	0.00016639453853369574	0.00019630832781539689	0.00070997564076612967		0.10		0.05	0.00053366192492029199	0.00070997564076612967	UNIDENTIFIABLE
BOND|A|F7-C4	GEO_A	bond	CC_FOURIER_4	-0.00016155925549545195	5.5496710785042488e-06	-8.864826577935511e-06	0.00032367843641390386		0.10		0.05	0.00016155925549545195	0.00032367843641390386	UNIDENTIFIABLE
BOND|A|F8-C4	GEO_A	bond	CC_FOURIER_1	-1.6526451514154377e-05	9.2481578422549425e-05	5.9138344577798209e-05	0.00019284572399830529		0.10		0.05	1.6526451514154377e-05	0.00019284572399830529	UNIDENTIFIABLE
BOND|A|F8-C4	GEO_A	bond	CC_FOURIER_2	3.7161910605464241e-05	-0.00029594826957786815	6.8087199437222918e-06	0.00037008623644117219		0.10		0.05	3.7161910605464241e-05	0.00037008623644117219	UNIDENTIFIABLE
BOND|A|F8-C4	GEO_A	bond	CC_FOURIER_3	0.00021498668028970748	-9.4042859218879116e-06	-1.7880147072776173e-05	0.00046261245086452453		0.10		0.05	0.00021498668028970748	0.00046261245086452453	UNIDENTIFIABLE
BOND|A|F8-C4	GEO_A	bond	CC_FOURIER_4	0.00019624854696309094	1.4073007019545068e-05	-3.8208342064078361e-05	0.00042050750990460002		0.10		0.05	0.00019624854696309094	0.00042050750990460002	UNIDENTIFIABLE
BOND|A|F9-C4	GEO_A	bond	CC_FOURIER_1	-0.0003365302242807348	-0.00052960645749952932	-0.00020052455605227651	0.00033725479941000867		0.10		0.05	0.0003365302242807348	0.00033725479941000867	UNIDENTIFIABLE
BOND|A|F9-C4	GEO_A	bond	CC_FOURIER_2	0.00031847404844865195	0.00034520769258299068	0.0001263909975355304	0.0002254395606379666	0.07744220279190836	0.10	0.60313564589891977	0.05	0.00031847404844865195	0.0002254395606379666	REVIEW
BOND|A|F9-C4	GEO_A	bond	CC_FOURIER_3	-0.00031502788610594101	-0.00020848884835678185	-0.00012893156413706621	0.00029799001700398094	0.33818922847144728	0.10	0.59072967878879235	0.05	0.00031502788610594101	0.00029799001700398094	REVIEW
BOND|A|F9-C4	GEO_A	bond	CC_FOURIER_4	-0.00016553887161725329	-7.1948561774586169e-05	1.2468612405924782e-05	0.00027547287479646294		0.10		0.05	0.00016553887161725329	0.00027547287479646294	UNIDENTIFIABLE
BOND|A|C1-C2	GEO_A	bond	CC_FOURIER_1	0.00017767419370412759	0.00039501924546254702	0.00044181536921577251	0.00049149594268865153		0.10		0.05	0.00017767419370412759	0.00049149594268865153	UNIDENTIFIABLE
BOND|A|C1-C2	GEO_A	bond	CC_FOURIER_2	-0.0013306568474192532	0.00031447972248115064	-0.00042882719589108493	0.0025550775425436027		0.10		0.05	0.0013306568474192532	0.0025550775425436027	UNIDENTIFIABLE
BOND|A|C1-C2	GEO_A	bond	CC_FOURIER_3	0.0010848472037680277	0.00045790319153002639	0.000515148787482701	0.001203200517935492		0.10		0.05	0.0010848472037680277	0.001203200517935492	UNIDENTIFIABLE
BOND|A|C1-C2	GEO_A	bond	CC_FOURIER_4	1.7237229386274648e-05	0.00010999254614077362	9.5402605163686556e-05	0.00017566667829071767		0.10		0.05	1.7237229386274648e-05	0.00017566667829071767	UNIDENTIFIABLE
BOND|A|C1-C3	GEO_A	bond	CC_FOURIER_1	0.00076009069618936944	-0.00042746943089986411	6.4202501043703482e-05	0.0018934580378147119		0.10		0.05	0.00076009069618936944	0.0018934580378147119	UNIDENTIFIABLE
BOND|A|C1-C3	GEO_A	bond	CC_FOURIER_2	-0.00099124213619598443	-0.00039003466252995834	0.00010082225941318149	0.0017013831905208937		0.10		0.05	0.00099124213619598443	0.0017013831905208937	UNIDENTIFIABLE
BOND|A|C1-C3	GEO_A	bond	CC_FOURIER_3	0.0010588376920593028	-8.8365052056494286e-05	3.5995938131652165e-05	0.0021766025875612376		0.10		0.05	0.0010588376920593028	0.0021766025875612376	UNIDENTIFIABLE
BOND|A|C1-C3	GEO_A	bond	CC_FOURIER_4	0.00071838122808788141	0.00029273909826715226	5.6754071936598923e-05	0.0010920152718072655		0.10		0.05	0.00071838122808788141	0.0010920152718072655	UNIDENTIFIABLE
BOND|A|C3-C4	GEO_A	bond	CC_FOURIER_1	0.0008017840744030389	-0.0023269078085508201	-0.00089550974331258819	0.0048401415760197181		0.10		0.05	0.0008017840744030389	0.0048401415760197181	UNIDENTIFIABLE
BOND|A|C3-C4	GEO_A	bond	CC_FOURIER_2	-0.00051146004648346306	0.00097266067733217578	0.00049173775209505259	0.0024987896627641777		0.10		0.05	0.00051146004648346306	0.0024987896627641777	UNIDENTIFIABLE
BOND|A|C3-C4	GEO_A	bond	CC_FOURIER_3	-0.00057185890291742416	-0.0010572443961734807	-0.00027242472425376222	0.00079409421094226167		0.10		0.05	0.00057185890291742416	0.00079409421094226167	UNIDENTIFIABLE
BOND|A|C3-C4	GEO_A	bond	CC_FOURIER_4	0.00032331879417827562	2.2727189323330052e-05	-5.1307276749558934e-05	0.00068192951323331561		0.10		0.05	0.00032331879417827562	0.00068192951323331561	UNIDENTIFIABLE
ANGLE|A|S1-C2-F3	GEO_A	angle	CC_FOURIER_1	0.0022291381766613161	0.0032212374275861714	0.0022187251066611222	0.0010080404154506793	0.30798699978730942	0.10	0.0046713434408045817	0.05	0.0022291381766613161	0.0010080404154506793	REVIEW
ANGLE|A|S1-C2-F3	GEO_A	angle	CC_FOURIER_2	-0.0019350821974367645	-0.002220263952341991	-0.0017331762415918604	0.00049156736603770757	0.12844497817676565	0.10	0.10433973094907878	0.05	0.0019350821974367645	0.00049156736603770757	REVIEW
ANGLE|A|S1-C2-F3	GEO_A	angle	CC_FOURIER_3	0.0014731607349390344	0.0015305431273406587	0.0012914718588335242	0.00024269311725072873	0.037491522699740647	0.10	0.12333268990707194	0.05	0.0014731607349390344	0.00024269311725072873	REVIEW
ANGLE|A|S1-C2-F3	GEO_A	angle	CC_FOURIER_4	4.7074306341018935e-05	0.00012291039003538274	-9.4337954047290593e-05	0.0002198694186934155		0.10		0.05	4.7074306341018935e-05	0.0002198694186934155	UNIDENTIFIABLE
ANGLE|A|S1-C2-F4	GEO_A	angle	CC_FOURIER_1	-0.0031018275597912079	-0.0020979620339673407	-0.0026498373729576859	0.0014613719489223662	0.32363679362351139	0.10	0.14571738051871155	0.05	0.0031018275597912079	0.0014613719489223662	REVIEW
ANGLE|A|S1-C2-F4	GEO_A	angle	CC_FOURIER_2	0.0018830019897665602	0.0016076712084577781	0.0019599486076916275	0.00035674745343568188	0.14621906020551545	0.10	0.039259507939696875	0.05	0.0018830019897665602	0.00035674745343568188	REVIEW
ANGLE|A|S1-C2-F4	GEO_A	angle	CC_FOURIER_3	-0.00085749539239572496	-0.0011078557879682699	-0.0012917595649075732	0.00068823865303128311	0.22598644904106913	0.10	0.33618034215440107	0.05	0.00085749539239572496	0.00068823865303128311	REVIEW
ANGLE|A|S1-C2-F4	GEO_A	angle	CC_FOURIER_4	-0.00011354963046614691	1.4856791847260606e-05	7.8511224461854723e-05	0.0003230827327021279		0.10		0.05	0.00011354963046614691	0.0003230827327021279	UNIDENTIFIABLE
ANGLE|A|S1-C2-C1	GEO_A	angle	CC_FOURIER_1	0.00069915839686986061	-0.00057847918230638908	0.00057077054841155918	0.0014134402065512199		0.10		0.05	0.00069915839686986061	0.0014134402065512199	UNIDENTIFIABLE
ANGLE|A|S1-C2-C1	GEO_A	angle	CC_FOURIER_2	0.0042468551343780156	0.0043098073483082413	0.0022115601287222802	0.0021042557722549008	0.014606735021447497	0.10	0.47924757055642303	0.05	0.0042468551343780156	0.0021042557722549008	REVIEW
ANGLE|A|S1-C2-C1	GEO_A	angle	CC_FOURIER_3	-0.0050630359587134693	-0.0024024891358607782	-0.0020736712691237034	0.0056547694778847756		0.10		0.05	0.0050630359587134693	0.0056547694778847756	UNIDENTIFIABLE
ANGLE|A|S1-C2-C1	GEO_A	angle	CC_FOURIER_4	-0.00073852414836825394	-0.00062694139254166183	-2.5602196658125063e-06	0.00085106231325914896		0.10		0.05	0.00073852414836825394	0.00085106231325914896	UNIDENTIFIABLE
ANGLE|A|F1-C1-F2	GEO_A	angle	CC_FOURIER_1	0.00096493147303434567	0.0015667342990028244	0.0012556251223495441	0.00089755663571616047	0.38411288139380539	0.10	0.23151308789620922	0.05	0.00096493147303434567	0.00089755663571616047	REVIEW
ANGLE|A|F1-C1-F2	GEO_A	angle	CC_FOURIER_2	0.00047416327187036129	0.00020839290606135041	0.00027156565930471047	0.0004724684516373558	0.56050390567085906	0.10	0.427273946728295	0.05	0.00047416327187036129	0.0004724684516373558	REVIEW
ANGLE|A|F1-C1-F2	GEO_A	angle	CC_FOURIER_3	1.0538499023093025e-06	6.6227694479170245e-05	-0.0002247967263931975	0.00029433969148198784		0.10		0.05	1.0538499023093025e-06	0.00029433969148198784	UNIDENTIFIABLE
ANGLE|A|F1-C1-F2	GEO_A	angle	CC_FOURIER_4	-0.00010719053047802282	1.055296305258921e-05	-1.6754714185378594e-05	0.00021057852080524477		0.10		0.05	0.00010719053047802282	0.00021057852080524477	UNIDENTIFIABLE
ANGLE|A|F1-C1-C2	GEO_A	angle	CC_FOURIER_1	0.0017117911580923637	0.0017322374521911276	0.0016433867247107761	9.1826084516997877e-05	0.011803401475300724	0.10	0.039960735314124474	0.05	0.0017117911580923637	9.1826084516997877e-05	PASS
ANGLE|A|F1-C1-C2	GEO_A	angle	CC_FOURIER_2	-0.0021301863324643417	-0.0017302908087139894	-0.0019905783539225729	0.00054191457405293117	0.18772795490041777	0.10	0.065537918638441828	0.05	0.0021301863324643417	0.00054191457405293117	REVIEW
ANGLE|A|F1-C1-C2	GEO_A	angle	CC_FOURIER_3	0.0010430310595442209	0.001498370846125741	0.0015709319123976431	0.00098519001323829321	0.30388991334079163	0.10	0.33604311471890003	0.05	0.0010430310595442209	0.00098519001323829321	REVIEW
ANGLE|A|F1-C1-C2	GEO_A	angle	CC_FOURIER_4	-0.00027629790362823756	-0.00018521314835960787	-1.4565828743445363e-05	0.00035422756013230272		0.10		0.05	0.00027629790362823756	0.00035422756013230272	UNIDENTIFIABLE
ANGLE|A|F1-C1-C3	GEO_A	angle	CC_FOURIER_1	-0.0017308586791537342	-0.0025407225876585	-0.00206730781371549	0.0011492517493033811	0.31875337844385715	0.10	0.16274747878840023	0.05	0.0017308586791537342	0.0011492517493033811	REVIEW
ANGLE|A|F1-C1-C3	GEO_A	angle	CC_FOURIER_2	-0.0012173524211838672	-0.00067215125554467305	-0.0011351405558665498	0.00062979439755070582	0.44785811910489287	0.10	0.067533332079273214	0.05	0.0012173524211838672	0.00062979439755070582	REVIEW
ANGLE|A|F1-C1-C3	GEO_A	angle	CC_FOURIER_3	0.00037018313286223977	0.00051028390073894192	0.00084391221137962175	0.00061575520841383323		0.10		0.05	0.00037018313286223977	0.00061575520841383323	UNIDENTIFIABLE
ANGLE|A|F1-C1-C3	GEO_A	angle	CC_FOURIER_4	-0.00016177034669229314	-0.00015654991457708065	-3.655211768272086e-05	0.00013183201258132714	0.032270636874769054	0.10	0.77404933332900983	0.05	0.00016177034669229314	0.00013183201258132714	REVIEW
ANGLE|A|F2-C1-C2	GEO_A	angle	CC_FOURIER_1	0.0015254361387211043	0.0011441823257220163	0.0011520886077012757	0.00075757366042904098	0.24993102190349556	0.10	0.24474805699361221	0.05	0.0015254361387211043	0.00075757366042904098	REVIEW
ANGLE|A|F2-C1-C2	GEO_A	angle	CC_FOURIER_2	0.00074681214760129481	0.00087935762760680191	0.0006897508169122897	0.00019201541896256472	0.15072989173498566	0.10	0.076406537939000957	0.05	0.00074681214760129481	0.00019201541896256472	REVIEW
ANGLE|A|F2-C1-C2	GEO_A	angle	CC_FOURIER_3	-0.0010392208149807612	-0.00094292328174456856	-0.00055006597787866571	0.0005873997502892686	0.092663206748774957	0.10	0.47069384104970136	0.05	0.0010392208149807612	0.0005873997502892686	REVIEW
ANGLE|A|F2-C1-C2	GEO_A	angle	CC_FOURIER_4	4.5630025542641226e-05	-3.2774020684175125e-05	1.2806849666881169e-05	0.00011263651070576187		0.10		0.05	4.5630025542641226e-05	0.00011263651070576187	UNIDENTIFIABLE
ANGLE|A|F2-C1-C3	GEO_A	angle	CC_FOURIER_1	0.0010822320064717299	0.00055493002817896581	0.00079277380856298944	0.00081969584187864791	0.48723561596728499	0.10	0.26746408919509412	0.05	0.0010822320064717299	0.00081969584187864791	REVIEW
ANGLE|A|F2-C1-C3	GEO_A	angle	CC_FOURIER_2	0.0011863952345184912	0.0011738691125008575	0.0012854232540092084	0.00011393304466392639	0.01055813581611155	0.10	0.077039231383010068	0.05	0.0011863952345184912	0.00011393304466392639	REVIEW
ANGLE|A|F2-C1-C3	GEO_A	angle	CC_FOURIER_3	-0.0010317803100221695	-0.001119573346469912	-0.00095148384409828154	0.00017001287058278242	0.078416511722576868	0.10	0.077823219869511462	0.05	0.0010317803100221695	0.00017001287058278242	REVIEW
ANGLE|A|F2-C1-C3	GEO_A	angle	CC_FOURIER_4	0.00032234168601744979	0.0001271963028910492	4.4814518083081354e-05	0.00047406446117329411		0.10		0.05	0.00032234168601744979	0.00047406446117329411	UNIDENTIFIABLE
ANGLE|A|F3-C2-F4	GEO_A	angle	CC_FOURIER_1	-0.00050580893323600579	-0.0003391220416941184	-0.00042782438185934806	0.00024977960164691712	0.32954517128726318	0.10	0.15417788467621005	0.05	0.00050580893323600579	0.00024977960164691712	REVIEW
ANGLE|A|F3-C2-F4	GEO_A	angle	CC_FOURIER_2	0.00024597204502649746	0.00032360450343930567	0.0002819547525980337	0.00011775452542451364	0.23989919048629288	0.10	0.12761873045223918	0.05	0.00024597204502649746	0.00011775452542451364	REVIEW
ANGLE|A|F3-C2-F4	GEO_A	angle	CC_FOURIER_3	-8.9203847596276876e-05	-0.00020112761018866964	-0.0003061941326470892	0.00033226076905545156		0.10		0.05	8.9203847596276876e-05	0.00033226076905545156	UNIDENTIFIABLE
ANGLE|A|F3-C2-F4	GEO_A	angle	CC_FOURIER_4	3.0618308949726883e-05	9.3357307637212563e-06	-3.9346084227984463e-05	9.3668941940770186e-05		0.10		0.05	3.0618308949726883e-05	9.3668941940770186e-05	UNIDENTIFIABLE
ANGLE|A|F3-C2-C1	GEO_A	angle	CC_FOURIER_1	0.0016355072529517011	0.0006407265405454799	0.0012747418773693168	0.0013585375857551164	0.60823986601764002	0.10	0.22058317071433875	0.05	0.0016355072529517011	0.0013585375857551164	REVIEW
ANGLE|A|F3-C2-C1	GEO_A	angle	CC_FOURIER_2	-0.0019198310165628543	-0.0016472464221201726	-0.0014420173434244825	0.00075282241432818352	0.14198363923232168	0.10	0.24888319285195193	0.05	0.0019198310165628543	0.00075282241432818352	REVIEW
ANGLE|A|F3-C2-C1	GEO_A	angle	CC_FOURIER_3	0.0015062898178045418	0.0011738753934800821	0.0011473739956824381	0.00069329019411535839	0.22068424043983964	0.10	0.23827806434038917	0.05	0.0015062898178045418	0.00069329019411535839	REVIEW
ANGLE|A|F3-C2-C1	GEO_A	angle	CC_FOURIER_4	0.00038400863630100248	6.2892128855291177e-05	1.3367180394368693e-05	0.00069317634613426556		0.10		0.05	0.00038400863630100248	0.00069317634613426556	UNIDENTIFIABLE
ANGLE|A|F4-C2-C1	GEO_A	angle	CC_FOURIER_1	-0.0013648431716014623	-0.00088324205588979378	-0.0011868842043410103	0.00066254565158394593	0.35286187140942615	0.10	0.13038785038697218	0.05	0.0013648431716014623	0.00066254565158394593	REVIEW
ANGLE|A|F4-C2-C1	GEO_A	angle	CC_FOURIER_2	0.00030129351583259225	0.00021933171134659647	0.00043768708380552326	0.00022077471864344317	0.27203308461353087	0.10	0.31162347032734128	0.05	0.00030129351583259225	0.00022077471864344317	REVIEW
ANGLE|A|F4-C2-C1	GEO_A	angle	CC_FOURIER_3	0.00011319741247592271	-0.00042632582309434715	-0.00026182094378701795	0.00091649765758768792		0.10		0.05	0.00011319741247592271	0.00091649765758768792	UNIDENTIFIABLE
ANGLE|A|F4-C2-C1	GEO_A	angle	CC_FOURIER_4	-0.00010182431588988153	0.00010529518533698708	1.9295251207465786e-05	0.00032965464151957989		0.10		0.05	0.00010182431588988153	0.00032965464151957989	UNIDENTIFIABLE
ANGLE|A|F5-C3-F6	GEO_A	angle	CC_FOURIER_1	0.00027187603834345027	0.00036656299162034803	0.00016653233359383013	0.00020510164065503644	0.25831018253737337	0.10	0.38746961810788044	0.05	0.00027187603834345027	0.00020510164065503644	REVIEW
ANGLE|A|F5-C3-F6	GEO_A	angle	CC_FOURIER_2	-6.7058231763768042e-05	-0.00027100812920497451	-0.00011877429530615866	0.00025977520706123189		0.10		0.05	6.7058231763768042e-05	0.00025977520706123189	UNIDENTIFIABLE
ANGLE|A|F5-C3-F6	GEO_A	angle	CC_FOURIER_3	-0.00022283690873425678	3.2283393632357906e-05	1.4937974263902451e-05	0.00049621754364836848		0.10		0.05	0.00022283690873425678	0.00049621754364836848	UNIDENTIFIABLE
ANGLE|A|F5-C3-F6	GEO_A	angle	CC_FOURIER_4	0.00012691334332967283	-0.00011031478677711724	-5.1516289059771127e-05	0.0004180621070198264		0.10		0.05	0.00012691334332967283	0.0004180621070198264	UNIDENTIFIABLE
ANGLE|A|F5-C3-C1	GEO_A	angle	CC_FOURIER_1	0.00049288235253609823	0.00019659568603234132	-0.00012009487021206198	0.00091220888425852509		0.10		0.05	0.00049288235253609823	0.00091220888425852509	UNIDENTIFIABLE
ANGLE|A|F5-C3-C1	GEO_A	angle	CC_FOURIER_2	0.00032372546710587977	0.00051339208380066865	0.00076508076432893078	0.00063340837770891809		0.10		0.05	0.00032372546710587977	0.00063340837770891809	UNIDENTIFIABLE
ANGLE|A|F5-C3-C1	GEO_A	angle	CC_FOURIER_3	1.7475864817424577e-05	-0.0001275117028840744	-0.00055981988189249157	0.00072421279474644488		0.10		0.05	1.7475864817424577e-05	0.00072421279474644488	UNIDENTIFIABLE
ANGLE|A|F5-C3-C1	GEO_A	angle	CC_FOURIER_4	0.0005115982491749059	0.00023928597991941861	0.0001440840711053807	0.00064122278149926026		0.10		0.05	0.0005115982491749059	0.00064122278149926026	UNIDENTIFIABLE
ANGLE|A|F5-C3-C4	GEO_A	angle	CC_FOURIER_1	-0.0012820645277691106	-0.001927148852104514	-0.0011437274693551493	0.00078936834483466617	0.33473507956116039	0.10	0.10790179075828439	0.05	0.0012820645277691106	0.00078936834483466617	REVIEW
ANGLE|A|F5-C3-C4	GEO_A	angle	CC_FOURIER_2	0.0010359479476367078	0.0024349142116672174	0.0011674520226809483	0.0015352894274977508		0.10		0.05	0.0010359479476367078	0.0015352894274977508	UNIDENTIFIABLE
ANGLE|A|F5-C3-C4	GEO_A	angle	CC_FOURIER_3	-0.0015840009683714973	-0.0008869748855918362	-0.00056696319287727402	0.001717960144862209		0.10		0.05	0.0015840009683714973	0.001717960144862209	UNIDENTIFIABLE
ANGLE|A|F5-C3-C4	GEO_A	angle	CC_FOURIER_4	-0.00063543654233342965	-0.00016723176268418883	0.00016221274806720493	0.0012686737520234974		0.10		0.05	0.00063543654233342965	0.0012686737520234974	UNIDENTIFIABLE
ANGLE|A|F6-C3-C1	GEO_A	angle	CC_FOURIER_1	-0.00037320348419975669	-0.00035521441193954331	-0.00011362650982905334	0.00028050205084529929	0.048201780052473331	0.10	0.69553738204588977	0.05	0.00037320348419975669	0.00028050205084529929	REVIEW
ANGLE|A|F6-C3-C1	GEO_A	angle	CC_FOURIER_2	0.00029667984347863904	0.00075646137883140195	0.00023846167767577753	0.0005203788794192598		0.10		0.05	0.00029667984347863904	0.0005203788794192598	UNIDENTIFIABLE
ANGLE|A|F6-C3-C1	GEO_A	angle	CC_FOURIER_3	-0.00046837099326273147	-0.00027173127969371984	-0.00011096844666609651	0.00055596585041827406		0.10		0.05	0.00046837099326273147	0.00055596585041827406	UNIDENTIFIABLE
ANGLE|A|F6-C3-C1	GEO_A	angle	CC_FOURIER_4	-0.00036830761671000068	-0.00014647511451005866	1.4591125623267561e-05	0.00060612331561123774		0.10		0.05	0.00036830761671000068	0.00060612331561123774	UNIDENTIFIABLE
ANGLE|A|F6-C3-C4	GEO_A	angle	CC_FOURIER_1	0.00075970965939696879	0.00066001995518359311	0.0003797461583899268	0.00048558218578281857	0.13122079333900522	0.10	0.5001430432102757	0.05	0.00075970965939696879	0.00048558218578281857	REVIEW
ANGLE|A|F6-C3-C4	GEO_A	angle	CC_FOURIER_2	-0.00024369754866994527	-0.00070326644524315444	-0.00025904877608269486	0.00047972464140397144		0.10		0.05	0.00024369754866994527	0.00047972464140397144	UNIDENTIFIABLE
ANGLE|A|F6-C3-C4	GEO_A	angle	CC_FOURIER_3	0.00029931830285461879	0.0010998707593693885	0.00029231006144168279	0.00081144520439152491		0.10		0.05	0.00029931830285461879	0.00081144520439152491	UNIDENTIFIABLE
ANGLE|A|F6-C3-C4	GEO_A	angle	CC_FOURIER_4	-0.00012894966849557229	-0.00011663763549280535	8.4813519930666977e-05	0.00022888637723935093		0.10		0.05	0.00012894966849557229	0.00022888637723935093	UNIDENTIFIABLE
ANGLE|A|F7-C4-F8	GEO_A	angle	CC_FOURIER_1	-9.843319518333248e-05	-7.860647424050094e-05	-0.00022527497146484804	0.0001517913292317231		0.10		0.05	9.843319518333248e-05	0.0001517913292317231	UNIDENTIFIABLE
ANGLE|A|F7-C4-F8	GEO_A	angle	CC_FOURIER_2	8.0424355159982507e-05	9.0244284967924026e-05	0.0001766899667925388	0.00011023680062424138		0.10		0.05	8.0424355159982507e-05	0.00011023680062424138	UNIDENTIFIABLE
ANGLE|A|F7-C4-F8	GEO_A	angle	CC_FOURIER_3	5.97663355927481e-05	4.9770982880295681e-06	-0.00018431337338559476	0.00030222528841730966		0.10		0.05	5.97663355927481e-05	0.00030222528841730966	UNIDENTIFIABLE
ANGLE|A|F7-C4-F8	GEO_A	angle	CC_FOURIER_4	0.00011721892163693448	3.851261792860645e-05	6.7821654850633948e-07	0.00019767593754371131		0.10		0.05	0.00011721892163693448	0.00019767593754371131	UNIDENTIFIABLE
ANGLE|A|F7-C4-F9	GEO_A	angle	CC_FOURIER_1	0.00098672072096627622	0.00043384390790786	0.00048016698617911002	0.0010645572652334633		0.10		0.05	0.00098672072096627622	0.0010645572652334633	UNIDENTIFIABLE
ANGLE|A|F7-C4-F9	GEO_A	angle	CC_FOURIER_2	-0.00066488586639971373	-0.00062077199788108516	-0.00042079976870089181	0.00029235437712800606	0.066348031666698642	0.10	0.3671097703136964	0.05	0.00066488586639971373	0.00029235437712800606	REVIEW
ANGLE|A|F7-C4-F9	GEO_A	angle	CC_FOURIER_3	0.00045023141559337172	0.00032731715753554091	0.00028897224109305331	0.00028753231032907994	0.27300240232201234	0.10	0.35816952996891771	0.05	0.00045023141559337172	0.00028753231032907994	REVIEW
ANGLE|A|F7-C4-F9	GEO_A	angle	CC_FOURIER_4	0.00020425091265377862	1.7548896848674581e-06	-3.6684228631765656e-06	0.00041284612882338243		0.10		0.05	0.00020425091265377862	0.00041284612882338243	UNIDENTIFIABLE
ANGLE|A|F7-C4-C3	GEO_A	angle	CC_FOURIER_1	-0.0013087650265364002	-0.00028843117036470804	-0.00089387798392557573	0.0014401019917668206		0.10		0.05	0.0013087650265364002	0.0014401019917668206	UNIDENTIFIABLE
ANGLE|A|F7-C4-C3	GEO_A	angle	CC_FOURIER_2	0.00098999105391020829	0.00010557973049664825	0.00078831565929748059	0.0010900420850100494		0.10		0.05	0.00098999105391020829	0.0010900420850100494	UNIDENTIFIABLE
ANGLE|A|F7-C4-C3	GEO_A	angle	CC_FOURIER_3	-0.00041993250342303148	-0.00097852710299009809	-0.0006018555134962633	0.00074371556913385044		0.10		0.05	0.00041993250342303148	0.00074371556913385044	UNIDENTIFIABLE
ANGLE|A|F7-C4-C3	GEO_A	angle	CC_FOURIER_4	-7.1985925410023482e-05	9.974453927740592e-05	-7.8006649403517436e-05	0.00018006550110574599		0.10		0.05	7.1985925410023482e-05	0.00018006550110574599	UNIDENTIFIABLE
ANGLE|A|F8-C4-F9	GEO_A	angle	CC_FOURIER_1	-0.00011670238772114652	0.00083552146936756216	0.00011243021359382613	0.0011864695061339591		0.10		0.05	0.00011670238772114652	0.0011864695061339591	UNIDENTIFIABLE
ANGLE|A|F8-C4-F9	GEO_A	angle	CC_FOURIER_2	0.00016698504474119347	-9.5945609258475454e-06	-9.7929539959776913e-05	0.00044563752197831596		0.10		0.05	0.00016698504474119347	0.00044563752197831596	UNIDENTIFIABLE
ANGLE|A|F8-C4-F9	GEO_A	angle	CC_FOURIER_3	-0.00019354072224556673	0.00029021533843338188	9.1875983680796646e-05	0.00077252270040284292		0.10		0.05	0.00019354072224556673	0.00077252270040284292	UNIDENTIFIABLE
ANGLE|A|F8-C4-F9	GEO_A	angle	CC_FOURIER_4	-0.00019578604967704496	-0.00012139503957107077	-1.9268152007616122e-05	0.00025333319745806331		0.10		0.05	0.00019578604967704496	0.00025333319745806331	UNIDENTIFIABLE
ANGLE|A|F8-C4-C3	GEO_A	angle	CC_FOURIER_1	0.00051065011126952135	-0.00031297636242025203	0.00043913245416727308	0.00090001155405282536		0.10		0.05	0.00051065011126952135	0.00090001155405282536	UNIDENTIFIABLE
ANGLE|A|F8-C4-C3	GEO_A	angle	CC_FOURIER_2	-8.0067971014106731e-05	0.00035758623804515495	1.559323874276768e-05	0.00053725970644624785		0.10		0.05	8.0067971014106731e-05	0.00053725970644624785	UNIDENTIFIABLE
ANGLE|A|F8-C4-C3	GEO_A	angle	CC_FOURIER_3	-9.0957992296235757e-05	0.0003914456940633647	0.00026436147301719156	0.00084091216715004009		0.10		0.05	9.0957992296235757e-05	0.00084091216715004009	UNIDENTIFIABLE
ANGLE|A|F8-C4-C3	GEO_A	angle	CC_FOURIER_4	-5.7320478166135248e-05	-6.8216729015511016e-05	0.00017938015231134041	0.00024990471306557004		0.10		0.05	5.7320478166135248e-05	0.00024990471306557004	UNIDENTIFIABLE
ANGLE|A|F9-C4-C3	GEO_A	angle	CC_FOURIER_1	0.00014412425192101991	-0.00039960447040977186	0.0001530575777622996	0.00055753335683645451		0.10		0.05	0.00014412425192101991	0.00055753335683645451	UNIDENTIFIABLE
ANGLE|A|F9-C4-C3	GEO_A	angle	CC_FOURIER_2	-0.0005496791275525013	1.327492895502121e-05	-0.00051468326441303242	0.00060189735902260331		0.10		0.05	0.0005496791275525013	0.00060189735902260331	UNIDENTIFIABLE
ANGLE|A|F9-C4-C3	GEO_A	angle	CC_FOURIER_3	0.00023155996129059196	7.7537914442010137e-05	0.00017772024310687664	0.00021105331616108673	0.66514973482524764	0.10	0.23250875446532895	0.05	0.00023155996129059196	0.00021105331616108673	REVIEW
ANGLE|A|F9-C4-C3	GEO_A	angle	CC_FOURIER_4	1.4016995651279796e-05	3.205331793816346e-05	-7.8586822647973176e-05	0.00011294981392635549		0.10		0.05	1.4016995651279796e-05	0.00011294981392635549	UNIDENTIFIABLE
ANGLE|A|O1-S1-O2	GEO_A	angle	CC_FOURIER_1	-3.7552740885264951e-05	-0.00059229957191785998	-0.00016456042151049522	0.00068651636915792479		0.10		0.05	3.7552740885264951e-05	0.00068651636915792479	UNIDENTIFIABLE
ANGLE|A|O1-S1-O2	GEO_A	angle	CC_FOURIER_2	9.4918714572476536e-05	-0.0001715508672443358	7.7532402365866133e-05	0.00028771464399314815		0.10		0.05	9.4918714572476536e-05	0.00028771464399314815	UNIDENTIFIABLE
ANGLE|A|O1-S1-O2	GEO_A	angle	CC_FOURIER_3	0.00025931447960693589	-0.00010170783218062127	-5.5931315993238564e-05	0.00067938794718508345		0.10		0.05	0.00025931447960693589	0.00067938794718508345	UNIDENTIFIABLE
ANGLE|A|O1-S1-O2	GEO_A	angle	CC_FOURIER_4	0.00028861373335355107	3.0115918512416278e-05	4.8818733951862345e-06	0.00054448745828106432		0.10		0.05	0.00028861373335355107	0.00054448745828106432	UNIDENTIFIABLE
ANGLE|A|O1-S1-O3	GEO_A	angle	CC_FOURIER_1	0.00033058602987963621	-6.8898458010120732e-05	-2.7420416722889799e-05	0.00076225476627183946		0.10		0.05	0.00033058602987963621	0.00076225476627183946	UNIDENTIFIABLE
ANGLE|A|O1-S1-O3	GEO_A	angle	CC_FOURIER_2	-0.00030437926131216529	-8.634636180802888e-05	-7.9014631171078496e-05	0.00044725787029364683		0.10		0.05	0.00030437926131216529	0.00044725787029364683	UNIDENTIFIABLE
ANGLE|A|O1-S1-O3	GEO_A	angle	CC_FOURIER_3	0.0003455236685862953	0.00020962432315460754	1.0126595119537225e-05	0.00047441755043376159		0.10		0.05	0.0003455236685862953	0.00047441755043376159	UNIDENTIFIABLE
ANGLE|A|O1-S1-O3	GEO_A	angle	CC_FOURIER_4	0.0001031026690985411	-3.0622421435249895e-06	1.2800461765655992e-05	0.00019872582735868614		0.10		0.05	0.0001031026690985411	0.00019872582735868614	UNIDENTIFIABLE
ANGLE|A|O1-S1-C2	GEO_A	angle	CC_FOURIER_1	-0.0014807778992075484	-0.0011613472947755216	-0.0014272805258161718	0.00037726516127800283	0.21571810641080816	0.10	0.036127884823244749	0.05	0.0014807778992075484	0.00037726516127800283	REVIEW
ANGLE|A|O1-S1-C2	GEO_A	angle	CC_FOURIER_2	0.0017528998052076363	0.0014179792887045468	0.0009800087810460606	0.0011113261584270043	0.19106654898818767	0.10	0.4409213931483234	0.05	0.0017528998052076363	0.0011113261584270043	REVIEW
ANGLE|A|O1-S1-C2	GEO_A	angle	CC_FOURIER_3	-0.0011287440209130316	-0.00032339314584857703	-0.0007066880083871701	0.0012302484907928818		0.10		0.05	0.0011287440209130316	0.0012302484907928818	UNIDENTIFIABLE
ANGLE|A|O1-S1-C2	GEO_A	angle	CC_FOURIER_4	-0.00074230261214999326	-0.00026178280648392143	9.3451849250807966e-05	0.0013183306896141882		0.10		0.05	0.00074230261214999326	0.0013183306896141882	UNIDENTIFIABLE
ANGLE|A|O2-S1-O3	GEO_A	angle	CC_FOURIER_1	-0.00030176657510835815	-0.00018017182320842213	-0.00019220888044098132	0.00023591326819017821	0.40294307564140874	0.10	0.36305443910756824	0.05	0.00030176657510835815	0.00023591326819017821	REVIEW
ANGLE|A|O2-S1-O3	GEO_A	angle	CC_FOURIER_2	-0.00016999498233543004	1.2207079160439255e-05	3.6039713322851103e-05	0.00039209465972355037		0.10		0.05	0.00016999498233543004	0.00039209465972355037	UNIDENTIFIABLE
ANGLE|A|O2-S1-O3	GEO_A	angle	CC_FOURIER_3	8.2247799681061238e-05	-3.4458259677356781e-05	-2.1189808318241276e-05	0.00022326282576292132		0.10		0.05	8.2247799681061238e-05	0.00022326282576292132	UNIDENTIFIABLE
ANGLE|A|O2-S1-O3	GEO_A	angle	CC_FOURIER_4	-3.4089839013009261e-05	0.00015757032057681111	-3.4495009841583482e-05	0.00019432261574611742		0.10		0.05	3.4089839013009261e-05	0.00019432261574611742	UNIDENTIFIABLE
ANGLE|A|O2-S1-C2	GEO_A	angle	CC_FOURIER_1	-0.00079678819270023629	0.0011119101806361636	-0.00016415362320019856	0.002545667116136169		0.10		0.05	0.00079678819270023629	0.002545667116136169	UNIDENTIFIABLE
ANGLE|A|O2-S1-C2	GEO_A	angle	CC_FOURIER_2	-9.2040817103959479e-05	-0.00020118727155039127	0.00011317627036659614	0.00031787572160176002		0.10		0.05	9.2040817103959479e-05	0.00031787572160176002	UNIDENTIFIABLE
ANGLE|A|O2-S1-C2	GEO_A	angle	CC_FOURIER_3	0.00040152099213962576	-8.6001543065108039e-05	-1.9311722947644544e-05	0.0009111948803656127		0.10		0.05	0.00040152099213962576	0.0009111948803656127	UNIDENTIFIABLE
ANGLE|A|O2-S1-C2	GEO_A	angle	CC_FOURIER_4	2.8746803778824449e-05	0.00021439775761627396	7.5885603933651655e-06	0.00020886419631506673		0.10		0.05	2.8746803778824449e-05	0.00020886419631506673	UNIDENTIFIABLE
ANGLE|A|O3-S1-C2	GEO_A	angle	CC_FOURIER_1	0.002264295095676837	0.0010100687796463566	0.0020157475022563932	0.0015071100570394592	0.55391469001772065	0.10	0.10976819845389837	0.05	0.002264295095676837	0.0015071100570394592	REVIEW
ANGLE|A|O3-S1-C2	GEO_A	angle	CC_FOURIER_2	-0.001208643306320313	-0.00092596674753603911	-0.0011216244870879226	0.00037320914838773672	0.23387922417315679	0.10	0.071997105165226283	0.05	0.001208643306320313	0.00037320914838773672	REVIEW
ANGLE|A|O3-S1-C2	GEO_A	angle	CC_FOURIER_3	-6.4827889428420991e-05	0.00031961857962551667	0.00079557408166142627	0.0012476893619614768		0.10		0.05	6.4827889428420991e-05	0.0012476893619614768	UNIDENTIFIABLE
ANGLE|A|O3-S1-C2	GEO_A	angle	CC_FOURIER_4	0.00029984961882228642	-0.00016422183043388465	-8.0764493243469033e-05	0.00084674148572068354		0.10		0.05	0.00029984961882228642	0.00084674148572068354	UNIDENTIFIABLE
ANGLE|A|C1-C3-C4	GEO_A	angle	CC_FOURIER_1	1.480431914209293e-05	0.001589178180964783	0.001423379234256139	0.0029908801257678649		0.10		0.05	1.480431914209293e-05	0.0029908801257678649	UNIDENTIFIABLE
ANGLE|A|C1-C3-C4	GEO_A	angle	CC_FOURIER_2	-0.0025493902056644008	-0.0051743839896481363	-0.0036713992267293836	0.0037534299345979706		0.10		0.05	0.0025493902056644008	0.0037534299345979706	UNIDENTIFIABLE
ANGLE|A|C1-C3-C4	GEO_A	angle	CC_FOURIER_3	0.003082064119669296	0.00083906275409228862	0.0021388385418645017	0.0031914233662129524		0.10		0.05	0.003082064119669296	0.0031914233662129524	UNIDENTIFIABLE
ANGLE|A|C1-C3-C4	GEO_A	angle	CC_FOURIER_4	0.0003213683881266422	0.00020860119619705734	-0.00065860642943642354	0.0010965025667012268		0.10		0.05	0.0003213683881266422	0.0010965025667012268	UNIDENTIFIABLE
ANGLE|A|C2-C1-C3	GEO_A	angle	CC_FOURIER_1	-0.0071902247809136084	-0.0037691182359235161	-0.0049505736088728903	0.0056687121592930148	0.47579966541121094	0.10	0.3114855571672604	0.05	0.0071902247809136084	0.0056687121592930148	REVIEW
ANGLE|A|C2-C1-C3	GEO_A	angle	CC_FOURIER_2	0.0033696133262542645	0.0010079366465761373	0.0029531593127811364	0.0027845765603057055	0.70087468531691088	0.10	0.12359103943124164	0.05	0.0033696133262542645	0.0027845765603057055	REVIEW
ANGLE|A|C2-C1-C3	GEO_A	angle	CC_FOURIER_3	0.0012908750392589599	-0.00031293242924474725	-0.0023193389372327062	0.0052192329965814969		0.10		0.05	0.0012908750392589599	0.0052192329965814969	UNIDENTIFIABLE
ANGLE|A|C2-C1-C3	GEO_A	angle	CC_FOURIER_4	0.00037568924670734814	0.00063330214852993279	1.4673160078475289e-05	0.0006224004965051244		0.10		0.05	0.00037568924670734814	0.0006224004965051244	UNIDENTIFIABLE
BOND|B|S1-O1	GEO_B_REVISED	bond	CC_FOURIER_1	-0.00010926715025240143	-0.00047979335518400141	-5.6870689385964585e-06	0.00048227918454865187		0.10		0.05	0.00010926715025240143	0.00048227918454865187	UNIDENTIFIABLE
BOND|B|S1-O1	GEO_B_REVISED	bond	CC_FOURIER_2	0.00029270768028644395	-0.00058543922278844372	-3.5463591670282175e-05	0.0012129410408980303		0.10		0.05	0.00029270768028644395	0.0012129410408980303	UNIDENTIFIABLE
BOND|B|S1-O1	GEO_B_REVISED	bond	CC_FOURIER_3	-6.6523515425733019e-05	0.00043387177346164039	-7.0463409503021478e-05	0.00050968984047368351		0.10		0.05	6.6523515425733019e-05	0.00050968984047368351	UNIDENTIFIABLE
BOND|B|S1-O1	GEO_B_REVISED	bond	CC_FOURIER_4	-9.3209589564450599e-05	0.0001473337547925477	-6.2832716369804525e-05	0.00027479529864369716		0.10		0.05	9.3209589564450599e-05	0.00027479529864369716	UNIDENTIFIABLE
BOND|B|S1-O2	GEO_B_REVISED	bond	CC_FOURIER_1	0.0001737013774980214	4.843686966485825e-05	9.5528663557719416e-05	0.00021161012007874953		0.10		0.05	0.0001737013774980214	0.00021161012007874953	UNIDENTIFIABLE
BOND|B|S1-O2	GEO_B_REVISED	bond	CC_FOURIER_2	-0.00045516675106020238	0.00036399979329212166	-3.6975407204222521e-05	0.0012439807540763866		0.10		0.05	0.00045516675106020238	0.0012439807540763866	UNIDENTIFIABLE
BOND|B|S1-O2	GEO_B_REVISED	bond	CC_FOURIER_3	0.00041931092391363141	-0.00034941938603269416	-1.2407632518690468e-05	0.0012058035238890169		0.10		0.05	0.00041931092391363141	0.0012058035238890169	UNIDENTIFIABLE
BOND|B|S1-O2	GEO_B_REVISED	bond	CC_FOURIER_4	-0.00014824716932714376	-1.8197650218569768e-05	3.1112148992103644e-05	0.00031328391852085326		0.10		0.05	0.00014824716932714376	0.00031328391852085326	UNIDENTIFIABLE
BOND|B|S1-O3	GEO_B_REVISED	bond	CC_FOURIER_1	-0.00040299993943044399	0.00055696416662916897	-7.6616440920096454e-05	0.0012945205028721944		0.10		0.05	0.00040299993943044399	0.0012945205028721944	UNIDENTIFIABLE
BOND|B|S1-O3	GEO_B_REVISED	bond	CC_FOURIER_2	0.00051142056696971982	-9.290764896692055e-05	6.8886350698459507e-05	0.0010534852980734963		0.10		0.05	0.00051142056696971982	0.0010534852980734963	UNIDENTIFIABLE
BOND|B|S1-O3	GEO_B_REVISED	bond	CC_FOURIER_3	-7.5856589837780913e-05	-8.8953518489846869e-05	7.267132898589008e-05	0.00016697950498408207		0.10		0.05	7.5856589837780913e-05	0.00016697950498408207	UNIDENTIFIABLE
BOND|B|S1-O3	GEO_B_REVISED	bond	CC_FOURIER_4	0.0002884834059382088	-0.00020237209134297703	4.1194902493690836e-05	0.00074201908181727454		0.10		0.05	0.0002884834059382088	0.00074201908181727454	UNIDENTIFIABLE
BOND|B|S1-C2	GEO_B_REVISED	bond	CC_FOURIER_1	-0.0023968539473176258	0.00088038128321851761	0.000325098307782147	0.0060133433626235206		0.10		0.05	0.0023968539473176258	0.0060133433626235206	UNIDENTIFIABLE
BOND|B|S1-C2	GEO_B_REVISED	bond	CC_FOURIER_2	0.0039698843838695021	-0.0034510235185041473	-0.00049852039066625501	0.011900783818606186		0.10		0.05	0.0039698843838695021	0.011900783818606186	UNIDENTIFIABLE
BOND|B|S1-C2	GEO_B_REVISED	bond	CC_FOURIER_3	0.0038439031828202182	0.00033424440898892528	-0.0006629392157344406	0.0080257757124812239		0.10		0.05	0.0038439031828202182	0.0080257757124812239	UNIDENTIFIABLE
BOND|B|S1-C2	GEO_B_REVISED	bond	CC_FOURIER_4	0.00032121664237260453	-0.0012582063880522646	0.00048732873560421272	0.0017522469618833716		0.10		0.05	0.00032121664237260453	0.0017522469618833716	UNIDENTIFIABLE
BOND|B|F1-C1	GEO_B_REVISED	bond	CC_FOURIER_1	0.00021578604100239764	1.4810659232826047e-05	1.4788980428510475e-05	0.00040775155395037914		0.10		0.05	0.00021578604100239764	0.00040775155395037914	UNIDENTIFIABLE
BOND|B|F1-C1	GEO_B_REVISED	bond	CC_FOURIER_2	0.00035219592224827197	-2.9659627270908377e-05	7.7442505823825095e-05	0.00066129203914233668		0.10		0.05	0.00035219592224827197	0.00066129203914233668	UNIDENTIFIABLE
BOND|B|F1-C1	GEO_B_REVISED	bond	CC_FOURIER_3	-6.4825948734929963e-05	9.4898884168818738e-05	9.2124087727054395e-05	0.00032046118386681909		0.10		0.05	6.4825948734929963e-05	0.00032046118386681909	UNIDENTIFIABLE
BOND|B|F1-C1	GEO_B_REVISED	bond	CC_FOURIER_4	4.9390826231433992e-05	5.8207155402563825e-06	-8.1661091939591943e-05	0.00017736212488272577		0.10		0.05	4.9390826231433992e-05	0.00017736212488272577	UNIDENTIFIABLE
BOND|B|F2-C1	GEO_B_REVISED	bond	CC_FOURIER_1	0.00022733458148985138	-0.00018099713733565022	3.036602670306595e-05	0.00061107938521616533		0.10		0.05	0.00022733458148985138	0.00061107938521616533	UNIDENTIFIABLE
BOND|B|F2-C1	GEO_B_REVISED	bond	CC_FOURIER_2	0.00010543489256528062	6.7276966635183949e-05	3.759141947376487e-07	0.00014789997749688449		0.10		0.05	0.00010543489256528062	0.00014789997749688449	UNIDENTIFIABLE
BOND|B|F2-C1	GEO_B_REVISED	bond	CC_FOURIER_3	-3.063965888231976e-05	-3.6352510648130884e-05	-6.6571761716722029e-05	4.5431269099304654e-05		0.10		0.05	3.063965888231976e-05	4.5431269099304654e-05	UNIDENTIFIABLE
BOND|B|F2-C1	GEO_B_REVISED	bond	CC_FOURIER_4	4.8933169756627098e-05	0.00010208880471252756	2.4678602952176804e-05	8.0150297779430139e-05		0.10		0.05	4.8933169756627098e-05	8.0150297779430139e-05	UNIDENTIFIABLE
BOND|B|F3-C2	GEO_B_REVISED	bond	CC_FOURIER_1	-0.00012576106917370472	-0.00020495263830347195	-9.1779165677846256e-05	0.00011895258419958371	0.38638960583912479	0.10	0.27021003971365498	0.05	0.00012576106917370472	0.00011895258419958371	REVIEW
BOND|B|F3-C2	GEO_B_REVISED	bond	CC_FOURIER_2	0.00020391602914803365	9.6343802374344479e-05	0.00012076452689541853	0.00019540680219830197	0.52753198080174801	0.10	0.40777325156842359	0.05	0.00020391602914803365	0.00019540680219830197	REVIEW
BOND|B|F3-C2	GEO_B_REVISED	bond	CC_FOURIER_3	7.8503560809321864e-05	0.00013458424153313863	0.00012757546003209895	0.00010893889442608091		0.10		0.05	7.8503560809321864e-05	0.00010893889442608091	UNIDENTIFIABLE
BOND|B|F3-C2	GEO_B_REVISED	bond	CC_FOURIER_4	5.0386184770583558e-06	-7.6458987043885636e-05	-0.00010137472942239287	0.00019065104942528782		0.10		0.05	5.0386184770583558e-06	0.00019065104942528782	UNIDENTIFIABLE
BOND|B|F4-C2	GEO_B_REVISED	bond	CC_FOURIER_1	0.00011151214954275413	-7.6613879275567022e-05	6.0772284385345676e-05	0.0002446450055491011		0.10		0.05	0.00011151214954275413	0.0002446450055491011	UNIDENTIFIABLE
BOND|B|F4-C2	GEO_B_REVISED	bond	CC_FOURIER_2	0.00012215599318005075	-3.783110314178977e-06	5.1188462166523007e-05	0.00020158970767928132		0.10		0.05	0.00012215599318005075	0.00020158970767928132	UNIDENTIFIABLE
BOND|B|F4-C2	GEO_B_REVISED	bond	CC_FOURIER_3	-0.00026757829403363498	1.8495380574309166e-05	1.6472823557397148e-05	0.00057391110667808171		0.10		0.05	0.00026757829403363498	0.00057391110667808171	UNIDENTIFIABLE
BOND|B|F4-C2	GEO_B_REVISED	bond	CC_FOURIER_4	0.00010178105265427946	6.2618009906052747e-05	-4.0541662350933618e-05	0.00018422585375805413		0.10		0.05	0.00010178105265427946	0.00018422585375805413	UNIDENTIFIABLE
BOND|B|F5-C3	GEO_B_REVISED	bond	CC_FOURIER_1	-4.9421936668839233e-06	-0.00021400568212214715	-6.7614034524697168e-05	0.00027751444091416209		0.10		0.05	4.9421936668839233e-06	0.00027751444091416209	UNIDENTIFIABLE
BOND|B|F5-C3	GEO_B_REVISED	bond	CC_FOURIER_2	-8.4550920802099617e-05	3.5196113809329202e-05	4.0622718688778891e-05	0.00024960374729628935		0.10		0.05	8.4550920802099617e-05	0.00024960374729628935	UNIDENTIFIABLE
BOND|B|F5-C3	GEO_B_REVISED	bond	CC_FOURIER_3	-1.7956992433255027e-05	1.0628791814669481e-05	2.232997805608243e-06	5.256208898404982e-05		0.10		0.05	1.7956992433255027e-05	5.256208898404982e-05	UNIDENTIFIABLE
BOND|B|F5-C3	GEO_B_REVISED	bond	CC_FOURIER_4	-4.327971646917566e-06	1.8854171813606524e-05	-2.6368406944659256e-06	2.7613370430730826e-05		0.10		0.05	4.327971646917566e-06	2.7613370430730826e-05	UNIDENTIFIABLE
BOND|B|F6-C3	GEO_B_REVISED	bond	CC_FOURIER_1	-0.00036033840360984447	-3.8565171560496638e-05	-5.8132814261806871e-05	0.00062975793300631641		0.10		0.05	0.00036033840360984447	0.00062975793300631641	UNIDENTIFIABLE
BOND|B|F6-C3	GEO_B_REVISED	bond	CC_FOURIER_2	0.00029061229145906943	-0.00027774438171947066	-4.3263196511210023e-05	0.00090691523434915401		0.10		0.05	0.00029061229145906943	0.00090691523434915401	UNIDENTIFIABLE
BOND|B|F6-C3	GEO_B_REVISED	bond	CC_FOURIER_3	0.00031881353346692351	2.0323243091729704e-05	-3.0486664162883818e-05	0.00065157680250739914		0.10		0.05	0.00031881353346692351	0.00065157680250739914	UNIDENTIFIABLE
BOND|B|F6-C3	GEO_B_REVISED	bond	CC_FOURIER_4	2.0303284316727918e-05	-5.9715393401491328e-05	2.4773145706085213e-05	8.7228635129052879e-05		0.10		0.05	2.0303284316727918e-05	8.7228635129052879e-05	UNIDENTIFIABLE
BOND|B|F7-C4	GEO_B_REVISED	bond	CC_FOURIER_1	-0.0003141466303161206	-0.00011850335175033668	-1.7666806581425239e-05	0.00050029600025355088		0.10		0.05	0.0003141466303161206	0.00050029600025355088	UNIDENTIFIABLE
BOND|B|F7-C4	GEO_B_REVISED	bond	CC_FOURIER_2	5.1195690532597201e-05	-0.00064094579942690117	3.6799802760836522e-05	0.00071316024331391297		0.10		0.05	5.1195690532597201e-05	0.00071316024331391297	UNIDENTIFIABLE
BOND|B|F7-C4	GEO_B_REVISED	bond	CC_FOURIER_3	-3.7258784121901003e-05	6.2628764620200364e-05	9.2889837096340837e-05	0.00023539082723993959		0.10		0.05	3.7258784121901003e-05	0.00023539082723993959	UNIDENTIFIABLE
BOND|B|F7-C4	GEO_B_REVISED	bond	CC_FOURIER_4	0.00016031330634099164	-2.3936638099489621e-05	-2.5248745627485613e-05	0.00037368707733498432		0.10		0.05	0.00016031330634099164	0.00037368707733498432	UNIDENTIFIABLE
BOND|B|F8-C4	GEO_B_REVISED	bond	CC_FOURIER_1	-0.00052649137458503662	1.6911795605903082e-06	-0.0001028905145469652	0.00095995631215372787		0.10		0.05	0.00052649137458503662	0.00095995631215372787	UNIDENTIFIABLE
BOND|B|F8-C4	GEO_B_REVISED	bond	CC_FOURIER_2	-0.00043388335786253429	0.00011062550953336685	-0.00014044986100817219	0.00084456522984666907		0.10		0.05	0.00043388335786253429	0.00084456522984666907	UNIDENTIFIABLE
BOND|B|F8-C4	GEO_B_REVISED	bond	CC_FOURIER_3	-0.00028611262856239206	2.5913985045970594e-05	-1.9821612582795466e-05	0.00058367228687867146		0.10		0.05	0.00028611262856239206	0.00058367228687867146	UNIDENTIFIABLE
BOND|B|F8-C4	GEO_B_REVISED	bond	CC_FOURIER_4	7.2672324016556337e-06	-8.5035365434576386e-05	4.6789370721584455e-05	0.00013569981709022738		0.10		0.05	7.2672324016556337e-06	0.00013569981709022738	UNIDENTIFIABLE
BOND|B|F9-C4	GEO_B_REVISED	bond	CC_FOURIER_1	3.9915861546978941e-05	-0.00011767839482665316	-2.9745716873521073e-05	0.0002354287327511394		0.10		0.05	3.9915861546978941e-05	0.0002354287327511394	UNIDENTIFIABLE
BOND|B|F9-C4	GEO_B_REVISED	bond	CC_FOURIER_2	0.00032214937388744692	-0.00013135505062005992	7.5800782135219003e-05	0.00070647588184557923		0.10		0.05	0.00032214937388744692	0.00070647588184557923	UNIDENTIFIABLE
BOND|B|F9-C4	GEO_B_REVISED	bond	CC_FOURIER_3	0.00033530323088777099	0.0002074461653161129	7.8330763408085909e-05	0.00039018419033351768		0.10		0.05	0.00033530323088777099	0.00039018419033351768	UNIDENTIFIABLE
BOND|B|F9-C4	GEO_B_REVISED	bond	CC_FOURIER_4	1.7435341642826586e-05	-0.00010773988499164653	-3.72962581744882e-05	0.00018378190737968058		0.10		0.05	1.7435341642826586e-05	0.00018378190737968058	UNIDENTIFIABLE
BOND|B|C1-C2	GEO_B_REVISED	bond	CC_FOURIER_1	0.00074139292592602585	-0.00020717581344432005	0.00015522956599742463	0.0015447418147294546		0.10		0.05	0.00074139292592602585	0.0015447418147294546	UNIDENTIFIABLE
BOND|B|C1-C2	GEO_B_REVISED	bond	CC_FOURIER_2	0.00068363105761298922	5.1346833546666239e-05	-6.1507640603755771e-06	0.0013301773668644109		0.10		0.05	0.00068363105761298922	0.0013301773668644109	UNIDENTIFIABLE
BOND|B|C1-C2	GEO_B_REVISED	bond	CC_FOURIER_3	0.00092334231228566582	0.00045671913484558084	3.8004918531106343e-05	0.0013585186606146279		0.10		0.05	0.00092334231228566582	0.0013585186606146279	UNIDENTIFIABLE
BOND|B|C1-C2	GEO_B_REVISED	bond	CC_FOURIER_4	-3.5086154469528866e-05	-9.9172241679743172e-05	-8.1113414326564452e-05	0.00011485933283171654		0.10		0.05	3.5086154469528866e-05	0.00011485933283171654	UNIDENTIFIABLE
BOND|B|C1-C3	GEO_B_REVISED	bond	CC_FOURIER_1	-0.0028649020653042506	-0.00031646881435326964	-0.0010992310146415683	0.0043241140171826602		0.10		0.05	0.0028649020653042506	0.0043241140171826602	UNIDENTIFIABLE
BOND|B|C1-C3	GEO_B_REVISED	bond	CC_FOURIER_2	0.00045475397753686679	-0.00097833080042558293	-0.00033864060915418187	0.0022345906858904246		0.10		0.05	0.00045475397753686679	0.0022345906858904246	UNIDENTIFIABLE
BOND|B|C1-C3	GEO_B_REVISED	bond	CC_FOURIER_3	0.00070089618929894003	0.00032749230537360892	-0.00012432826739398943	0.0012051864301289672		0.10		0.05	0.00070089618929894003	0.0012051864301289672	UNIDENTIFIABLE
BOND|B|C1-C3	GEO_B_REVISED	bond	CC_FOURIER_4	-0.00012869285928990607	-0.00061362722692204176	0.00011580542427860066	0.00073417863703076726		0.10		0.05	0.00012869285928990607	0.00073417863703076726	UNIDENTIFIABLE
BOND|B|C3-C4	GEO_B_REVISED	bond	CC_FOURIER_1	-0.0027400038738680291	0.00021818438436096865	-0.00059795522327617668	0.0051143927841688572		0.10		0.05	0.0027400038738680291	0.0051143927841688572	UNIDENTIFIABLE
BOND|B|C3-C4	GEO_B_REVISED	bond	CC_FOURIER_2	0.00072007471323692126	-0.0010769903900857904	-0.00019358209671322139	0.0027221930536410429		0.10		0.05	0.00072007471323692126	0.0027221930536410429	UNIDENTIFIABLE
BOND|B|C3-C4	GEO_B_REVISED	bond	CC_FOURIER_3	0.0011469440094976444	8.4532998392116332e-05	-0.00016269290724831836	0.0023813224668725818		0.10		0.05	0.0011469440094976444	0.0023813224668725818	UNIDENTIFIABLE
BOND|B|C3-C4	GEO_B_REVISED	bond	CC_FOURIER_4	-4.0029488458768617e-05	-0.00051753877048308576	0.00013663151490217985	0.00066088212283475615		0.10		0.05	4.0029488458768617e-05	0.00066088212283475615	UNIDENTIFIABLE
ANGLE|B|S1-C2-F3	GEO_B_REVISED	angle	CC_FOURIER_1	0.001479175062488833	0.0004956948227249566	0.00051504588727554882	0.0019531236499662156		0.10		0.05	0.001479175062488833	0.0019531236499662156	UNIDENTIFIABLE
ANGLE|B|S1-C2-F3	GEO_B_REVISED	angle	CC_FOURIER_2	-0.00084925606825244921	-4.5192328467666434e-05	-0.00057422901985595552	0.0010835592397852721		0.10		0.05	0.00084925606825244921	0.0010835592397852721	UNIDENTIFIABLE
ANGLE|B|S1-C2-F3	GEO_B_REVISED	angle	CC_FOURIER_3	-0.0011528522480865194	-0.001143185076821338	-0.0010084993862161499	0.00015763282305831429	0.0083854381870935839	0.10	0.12521367079776566	0.05	0.0011528522480865194	0.00015763282305831429	REVIEW
ANGLE|B|S1-C2-F3	GEO_B_REVISED	angle	CC_FOURIER_4	0.00028418070924534716	0.00087611850852725259	0.00071384064266715884	0.0010242122389537598		0.10		0.05	0.00028418070924534716	0.0010242122389537598	UNIDENTIFIABLE
ANGLE|B|S1-C2-F4	GEO_B_REVISED	angle	CC_FOURIER_1	-0.0025319305725937861	-0.0016369833632388013	-0.0010721876278938344	0.0023602049616970023	0.35346435603017895	0.10	0.57653355921388749	0.05	0.0025319305725937861	0.0023602049616970023	REVIEW
ANGLE|B|S1-C2-F4	GEO_B_REVISED	angle	CC_FOURIER_2	0.0025767165107958489	-0.0016473139829227927	0.00099204307887851783	0.0058131728398406217		0.10		0.05	0.0025767165107958489	0.0058131728398406217	UNIDENTIFIABLE
ANGLE|B|S1-C2-F4	GEO_B_REVISED	angle	CC_FOURIER_3	0.0028682332740929549	0.0013019849686972428	0.0011351592202219437	0.0033029355217925964		0.10		0.05	0.0028682332740929549	0.0033029355217925964	UNIDENTIFIABLE
ANGLE|B|S1-C2-F4	GEO_B_REVISED	angle	CC_FOURIER_4	8.5578151604975182e-05	-0.0013093418605023724	-0.00077392756835135902	0.0022570405100272683		0.10		0.05	8.5578151604975182e-05	0.0022570405100272683	UNIDENTIFIABLE
ANGLE|B|S1-C2-C1	GEO_B_REVISED	angle	CC_FOURIER_1	0.001111884406982633	0.003291441821968361	0.002207214954794407	0.0032822795960506016		0.10		0.05	0.001111884406982633	0.0032822795960506016	UNIDENTIFIABLE
ANGLE|B|S1-C2-C1	GEO_B_REVISED	angle	CC_FOURIER_2	-0.0028888772467024317	0.0018013327014247125	0.00011018520986306981	0.0076952621996249897		0.10		0.05	0.0028888772467024317	0.0076952621996249897	UNIDENTIFIABLE
ANGLE|B|S1-C2-C1	GEO_B_REVISED	angle	CC_FOURIER_3	-0.0024157887565627173	-8.5243536680485206e-05	0.00056521484104033858	0.0053163916324354488		0.10		0.05	0.0024157887565627173	0.0053163916324354488	UNIDENTIFIABLE
ANGLE|B|S1-C2-C1	GEO_B_REVISED	angle	CC_FOURIER_4	-0.00060743276526940024	0.00014423013525883914	-0.00033250436556775761	0.0010300959485137636		0.10		0.05	0.00060743276526940024	0.0010300959485137636	UNIDENTIFIABLE
ANGLE|B|F1-C1-F2	GEO_B_REVISED	angle	CC_FOURIER_1	-0.0030956821437206762	-0.0028453117588387697	-0.0028806619803860216	0.00047045378205170461	0.080877290774106506	0.10	0.069458088186089922	0.05	0.0030956821437206762	0.00047045378205170461	REVIEW
ANGLE|B|F1-C1-F2	GEO_B_REVISED	angle	CC_FOURIER_2	-0.00023304758976176	-0.00026877908873401349	-7.8876661730864882e-05	0.0001940053948805375	0.13294002573099631	0.10	0.66154268400072724	0.05	0.00023304758976176	0.0001940053948805375	REVIEW
ANGLE|B|F1-C1-F2	GEO_B_REVISED	angle	CC_FOURIER_3	-8.5123235509340495e-05	-0.00020854558295283922	-7.7670338944299677e-05	0.00013419253604199388		0.10		0.05	8.5123235509340495e-05	0.00013419253604199388	UNIDENTIFIABLE
ANGLE|B|F1-C1-F2	GEO_B_REVISED	angle	CC_FOURIER_4	2.1695081899780629e-05	3.2057276417522546e-05	9.7420393681380002e-05	8.8488178458174532e-05		0.10		0.05	2.1695081899780629e-05	8.8488178458174532e-05	UNIDENTIFIABLE
ANGLE|B|F1-C1-C2	GEO_B_REVISED	angle	CC_FOURIER_1	-0.0018362213425474117	-0.0021116363644178731	-0.0015202554455743061	0.00059435219263819644	0.13042729634294142	0.10	0.1720739704151148	0.05	0.0018362213425474117	0.00059435219263819644	REVIEW
ANGLE|B|F1-C1-C2	GEO_B_REVISED	angle	CC_FOURIER_2	-0.0001178230802127195	3.3547108261897252e-05	0.00070468736737586764	0.00097628839295759416		0.10		0.05	0.0001178230802127195	0.00097628839295759416	UNIDENTIFIABLE
ANGLE|B|F1-C1-C2	GEO_B_REVISED	angle	CC_FOURIER_3	-0.00016970708103764226	0.00054282574687760689	0.00069621401714900879	0.0015804006236010174		0.10		0.05	0.00016970708103764226	0.0015804006236010174	UNIDENTIFIABLE
ANGLE|B|F1-C1-C2	GEO_B_REVISED	angle	CC_FOURIER_4	0.00013092012076411748	-0.00025786387131481288	-0.00055983338495906542	0.0010809462911485839		0.10		0.05	0.00013092012076411748	0.0010809462911485839	UNIDENTIFIABLE
ANGLE|B|F1-C1-C3	GEO_B_REVISED	angle	CC_FOURIER_1	0.0013540346217011221	0.0015073012457763625	0.0013218726313698253	0.00018836841265315601	0.10168280859895247	0.10	0.023752708989738004	0.05	0.0013540346217011221	0.00018836841265315601	REVIEW
ANGLE|B|F1-C1-C3	GEO_B_REVISED	angle	CC_FOURIER_2	0.00053280646387134166	-0.00025545658075026059	-0.00033340791648690099	0.0016568596807131867		0.10		0.05	0.00053280646387134166	0.0016568596807131867	UNIDENTIFIABLE
ANGLE|B|F1-C1-C3	GEO_B_REVISED	angle	CC_FOURIER_3	0.0002706719500466813	-0.00068737907277954217	-0.00044235475304218314	0.0016730038039948667		0.10		0.05	0.0002706719500466813	0.0016730038039948667	UNIDENTIFIABLE
ANGLE|B|F1-C1-C3	GEO_B_REVISED	angle	CC_FOURIER_4	0.00028336553686246258	0.00052646553213072126	0.00034158310265428249	0.00030271143182331191		0.10		0.05	0.00028336553686246258	0.00030271143182331191	UNIDENTIFIABLE
ANGLE|B|F2-C1-C2	GEO_B_REVISED	angle	CC_FOURIER_1	0.00099912040567535511	-0.0001417097966325819	-0.00049874613563653737	0.0026416694735649964		0.10		0.05	0.00099912040567535511	0.0026416694735649964	UNIDENTIFIABLE
ANGLE|B|F2-C1-C2	GEO_B_REVISED	angle	CC_FOURIER_2	-0.00077830694770669219	0.00064361125490091503	-0.00055737878950341791	0.0016452552974320085		0.10		0.05	0.00077830694770669219	0.0016452552974320085	UNIDENTIFIABLE
ANGLE|B|F2-C1-C2	GEO_B_REVISED	angle	CC_FOURIER_3	-0.00076968412639830976	-0.00064126435727944399	-0.00058333063061751086	0.00031672091722328527	0.16684736597050312	0.10	0.24211684948321435	0.05	0.00076968412639830976	0.00031672091722328527	REVIEW
ANGLE|B|F2-C1-C2	GEO_B_REVISED	angle	CC_FOURIER_4	-0.00010520753674975655	0.00064054921664516754	0.00045372125600400378	0.0013060950301376985		0.10		0.05	0.00010520753674975655	0.0013060950301376985	UNIDENTIFIABLE
ANGLE|B|F2-C1-C3	GEO_B_REVISED	angle	CC_FOURIER_1	0.00056571699198781618	0.001262458349925765	0.0011332470827069507	0.0012672127031389149		0.10		0.05	0.00056571699198781618	0.0012672127031389149	UNIDENTIFIABLE
ANGLE|B|F2-C1-C3	GEO_B_REVISED	angle	CC_FOURIER_2	-0.00062100439132556861	0.00029410450996809428	0.00046148029559334267	0.0019999770237412772		0.10		0.05	0.00062100439132556861	0.0019999770237412772	UNIDENTIFIABLE
ANGLE|B|F2-C1-C3	GEO_B_REVISED	angle	CC_FOURIER_3	0.0001189988427288876	0.00086687966032051645	0.00060787329996515079	0.0012386823077876572		0.10		0.05	0.0001189988427288876	0.0012386823077876572	UNIDENTIFIABLE
ANGLE|B|F2-C1-C3	GEO_B_REVISED	angle	CC_FOURIER_4	-0.00038769181632365127	-0.00071933591850424823	-0.0004591104669061144	0.00040445731420898624		0.10		0.05	0.00038769181632365127	0.00040445731420898624	UNIDENTIFIABLE
ANGLE|B|F3-C2-F4	GEO_B_REVISED	angle	CC_FOURIER_1	1.7309075058672629e-05	0.00010501455920547288	-1.3625524686058917e-05	0.00012375341998966505		0.10		0.05	1.7309075058672629e-05	0.00012375341998966505	UNIDENTIFIABLE
ANGLE|B|F3-C2-F4	GEO_B_REVISED	angle	CC_FOURIER_2	-0.0009516073945057366	0.00043942389000286658	-3.8970992302573289e-05	0.0023078112554135596		0.10		0.05	0.0009516073945057366	0.0023078112554135596	UNIDENTIFIABLE
ANGLE|B|F3-C2-F4	GEO_B_REVISED	angle	CC_FOURIER_3	-0.00053690615525961091	-0.00018185238755433349	2.1897005554197368e-05	0.00091720704740326899		0.10		0.05	0.00053690615525961091	0.00091720704740326899	UNIDENTIFIABLE
ANGLE|B|F3-C2-F4	GEO_B_REVISED	angle	CC_FOURIER_4	-0.00010881922957314129	0.00013573187277551998	1.5825551467696115e-05	0.00037162031215944453		0.10		0.05	0.00010881922957314129	0.00037162031215944453	UNIDENTIFIABLE
ANGLE|B|F3-C2-C1	GEO_B_REVISED	angle	CC_FOURIER_1	-0.00080593446208579304	-0.00073053168051877314	-0.00053267301028269147	0.00035165143270496721	0.093559445729463231	0.10	0.33906162927428263	0.05	0.00080593446208579304	0.00035165143270496721	REVIEW
ANGLE|B|F3-C2-C1	GEO_B_REVISED	angle	CC_FOURIER_2	0.0011788189866130127	-0.00051666197206134913	0.00022954469829343798	0.0026471759095190459		0.10		0.05	0.0011788189866130127	0.0026471759095190459	UNIDENTIFIABLE
ANGLE|B|F3-C2-C1	GEO_B_REVISED	angle	CC_FOURIER_3	0.00081842128988233315	0.00035262906812663977	0.00022382623725941187	0.0010623444072722331		0.10		0.05	0.00081842128988233315	0.0010623444072722331	UNIDENTIFIABLE
ANGLE|B|F3-C2-C1	GEO_B_REVISED	angle	CC_FOURIER_4	0.00020483362219443993	-0.00025855802753957998	-0.00021806897131745277	0.00088771058793492318		0.10		0.05	0.00020483362219443993	0.00088771058793492318	UNIDENTIFIABLE
ANGLE|B|F4-C2-C1	GEO_B_REVISED	angle	CC_FOURIER_1	0.00087069191307188876	-1.9724046303216632e-05	-2.0084694754990269e-05	0.0017841800528676194		0.10		0.05	0.00087069191307188876	0.0017841800528676194	UNIDENTIFIABLE
ANGLE|B|F4-C2-C1	GEO_B_REVISED	angle	CC_FOURIER_2	-0.00037965483224285075	0.00038934634733650791	-0.00044152777978742679	0.0008332950209528992		0.10		0.05	0.00037965483224285075	0.0008332950209528992	UNIDENTIFIABLE
ANGLE|B|F4-C2-C1	GEO_B_REVISED	angle	CC_FOURIER_3	-0.00041497915325210382	-0.00029028444474642646	-0.00050204466197411126	0.0002137175364257111	0.30048427138681866	0.10	0.1734218393631623	0.05	0.00041497915325210382	0.0002137175364257111	REVIEW
ANGLE|B|F4-C2-C1	GEO_B_REVISED	angle	CC_FOURIER_4	-9.321327505748886e-05	0.00032718269246638092	0.00035949423097169194	0.00087451995410086139		0.10		0.05	9.321327505748886e-05	0.00087451995410086139	UNIDENTIFIABLE
ANGLE|B|F5-C3-F6	GEO_B_REVISED	angle	CC_FOURIER_1	0.00040413319353023214	2.6222674896997176e-05	6.6146716790991945e-05	0.00072096084692066867		0.10		0.05	0.00040413319353023214	0.00072096084692066867	UNIDENTIFIABLE
ANGLE|B|F5-C3-F6	GEO_B_REVISED	angle	CC_FOURIER_2	-0.00052612355783939293	0.00028726328161191223	3.7816061305425666e-05	0.0013814299302315188		0.10		0.05	0.00052612355783939293	0.0013814299302315188	UNIDENTIFIABLE
ANGLE|B|F5-C3-F6	GEO_B_REVISED	angle	CC_FOURIER_3	-0.000538614120631804	-9.7894806548351484e-05	5.8711010654999948e-05	0.0010413621458601177		0.10		0.05	0.000538614120631804	0.0010413621458601177	UNIDENTIFIABLE
ANGLE|B|F5-C3-F6	GEO_B_REVISED	angle	CC_FOURIER_4	-1.3914334641250043e-05	0.00011237883501722199	-4.1595126474546511e-05	0.00015637492603456631		0.10		0.05	1.3914334641250043e-05	0.00015637492603456631	UNIDENTIFIABLE
ANGLE|B|F5-C3-C1	GEO_B_REVISED	angle	CC_FOURIER_1	0.00052265845335231333	0.00016164495767431841	-1.7844963603264012e-05	0.00090445950636394051		0.10		0.05	0.00052265845335231333	0.00090445950636394051	UNIDENTIFIABLE
ANGLE|B|F5-C3-C1	GEO_B_REVISED	angle	CC_FOURIER_2	0.0011527422896027029	0.00027731820655723576	9.8667995055422576e-05	0.0019318828982922459		0.10		0.05	0.0011527422896027029	0.0019318828982922459	UNIDENTIFIABLE
ANGLE|B|F5-C3-C1	GEO_B_REVISED	angle	CC_FOURIER_3	0.00076592422072691978	0.00013427041253445178	8.6917029074162004e-05	0.0013125889100264873		0.10		0.05	0.00076592422072691978	0.0013125889100264873	UNIDENTIFIABLE
ANGLE|B|F5-C3-C1	GEO_B_REVISED	angle	CC_FOURIER_4	-0.00013913795491287306	0.00010729645316450813	-3.4816757992966876e-05	0.00035215080151669033		0.10		0.05	0.00013913795491287306	0.00035215080151669033	UNIDENTIFIABLE
ANGLE|B|F5-C3-C4	GEO_B_REVISED	angle	CC_FOURIER_1	-5.6722833876718323e-05	0.00037545865343719136	0.00064676283630542113	0.0011416052444279631		0.10		0.05	5.6722833876718323e-05	0.0011416052444279631	UNIDENTIFIABLE
ANGLE|B|F5-C3-C4	GEO_B_REVISED	angle	CC_FOURIER_2	0.0012097075026254122	-0.00030021518778572479	0.00020754246626619347	0.00251689963369314		0.10		0.05	0.0012097075026254122	0.00251689963369314	UNIDENTIFIABLE
ANGLE|B|F5-C3-C4	GEO_B_REVISED	angle	CC_FOURIER_3	0.0011204999194999606	0.00057978494049889433	0.00021446537186961106	0.0014506400039073285		0.10		0.05	0.0011204999194999606	0.0014506400039073285	UNIDENTIFIABLE
ANGLE|B|F5-C3-C4	GEO_B_REVISED	angle	CC_FOURIER_4	-8.35050617292804e-05	-0.00048799294222003976	-0.00013465839459411483	0.00045845668510671815		0.10		0.05	8.35050617292804e-05	0.00045845668510671815	UNIDENTIFIABLE
ANGLE|B|F6-C3-C1	GEO_B_REVISED	angle	CC_FOURIER_1	-0.0005096479934856051	-6.6909912302604303e-05	-7.1001245591241578e-05	0.000884323666452212		0.10		0.05	0.0005096479934856051	0.000884323666452212	UNIDENTIFIABLE
ANGLE|B|F6-C3-C1	GEO_B_REVISED	angle	CC_FOURIER_2	0.00063233006798881451	-0.0002041603291144121	0.00013348495364397055	0.0013377169905842718		0.10		0.05	0.00063233006798881451	0.0013377169905842718	UNIDENTIFIABLE
ANGLE|B|F6-C3-C1	GEO_B_REVISED	angle	CC_FOURIER_3	0.00051229848300544012	0.00040577694701733933	0.00020068408173824648	0.00042006138831066379	0.20792865784646417	0.10	0.60826727309259776	0.05	0.00051229848300544012	0.00042006138831066379	REVIEW
ANGLE|B|F6-C3-C1	GEO_B_REVISED	angle	CC_FOURIER_4	-0.00011565582986342688	-0.00034854213153267014	-0.00017738289831116462	0.00029600678490502511		0.10		0.05	0.00011565582986342688	0.00029600678490502511	UNIDENTIFIABLE
ANGLE|B|F6-C3-C4	GEO_B_REVISED	angle	CC_FOURIER_1	-0.00056898363606119483	1.3709499034010782e-05	0.00050200186055558661	0.0016596092059698267		0.10		0.05	0.00056898363606119483	0.0016596092059698267	UNIDENTIFIABLE
ANGLE|B|F6-C3-C4	GEO_B_REVISED	angle	CC_FOURIER_2	-0.00027027318692785744	-0.0007856141518766918	0.00034818481509915785	0.0011386047908019934		0.10		0.05	0.00027027318692785744	0.0011386047908019934	UNIDENTIFIABLE
ANGLE|B|F6-C3-C4	GEO_B_REVISED	angle	CC_FOURIER_3	-0.00020298078896496092	-0.00012026004496016443	0.00019286419325037851	0.00048245128526848354		0.10		0.05	0.00020298078896496092	0.00048245128526848354	UNIDENTIFIABLE
ANGLE|B|F6-C3-C4	GEO_B_REVISED	angle	CC_FOURIER_4	0.0003805958142351903	9.7944407051401038e-06	-8.4145120613623488e-05	0.00083835421668479351		0.10		0.05	0.0003805958142351903	0.00083835421668479351	UNIDENTIFIABLE
ANGLE|B|F7-C4-F8	GEO_B_REVISED	angle	CC_FOURIER_1	0.00037753185840317142	-0.00013305787964101222	-5.5691888976528654e-05	0.00094893179757861565		0.10		0.05	0.00037753185840317142	0.00094893179757861565	UNIDENTIFIABLE
ANGLE|B|F7-C4-F8	GEO_B_REVISED	angle	CC_FOURIER_2	0.0003896958876339845	0.00011149255550518322	9.5314334573858909e-05	0.0005767324856955022		0.10		0.05	0.0003896958876339845	0.0005767324856955022	UNIDENTIFIABLE
ANGLE|B|F7-C4-F8	GEO_B_REVISED	angle	CC_FOURIER_3	0.00013434598229776092	7.9384123754079302e-05	0.00011037791566284632	8.2283301585028609e-05	0.40910682704202939	0.10	0.17840553342185109	0.05	0.00013434598229776092	8.2283301585028609e-05	REVIEW
ANGLE|B|F7-C4-F8	GEO_B_REVISED	angle	CC_FOURIER_4	3.4657416635698323e-05	9.6613937324581929e-05	-5.8563497016171073e-05	0.00015760421953236361		0.10		0.05	3.4657416635698323e-05	0.00015760421953236361	UNIDENTIFIABLE
ANGLE|B|F7-C4-F9	GEO_B_REVISED	angle	CC_FOURIER_1	6.7916539148337634e-05	7.3329831435533352e-05	6.3144398313594798e-05	1.5311094075761304e-05	0.073821147290577385	0.10	0.070264782254583436	0.05	6.7916539148337634e-05	1.5311094075761304e-05	REVIEW
ANGLE|B|F7-C4-F9	GEO_B_REVISED	angle	CC_FOURIER_2	-0.00043954268331069217	0.00024244218363155118	-4.433979402642062e-05	0.0010813413168413474		0.10		0.05	0.00043954268331069217	0.0010813413168413474	UNIDENTIFIABLE
ANGLE|B|F7-C4-F9	GEO_B_REVISED	angle	CC_FOURIER_3	-0.00039447367103091112	-7.0920741280782314e-05	-2.6992291938619575e-06	0.00071868556599886772		0.10		0.05	0.00039447367103091112	0.00071868556599886772	UNIDENTIFIABLE
ANGLE|B|F7-C4-F9	GEO_B_REVISED	angle	CC_FOURIER_4	8.0268767793485336e-06	6.757662678367156e-05	8.3450318342135292e-06	6.2298174327946642e-05		0.10		0.05	8.0268767793485336e-06	6.2298174327946642e-05	UNIDENTIFIABLE
ANGLE|B|F7-C4-C3	GEO_B_REVISED	angle	CC_FOURIER_1	0.0014965022106048988	0.00028889584246886843	-8.1445113666201821e-05	0.0027904310726110568		0.10		0.05	0.0014965022106048988	0.0027904310726110568	UNIDENTIFIABLE
ANGLE|B|F7-C4-C3	GEO_B_REVISED	angle	CC_FOURIER_2	0.0018805762552641454	-3.3702263687255709e-05	-0.0002087587517605437	0.0040075658963631558		0.10		0.05	0.0018805762552641454	0.0040075658963631558	UNIDENTIFIABLE
ANGLE|B|F7-C4-C3	GEO_B_REVISED	angle	CC_FOURIER_3	0.0010381725796100049	0.00012427459722878561	-0.00016343562417516587	0.0021187017169718779		0.10		0.05	0.0010381725796100049	0.0021187017169718779	UNIDENTIFIABLE
ANGLE|B|F7-C4-C3	GEO_B_REVISED	angle	CC_FOURIER_4	-7.8071810122283674e-05	0.00012386997291382774	-1.509104688897093e-05	0.000267235095743448		0.10		0.05	7.8071810122283674e-05	0.000267235095743448	UNIDENTIFIABLE
ANGLE|B|F8-C4-F9	GEO_B_REVISED	angle	CC_FOURIER_1	0.00029666235986225317	1.0753927328327759e-06	7.493419991133118e-05	0.00052243120988438641		0.10		0.05	0.00029666235986225317	0.00052243120988438641	UNIDENTIFIABLE
ANGLE|B|F8-C4-F9	GEO_B_REVISED	angle	CC_FOURIER_2	-0.00018927039569502298	0.00011352156282363489	9.8850204001084706e-05	0.0005950583514992083		0.10		0.05	0.00018927039569502298	0.0005950583514992083	UNIDENTIFIABLE
ANGLE|B|F8-C4-F9	GEO_B_REVISED	angle	CC_FOURIER_3	-0.00023274043406387986	-3.0753501336664811e-05	4.5828431611114459e-05	0.00048390771443377543		0.10		0.05	0.00023274043406387986	0.00048390771443377543	UNIDENTIFIABLE
ANGLE|B|F8-C4-F9	GEO_B_REVISED	angle	CC_FOURIER_4	6.8251215115214969e-05	0.00010229017545759027	-6.2549436639361929e-05	0.00016726533981801991		0.10		0.05	6.8251215115214969e-05	0.00016726533981801991	UNIDENTIFIABLE
ANGLE|B|F8-C4-C3	GEO_B_REVISED	angle	CC_FOURIER_1	-0.0022415476364754036	-1.8956411966020907e-05	0.00029222293689561217	0.0047612295998903089		0.10		0.05	0.0022415476364754036	0.0047612295998903089	UNIDENTIFIABLE
ANGLE|B|F8-C4-C3	GEO_B_REVISED	angle	CC_FOURIER_2	-0.0013078348802070643	-0.00016702106622454242	5.6433269152896449e-05	0.0025090265663633188		0.10		0.05	0.0013078348802070643	0.0025090265663633188	UNIDENTIFIABLE
ANGLE|B|F8-C4-C3	GEO_B_REVISED	angle	CC_FOURIER_3	-0.00041645917913788182	0.0002337183775074281	0.00015180554263696274	0.0012216315308165558		0.10		0.05	0.00041645917913788182	0.0012216315308165558	UNIDENTIFIABLE
ANGLE|B|F8-C4-C3	GEO_B_REVISED	angle	CC_FOURIER_4	-0.00013334350146676361	-0.00057185931300921314	-1.1604099829515268e-05	0.00056256322108506321		0.10		0.05	0.00013334350146676361	0.00056256322108506321	UNIDENTIFIABLE
ANGLE|B|F9-C4-C3	GEO_B_REVISED	angle	CC_FOURIER_1	6.597485620276887e-05	-0.00022367230958206561	-0.00027257625102391456	0.00063307342384177998		0.10		0.05	6.597485620276887e-05	0.00063307342384177998	UNIDENTIFIABLE
ANGLE|B|F9-C4-C3	GEO_B_REVISED	angle	CC_FOURIER_2	-0.00039390707477245492	-0.00019971603491095443	3.1087864965864208e-05	0.0006231365427461353		0.10		0.05	0.00039390707477245492	0.0006231365427461353	UNIDENTIFIABLE
ANGLE|B|F9-C4-C3	GEO_B_REVISED	angle	CC_FOURIER_3	-0.00021000680397575557	-0.00032992667997364615	-0.00011128916919257802	0.00022183158119665035		0.10		0.05	0.00021000680397575557	0.00022183158119665035	UNIDENTIFIABLE
ANGLE|B|F9-C4-C3	GEO_B_REVISED	angle	CC_FOURIER_4	0.00011524321237871227	0.00020848771771459222	0.00011930863672961943	9.9621421679383306e-05	0.44724219900342693	0.10	0.034074853777102017	0.05	0.00011524321237871227	9.9621421679383306e-05	REVIEW
ANGLE|B|O1-S1-O2	GEO_B_REVISED	angle	CC_FOURIER_1	0.0002899903310415419	-6.8715634256198157e-06	-3.2772194828764535e-05	0.00062438279690889427		0.10		0.05	0.0002899903310415419	0.00062438279690889427	UNIDENTIFIABLE
ANGLE|B|O1-S1-O2	GEO_B_REVISED	angle	CC_FOURIER_2	-1.0351921442745455e-06	0.00036588956209576923	0.00013253820290538043	0.00050435407519492173		0.10		0.05	1.0351921442745455e-06	0.00050435407519492173	UNIDENTIFIABLE
ANGLE|B|O1-S1-O2	GEO_B_REVISED	angle	CC_FOURIER_3	-0.00028082618010197595	-0.0001012526473673771	0.00015397152264819144	0.00061748878845405684		0.10		0.05	0.00028082618010197595	0.00061748878845405684	UNIDENTIFIABLE
ANGLE|B|O1-S1-O2	GEO_B_REVISED	angle	CC_FOURIER_4	8.8560995811249574e-05	0.00014926374406428743	-6.5096446892925458e-05	0.00021661631524938461		0.10		0.05	8.8560995811249574e-05	0.00021661631524938461	UNIDENTIFIABLE
ANGLE|B|O1-S1-O3	GEO_B_REVISED	angle	CC_FOURIER_1	0.00058412713048758822	-4.3048863749035056e-05	2.8106783657583366e-05	0.001187956207163852		0.10		0.05	0.00058412713048758822	0.001187956207163852	UNIDENTIFIABLE
ANGLE|B|O1-S1-O3	GEO_B_REVISED	angle	CC_FOURIER_2	-0.00091095483044571312	0.00077753974096456352	4.1254418937639396e-06	0.0026074319841469778		0.10		0.05	0.00091095483044571312	0.0026074319841469778	UNIDENTIFIABLE
ANGLE|B|O1-S1-O3	GEO_B_REVISED	angle	CC_FOURIER_3	-0.00055806723371417224	-0.00016646208209334916	6.1570417706439636e-05	0.0010143613444189355		0.10		0.05	0.00055806723371417224	0.0010143613444189355	UNIDENTIFIABLE
ANGLE|B|O1-S1-O3	GEO_B_REVISED	angle	CC_FOURIER_4	-0.00013410000702907958	0.00019992668118590964	-3.5675544676530698e-05	0.00043470798835059163		0.10		0.05	0.00013410000702907958	0.00043470798835059163	UNIDENTIFIABLE
ANGLE|B|O1-S1-C2	GEO_B_REVISED	angle	CC_FOURIER_1	0.00020924078773651628	0.0007406289013289543	-0.00024317836977677551	0.00098813287631228713		0.10		0.05	0.00020924078773651628	0.00098813287631228713	UNIDENTIFIABLE
ANGLE|B|O1-S1-C2	GEO_B_REVISED	angle	CC_FOURIER_2	0.00065748382223105716	-0.00016842633470824813	-0.00030025365839966779	0.0017871528870885486		0.10		0.05	0.00065748382223105716	0.0017871528870885486	UNIDENTIFIABLE
ANGLE|B|O1-S1-C2	GEO_B_REVISED	angle	CC_FOURIER_3	0.00080490735333624362	0.00017379131685771432	-0.00023377135154124535	0.0016726287700118061		0.10		0.05	0.00080490735333624362	0.0016726287700118061	UNIDENTIFIABLE
ANGLE|B|O1-S1-C2	GEO_B_REVISED	angle	CC_FOURIER_4	-0.00032525506377649801	-0.00031112740105388641	0.0001484055077900066	0.0004898391673173047		0.10		0.05	0.00032525506377649801	0.0004898391673173047	UNIDENTIFIABLE
ANGLE|B|O2-S1-O3	GEO_B_REVISED	angle	CC_FOURIER_1	0.00024109776349525529	-0.0003862055992568621	-0.00013059516696756635	0.0010037551646828347		0.10		0.05	0.00024109776349525529	0.0010037551646828347	UNIDENTIFIABLE
ANGLE|B|O2-S1-O3	GEO_B_REVISED	angle	CC_FOURIER_2	-0.00022546002168984783	3.6548289777496117e-05	7.1872100171841666e-05	0.00056319676028396097		0.10		0.05	0.00022546002168984783	0.00056319676028396097	UNIDENTIFIABLE
ANGLE|B|O2-S1-O3	GEO_B_REVISED	angle	CC_FOURIER_3	-0.00043617551687902977	0.00014667726239422644	6.2464611058106828e-05	0.0010846107906405218		0.10		0.05	0.00043617551687902977	0.0010846107906405218	UNIDENTIFIABLE
ANGLE|B|O2-S1-O3	GEO_B_REVISED	angle	CC_FOURIER_4	-2.6601745242266262e-05	0.00016460409983037845	-9.8236415046674166e-05	0.00026509687467017395		0.10		0.05	2.6601745242266262e-05	0.00026509687467017395	UNIDENTIFIABLE
ANGLE|B|O2-S1-C2	GEO_B_REVISED	angle	CC_FOURIER_1	0.00035024849207956888	-0.00041366389548563545	-4.6968318422575472e-05	0.0011654538086327264		0.10		0.05	0.00035024849207956888	0.0011654538086327264	UNIDENTIFIABLE
ANGLE|B|O2-S1-C2	GEO_B_REVISED	angle	CC_FOURIER_2	0.00088253674567909004	3.6642689455215317e-05	9.3222702187638665e-05	0.0016387125357819503		0.10		0.05	0.00088253674567909004	0.0016387125357819503	UNIDENTIFIABLE
ANGLE|B|O2-S1-C2	GEO_B_REVISED	angle	CC_FOURIER_3	0.00015238410478386771	0.00015584888862254069	3.5011281501879221e-05	0.00012367097782132176	0.022231687818220772	0.10	0.77024321827045483	0.05	0.00015238410478386771	0.00012367097782132176	REVIEW
ANGLE|B|O2-S1-C2	GEO_B_REVISED	angle	CC_FOURIER_4	0.00015650989117442382	7.5692728492103995e-05	-4.1150631234870639e-05	0.00028052814012425394		0.10		0.05	0.00015650989117442382	0.00028052814012425394	UNIDENTIFIABLE
ANGLE|B|O3-S1-C2	GEO_B_REVISED	angle	CC_FOURIER_1	-0.0018377619503286116	0.00016914208194427716	0.00044352340337634922	0.0042925154860764874		0.10		0.05	0.0018377619503286116	0.0042925154860764874	UNIDENTIFIABLE
ANGLE|B|O3-S1-C2	GEO_B_REVISED	angle	CC_FOURIER_2	-0.00021685643698401207	-0.0012270773171732731	-3.0950145630409296e-05	0.0011996328221075096		0.10		0.05	0.00021685643698401207	0.0011996328221075096	UNIDENTIFIABLE
ANGLE|B|O3-S1-C2	GEO_B_REVISED	angle	CC_FOURIER_3	0.00051090926460450469	-0.00018717787758366596	-0.00011990542187243918	0.0013317361877788556		0.10		0.05	0.00051090926460450469	0.0013317361877788556	UNIDENTIFIABLE
ANGLE|B|O3-S1-C2	GEO_B_REVISED	angle	CC_FOURIER_4	0.00025410749049136036	-0.00035431484783569238	0.00012056694156777531	0.00074401405577770308		0.10		0.05	0.00025410749049136036	0.00074401405577770308	UNIDENTIFIABLE
ANGLE|B|C1-C3-C4	GEO_B_REVISED	angle	CC_FOURIER_1	8.807182151873061e-05	-0.00079239412602167441	-0.0012880834930319694	0.0022645604244052073		0.10		0.05	8.807182151873061e-05	0.0022645604244052073	UNIDENTIFIABLE
ANGLE|B|C1-C3-C4	GEO_B_REVISED	angle	CC_FOURIER_2	-0.0051249473851545883	0.00070495463281299844	-0.0013180940808303423	0.0096431888051957005		0.10		0.05	0.0051249473851545883	0.0096431888051957005	UNIDENTIFIABLE
ANGLE|B|C1-C3-C4	GEO_B_REVISED	angle	CC_FOURIER_3	-0.0037579537548395798	-0.0018238389472606598	-0.00130554752063822	0.0043917225797255131		0.10		0.05	0.0037579537548395798	0.0043917225797255131	UNIDENTIFIABLE
ANGLE|B|C1-C3-C4	GEO_B_REVISED	angle	CC_FOURIER_4	0.00032643106180149916	0.0010399498463702556	0.00085694239486988372	0.0012477943756066469		0.10		0.05	0.00032643106180149916	0.0012477943756066469	UNIDENTIFIABLE
ANGLE|B|C2-C1-C3	GEO_B_REVISED	angle	CC_FOURIER_1	0.0016022867065015125	0.0029243485528810086	0.0031904064963856767	0.0029181350131993002		0.10		0.05	0.0016022867065015125	0.0029181350131993002	UNIDENTIFIABLE
ANGLE|B|C2-C1-C3	GEO_B_REVISED	angle	CC_FOURIER_2	0.0029488628360020011	-0.0015452446998185819	-0.00052601506900375736	0.0079754304304770676		0.10		0.05	0.0029488628360020011	0.0079754304304770676	UNIDENTIFIABLE
ANGLE|B|C2-C1-C3	GEO_B_REVISED	angle	CC_FOURIER_3	0.0016628984126900506	0.00015064511933233479	-0.00053325877634164418	0.0037136213282401281		0.10		0.05	0.0016628984126900506	0.0037136213282401281	UNIDENTIFIABLE
ANGLE|B|C2-C1-C3	GEO_B_REVISED	angle	CC_FOURIER_4	0.00018649065640793198	-0.00060593927312433673	0.00038257919809527193	0.00099228946972543079		0.10		0.05	0.00018649065640793198	0.00099228946972543079	UNIDENTIFIABLE
PES|T_CC_000	T_CC_000	profile_energy	CC_FOURIER_1	0.066954601777184583	0.066971150688490341	0.066966838217713529	2.8785357413755892e-05	0.00024710507637436025	0.10	0.00018272388027584633	0.05	0.066954601777184583	2.8785357413755892e-05	PASS
PES|T_CC_000	T_CC_000	profile_energy	CC_FOURIER_2	-0.048006691084904171	-0.047992795960961655	-0.047973497856917145	4.7088356450495138e-05	0.00028944140136509452	0.10	0.00069142919949056005	0.05	0.048006691084904171	4.7088356450495138e-05	PASS
PES|T_CC_000	T_CC_000	profile_energy	CC_FOURIER_3	0.058169332736519613	0.058188905025255637	0.058177872843340556	2.8112399212193984e-05	0.00033635774255467938	0.10	0.00014679304009513757	0.05	0.058169332736519613	2.8112399212193984e-05	PASS
PES|T_CC_000	T_CC_000	profile_energy	CC_FOURIER_4	0.022437208220353028	0.022461833154541474	0.022453665152041582	4.1081868522236486e-05	0.0010963011798290111	0.10	0.0007329285253484712	0.05	0.022437208220353028	4.1081868522236486e-05	PASS
PES|T_CC_030	T_CC_030	profile_energy	CC_FOURIER_1	0.047100682594615847	0.047144903802134139	0.047142342298481014	8.5880916438201528e-05	0.00093798489236262888	0.10	0.00088370033888853492	0.05	0.047100682594615847	8.5880916438201528e-05	PASS
PES|T_CC_030	T_CC_030	profile_energy	CC_FOURIER_2	-0.035114605786885265	-0.035121166841909822	-0.035103145660971675	1.8021185034224866e-05	0.00018681198873857598	0.10	0.00032636350762821565	0.05	0.035114605786885265	1.8021185034224866e-05	PASS
PES|T_CC_030	T_CC_030	profile_energy	CC_FOURIER_3	0.038755443852846065	0.038764867271381093	0.038761814889012418	1.5794458013097807e-05	0.00024309172708001397	0.10	0.0001643637219927663	0.05	0.038755443852846065	1.5794458013097807e-05	PASS
PES|T_CC_030	T_CC_030	profile_energy	CC_FOURIER_4	0.011221618747426955	0.011222620709829757	0.011215006172968296	7.6145392581032283e-06	8.9280608220539457e-05	0.10	0.00058927099623441335	0.05	0.011221618747426955	7.6145392581032283e-06	PASS
PES|T_CC_060	T_CC_060	profile_energy	CC_FOURIER_1	0.0086955476368098163	0.0086400061848296468	0.0086399371199660496	0.00011115197332316624	0.0063873437648771635	0.10	0.0063952863196743885	0.05	0.0086955476368098163	0.00011115197332316624	PASS
PES|T_CC_060	T_CC_060	profile_energy	CC_FOURIER_2	-3.484680120695849e-05	-1.6003837800304795e-05	8.7940495835365369e-06	6.2483817843076293e-05		0.10		0.05	3.484680120695849e-05	6.2483817843076293e-05	UNIDENTIFIABLE
PES|T_CC_060	T_CC_060	profile_energy	CC_FOURIER_3	-1.2274229840710518e-07	-1.0100539448655574e-05	-6.9987318582907413e-06	1.6853789657903447e-05		0.10		0.05	1.2274229840710518e-07	1.6853789657903447e-05	UNIDENTIFIABLE
PES|T_CC_060	T_CC_060	profile_energy	CC_FOURIER_4	-8.1295653491123289e-06	3.4729041629934027e-06	-1.5039402566794647e-07	1.9581642968805576e-05		0.10		0.05	8.1295653491123289e-06	1.9581642968805576e-05	UNIDENTIFIABLE
PES|T_CC_090	T_CC_090	profile_energy	CC_FOURIER_1	-0.056425100963705503	-0.056534501652844189	-0.056521627792139179	0.00020592752214648974	0.0019351137082709623	0.10	0.0017077857132610746	0.05	0.056425100963705503	0.00020592752214648974	PASS
PES|T_CC_090	T_CC_090	profile_energy	CC_FOURIER_2	0.047942750395319832	0.047974383522332964	0.047987919012498041	7.6801747897952701e-05	0.00065937537265917145	0.10	0.00094124975843286199	0.05	0.047942750395319832	7.6801747897952701e-05	PASS
PES|T_CC_090	T_CC_090	profile_energy	CC_FOURIER_3	-0.019395631636252731	-0.019370015274248604	-0.019390135705971184	3.1112295282514107e-05	0.0013207284240358119	0.10	0.00028335918028443528	0.05	0.019395631636252731	3.1112295282514107e-05	PASS
PES|T_CC_090	T_CC_090	profile_energy	CC_FOURIER_4	0.011230330406688527	0.01123783876596467	0.011234202135214746	1.1380089971127776e-05	0.00066813196313898629	0.10	0.00034463760573463152	0.05	0.011230330406688527	1.1380089971127776e-05	PASS
PES|T_CC_120	T_CC_120	profile_energy	CC_FOURIER_1	-0.12551156333458582	-0.12557320303202521	-0.12557172952010745	0.00012180588736913338	0.00049086664950057969	0.10	0.00047913798552875694	0.05	0.12551156333458582	0.00012180588736913338	PASS
PES|T_CC_120	T_CC_120	profile_energy	CC_FOURIER_2	0.095904286864763058	0.095913387306652872	0.095929885205361845	3.4698786060695334e-05	9.4881873587871572e-05	0.10	0.00026684427427372951	0.05	0.095904286864763058	3.4698786060695334e-05	PASS
PES|T_CC_120	T_CC_120	profile_energy	CC_FOURIER_3	4.0408274747006003e-06	-2.0682955664057093e-06	-6.8414287343810093e-07	1.0834096277321305e-05		0.10		0.05	4.0408274747006003e-06	1.0834096277321305e-05	UNIDENTIFIABLE
PES|T_CC_120	T_CC_120	profile_energy	CC_FOURIER_4	0.022450311328036505	0.022460999383915985	0.022453668932393939	1.4045662326971039e-05	0.0004758495246268272	0.10	0.00014953477614478299	0.05	0.022450311328036505	1.4045662326971039e-05	PASS
PES|T_CC_150	T_CC_150	profile_energy	CC_FOURIER_1	-0.18330630931223041	-0.18334228340998324	-0.18334281330950764	7.2478099295424211e-05	0.00019621277254622076	0.10	0.00019910241704212638	0.05	0.18330630931223041	7.2478099295424211e-05	PASS
PES|T_CC_150	T_CC_150	profile_energy	CC_FOURIER_2	0.13108992938997938	0.13104596621440151	0.13106086052232621	7.3032046687426198e-05	0.00033536653641089197	0.10	0.00022174752697202071	0.05	0.13108992938997938	7.3032046687426198e-05	PASS
PES|T_CC_150	T_CC_150	profile_energy	CC_FOURIER_3	0.038765490520918863	0.038796091032350474	0.038799179101242143	6.4289094549420451e-05	0.00078875243915925723	0.10	0.00086828074984197164	0.05	0.038765490520918863	6.4289094549420451e-05	PASS
PES|T_CC_150	T_CC_150	profile_energy	CC_FOURIER_4	0.011232267042656063	0.011222682498923376	0.011220355735454768	2.1495852956340744e-05	0.00085330447507067978	0.10	0.0010604544172659631	0.05	0.011232267042656063	2.1495852956340744e-05	PASS
PES|T_CC_180	T_CC_180	profile_energy	CC_FOURIER_1	-0.19982845899609336	-0.19993405612129581	-0.19995333711752644	0.00023047525094260603	0.00052815977053144469	0.10	0.00062453632049002121	0.05	0.19982845899609336	0.00023047525094260603	PASS
PES|T_CC_180	T_CC_180	profile_energy	CC_FOURIER_2	0.14388175344266951	0.14387553206432058	0.14390257838849693	2.7046327666586509e-05	4.3239522733611636e-05	0.10	0.00014471558508977821	0.05	0.14388175344266951	2.7046327666586509e-05	PASS
PES|T_CC_180	T_CC_180	profile_energy	CC_FOURIER_3	0.058194933774935356	0.058185807017100917	0.05817842891388382	2.5631621707868732e-05	0.00015683079681362458	0.10	0.00028361336599105837	0.05	0.058194933774935356	2.5631621707868732e-05	PASS
PES|T_CC_180	T_CC_180	profile_energy	CC_FOURIER_4	-6.3747817386187474e-05	-1.9827519875939199e-06	7.2870870544371771e-07	0.0001262415935323854		0.10		0.05	6.3747817386187474e-05	0.0001262415935323854	UNIDENTIFIABLE
PES|T_CC_210	T_CC_210	profile_energy	CC_FOURIER_1	-0.1872595537373731	-0.1873215047525065	-0.187316314060195	0.00011871134216391914	0.00033072025134140462	0.10	0.00030301857639402903	0.05	0.1872595537373731	0.00011871134216391914	PASS
PES|T_CC_210	T_CC_210	profile_energy	CC_FOURIER_2	0.13102721642823759	0.13104073617276221	0.13105996882334853	4.6272143045991746e-05	0.00010317207396333438	0.10	0.00024990388297045039	0.05	0.13102721642823759	4.6272143045991746e-05	PASS
PES|T_CC_210	T_CC_210	profile_energy	CC_FOURIER_3	0.038805909884662884	0.038807502490219435	0.038800562965967234	6.9395270095323232e-06	4.1038599609763021e-05	0.10	0.00013778619575065986	0.05	0.038805909884662884	6.9395270095323232e-06	PASS
PES|T_CC_210	T_CC_210	profile_energy	CC_FOURIER_4	0.011221274923856793	0.011223033391327079	0.011220026420593533	3.0069727289806718e-06	0.00015668379563448675	0.10	0.00011126215797506226	0.05	0.011221274923856793	3.0069727289806718e-06	PASS
PES|T_CC_240	T_CC_240	profile_energy	CC_FOURIER_1	-0.13918363258707803	-0.1392082319980999	-0.13920321205724576	4.4178885683350536e-05	0.00017670945653706192	0.10	0.00014065386766849917	0.05	0.13918363258707803	4.4178885683350536e-05	PASS
PES|T_CC_240	T_CC_240	profile_energy	CC_FOURIER_2	0.095925605632134162	0.095920677785018324	0.095942092144639099	2.1414363262252322e-05	5.137155072791973e-05	0.10	0.00017183815921048356	0.05	0.095925605632134162	2.1414363262252322e-05	PASS
PES|T_CC_240	T_CC_240	profile_energy	CC_FOURIER_3	7.1875966837029962e-06	1.187107246987823e-05	9.3989034322543001e-06	6.8947854789034086e-06	0.39452844703451428	0.10	0.23527284480471872	0.05	7.1875966837029962e-06	6.8947854789034086e-06	REVIEW
PES|T_CC_240	T_CC_240	profile_energy	CC_FOURIER_4	0.022453850834514295	0.022459656429068359	0.022453578694239213	6.0777369598002439e-06	0.00025848990933580992	0.10	1.2119982317865124e-05	0.05	0.022453850834514295	6.0777369598002439e-06	PASS
PES|T_CC_270	T_CC_270	profile_energy	CC_FOURIER_1	-0.058584499763123105	-0.058633250228724745	-0.058634882700553899	9.9133407446769914e-05	0.00083144743659046964	0.10	0.00085926559601215609	0.05	0.058584499763123105	9.9133407446769914e-05	PASS
PES|T_CC_270	T_CC_270	profile_energy	CC_FOURIER_2	0.047947643131157035	0.047944893580309976	0.047946171088637995	4.2215969432399077e-06	5.7344859256951675e-05	0.10	3.0701040195293969e-05	0.05	0.047947643131157035	4.2215969432399077e-06	PASS
PES|T_CC_270	T_CC_270	profile_energy	CC_FOURIER_3	-0.019330285084578833	-0.01938924213715533	-0.019386944400404355	0.00011561637129416773	0.0030407094903167216	0.10	0.0029225500757272924	0.05	0.019330285084578833	0.00011561637129416773	PASS
PES|T_CC_270	T_CC_270	profile_energy	CC_FOURIER_4	0.011203905620693906	0.011198133617931011	0.011220995330652123	2.2861714814117748e-05	0.00051517773875514887	0.10	0.0015230119481052908	0.05	0.011203905620693906	2.2861714814117748e-05	PASS
PES|T_CC_330	T_CC_330	profile_energy	CC_FOURIER_1	0.037942384600619092	0.037857746234930573	0.037844525533601493	0.00018249743737853733	0.0022307075999418897	0.10	0.0025791490979721349	0.05	0.037942384600619092	0.00018249743737853733	PASS
PES|T_CC_330	T_CC_330	profile_energy	CC_FOURIER_2	-0.03514864673427022	-0.035126722011416554	-0.035097888162737435	7.2683298172719271e-05	0.00062377146464329114	0.10	0.0014441116870452461	0.05	0.03514864673427022	7.2683298172719271e-05	PASS
PES|T_CC_330	T_CC_330	profile_energy	CC_FOURIER_3	0.038820760254543368	0.038757359814041728	0.038756910165272974	0.00012725053283327368	0.0016331581371907896	0.10	0.0016447408255720909	0.05	0.038820760254543368	0.00012725053283327368	PASS
PES|T_CC_330	T_CC_330	profile_energy	CC_FOURIER_4	0.011202306552709642	0.01122016430358362	0.011212178051358343	2.7729251738049658e-05	0.0015915765928912083	0.10	0.00088042649728563435	0.05	0.011202306552709642	2.7729251738049658e-05	PASS
PES|T_CS_000	T_CS_000	profile_energy	CC_FOURIER_1	-0.023615153891664135	-0.023663161349589613	-0.023659826206800443	9.2679777543527907e-05	0.0020287846250226661	0.10	0.0018881083379838398	0.05	0.023615153891664135	9.2679777543527907e-05	PASS
PES|T_CS_000	T_CS_000	profile_energy	CC_FOURIER_2	0.019846418892386149	0.01992142302280564	0.019926907257282096	0.00015549249894719451	0.0037649986315549857	0.10	0.0040391799819579719	0.05	0.019846418892386149	0.00015549249894719451	PASS
PES|T_CS_000	T_CS_000	profile_energy	CC_FOURIER_3	-0.012596872489165791	-0.012631389720416008	-0.01262684593419428	6.4490679215020288e-05	0.002732655077091519	0.10	0.0023737871820641225	0.05	0.012596872489165791	6.4490679215020288e-05	PASS
PES|T_CS_000	T_CS_000	profile_energy	CC_FOURIER_4	0.0025929127690873092	0.0025876940584015459	0.0025901096663618005	8.0218155362373425e-06	0.0020126827049412118	0.10	0.0010810632578647597	0.05	0.0025929127690873092	8.0218155362373425e-06	PASS
PES|T_CS_010	T_CS_010	profile_energy	CC_FOURIER_1	-0.030261415420683203	-0.030307764496719822	-0.030303792955097383	8.8726614968921141e-05	0.0015292805921609748	0.10	0.0013984234408204986	0.05	0.030261415420683203	8.8726614968921141e-05	PASS
PES|T_CS_010	T_CS_010	profile_energy	CC_FOURIER_2	0.025045160439688852	0.025061234862554266	0.025089325374284779	6.0239361122582647e-05	0.00064140585863277139	0.10	0.0017603077777927996	0.05	0.025045160439688852	6.0239361122582647e-05	PASS
PES|T_CS_010	T_CS_010	profile_energy	CC_FOURIER_3	-0.014757094497814514	-0.01477279637159536	-0.014761279798372932	1.9887177299418129e-05	0.001062891099686261	0.10	0.00028353236410301344	0.05	0.014757094497814514	1.9887177299418129e-05	PASS
PES|T_CS_010	T_CS_010	profile_energy	CC_FOURIER_4	0.003927767891059657	0.0039348812933935849	0.0039260766410603547	8.8046544754465201e-06	0.0018077806682175747	0.10	0.00043058807093768447	0.05	0.003927767891059657	8.8046544754465201e-06	PASS
PES|T_CS_020	T_CS_020	profile_energy	CC_FOURIER_1	-0.034776755718152016	-0.034853425867020962	-0.034854132654999433	0.00015404709019974628	0.0021997880254719161	0.10	0.0022200218726807792	0.05	0.034776755718152016	0.00015404709019974628	PASS
PES|T_CS_020	T_CS_020	profile_energy	CC_FOURIER_2	0.0286165544776814	0.028607926283839871	0.028635933958500632	2.8007678293848509e-05	0.00030151057662301849	0.10	0.00067675392907793534	0.05	0.0286165544776814	2.8007678293848509e-05	PASS
PES|T_CS_020	T_CS_020	profile_energy	CC_FOURIER_3	-0.015946462709359985	-0.015951968448222071	-0.015957611183304261	1.6654215743752992e-05	0.00034514479388273486	0.10	0.0006986305040405646	0.05	0.015946462709359985	1.6654215743752992e-05	PASS
PES|T_CS_020	T_CS_020	profile_energy	CC_FOURIER_4	0.0049384641174885086	0.0049510310303436241	0.0049537209698432101	2.7823767335557898e-05	0.0025382415860648313	0.10	0.0030798772170618281	0.05	0.0049384641174885086	2.7823767335557898e-05	PASS
PES|T_CS_030	T_CS_030	profile_energy	CC_FOURIER_1	-0.021753117976646155	-0.021792345784426362	-0.021801962573324039	8.8072408851002919e-05	0.0018000727488566332	0.10	0.0022403761364881733	0.05	0.021753117976646155	8.8072408851002919e-05	PASS
PES|T_CS_030	T_CS_030	profile_energy	CC_FOURIER_2	0.019291919539750801	0.019284446726428175	0.019297661513489904	1.3214790621502317e-05	0.00038735457647064587	0.10	0.00029754764509106081	0.05	0.019291919539750801	1.3214790621502317e-05	PASS
PES|T_CS_030	T_CS_030	profile_energy	CC_FOURIER_3	-0.012333094183157886	-0.012286097406363846	-0.012334861813949796	4.8764410464065307e-05	0.0038106233598879271	0.10	0.00014330365581483121	0.05	0.012333094183157886	4.8764410464065307e-05	PASS
PES|T_CS_030	T_CS_030	profile_energy	CC_FOURIER_4	0.0024446938028754609	0.0024460942684546953	0.0024419025969959936	4.1916735415487406e-06	0.00057253131953868429	0.10	0.001141740481439574	0.05	0.0024446938028754609	4.1916735415487406e-06	PASS
PES|T_CS_040	T_CS_040	profile_energy	CC_FOURIER_1	-0.010882786412775139	-0.010888710319177923	-0.010882046651709828	6.6636717196741601e-06	0.00054404114253554336	0.10	6.7975336210097183e-05	0.05	0.010882786412775139	6.6636717196741601e-06	PASS
PES|T_CS_040	T_CS_040	profile_energy	CC_FOURIER_2	0.010520742138777269	0.01052846644538028	0.010538606867655252	2.5589038926240559e-05	0.0007336592316728389	0.10	0.0016951698741902246	0.05	0.010520742138777269	2.5589038926240559e-05	PASS
PES|T_CS_040	T_CS_040	profile_energy	CC_FOURIER_3	-0.0075502052698896722	-0.0075471469182188796	-0.0075468562310692941	6.4073932766886967e-06	0.00040506867846219904	0.10	0.00044356924092303347	0.05	0.0075502052698896722	6.4073932766886967e-06	PASS
PES|T_CS_040	T_CS_040	profile_energy	CC_FOURIER_4	0.00077657144431335248	0.00078668000626003307	0.00078194059759924348	1.547771724840762e-05	0.01284964898845955	0.10	0.0068664465080540233	0.05	0.00077657144431335248	1.547771724840762e-05	PASS
PES|T_CS_050	T_CS_050	profile_energy	CC_FOURIER_1	-0.007275265794161258	-0.0073298776182203563	-0.007318863391269117	9.8209425280983804e-05	0.0074505778818661451	0.10	0.0059568808402501268	0.05	0.007275265794161258	9.8209425280983804e-05	PASS
PES|T_CS_050	T_CS_050	profile_energy	CC_FOURIER_2	0.0072786372856813364	0.0072732952099879792	0.0072891412601817961	1.5846053527596503e-05	0.00073393898935810191	0.10	0.0014410441676908545	0.05	0.0072786372856813364	1.5846053527596503e-05	PASS
PES|T_CS_050	T_CS_050	profile_energy	CC_FOURIER_3	-0.0054484339470834879	-0.0054133823563857859	-0.0054272831866654806	5.6202353811105788e-05	0.0064333331445570584	0.10	0.003881988957456158	0.05	0.0054484339470834879	5.6202353811105788e-05	PASS
PES|T_CS_050	T_CS_050	profile_energy	CC_FOURIER_4	0.00039013346403124412	0.00037928606218443414	0.00038320752573898934	1.777334208968087e-05	0.027804335815553766	0.10	0.017752740871519075	0.05	0.00039013346403124412	1.777334208968087e-05	PASS
PES|T_CS_060	T_CS_060	profile_energy	CC_FOURIER_1	-0.0049377019393598382	-0.0049489414452288921	-0.004945588902508795	1.9126473058345452e-05	0.0022710929182420281	0.10	0.0015947470168731334	0.05	0.0049377019393598382	1.9126473058345452e-05	PASS
PES|T_CS_060	T_CS_060	profile_energy	CC_FOURIER_2	0.005024606762977034	0.0049878186801308941	0.0050066936774698151	5.4701171627423892e-05	0.0073215844704916447	0.10	0.0035650721244911174	0.05	0.005024606762977034	5.4701171627423892e-05	PASS
PES|T_CS_060	T_CS_060	profile_energy	CC_FOURIER_3	-0.0038406670288268288	-0.0038251843157993248	-0.0038278220335241451	2.8327710977304816e-05	0.0040312562665015522	0.10	0.0033444699075117061	0.05	0.0038406670288268288	2.8327710977304816e-05	PASS
PES|T_CS_060	T_CS_060	profile_energy	CC_FOURIER_4	0.00017470451314220356	0.00018758351380353413	0.00018437083536240547	2.2545324797208895e-05	0.068657423033558304	0.10	0.052428694599129314	0.05	0.00017470451314220356	2.2545324797208895e-05	REVIEW
PES|T_CS_070	T_CS_070	profile_energy	CC_FOURIER_1	-0.0035511473931076482	-0.0035953575604053042	-0.0035913942484006893	8.4457026631033012e-05	0.012296459129553784	0.10	0.01120647094396939	0.05	0.0035511473931076482	8.4457026631033012e-05	PASS
PES|T_CS_070	T_CS_070	profile_energy	CC_FOURIER_2	0.0036492931815118464	0.0036590123735433483	0.0036766968248353417	3.7122838629062449e-05	0.0026562337153536041	0.10	0.0074533323330847343	0.05	0.0036492931815118464	3.7122838629062449e-05	PASS
PES|T_CS_070	T_CS_070	profile_energy	CC_FOURIER_3	-0.0028509172130540212	-0.0028533087168357771	-0.0028543235191985077	5.7978125733592203e-06	0.00083815107970791776	0.10	0.0011933847447829092	0.05	0.0028509172130540212	5.7978125733592203e-06	PASS
PES|T_CS_070	T_CS_070	profile_energy	CC_FOURIER_4	9.715875234529531e-05	0.00010592894325029171	0.00010050199286037355	1.2113433335751057e-05	0.082793150161745321	0.10	0.03326541514179699	0.05	9.715875234529531e-05	1.2113433335751057e-05	PASS
PES|T_CS_080	T_CS_080	profile_energy	CC_FOURIER_1	-0.0038932246963323176	-0.0039159913276505106	-0.0039185182363071606	4.8060175333372818e-05	0.0058137593812937326	0.10	0.0064548736153592278	0.05	0.0038932246963323176	4.8060175333372818e-05	PASS
PES|T_CS_080	T_CS_080	profile_energy	CC_FOURIER_2	0.0038365962259410747	0.0038653655656855084	0.0038763367491848229	6.8509866262246781e-05	0.0074428509426977081	0.10	0.010252082266099668	0.05	0.0038365962259410747	6.8509866262246781e-05	PASS
PES|T_CS_080	T_CS_080	profile_energy	CC_FOURIER_3	-0.0029999030159667088	-0.003002523549730966	-0.0030018512708956755	4.5687913403407272e-06	0.00087277708928945629	0.10	0.00064901780706323807	0.05	0.0029999030159667088	4.5687913403407272e-06	PASS
PES|T_CS_080	T_CS_080	profile_energy	CC_FOURIER_4	0.00010885348869926627	0.0001184867287994106	0.00011136489164459424	1.2144644961148703e-05	0.08130227070790938	0.10	0.022551119192418114	0.05	0.00010885348869926627	1.2144644961148703e-05	PASS
PES|T_CS_090	T_CS_090	profile_energy	CC_FOURIER_1	-0.0061194093115195455	-0.0061721916409814169	-0.0061664668916993895	9.9839913747909765e-05	0.0085516349024896132	0.10	0.0076312061681848313	0.05	0.0061194093115195455	9.9839913747909765e-05	PASS
PES|T_CS_090	T_CS_090	profile_energy	CC_FOURIER_2	0.0057001874799299211	0.0057243494721954235	0.0057476375129907002	7.1612028653715541e-05	0.0042209149498756374	0.10	0.0082555716072096365	0.05	0.0057001874799299211	7.1612028653715541e-05	PASS
PES|T_CS_090	T_CS_090	profile_energy	CC_FOURIER_3	-0.0043482681349606049	-0.0043575574036083869	-0.0043569477485189472	1.7968884896389923e-05	0.0021317604766582657	0.10	0.0019921316617333216	0.05	0.0043482681349606049	1.7968884896389923e-05	PASS
PES|T_CS_090	T_CS_090	profile_energy	CC_FOURIER_4	0.00023485579473836126	0.00024423650501442432	0.00024187000100448947	1.6394918489094046e-05	0.038408305406716511	0.10	0.028999901753000025	0.05	0.00023485579473836126	1.6394918489094046e-05	PASS
PES|T_CS_100	T_CS_100	profile_energy	CC_FOURIER_1	-0.010184471690011753	-0.010229461888350579	-0.010223740028535926	8.4258541104267478e-05	0.0043981001962636514	0.10	0.0038408975985861297	0.05	0.010184471690011753	8.4258541104267478e-05	PASS
PES|T_CS_100	T_CS_100	profile_energy	CC_FOURIER_2	0.0091204363172316671	0.0091061217281576522	0.0091235499147510023	1.7428190030240146e-05	0.0015695070472637022	0.10	0.0003412703989596249	0.05	0.0091204363172316671	1.7428190030240146e-05	PASS
PES|T_CS_100	T_CS_100	profile_energy	CC_FOURIER_3	-0.0066288068176241907	-0.0066401984636250038	-0.0066460446952324942	2.8629526387879506e-05	0.001715558060985151	0.10	0.0025937047369947795	0.05	0.0066288068176241907	2.8629526387879506e-05	PASS
PES|T_CS_100	T_CS_100	profile_energy	CC_FOURIER_4	0.00058431647028965605	0.00059065124430443072	0.00059279674588756464	1.4815051623629951e-05	0.010725066739230698	0.10	0.014305536689833715	0.05	0.00058431647028965605	1.4815051623629951e-05	PASS
PES|T_CS_110	T_CS_110	profile_energy	CC_FOURIER_1	-0.015855212227758455	-0.015919010320614976	-0.015918955669558837	0.00012754153903611238	0.0040076670327867962	0.10	0.0040042477109397618	0.05	0.015855212227758455	0.00012754153903611238	PASS
PES|T_CS_110	T_CS_110	profile_energy	CC_FOURIER_2	0.013757512094737443	0.013763323342054719	0.013778541501981888	2.6840658110388221e-05	0.00042222704305137248	0.10	0.0015262433430577869	0.05	0.013757512094737443	2.6840658110388221e-05	PASS
PES|T_CS_110	T_CS_110	profile_energy	CC_FOURIER_3	-0.0094714298510833982	-0.0094674161945079559	-0.0094736568195563937	6.2406279175742387e-06	0.00042376458872079448	0.10	0.000235069574021132	0.05	0.0094714298510833982	6.2406279175742387e-06	PASS
PES|T_CS_110	T_CS_110	profile_energy	CC_FOURIER_4	0.0012922830553374009	0.001307132518108564	0.0013026328985240899	2.5199308034201655e-05	0.011360334599165562	0.10	0.0079453261148368579	0.05	0.0012922830553374009	2.5199308034201655e-05	PASS
PES|T_CS_120	T_CS_120	profile_energy	CC_FOURIER_1	-0.022730239326706283	-0.022874487163947261	-0.022826683386878474	0.00024069190189417953	0.0063060577580217282	0.10	0.0042250579524676125	0.05	0.022730239326706283	0.00024069190189417953	PASS
PES|T_CS_120	T_CS_120	profile_energy	CC_FOURIER_2	0.01927257640244872	0.019268983772698423	0.01928649807869668	1.7514309629419033e-05	0.00018641149347529672	0.10	0.00072183535814300927	0.05	0.01927257640244872	1.7514309629419033e-05	PASS
PES|T_CS_120	T_CS_120	profile_energy	CC_FOURIER_3	-0.012343301295850978	-0.012324765619805798	-0.01232943170143129	3.2405273400699872e-05	0.0015016789755760466	0.10	0.0011236535580923207	0.05	0.012343301295850978	3.2405273400699872e-05	PASS
PES|T_CS_120	T_CS_120	profile_energy	CC_FOURIER_4	0.0024392876873376343	0.0024466110116477596	0.0024391666815986261	7.444332173749767e-06	0.0029932524112989611	0.10	4.9606997828272143e-05	0.05	0.0024392876873376343	7.444332173749767e-06	PASS
PES|T_CC_300_ANCHOR_ZERO	T_CC_300	profile_anchor	CC_FOURIER_1	0	0	0	0		0.10		0.05	0	0	UNIDENTIFIABLE
PES|T_CC_300_ANCHOR_ZERO	T_CC_300	profile_anchor	CC_FOURIER_2	0	0	0	0		0.10		0.05	0	0	UNIDENTIFIABLE
PES|T_CC_300_ANCHOR_ZERO	T_CC_300	profile_anchor	CC_FOURIER_3	0	0	0	0		0.10		0.05	0	0	UNIDENTIFIABLE
PES|T_CC_300_ANCHOR_ZERO	T_CC_300	profile_anchor	CC_FOURIER_4	0	0	0	0		0.10		0.05	0	0	UNIDENTIFIABLE
AB_ENERGY|GEO_B_REVISED-GEO_A	GEO_B_REVISED-GEO_A	AB_energy	CC_FOURIER_1	-0.95337252703369846	-0.95347171527839913	-0.95343265998080151	0.00015932121305655482	0.00010402851297137325	0.10	6.306994675876114e-05	0.05	0.95337252703369846	0.00015932121305655482	PASS
AB_ENERGY|GEO_B_REVISED-GEO_A	GEO_B_REVISED-GEO_A	AB_energy	CC_FOURIER_2	0.67828262461385014	0.67783735461442318	0.6779684433402029	0.00075945129029630811	0.00065646676365983955	0.10	0.00046320112331656074	0.05	0.67828262461385014	0.00075945129029630811	PASS
AB_ENERGY|GEO_B_REVISED-GEO_A	GEO_B_REVISED-GEO_A	AB_energy	CC_FOURIER_3	0.28608087385439657	0.28590437533514967	0.2859849385014997	0.00027243388606807166	0.00061695323028383622	0.10	0.00033534346985285356	0.05	0.28608087385439657	0.00027243388606807166	PASS
AB_ENERGY|GEO_B_REVISED-GEO_A	GEO_B_REVISED-GEO_A	AB_energy	CC_FOURIER_4	0.0082349583855011645	0.0082181780044380589	0.0081430356314996632	0.00010870314514138009	0.0020377007724349805	0.10	0.011162503767273999	0.05	0.0082349583855011645	0.00010870314514138009	PASS
